time,ch1,ch2,ch3,ch4,ch5,ch6,ch7,ch8
0.00000000,-5.73264802,-4.97096538,0.61782578,-1.35978379,2.49975982,-2.51627377,-0.80202190,0.09057124
0.00390625,-2.23443392,1.49144371,-0.31430073,2.05662326,8.40216935,-5.64791996,2.47829377,1.61648497
0.00781250,1.39384587,8.35884998,1.17349899,2.05495400,4.71737708,2.05555157,14.28641325,13.05099025
0.01171875,5.99008890,13.92020418,5.07132943,8.35383111,13.42066927,4.14567438,10.70183676,11.65151272
0.01562500,9.21233562,9.31694739,3.87315346,7.53764166,10.32109899,4.80621004,4.88027293,10.01155263
0.01953125,9.85647223,3.93395878,9.20457825,9.49239051,8.20805352,10.97158190,-3.23182710,11.70126887
0.02343750,10.13648281,1.45933252,6.65015864,14.42642925,4.73965466,4.91884782,-7.71028427,10.22357137
0.02734375,10.33438241,2.45880298,6.91560016,4.20107554,2.17099590,8.89960406,-6.31344585,5.12016940
0.03125000,3.41238754,-4.51335049,7.82561071,5.30607620,-3.19974499,8.59023114,-1.37547442,1.21163587
0.03515625,7.30281341,-9.98434359,8.50103367,4.38963726,-5.93304465,9.26075356,7.90370208,-0.46166890
0.03906250,5.44050653,-9.75517173,13.25872468,1.76230487,-6.77555333,7.78053369,8.92077522,-5.44158717
0.04296875,-1.65043742,-4.22679354,12.97314874,-1.60875718,-11.57342883,9.15008665,7.80156711,-10.37160335
0.04687500,0.45618173,-6.79975260,13.31633978,-6.42329605,-6.90734582,7.27496577,6.79538551,-11.35221147
0.05078125,-3.27596258,1.53732888,9.47696087,-11.92838623,-2.62894595,4.97143612,-6.06703012,-10.03832408
0.05468750,-5.31597992,7.21528764,7.61483977,-6.89287931,-1.36712108,3.50516952,-7.23304383,-7.06146373
0.05859375,-8.65226465,11.32813691,8.52385654,-8.75835640,4.88339585,0.91568688,-8.36233572,-4.53664213
0.06250000,-5.89183206,12.41730685,2.94611151,-9.60600923,10.73704990,-1.43786188,-5.93481008,-2.82978280
0.06640625,-11.21892048,10.36165764,5.67843003,-6.15045240,9.43181151,-0.82078553,0.66958149,5.57719131
0.07031250,-5.70226429,5.04457778,0.76051028,-6.53651983,6.61756880,-0.14823451,10.27906793,3.81210126
0.07421875,-3.83976403,0.04617811,6.32753310,-6.36153595,8.42344122,-3.79674704,11.90492857,10.00907793
0.07812500,-7.06813365,-3.65545902,2.47211267,-4.36783113,-0.21137444,-8.26556011,8.47469123,6.06720727
0.08203125,-10.28113845,-9.11728365,4.15850633,1.98660182,0.42626787,-2.63870414,3.34937125,7.49580441
0.08593750,-7.54953233,-10.50672854,-2.44466346,2.88490471,-5.51791120,-9.22409119,-1.23961591,11.33903379
0.08984375,-9.28112491,-8.72683216,2.16814838,3.32117974,-3.19732044,-4.96217150,-9.56307019,7.48412278
0.09375000,-6.40679714,-8.82882666,0.49343503,4.81414252,-7.48766108,-10.91571326,-10.59899984,4.65962989
0.09765625,-2.95568269,-2.04169683,-1.77887082,4.67211679,-9.06442118,-9.01591422,-4.82578416,1.11131833
0.10156250,-4.56969806,1.06058728,-6.16166486,7.61851795,-7.08906475,-12.39137635,3.12416234,-2.43246173
0.10546875,2.38659461,4.62414791,-6.87470330,8.89560236,-9.07040202,-11.78288372,7.40766556,-2.89430766
0.10937500,4.18789271,9.85212199,-9.61112709,11.32954650,-2.51327329,-8.00751943,9.24657515,-5.24066092
0.11328125,6.71261547,7.01133263,-8.65575036,8.72586401,3.99214153,-1.77099349,11.97027344,-10.02175121
0.11718750,8.74426734,6.16826003,-11.32374398,5.07622552,5.55503064,-5.93429370,0.85548329,-7.95746419
0.12109375,10.09433721,5.98133714,-8.73679755,7.88475031,11.21425733,-2.84950497,-5.29223243,-6.76247789
0.12500000,9.05803506,-2.66240764,-11.49010689,2.48893889,10.10845989,3.52674224,-8.79635520,-6.17680312
0.12890625,7.13397621,-2.11460241,-8.03918537,0.55587640,11.47605302,0.78820426,-6.54294867,-4.91328910
0.13281250,11.50380482,-7.81377756,-7.47699163,-4.41874352,7.36281652,6.96146546,-2.76474128,-1.05177015
0.13671875,7.22546902,-8.81031890,-11.16624935,-4.30617662,1.54844675,5.13512054,1.49468059,3.18496374
0.14062500,5.18320778,-10.03695910,-8.31294204,-12.58412463,-0.50243030,8.13790513,8.06696792,6.74397801
0.14453125,4.17575892,-6.37039281,-7.17536182,-11.37453674,-4.68494739,7.01788869,10.91436496,5.68177519
0.14843750,-0.36251739,-1.37748238,-6.21559948,-13.23803868,-8.32227066,6.76614489,4.86251277,8.12102345
0.15234375,-3.87900908,1.99615634,-7.99929294,-8.76733243,-6.87204353,10.02853333,-3.10617385,7.99103004
0.15625000,-8.56026346,7.64158639,-3.37751867,-6.20486191,-8.00988784,8.29525025,-10.45773543,7.53773064
0.16015625,-4.99041832,6.64675711,-4.97311417,-3.37735249,-7.44087777,7.68888324,-12.28773877,7.08567308
0.16406250,-8.16090553,11.90893042,-2.03451463,-1.10452057,-2.68446189,6.39036754,-5.86451826,-0.37585459
0.16796875,-6.60346314,6.25784594,1.01417384,-1.24299511,-0.64002672,5.27963680,5.51452467,0.39786355
0.17187500,-12.16681026,3.26042748,2.63139946,1.98934257,5.31621935,7.32191363,10.14760960,-7.52891069
0.17578125,-8.19955176,-3.48084848,1.05334141,7.19929155,3.56908412,4.79407205,7.91372035,-5.83736556
0.17968750,-8.14061367,-4.08028557,6.95714862,10.10217198,8.17680122,6.15387526,3.45925104,-12.21158484
0.18359375,-7.12230665,-11.01606293,5.13654022,5.72183534,7.13842033,2.87394148,-2.36592535,-13.90224006
0.18750000,-2.29892416,-8.85124372,11.11701728,6.49495064,10.46572820,-1.02836281,-11.36151100,-10.91260880
0.19140625,-6.09377613,-9.42982956,13.13496691,8.17718789,2.40152067,-2.38587212,-13.49082305,-13.66098660
0.19531250,-3.81734086,-6.25771951,11.23915253,3.18054801,-0.85534704,-7.92491906,-7.14841364,-8.75115223
0.19921875,-2.84707125,-1.92237339,10.15779479,7.65033628,-3.71976168,-10.80499508,-0.68029324,1.33237920
0.20312500,4.09280516,6.21458994,7.16383861,2.11055070,-7.72399784,-8.16363057,5.49796613,7.42350935
0.20703125,3.44063080,9.72353184,11.89772877,2.59476135,-7.29016799,-14.67435180,15.36594447,8.20006550
0.21093750,3.88733781,12.43817300,1.38974356,-3.62564620,-10.44195772,-9.25749477,11.08421043,13.05957067
0.21484375,10.42994438,10.28827858,5.52296789,-0.03201436,-6.03239624,-7.84111821,8.43803257,7.72151454
0.21875000,5.98668472,9.78079271,8.56419968,-7.54550447,-5.10405189,-10.66592392,-2.33629988,12.87261699
0.22265625,10.62094541,6.47116683,8.57648911,-8.32559960,3.06211584,-7.61337770,-6.78415856,10.33188051
0.22656250,9.37603767,1.09708274,10.56665037,-10.56977482,7.13616449,-6.92628201,-8.85488357,3.37014405
0.23046875,7.29890941,-5.32249820,6.27758364,-9.44413593,8.24641639,-5.97088347,-3.36600942,2.50824443
0.23437500,4.69616140,-6.78918856,4.50224296,-9.18311055,9.30750350,-4.00477707,3.21660304,-1.62044493
0.23828125,10.71139231,-8.79856192,1.69403753,-5.13609812,10.33354495,-4.86683131,5.91970726,-6.42546282
0.24218750,4.38400703,-10.23516283,5.14319669,-1.69868950,3.80999180,0.90277193,10.61196306,-9.17279677
0.24609375,2.79880491,-5.42670209,4.56576797,-5.39450429,5.15133677,-1.98664556,8.22300232,-11.37918600
0.25000000,5.01698556,0.50193073,1.51215878,2.56326868,0.00343467,-6.07360854,-0.74314203,-12.11542115
0.25390625,-3.11862356,4.52558697,1.47563294,1.13124499,-3.45774362,3.15240756,-10.71361849,-13.50081741
0.25781250,-4.73992971,7.67479935,-9.13265337,5.15956495,-7.88931743,0.17404990,-6.67867621,-5.20813478
0.26171875,-5.89713818,7.95397206,-7.99226043,11.12518831,-5.20631025,4.77158865,-6.83252385,0.27236115
0.26562500,-7.30600872,11.49898039,-4.18725567,12.62454007,-9.78099827,9.97021436,-0.14932865,1.67347404
0.26953125,-7.42398990,5.53446672,-9.61378189,11.50616713,-13.05798905,7.90317046,11.23025503,4.59598510
0.27343750,-7.71064999,4.82416446,-9.68114444,9.02796541,-2.52076292,11.59590139,11.40115615,4.23692465
0.27734375,-9.10114703,-2.81891282,-10.56328678,9.88413556,-1.62022013,11.00808567,3.70744011,3.29709493
0.28125000,-7.50860557,-5.42466488,-6.43327361,1.58783175,4.89898279,13.54085145,3.12522846,11.24004336
0.28515625,-7.98948497,-7.34870554,-5.00109461,2.15907238,7.53206669,9.25956795,0.17403593,8.41107658
0.28906250,-6.56530882,-11.38351174,-8.46969441,0.56527374,9.84826487,11.28712214,-13.03633211,4.24591782
0.29296875,-9.96061016,-10.75115061,-14.00030689,-1.77846318,7.77690037,6.23147961,-12.94571045,2.42620371
0.29687500,-8.01105671,-0.63331463,-7.81630834,-5.06792117,8.08114276,6.53888980,-7.06161601,3.56313551
0.30078125,0.41284400,0.83236675,-10.60082294,-6.82107160,3.54032414,2.65574898,0.92624554,3.05415901
0.30468750,-2.86929327,4.67334428,-4.65037680,-9.14701922,1.52279790,-0.94999611,10.56182778,-2.37718908
0.30859375,2.68818015,5.91695191,-9.99392137,-9.94392705,-3.49878358,-0.99175394,8.52781532,-9.79975828
0.31250000,6.13717461,5.90003675,-3.45161150,-10.10277015,-3.30308300,-2.52392044,8.60453259,-12.34323726
0.31640625,4.19035669,9.13388333,-11.60618124,-11.42818061,-10.31517065,-4.32478059,1.09517500,-9.20359296
0.32031250,8.53215907,7.75630209,-4.33101186,-8.80648941,-10.84939256,-5.30033896,-2.86767298,-12.50297881
0.32421875,10.10590895,5.61163306,-6.43542636,-6.61360129,-4.95698238,-3.07741414,-7.41411393,-8.22703020
0.32812500,13.57674064,-1.86840097,-1.43705621,-0.50041162,-6.65345339,-4.44976205,-10.71256783,-1.90419133
0.33203125,11.94808766,-7.53861300,-0.14471177,-3.85007003,-4.48289064,-10.88848169,-4.09862029,1.01883792
0.33593750,7.93315038,-16.17898809,5.98528168,1.74679048,4.02206098,-7.94274011,0.36732291,1.70949380
0.33984375,3.08007189,-11.46384586,6.09721889,3.27172510,7.53086019,-12.88007360,8.76276988,4.17513839
0.34375000,4.18439727,-9.01395313,9.43922270,5.96155954,7.48599607,-11.50491896,7.08094288,5.29416531
0.34765625,1.30365066,-3.37765300,4.40363922,3.85015452,8.29518449,-10.25633842,5.54357344,5.19971894
0.35156250,-5.94607572,-0.87479096,7.03403499,8.74620935,8.34722570,-10.43606001,-0.61180710,8.41611808
0.35546875,-5.24112292,9.74314584,5.93466131,12.80239687,5.30963474,-12.66422907,-6.67550661,6.09226699
0.35937500,-3.37309266,7.71384924,8.78251201,11.95195593,3.98997653,-9.33492769,-8.57293947,8.59643766
0.36328125,-9.95132959,8.12684965,7.29301270,6.99045197,-4.88199653,0.44802446,-4.73600367,0.85737062
0.36718750,-7.10252143,7.42351884,10.11998661,5.39004498,-7.91347257,-2.94061302,3.03505146,3.49315036
0.37109375,-6.36584679,3.66508159,10.40858468,2.06324316,-8.79378671,-1.65065889,10.12050970,-3.37328719
0.37500000,-8.90380832,-1.39463517,10.01632504,2.03873603,-8.04693186,-0.13716595,7.62537953,-4.14753124
0.37890625,-5.19688511,-0.70761718,13.43769821,-4.57735708,-8.43952160,4.38286865,6.61315480,-11.03666194
0.38281250,-9.31428049,-6.37859457,10.75498773,-9.72400321,-6.98304279,5.06031073,0.01278997,-12.75184185
0.38671875,-7.46652670,-8.82112720,10.58667670,-9.76185826,-2.16724072,6.81436386,-5.26769319,-8.90563342
0.39062500,-4.96562425,-9.68942103,8.98411207,-9.71995477,-2.52170283,9.18438843,-13.07063377,-10.60226462
0.39453125,-4.35884576,-6.69571885,10.80205494,-11.44765550,7.06879483,7.66454156,-7.60892788,-6.45870347
0.39843750,-3.56151580,-4.19690813,7.95554153,-13.86670491,10.98611829,7.63371918,-8.39330445,-2.55872324
0.40234375,-2.40121101,1.02309884,4.66090443,-10.71401233,12.20496773,5.87827069,4.01450855,3.61227679
0.40625000,-1.48061334,4.37685867,1.25322083,-8.67727890,14.87977714,8.34309126,7.52190458,5.59974581
0.41015625,3.82582757,4.61646211,2.44684842,-3.27354979,7.10729873,8.10157536,16.22427007,10.10774391
0.41406250,7.82087901,11.59193946,1.35647819,2.31275611,3.12496463,6.60492327,7.89732263,10.18419073
0.41796875,7.67885587,10.79497518,-0.86944986,4.92255239,-4.49305089,9.14507590,0.68469077,10.06880710
0.42187500,13.45292138,2.72829925,-3.35207570,3.78460958,-4.16208910,9.14827035,-10.52429134,12.17282649
0.42578125,16.16594971,-1.75027769,0.45542364,7.20453902,-10.09921363,9.88216353,-10.66634377,3.75115272
0.42968750,7.29173570,-1.39670261,-7.39296757,12.58902820,-11.04289363,2.82955551,-7.76252564,2.65512807
0.43359375,12.60510283,-8.19649110,-11.37504719,11.96791662,-9.01549813,3.62895079,0.14752921,-1.70429733
0.43750000,9.14225984,-7.14078202,-6.16306547,12.47157133,-5.87915957,3.35253142,8.49441984,-1.01665065
0.44140625,4.27166422,-9.83405300,-9.36031263,7.80554190,-2.72776754,-1.15701796,8.87036884,-8.12703513
0.44531250,6.09113986,-8.38408034,-8.05328984,5.57083894,0.45830543,-1.97804678,5.72513384,-10.86943946
0.44921875,0.92076512,-1.63849494,-10.94020524,5.83783275,5.97907978,-5.37613721,-3.08580361,-10.78721926
0.45312500,-1.95983962,3.89845777,-6.49798365,1.82745874,11.69931311,-4.22449375,-7.50116886,-9.45591228
0.45703125,-1.35824948,6.30952525,-10.07372221,-1.33115663,10.24532433,-5.43155119,-12.97385699,-8.27796401
0.46093750,-9.08870012,11.94631893,-12.78098776,-3.14813701,6.77941149,-6.09870913,-8.97255825,-2.88637135
0.46484375,-5.27614591,10.43173032,-11.11651593,-2.63134396,6.37781715,-8.01519908,-2.61575496,1.65482028
0.46875000,-10.88192797,7.68716471,-8.15271310,-4.43289452,8.87603072,-10.95545895,6.91289637,4.26083618
0.47265625,-7.48993836,3.52440855,-11.18643243,-5.32138250,-0.28636930,-9.49480592,11.26693931,3.57670799
0.47656250,-6.05613867,-8.75047955,-6.94803074,-13.04929213,-6.03846335,-8.12954141,8.69920806,4.78347419
0.48046875,-9.08283939,-3.79976359,-3.82275385,-8.74184030,-9.36996161,-7.23167365,1.95075356,8.53254357
0.48437500,-7.63536339,-8.42673140,-3.59170647,-10.51753420,-10.18283955,-11.14349365,-2.93607703,7.47786612
0.48828125,-6.48559694,-8.11047396,-0.36485912,-9.23265009,-10.07092132,-5.78482025,-8.09684997,3.48980078
0.49218750,-5.45593815,-6.89172713,-2.25120012,-5.04828737,-3.75832050,-6.77916445,-15.89712848,7.97387943
0.49609375,-7.67286108,-10.45536884,-1.10669740,-3.79055563,-3.82353835,-0.63437141,-8.72285249,1.88189131
0.50000000,-2.08675935,-1.68631776,3.06656681,-2.38348271,0.04668093,-1.23753903,-1.96200829,2.48566454
0.50390625,0.36034960,0.14244157,1.19688914,-2.25146413,8.33164356,0.35998382,7.51636847,-3.43015949
0.50781250,2.68089666,5.02866773,4.04163629,3.46458377,7.55291101,3.21802532,10.58396543,-7.49042261
0.51171875,3.99415456,9.84619104,3.12165675,8.00376666,15.31865693,6.09216745,7.74707872,-5.79800698
0.51562500,6.47514278,8.89079723,3.26877505,9.80589546,13.66000567,4.06493981,6.25616953,-6.91462273
0.51953125,11.03010502,11.62248561,7.42704379,12.10281634,8.03438611,7.96431489,-4.85723845,-8.53171507
0.52343750,9.28479301,2.19234751,5.00787047,10.31198614,5.91664913,11.43323100,-6.27631204,-8.57296161
0.52734375,7.69184197,1.01535310,7.00243701,12.42399130,-1.50455922,10.34805129,-5.71195758,-4.86442762
0.53125000,10.07992320,-7.11132798,6.55662028,9.53575658,-8.35851754,9.33398857,-5.15026139,-4.19436163
0.53515625,7.94333657,-9.52897832,10.32252884,5.05860986,-7.71114400,8.38196299,6.20845664,-0.83967130
0.53906250,7.78339538,-10.53745074,8.81371861,5.03521790,-12.39878748,8.39623112,6.14230991,3.84078698
0.54296875,2.08699242,-7.52089022,13.72433500,-1.45856656,-10.09340462,5.69989679,7.05044235,8.15296932
0.54687500,1.19777723,-5.21486670,11.07241290,-3.32601771,-9.49463851,7.34403766,4.82021441,9.38621936
0.55078125,-3.39025189,0.60873918,6.88218557,-7.31069853,-1.54649174,6.40277312,-1.19448773,10.87171417
0.55468750,-0.25822779,7.91501721,5.72140835,-11.71638981,0.23631441,3.13496734,-8.21666893,10.47256413
0.55859375,-4.73326012,7.06160973,10.31284455,-7.02978571,7.06918349,2.02579949,-12.13851782,9.89431887
0.56250000,-7.01908826,9.21145269,7.84282510,-13.05916717,8.95683379,1.95352722,-6.66482378,10.50086250
0.56640625,-6.72561649,7.25355754,6.95288962,-7.86714287,5.97681759,-6.42568815,2.26213264,-2.21380502
0.57031250,-7.46714218,8.84915553,6.34642582,-9.60090564,11.33255329,-5.75266678,6.70255286,-3.10304416
0.57421875,-3.02413884,4.26963087,3.67396696,-7.69991067,7.10139985,-3.35146568,10.94363977,-8.86953798
0.57812500,-6.85880942,-3.65733227,0.14395272,-4.79943520,2.44052235,-3.41233354,7.65559577,-8.19443265
0.58203125,-6.80463358,-4.35263145,3.74859546,-2.26202245,-0.65876299,-9.25349503,3.23622256,-7.62728291
0.58593750,-4.53266952,-6.68378527,2.34888923,4.06352029,-3.04383639,-8.91429738,-6.96084006,-6.34761929
0.58984375,-4.69644732,-8.33411880,2.42831383,1.29615282,-9.28082684,-8.17696754,-12.05642803,-8.37339767
0.59375000,-2.51979840,-9.05657169,-4.20182732,3.70955517,-8.75121989,-14.18252233,-14.13672529,-8.83608673
0.59765625,-3.83810418,-5.52520639,-2.90957467,5.54430144,-9.15064709,-11.79436096,-6.03483853,-2.13232734
0.60156250,-0.04060547,0.90735014,-6.54072382,9.87838697,-7.55995794,-13.04932231,1.99176937,-0.53597821
0.60546875,-0.05567491,3.93164944,-7.99123600,10.42730862,-5.85126580,-7.80351619,3.14060672,4.61070882
0.60937500,8.21982330,10.04199703,-9.82817154,7.68548430,-0.11016952,-8.79497797,8.95159703,9.60159702
0.61328125,9.23340411,8.02674240,-13.36748347,10.75274847,4.08125552,-6.01647272,6.41571658,9.46391620
0.61718750,7.70460023,9.62709486,-12.84543645,5.89519620,2.17195682,-0.97767469,-2.03193193,12.15926213
0.62109375,15.06309943,6.04632843,-13.14330097,1.11688904,6.33304230,-3.29695037,-8.42325791,10.56753391
0.62500000,10.29372701,-4.60136646,-12.69721334,-1.15339180,9.04869011,0.72735151,-13.24041061,7.20131096
0.62890625,7.34566610,-6.16764486,-7.64216054,-6.39841056,9.22997185,5.16784793,-3.78813249,3.98522919
0.63281250,10.42385408,-6.56112339,-7.89926558,-5.46401333,6.61893784,4.63921399,-4.93580646,0.69716232
0.63671875,6.71232163,-11.41100057,-10.35018273,-8.75168316,2.24761796,8.51246934,4.01854257,-2.66936602
0.64062500,7.67906982,-9.03719377,-5.63635442,-12.05325462,-8.21686858,3.29140793,10.46674031,-12.11396281
0.64453125,3.23536499,-6.13445550,-5.98599891,-9.47852820,-8.48027872,9.86299695,9.60372830,-15.03371531
0.64843750,2.09139964,-0.16131499,-5.16806526,-6.13348323,-11.42858783,7.35077225,-0.28603829,-10.30387471
0.65234375,-1.95090514,5.44134681,-1.30912702,-11.14060045,-6.47183589,8.71467402,-4.33807529,-9.57992435
0.65625000,-5.47164260,7.73239043,-2.73500060,-6.68640134,-6.75416541,9.44484137,-4.78364735,-4.48828873
0.66015625,-10.29985992,9.83143569,-2.99792527,-4.00268689,0.09962364,9.48828703,-8.61187282,-3.52998108
0.66406250,-11.57292783,14.67192591,-0.89365711,-1.77998356,-3.09862541,7.71954317,-1.05153921,0.04644663
0.66796875,-7.40811317,7.62562141,-0.97261582,2.60255230,0.21020446,10.72940836,3.05341122,2.34587364
0.67187500,-10.62329183,5.61987176,4.90450449,6.64674260,3.45038625,6.30011282,7.53451070,6.53005331
0.67578125,-8.55274609,1.82714695,2.68044359,7.59407025,9.81394922,4.90226720,11.21941106,4.65439489
0.67968750,-6.03297719,-2.60937744,6.37914791,6.53798234,10.30695153,1.38531830,2.84791366,6.59120908
0.68359375,-8.04650345,-9.17739875,9.87695235,6.13096901,9.09695077,4.73475959,-6.26034959,9.71394024
0.68750000,-5.66905529,-10.22370199,5.48582448,11.93398402,8.14068428,-4.79367472,-13.25141153,8.03963320
0.69140625,-7.71732871,-9.18015365,10.63838239,8.20986781,6.21926835,-0.76889991,-11.24064944,7.43966062
0.69531250,-7.45134704,-4.65287356,7.96602872,6.94504423,4.98076502,-9.22849024,-11.49935081,6.29923436
0.69921875,-5.53212018,-4.43953512,8.69429133,6.69525800,-0.62782421,-5.15978240,-3.22917638,3.74414172
0.70312500,-3.50918910,2.88883654,10.71836117,2.26832324,-7.47341622,-9.05219467,5.93657759,-3.48708291
0.70703125,1.61325995,10.89708707,9.04283621,-3.28413359,-8.68215991,-6.98928154,8.19048694,-7.52930237
0.71093750,2.34696112,9.40706958,6.44757869,0.58406270,-7.61319606,-9.16088683,4.76867855,-6.77476855
0.71484375,8.32241829,6.81657669,5.71960919,-1.79564311,-4.36125078,-10.93303005,1.34421743,-9.12313657
0.71875000,10.06112220,5.73039781,9.61401646,-5.92653487,-4.33263644,-11.91989213,3.89077796,-7.47396316
0.72265625,13.33844707,4.80681468,12.40762258,-6.26603420,0.08305254,-13.02369981,-7.39185576,-6.78430488
0.72656250,10.48521293,1.80982168,3.55760375,-8.66481205,1.74657455,-10.91526243,-7.83724639,-2.60289293
0.73046875,7.78481467,-7.65259704,4.98925804,-6.20999621,4.78296647,-5.78030376,-5.71031265,-1.02596252
0.73437500,13.87997282,-12.13247466,10.12166167,-8.64551461,11.15201625,-6.35489533,1.75566569,-1.69349821
0.73828125,11.94760809,-9.25733839,5.23215710,-8.08374131,7.29745392,-5.46293359,5.70812835,8.11735041
0.74218750,7.47407807,-7.23786691,2.63401754,-6.45854204,6.26809243,-4.01901851,11.78735444,3.85297582
0.74609375,3.86318594,-0.28062904,-0.30118989,-6.58431875,2.17831311,-2.76007390,12.11724558,5.38951195
0.75000000,1.75237768,-3.54797498,-0.16428016,2.66091778,3.93216777,-0.69149338,2.61431327,12.13082985
0.75390625,-1.92666591,5.74103614,-1.16237787,5.18648660,-5.19123651,3.05735979,-4.57695730,6.95510228
0.75781250,-4.78955483,8.78227586,-1.68221632,6.15314140,-4.22111831,5.97250973,-11.61917237,8.20494399
0.76171875,-5.89681794,10.73685964,-4.44452833,11.54808581,-12.74909657,6.06378496,-7.69904171,4.47729731
0.76562500,-5.36609768,8.97652709,-6.94353886,10.78322197,-12.74674436,9.97721210,-1.07560896,0.60415983
0.76953125,-8.79259562,5.15333956,-8.83020641,11.85269158,-9.02331976,10.02232436,7.50892061,-2.29472370
0.77343750,-8.75498191,5.81467076,-4.64617088,11.82029850,-5.34544946,10.22431262,10.27193863,-4.80164254
0.77734375,-7.97495115,-2.35161075,-7.25390018,12.03351407,-3.52383601,9.27607160,10.04465544,-3.79934781
0.78125000,-6.21848183,-4.41006743,-8.00068286,6.07395754,3.01381311,10.78126921,5.31109939,-11.91021991
0.78515625,-7.94082420,-8.43939568,-5.98849152,6.02985194,7.81786368,9.62718239,-3.27450940,-5.21623477
0.78906250,-3.60662019,-11.35731218,-6.62798529,0.50328815,7.31458553,9.61824122,-11.93115702,-9.40629299
0.79296875,-4.74949763,-9.92290233,-6.31253588,-4.33148150,8.75515439,10.03507614,-10.17508789,-10.85924423
0.79687500,-2.85882411,-6.32787541,-10.68841769,-7.37156298,4.51560852,6.39447720,-5.03007257,-6.83931835
0.80078125,-2.17212999,0.06162943,-9.96260942,-6.17208128,6.56748961,2.95330136,-1.19538717,-0.30952817
0.80468750,-1.73422006,1.62925626,-8.52314558,-8.86684554,3.48847144,1.77250275,9.23333507,8.26163790
0.80859375,3.26579926,5.90121238,-8.49072247,-8.63453671,-1.29202012,2.18587401,13.72676967,10.72062801
0.81250000,4.84666838,8.89948221,-8.80414889,-6.45305478,-10.51142564,-1.39382782,9.30679817,8.74898222
0.81640625,6.55003279,11.41374906,-8.44635195,-7.02319645,-8.65898499,-0.64867322,-0.05767616,11.23587677
0.82031250,10.90485207,3.48620788,-6.11670993,-7.08452435,-12.13953836,-1.97217098,-3.81310010,7.30153622
0.82421875,11.07278946,2.93089876,-3.37005792,-5.71983487,-12.22263314,-2.95174918,-12.19596092,4.06829232
0.82812500,9.19577165,-2.24805963,0.69446911,-3.36245808,-6.28207004,-8.82889225,-10.79546543,6.42492871
0.83203125,9.67497648,-10.51818320,0.92784906,0.17683189,2.97054540,-7.22931760,-4.47914709,2.41716263
0.83593750,8.04135431,-10.45112125,0.28338508,2.61511203,2.30411686,-11.50021895,6.46687152,-2.77301019
0.83984375,9.63733388,-8.92470230,2.71210666,4.66606314,7.18014845,-10.20817503,5.73212400,-2.76049778
0.84375000,2.69876390,-3.67578570,4.93973585,7.96881228,11.58263237,-11.75316762,10.33038382,-10.49527487
0.84765625,5.46602296,-3.90190146,6.68252552,8.22747790,9.97295752,-8.50527756,5.30939532,-8.96870594
0.85156250,0.70014532,0.25950282,8.66751536,7.77144203,8.62866498,-10.80672625,-4.11736529,-8.82301457
0.85546875,-5.56893434,2.17004440,5.32282956,11.67216733,3.60974316,-9.56328549,-9.31832059,-4.52101326
0.85937500,-4.58262086,9.12327264,6.40816719,5.74873423,3.27255569,-9.43077817,-9.76036368,-7.88246933
0.86328125,-6.60174805,9.73951107,9.65113878,8.74245613,-3.85169572,-4.42848661,-3.08228562,-2.10976638
0.86718750,-9.78236621,10.68962179,8.58818576,9.25350564,-3.65368265,-2.06078630,3.17963810,6.04616588
0.87109375,-8.46468526,3.84780417,4.97861751,7.01024856,-8.32618147,0.94864660,6.43585858,4.47183772
0.87500000,-8.91822036,0.71432399,9.72731435,0.00152253,-11.31670523,-0.78799858,9.51147452,8.11039223
0.87890625,-11.55481338,-6.30101625,10.78329365,-2.86141363,-8.72821954,3.93619970,9.20031134,9.02630785
0.88281250,-3.41466721,-8.11229934,13.63561367,-2.58145688,-4.05473282,6.23518120,-0.51970811,4.86978087
0.88671875,-8.43800892,-11.94433897,11.98604744,-11.08360167,-3.06679613,6.21451576,-5.17584420,9.86494593
0.89062500,-7.11366135,-12.33614113,10.97873817,-8.91176386,4.65693646,8.91557342,-11.42609246,7.87722161
0.89453125,-3.49952202,-8.79313346,9.76923944,-13.75163307,9.97541316,9.57213695,-5.46372080,0.81100151
0.89843750,-3.57498432,-4.63192760,4.74949890,-10.95047124,12.02289628,6.48550918,-0.73418984,3.31707718
0.90234375,3.95294451,1.00861858,3.59989778,-11.14890787,8.97432127,10.01649375,4.14123516,-4.23939414
0.90625000,2.61832814,6.91853272,1.28969061,-7.81368444,10.59160600,9.45569632,11.14948334,-5.39336827
0.91015625,4.10505203,8.05868677,2.13020828,-1.68967345,7.48430425,8.69492548,8.79858206,-7.62708025
0.91406250,7.75624557,9.53356638,3.29275248,-4.53796037,4.37299525,12.61890428,5.35176628,-8.28107363
0.91796875,8.22589953,9.31131588,-2.24807859,3.71832361,2.65471801,6.83026145,1.49487982,-6.87687425
0.92187500,11.27189044,6.02462318,-3.08047578,2.91723543,-2.91507723,11.94054961,-6.02505733,-2.42542112
0.92578125,11.76765213,-0.21830541,-2.84575103,10.99927599,-5.77538783,8.05361128,-6.39998288,-6.91975167
0.92968750,11.06279570,-4.05273667,-4.34326224,8.33277284,-14.44534203,6.18228734,-8.28720754,-2.73114809
0.93359375,10.35344367,-10.12065616,-6.85277329,8.31355511,-10.65849080,3.78133834,-1.22450504,-1.42444089
0.93750000,7.92572490,-9.74383700,-8.32741360,6.01269865,-7.09888638,-1.18450537,2.52719612,-2.23722253
0.94140625,6.75035627,-6.30894939,-5.14442527,10.37327373,-2.65344241,-3.51967920,12.00693824,6.70473513
0.94531250,4.60474730,-7.57926168,-6.35821733,2.78957063,-2.39533899,-6.70598096,6.60200522,7.32311922
0.94921875,-0.32606594,-1.09470395,-10.58406682,1.91401920,7.23035787,-7.43092726,0.41029896,7.32451750
0.95312500,-1.79992688,3.61535749,-12.16933047,3.48014944,8.33058645,-7.85069617,-1.58655074,7.85188802
0.95703125,-1.33716428,7.16797698,-12.65110686,2.02186704,7.28862792,-11.32305519,-7.25085901,8.62980727
0.96093750,-1.78007318,11.72087317,-10.67942101,0.17437255,9.83376589,-12.34608898,-9.13267302,5.53512363
0.96484375,-9.87305476,8.96159469,-11.44413060,-3.87126809,4.42138523,-8.37218986,-3.07973333,1.72462187
0.96875000,-9.46893279,3.54888720,-9.52820253,-7.73637156,0.76819123,-10.18316266,7.57015119,-0.95518101
0.97265625,-7.09419542,-0.26811652,-10.18688699,-7.02083210,-1.06755064,-7.93854470,12.21499025,-3.15093142
0.97656250,-8.90400184,3.97274040,-6.17971507,-10.02739247,-8.48408885,-11.06365391,11.87264453,-8.20907826
0.98046875,-8.63066440,-4.46363165,-0.46133962,-8.78076283,-7.71753776,-6.20190769,2.10484308,-10.39767677
0.98437500,-6.66753244,-10.63761446,-4.88939699,-5.07435582,-12.42738427,-11.73350109,-6.36345026,-15.83743152
0.98828125,-1.46388168,-13.68216615,-0.20796294,-4.62841782,-12.28664744,-5.50008114,-12.84888220,-10.47733029
0.99218750,-3.88086701,-10.69265557,-0.73797043,-7.97380423,-5.43089018,-6.22930138,-14.97088466,-8.24806016
0.99609375,-10.33447977,-6.92658522,0.75987455,-5.20137238,-4.86036509,-3.98692593,-7.26671510,-4.14445041
1.00000000,-4.01404455,-6.28333311,-3.00079012,-2.58993477,4.21282652,-0.16187283,0.57160565,-0.16440454
1.00390625,-0.18944461,2.85430606,-1.82053639,2.36481868,5.02940628,1.93111539,4.10019708,8.26174036
1.00781250,-2.11233513,8.57440944,3.10953654,9.09331656,9.16149071,5.10367120,8.24653616,8.50563072
1.01171875,5.61423355,9.10635277,5.54013338,7.68038591,11.31230796,5.95087417,11.59576959,12.18479263
1.01562500,7.21630483,13.19720695,5.52996505,9.56120977,14.45736589,4.00188909,4.37162094,13.86631188
1.01953125,7.59070410,6.60717338,6.60001984,12.39936296,3.40712437,12.20285802,-5.62657284,11.69926150
1.02343750,10.45494539,0.67434585,4.23685667,13.58128253,5.59944508,7.23665880,-3.75075717,7.56070694
1.02734375,9.92549187,-4.06871194,11.82709947,10.80593280,-2.44946909,9.77090075,-9.99990370,8.10861282
1.03125000,10.72840317,-8.44101377,11.70259786,7.77412547,-3.63377201,9.93049522,-3.76478410,1.80982373
1.03515625,5.73245893,-3.74230104,6.90674653,5.54986744,-5.25531860,11.63573066,6.18890448,-0.61053926
1.03906250,1.63869472,-8.52294106,10.83585145,1.88081835,-9.18301510,11.82063116,6.01910204,-5.17526829
1.04296875,6.03239208,-6.34209431,10.34374985,-3.17453533,-10.92209370,8.92397461,10.47182484,-8.20568093
1.04687500,2.71668746,-1.93132583,9.58577597,-5.66783942,-11.20633842,6.18210092,4.11563018,-5.75815319
1.05078125,-3.23275080,2.47956846,9.04218788,-8.84873907,-3.23915059,3.85093560,-2.02146266,-12.79672803
1.05468750,-7.64136744,3.88759777,6.78281654,-8.82191357,-0.49356740,2.23304258,-5.01860375,-8.91629571
1.05859375,-3.58682068,9.17706093,3.63465804,-7.70356615,7.64670403,-0.80056204,-5.02583467,-5.71107620
1.06250000,-9.18319434,9.25587361,5.42665779,-5.93365180,11.01286673,0.55375674,-3.29404642,-4.09955164
1.06640625,-8.22773663,11.09085901,5.29693413,-8.41241930,6.79700570,0.13981912,-0.25405413,0.76300505
1.07031250,-8.88639918,10.98256360,3.78693944,-9.13268556,10.65808699,-1.03333415,5.77759445,-0.49098112
1.07421875,-5.35160708,4.71643842,5.39985081,-0.71060589,5.18708479,-6.26548425,7.38149894,9.10070557
1.07812500,-4.22784102,-4.94007679,7.32483213,-3.07354015,3.45027785,-6.32008172,6.69041486,8.12043461
1.08203125,-4.71264019,-9.36525696,0.51286556,-4.15427940,-2.13865573,-5.85148857,3.28304381,15.01031527
1.08593750,-9.68896319,-9.20009668,-2.56032040,1.06729437,-2.00616348,-8.85959065,-4.07046310,7.53718161
1.08984375,-4.30782655,-9.01707557,1.33353706,2.08035628,-6.12987808,-9.80445922,-10.55553796,5.66890511
1.09375000,-6.80970796,-6.93688694,-1.88577255,5.50601622,-10.79267096,-15.34191172,-10.68824201,1.18156940
1.09765625,-3.50689730,-5.06041332,-3.54580019,4.51655160,-6.84281211,-13.51404320,-6.27117884,3.38930230
1.10156250,-1.63349772,-3.27470669,-5.23597794,6.31753026,-9.50793973,-10.26224047,-1.63349860,-4.61749969
1.10546875,3.06872327,4.18609976,-7.10046476,5.88321002,-4.69018178,-10.47254065,8.68877841,-10.25166929
1.10937500,3.84121319,11.28952863,-8.44639445,9.75632333,-0.46907596,-6.28411894,9.59895424,-5.31957425
1.11328125,4.67028618,13.46540345,-12.49236084,5.40048471,5.70213651,-4.72329845,11.25240990,-9.24769314
1.11718750,8.35671387,7.49120153,-10.06962577,9.24417054,5.03878922,-4.79608322,-1.36837784,-6.41224341
1.12109375,10.40855478,5.64856651,-9.17929222,3.02784579,11.85388874,-3.82651920,-6.75384498,-4.66873530
1.12500000,11.26419763,-0.07338165,-12.84243400,0.41347468,7.50103468,5.29719642,-5.91524492,-4.13936568
1.12890625,13.27736772,-2.89619746,-9.77036572,-4.39211742,9.71223270,0.03511130,-7.34486053,-2.02203612
1.13281250,9.23761444,-7.08233711,-9.25591709,-3.86609011,4.37025519,0.76536267,-3.54200931,-1.72632190
1.13671875,6.43309924,-10.16944511,-8.81725511,-6.91521032,-0.45119386,2.58146511,4.31347640,1.21968393
1.14062500,2.26602807,-7.46569616,-7.65625324,-9.21763569,-1.06100189,6.24360852,5.12882237,1.43272714
1.14453125,2.72491019,-7.80501717,-6.98826256,-10.37980006,-6.09902221,9.15505893,6.57236213,9.73271049
1.14843750,0.85619318,-2.52560325,-4.97261491,-13.66487373,-8.24374144,7.54638373,2.59538077,11.14734914
1.15234375,-4.24131761,-2.39298408,-4.28001438,-10.50388699,-10.61639811,2.60759630,-7.11411730,12.76614034
1.15625000,-4.57190182,10.93859908,-3.82690776,-6.53476207,-10.54259359,8.68505691,-7.39043687,10.27571987
1.16015625,-0.87284030,4.16875685,-5.37030950,-2.57530990,-6.90090740,13.05918304,-8.31761764,6.52814090
1.16406250,-9.72152318,13.23877796,-2.63606607,-3.43129448,-1.48304661,7.65409304,-4.35814401,6.15193421
1.16796875,-6.09338967,5.09982378,0.16401670,1.60153278,4.71865283,10.14014727,3.81354659,-2.56594174
1.17187500,-8.75392840,4.51109232,4.00446274,2.56355160,2.90153557,9.67424881,9.62061995,-2.64759354
1.17578125,-8.07204324,0.16925831,5.09242978,7.16218605,9.19980990,5.84343134,8.73961131,-5.00934582
1.17968750,-12.57795687,-2.39999036,2.23538836,8.30306733,9.40143053,4.62277682,7.34737218,-9.08607683
1.18359375,-3.87239207,-8.40833232,5.70940481,9.90894703,6.54087051,0.35337078,-3.99501709,-10.69311261
1.18750000,-5.61319501,-13.02203390,10.27592988,8.92214953,3.38189996,2.22121212,-6.02052739,-12.00814550
1.19140625,-5.74724217,-6.33880773,8.90662650,8.23964007,1.84468312,-5.17138616,-12.53285467,-7.09121375
1.19531250,-6.69418281,-8.15986770,11.80272752,7.75111902,0.57373906,-7.74275330,-9.14112769,-5.64660858
1.19921875,-7.10839649,-5.13593624,8.74790865,3.81036599,-3.70904298,-5.12847478,-1.04694267,-1.13275966
1.20312500,2.00851797,5.04114917,8.50647709,5.36259877,-9.74249150,-11.16222993,10.65617430,7.20502964
1.20703125,2.12189722,8.31524772,9.22905100,1.84071135,-7.84267682,-8.29397081,12.95715695,7.40112326
1.21093750,3.49036168,10.95299105,5.96036832,-0.77338726,-6.90113540,-8.24828640,14.20297289,11.54927000
1.21484375,5.99779652,10.29089520,9.05114563,-2.40148292,-5.55211868,-5.14271067,7.77019397,11.90777962
1.21875000,10.09778778,9.46752260,9.71494954,-7.25212185,-1.97414172,-9.44601961,-3.18404349,14.20416657
1.22265625,9.44381426,6.36884995,6.80272875,-6.74008696,2.25783211,-8.76981613,-4.23862534,7.97603425
1.22656250,5.75838495,-4.03029961,7.40174492,-6.94516689,5.07167709,-9.36434532,-11.83642671,6.68049607
1.23046875,10.21995321,-7.10936493,4.29478414,-9.99916313,4.25288084,-4.06411805,-6.90780729,6.81991973
1.23437500,8.13790247,-5.73708251,2.30697445,-10.61660219,10.70550369,-6.17620521,2.31496770,-1.91779621
1.23828125,6.68677194,-7.91858292,7.69571524,-7.32655501,8.85273492,-1.79073758,5.34856293,-8.37645377
1.24218750,6.92695927,-10.39120049,6.16515283,-7.69205636,7.65858779,0.02196084,8.92424851,-5.63458603
1.24609375,2.90979797,-1.99535321,5.35308403,-4.55755148,2.60418689,-2.24058840,6.57557804,-8.93810037
1.25000000,0.82138599,3.31259878,-0.12322359,0.56590501,-2.94081813,0.58552335,-0.77977373,-11.21011860
1.25390625,-6.31121426,7.47602593,-2.25922038,2.35805482,-2.95291177,-0.16523576,-3.56389851,-7.21249513
1.25781250,-4.11544697,5.80861509,-1.73674000,0.45122203,-7.11943776,4.21543292,-7.09046743,-7.44968186
1.26171875,-7.77233075,10.09181329,-4.21710490,7.19595978,-8.54530501,4.97338362,-4.67398629,1.78568913
1.26562500,-11.01929984,14.96621226,-5.53856067,13.09401905,-9.50573214,6.55059119,-3.29555322,3.18080727
1.26953125,-10.68031220,7.31499823,-4.27490411,10.88657416,-11.51801764,12.66652707,7.26015828,6.15542976
1.27343750,-6.21162634,-1.31818550,-5.56784139,12.15721765,-9.84549416,12.32405697,7.49568541,4.12430150
1.27734375,-5.22057815,-0.15987097,-5.18851771,9.85957806,-2.56597782,13.83228191,7.91407647,10.83007704
1.28125000,-7.74658151,-6.53847028,-6.83824490,5.18898595,4.98521450,9.73968005,0.43601178,8.75246374
1.28515625,-6.27580949,-9.87688122,-3.04561037,4.19917807,4.17986000,4.80484559,-3.25481501,8.41962192
1.28906250,-6.92615760,-11.22020823,-7.07894769,4.16252139,8.05747905,7.64381152,-10.99720528,5.39648545
1.29296875,-4.81899004,-8.34386183,-12.42195496,-0.19530745,15.25386061,4.89848413,-8.94854716,4.59192907
1.29687500,-1.35721402,-5.53041332,-9.53682073,-2.07800552,9.55560470,7.54448019,-3.82476858,-0.14829201
1.30078125,-3.13188045,1.24608728,-11.64599757,-9.25206392,1.03145529,5.94810387,0.60745508,-2.13772112
1.30468750,-0.28132216,5.49712765,-9.87017502,-7.65880764,1.78632803,3.45157452,6.16345801,-2.46475226
1.30859375,3.49793596,6.89014408,-7.98063060,-9.80474871,-4.72550275,-2.78775764,10.92925954,-5.90328901
1.31250000,1.62897444,7.44436194,-9.78432566,-7.96105590,-4.81927151,3.02126225,11.01841628,-8.79599814
1.31640625,5.62466090,10.01630128,-5.04004994,-9.90581441,-10.47484517,-2.45923192,1.33345239,-7.66897067
1.32031250,8.89379562,6.11381848,-4.59505798,-5.83606870,-10.10725038,-5.92399370,-3.38320393,-11.95999594
1.32421875,10.44054696,4.24052700,-5.08738270,-3.78820362,-9.97348756,-5.49868277,-5.44323789,-6.21796413
1.32812500,12.77517159,-1.89903850,-3.44267047,-5.31248732,-8.86534598,-9.29470568,-10.22100287,-7.21133937
1.33203125,9.19675471,-4.52600292,-2.38357294,-3.24115948,-4.11610816,-4.98499124,-2.38917497,-1.32221776
1.33593750,14.57898669,-9.87395373,4.02038259,1.61713363,3.13914356,-8.67948181,3.45488065,0.89311635
1.33984375,6.85179955,-10.89585575,6.65193854,0.12167647,4.53697598,-11.44218325,6.51186831,3.86662968
1.34375000,0.77593633,-8.53025856,1.21519084,6.01904067,9.23736130,-8.55013576,7.43472313,8.67812304
1.34765625,5.12321805,-2.26102866,8.65747225,7.81079761,9.93573534,-14.40909323,3.93597198,8.63193715
1.35156250,-3.17425100,3.08488384,6.91383578,6.75900552,12.60069918,-9.58043943,-0.25467458,6.82613712
1.35546875,-3.97087203,9.32736124,7.30953794,12.51485954,5.59088229,-11.62986953,-10.58839933,10.59498105
1.35937500,0.48604942,8.58777463,9.41941041,6.77835861,5.76603404,-1.40995436,-8.24391244,7.62732892
1.36328125,-10.96778170,10.63903944,6.05612617,8.90808602,-3.65102026,-2.21765515,-8.64999709,2.70772850
1.36718750,-11.45432362,11.53586402,9.88219515,2.20843102,-9.96037200,-0.92384021,1.15956560,4.37070960
1.37109375,-11.63952509,2.12828165,7.93903076,4.31578128,-8.63546117,-0.81318018,6.05240606,-1.38669435
1.37500000,-9.18598868,1.84455102,11.40925153,-0.88172421,-14.83203054,-0.04891270,9.35377027,-9.74295657
1.37890625,-7.95226049,-2.20028784,8.56687852,-0.02127633,-8.79064515,0.96778082,9.13339452,-9.34168867
1.38281250,-11.63179301,-9.40350144,11.91470216,-1.70205790,-9.53461075,2.07091495,1.25814033,-9.79188156
1.38671875,-5.77747897,-11.63088542,9.80301052,-6.82669107,-3.50351449,6.42274332,-8.50109562,-6.34915766
1.39062500,-6.99797259,-10.02267927,11.20662955,-13.56806944,1.04164714,6.08430720,-8.97756842,-6.36957380
1.39453125,-0.97259952,-5.74362518,8.94006057,-8.34933582,5.26616646,7.12084212,-7.88521933,-6.40863841
1.39843750,-3.92897247,-8.17911847,8.32724249,-12.38722533,11.99295758,6.36766169,-4.33398209,-6.13314654
1.40234375,0.69556676,1.31872790,5.60306528,-11.35311232,17.53564136,7.81391756,6.02749911,5.41330041
1.40625000,2.17928030,8.59480754,3.71454959,-8.36743772,11.36915201,8.59011708,10.20316584,6.06361245
1.41015625,6.46179763,8.66830053,-1.02513680,-5.33106503,7.37659808,10.20101931,9.38910314,10.52432643
1.41406250,11.16748980,8.36197706,-3.21820146,-2.47658179,2.21970051,7.89870637,10.94062495,11.51198881
1.41796875,10.79222072,7.51813752,2.91953006,3.54479950,-2.51550975,5.82760323,-2.93975772,10.81287008
1.42187500,12.38659749,8.15598992,-2.76779324,3.34829054,-7.32599155,4.98927644,-10.19636625,10.24996764
1.42578125,10.77791131,-0.50560336,-2.41355674,9.83833400,-10.47768859,3.92182811,-8.68707113,7.70751942
1.42968750,8.42505842,-4.40239078,-2.10711478,9.36604799,-7.46769359,6.58637981,-7.75447099,2.68040057
1.43359375,6.29392989,-7.45930672,-3.24139298,10.16395880,-10.54331189,7.24888067,0.17068640,-0.06883327
1.43750000,9.42929261,-10.34713149,-8.54371477,10.71343043,-8.30200667,-3.35523765,6.17922736,-4.08088537
1.44140625,9.89375844,-9.58760608,-4.88143789,7.27408883,-5.44038261,-2.73584567,10.19197677,-11.51713300
1.44531250,4.34605484,-7.32205774,-7.78661876,6.93087310,0.72707835,-1.26868490,6.20070418,-10.42269657
1.44921875,2.28330055,-2.32816766,-8.74674958,7.26266894,5.49235558,-6.97356806,-0.25925586,-9.94147588
1.45312500,-5.18405804,1.15960891,-8.20703338,5.46601141,9.10032259,-9.97151899,-6.77059168,-7.49669772
1.45703125,-7.15395509,7.92796949,-7.51655268,1.28271608,11.71392288,-11.15991759,-9.39142218,-8.44407515
1.46093750,-4.55542268,8.82035056,-10.29768900,-3.60414884,7.75423841,-8.67646240,-8.99276435,-4.64279297
1.46484375,-7.69694569,10.71785614,-12.64529091,-6.56586402,7.97029315,-10.10146455,-2.74980988,0.38470673
1.46875000,-7.20079260,7.26074127,-9.20364847,-2.84765969,0.51837333,-7.22408082,6.44289542,4.54734646
1.47265625,-6.19590233,5.28189940,-8.90349383,-11.16027905,-0.64142295,-6.08992812,7.02360622,3.24516614
1.47656250,-6.51327483,1.98752431,-8.55514820,-7.66853100,-9.58422915,-8.78100113,10.40059461,6.46102061
1.48046875,-5.08738477,-3.30460985,-2.53668715,-8.82538966,-9.02051438,-6.11034254,4.92629639,5.64624377
1.48437500,-9.79175819,-11.96364147,-4.79693417,-12.45135028,-7.75865326,-6.94356069,-7.74829359,7.86927094
1.48828125,-9.37830290,-11.05943704,-1.16146078,-10.20023785,-7.77864060,-7.01323369,-9.17522728,6.18293951
1.49218750,-6.16258359,-7.68987665,-1.27827196,-8.71095451,-6.28741252,-6.33643800,-10.88006825,9.06334263
1.49609375,-3.47396748,-5.59356029,-0.35060939,-7.22288588,-1.90164117,-0.55868914,-6.99244575,1.51719628
1.50000000,2.87099700,-2.66771300,-2.01999633,-3.28191378,0.70943096,-2.12144912,1.84448913,-1.29952437
1.50390625,-0.05682696,1.78120339,3.00557235,0.69981713,4.51268691,2.02571096,9.06498744,-2.73191385
1.50781250,2.93423909,4.49073036,5.83431259,7.39211411,10.77529837,3.35468727,8.50604742,-5.61571637
1.51171875,2.95376985,9.40423719,0.92227602,6.06239881,13.75519505,6.33059888,8.89951172,-4.85204293
1.51562500,4.27035323,10.76653216,2.92446484,7.92214255,11.55358577,7.64218613,5.93719087,-8.28258786
1.51953125,8.49350060,5.89177828,10.17148529,12.43243409,8.35519526,9.51994716,-6.19419643,-7.59901660
1.52343750,15.00760060,2.07637934,7.75827869,12.14064756,3.26648679,12.51322975,-9.33284915,-6.87045021
1.52734375,14.25449612,-0.57294011,10.66548547,8.35523006,1.81483143,10.90389839,-6.89701877,-2.14397154
1.53125000,8.79405373,-6.68094177,9.42716900,9.88301407,-4.39074023,11.80638479,-4.58965982,0.15096591
1.53515625,8.05953933,-8.75245411,11.62905980,7.84005436,-6.75493998,11.63069750,6.72351901,4.46643999
1.53906250,6.71217731,-12.83744738,10.68391724,0.24292632,-12.50608714,8.92341372,5.71672586,0.80778559
1.54296875,6.46034019,-6.99681017,11.61845315,-1.59537347,-8.29967372,8.98562686,6.56782782,3.87711635
1.54687500,-0.29962142,-1.38167658,10.93698735,-0.89699097,-10.13759718,5.65456288,6.60500179,8.53111125
1.55078125,-6.00190777,-1.63439565,3.72180416,-9.59135986,-2.46322164,6.34214861,1.34564458,12.40800363
1.55468750,-5.48899052,2.25357316,8.83002642,-7.62991819,2.97155503,2.64611407,-3.72046812,13.96908110
1.55859375,-6.72326542,10.89479585,10.77700075,-9.35014568,3.38251931,4.74570627,-5.86576294,13.08273094
1.56250000,-5.17382635,10.85361620,4.38916698,-9.89459828,10.60468557,0.00962514,-5.70132195,3.62139700
1.56640625,-9.20106604,6.94488910,5.33578283,-11.56811011,9.72489515,2.01287219,-0.82918059,1.56342548
1.57031250,-11.16333867,6.84689339,4.65713069,-10.78410634,12.73727574,-2.28854553,7.77158622,-6.71957149
1.57421875,-9.07710884,-0.09784271,-0.44888703,-5.48834924,7.06279251,-2.21519443,15.20029586,-8.60790833
1.57812500,-6.51308958,-2.32392132,1.99645244,-2.81899246,9.32637764,-7.58412898,10.68870967,-8.51777190
1.58203125,-7.84853009,-9.09129554,1.25164185,0.04302762,-0.62698635,-7.05970592,3.53916069,-10.27513661
1.58593750,-6.69414335,-7.53450321,-0.04306819,0.37988688,-2.76277119,-6.05618713,-4.68116378,-10.70399648
1.58984375,-6.00917358,-10.67613529,-3.00949816,5.43554047,-6.56518984,-10.34093265,-9.39218628,-9.85118984
1.59375000,-3.60072413,-8.29925001,-4.28971186,7.63002417,-10.55540442,-10.79239272,-10.17527906,-10.76392113
1.59765625,-3.10627763,-5.46771114,-3.68533615,5.18869785,-9.47413272,-10.80438394,-6.88388309,-4.97060623
1.60156250,-2.47705176,1.40142950,-5.53354185,5.12029527,-4.94450991,-11.76299415,2.44087892,3.01458021
1.60546875,-1.79528249,7.52113723,-10.55624476,6.00045471,-2.91111536,-8.09986719,13.28718464,8.73832385
1.60937500,3.98085950,7.65334710,-8.64810034,9.73429334,-4.03675128,-11.74221088,11.15899066,9.12632402
1.61328125,8.81999759,10.41778673,-13.32091007,9.16077758,1.75048343,-6.51975385,7.06349837,13.58432297
1.61718750,11.97789928,12.22764020,-11.77540189,0.50510471,7.96258518,-4.43623007,-0.54183049,16.70591258
1.62109375,15.26324041,3.71982446,-13.84288241,3.71315822,10.40759053,-1.45498689,-5.68806796,10.52566686
1.62500000,7.28930578,4.09417464,-7.28981049,-4.86681334,12.31872875,2.39131504,-9.97989031,7.91566193
1.62890625,9.85946384,-3.03057555,-10.28536451,-3.68592479,9.50753383,2.35144975,-5.26523866,1.42970840
1.63281250,7.44850039,-9.54663789,-8.70158558,-2.83797504,0.06155873,3.70087985,-3.30988026,-1.98638549
1.63671875,9.45549781,-5.68812661,-7.00836924,-9.87406551,2.74344768,6.88614447,6.30556564,-3.81926998
1.64062500,6.88271397,-8.86314611,-10.42723902,-8.37653999,-1.56520382,4.22553047,8.60543287,-5.82113267
1.64453125,1.84917782,-9.03203923,-4.77838469,-10.25851166,-9.91865883,9.82036050,4.99180641,-10.60318488
1.64843750,3.85583829,-1.19135725,-2.11700594,-12.14251016,-6.91085172,9.24035463,1.69247591,-8.15238886
1.65234375,-2.55476118,2.14869300,-3.45297133,-9.77510881,-9.41569236,7.47444032,-4.66725096,-14.10780767
1.65625000,-3.97392616,5.69467437,-2.21505152,-8.04191440,-6.98856960,7.17886864,-6.73826492,-10.47574568
1.66015625,-6.46832450,9.35100665,-5.52837110,0.57070483,-2.94523597,6.85763122,-6.51885607,-6.72303655
1.66406250,-10.91468352,9.22865954,-0.77625647,3.43829447,-1.63590634,11.53226725,-2.25266596,0.19959754
1.66796875,-5.14735332,10.19489523,2.93831480,1.45644431,-0.89745843,7.24580479,4.06157961,0.99927726
1.67187500,-9.61283137,7.44525431,1.96236287,4.35286731,4.17453461,8.78304942,8.03241239,3.67093211
1.67578125,-6.22228432,-0.82674897,2.03809748,9.28036192,7.71065865,7.59275406,7.63758316,4.88543444
1.67968750,-7.73153398,-5.54688722,8.80069669,5.91867120,12.45431816,4.66784323,4.61743256,8.47957066
1.68359375,-6.27967970,-6.63130085,4.20522807,9.19711252,9.93042060,1.66749538,0.27774019,8.60495172
1.68750000,-7.37358915,-9.20026754,9.36506719,12.21147350,5.23727010,0.56791915,-8.99325040,8.72826529
1.69140625,-10.38577543,-7.05358203,9.57152490,5.99108809,5.88961164,0.19363277,-8.06687741,6.10077665
1.69531250,-0.03922815,-7.75455739,10.75682383,5.62834974,3.11387962,-6.78695175,-7.79098169,6.75637433
1.69921875,-0.43643415,-2.00734109,7.06934558,5.74775065,-4.57598790,-8.65431266,-7.27109790,1.23884634
1.70312500,3.58770205,2.18460713,14.11211488,5.69150673,-8.22780312,-7.43609525,4.25259785,-2.42509934
1.70703125,0.10090962,7.25385153,10.66833451,0.28475960,-7.76299187,-9.31226717,7.28993647,-7.14948640
1.71093750,2.66546052,6.95295591,7.48206619,-3.31153742,-8.19017064,-12.24213426,6.56001659,-6.33181344
1.71484375,2.42418555,9.02505568,7.53122345,-4.60043822,-4.35015151,-8.42078493,3.48542085,-8.18127458
1.71875000,10.67774527,8.85355438,7.60123112,-3.04676783,-1.05638383,-7.29496844,-1.60539116,-12.62239492
1.72265625,11.23779937,4.02019716,6.67490166,-7.58415434,1.25168068,-11.62368467,-6.79153854,-7.74210491
1.72656250,11.69278929,4.93218523,10.36406071,-9.50303793,3.29305600,-8.99325836,-9.22607068,-4.73266109
1.73046875,9.88837761,-5.70780854,5.47107767,-6.64011462,5.21773122,-7.63896091,-3.14106059,-8.50438359
1.73437500,9.21521446,-10.62132310,3.47210277,-9.67244421,5.45597493,-8.04814238,0.49808314,2.89642596
1.73828125,9.75356768,-7.70685374,2.55656651,-6.16928538,4.54266317,-5.11790056,8.48170860,4.07371562
1.74218750,6.78688674,-8.69362895,3.97434060,-5.69394172,6.83694108,-4.12574002,8.01972058,8.29476466
1.74609375,-0.45885785,-7.66354485,-1.07131330,-2.82896989,2.45032119,-2.59817429,9.84274124,6.74270450
1.75000000,1.50604461,4.42677180,3.19698093,-1.25137067,1.40051381,0.42380237,-1.33855850,12.16172285
1.75390625,-2.55524793,6.46784282,-2.97980368,2.45744130,-1.13487046,4.73351773,-5.04340630,8.80397521
1.75781250,-5.64490486,9.48379381,-9.09824567,7.77075078,-10.49664874,0.28107785,-10.22765910,8.57654118
1.76171875,-6.27215420,12.19993602,-2.90778712,8.76833809,-9.78786888,3.31744632,-5.52045646,10.43263833
1.76562500,-9.82092708,9.51532102,-7.53187476,10.18429309,-11.66524388,8.12237393,2.25911028,1.13531895
1.76953125,-10.38893899,5.26559841,-9.95925345,6.41736059,-11.82864541,10.58948800,1.87207944,-3.55479528
1.77343750,-11.25223967,4.76950783,-7.71964670,10.45002478,-7.00752606,9.34047947,9.72133660,-2.13115558
1.77734375,-14.28591477,-1.26178836,-10.08207444,10.04010533,-2.93511520,11.35828995,10.92821548,-9.98284394
1.78125000,-6.75732635,-6.79558935,-5.54772861,11.63331624,-0.96208453,10.38842315,4.14847355,-6.90906268
1.78515625,-3.62898183,-13.52057886,-7.05920441,8.36171186,8.70344550,10.08381096,-4.45622071,-9.45435101
1.78906250,-5.62383034,-10.73778825,-7.45671027,0.05417368,5.19106126,9.23475056,-10.83788523,-12.91473654
1.79296875,-0.25308323,-6.84307201,-8.84500550,-1.78443604,7.90854146,5.82235898,-11.96034448,-10.27320861
1.79687500,-3.72965941,-4.71734992,-4.47089837,-5.71462832,3.41091113,-0.92642147,-9.26252664,-4.83358013
1.80078125,-2.64194269,1.21514463,-10.63517482,-5.50792122,4.32126173,5.68062062,0.40505528,-4.53148335
1.80468750,-0.33668753,2.14087936,-7.37742617,-11.57380873,5.14463807,1.75379241,9.69964322,4.67837149
1.80859375,-1.50432289,8.55036616,-14.31600367,-10.95116873,-3.20800366,-0.70933419,11.08885748,6.31662798
1.81250000,5.04586242,7.10745858,-8.15798342,-9.49732485,-10.15008339,0.41074709,14.04010747,12.40373884
1.81640625,9.83619863,9.77980176,-9.98781610,-9.18979806,-10.06880042,-0.49854238,0.40307885,6.32694271
1.82031250,8.94706631,8.62914194,-3.01689604,-9.46982308,-8.05925873,-2.26687869,-5.36710282,8.48445919
1.82421875,10.76162367,3.52667651,-2.81639958,-6.08835367,-8.68642068,-4.77739243,-10.63714720,1.91181476
1.82812500,6.09022700,-4.99994578,-2.29981471,-4.25010291,-6.40334479,-5.44944596,-5.80151899,1.64595489
1.83203125,11.19364797,-12.41567229,-1.26426410,-2.33223165,-2.08608801,-10.65955010,1.75202550,4.36075620
1.83593750,10.79083741,-10.43172398,0.89749527,2.27441259,6.20007226,-7.49881803,6.12685652,-5.92806079
1.83984375,5.37994312,-7.64409729,2.86028981,7.51900814,6.52653419,-9.94664017,9.12366679,-6.90633807
1.84375000,4.01095082,-4.58263717,6.02823397,4.51465457,10.32296513,-12.44035809,4.21505564,-8.23340354
1.84765625,4.24957297,-4.82752306,7.64057081,8.46667330,10.16826023,-10.19616298,2.42975093,-8.93782418
1.85156250,-1.81851142,0.83533294,6.40516364,3.58819914,12.49623925,-11.04160669,-3.31120531,-10.09403813
1.85546875,-5.81365526,4.09403252,5.43986689,9.87320078,7.23485363,-14.82171474,-6.40654596,-6.17680114
1.85937500,-12.15471467,7.69654425,6.18647991,3.09676970,4.67588025,-5.50819385,-10.48575763,-6.34343802
1.86328125,-10.25149286,10.60312753,11.25765003,10.68009578,-0.01609667,-6.25384072,-2.44049437,-1.64745402
1.86718750,-9.03563045,8.52339414,6.23614470,3.66479108,-5.27601532,-0.78933627,0.21174222,2.83368659
1.87109375,-9.91335988,4.88186184,8.99127368,1.26123606,-12.31787643,-0.90388578,7.13035198,8.56668537
1.87500000,-10.24150776,-0.81907871,12.15653371,2.51520672,-8.93237312,0.97752879,12.23219167,4.61988413
1.87890625,-7.47356141,-4.22923646,7.85054394,-8.34308542,-13.13281154,0.24715506,0.67211359,8.55733656
1.88281250,-7.55233848,-6.93263158,13.52710791,-3.60000499,-7.66159197,4.85178134,-1.03739178,7.59745609
1.88671875,-1.41602443,-8.08749804,15.41043226,-10.05730186,-3.36348095,7.63836757,-11.23096793,7.83145444
1.89062500,-8.13638749,-7.96359618,9.00558305,-7.80366649,2.19763994,7.34256037,-11.53455766,9.19318057
1.89453125,-4.48950101,-7.41721069,8.66594226,-9.11032556,3.85417369,8.39616099,-8.86388625,4.83420529
1.89843750,-0.60681411,-2.89807750,9.91202574,-8.84177455,7.89234799,6.54471199,-4.38400600,3.33832596
1.90234375,0.21617500,0.53464866,5.60211828,-8.19834543,8.20585172,9.42295567,0.99015715,0.30725547
1.90625000,-1.22462523,8.88569339,2.75925048,-8.03712202,8.52361208,11.74581057,8.91336023,-5.49783845
1.91015625,7.51064006,7.35670282,0.32127429,-4.90284735,10.83248026,7.79477352,9.61812310,-9.09335233
1.91406250,3.30367884,12.23732635,-5.27082447,-1.45444853,4.91886232,10.00374343,6.74393897,-6.77619944
1.91796875,6.49124436,8.46125481,1.09124281,2.84704654,-1.41818157,4.73240733,-2.54497349,-9.96175664
1.92187500,10.78345707,4.17804389,-3.55218125,3.96764248,-1.60101966,4.62412082,-4.61125082,-6.43301736
1.92578125,13.29246877,0.88192310,-6.23206485,9.94814012,-8.88325264,4.74865934,-8.29600570,-8.71293062
1.92968750,16.14360036,-3.16195747,-4.89446050,11.34402322,-11.78451229,5.39077424,-5.00051051,-4.83118698
1.93359375,15.23594666,-9.02262372,-2.49218061,12.53783257,-12.36292949,6.45513450,3.08416892,0.21838199
1.93750000,7.49522818,-7.03381526,-8.70617722,8.16186678,-10.70601318,1.89328917,6.23090872,3.42774274
1.94140625,6.78880420,-11.44802619,-8.78754544,7.88924759,-5.32257745,-3.27356503,10.03978388,5.68072434
1.94531250,-1.52366890,-6.37224634,-7.05680414,4.53631740,-2.02817125,-3.03788347,7.44793120,6.18994327
1.94921875,-1.76873374,-0.24673874,-9.68323364,4.72240735,4.66144685,-6.27208668,-0.22254565,13.99760332
1.95312500,-1.12059147,7.78778563,-7.11397906,-1.22761318,7.97073969,-4.73483108,-6.48443511,15.88087672
1.95703125,-5.12824046,10.08795203,-11.83212244,2.51509846,10.87641402,-5.89200348,-6.87965978,8.59683866
1.96093750,-4.41038937,7.97413961,-10.90702574,-2.67190954,12.51985301,-10.37418377,-7.50459691,9.32423850
1.96484375,-6.54147903,10.65722815,-9.54307128,-3.56912569,6.21646580,-7.49846612,-4.36765555,2.59332749
1.96875000,-12.31133516,6.32487993,-13.52217490,-6.67752746,1.96513261,-8.39530238,2.33443501,-4.72531644
1.97265625,-8.80192547,2.60415134,-8.08168706,-8.48139105,-0.66795740,-6.07980432,14.50239936,-7.79549675
1.97656250,-7.59154968,1.95272077,-7.51679977,-7.12153095,-8.34077201,-5.99056506,6.17005733,-7.42747349
1.98046875,-5.29503132,-3.18063912,-5.11883725,-10.77303072,-8.38483510,-9.53664613,6.80118697,-12.25212060
1.98437500,-10.05118012,-9.26340186,-3.48133941,-10.49395648,-10.19833097,-7.44854911,-7.00386254,-11.98874029
1.98828125,-7.51642329,-14.29216216,-2.43173012,-9.36097308,-14.16643898,-5.39461194,-5.22705326,-10.84337840
1.99218750,-5.77429131,-10.28814001,0.52630375,-12.18648438,-7.57354694,-4.90579614,-15.34416504,-8.00311875
1.99609375,-2.34712039,-6.80537417,-0.06725164,-4.97482368,-1.85984394,0.18310386,-8.75834084,-5.13968001
2.00000000,-4.32485868,-3.13313497,-1.75938885,-3.48791822,1.27693331,0.88337049,-4.47065978,-4.03627927
2.00390625,0.95823631,6.36219906,0.47376496,0.69034120,7.08199105,0.83459076,7.45046243,1.56827510
2.00781250,1.88279189,3.47684830,0.01689780,4.54172892,11.21228193,3.64805136,7.23277069,8.83990267
2.01171875,2.21533913,8.10606808,3.82677524,9.04905749,5.84107842,1.89881234,12.63206842,7.65644140
2.01562500,8.12689437,10.06098558,4.66532225,7.83830426,9.65536746,8.97273779,1.24150360,11.19572654
2.01953125,7.44102050,7.98319075,9.28284050,8.81823221,6.84588034,6.55337986,-1.16972154,11.85276189
2.02343750,7.16456592,1.76312960,6.73876999,8.79024159,1.81735783,10.97643507,-7.55857643,10.67870312
2.02734375,7.28101288,1.59537739,10.65591242,12.05768718,1.04970905,9.49777944,-5.37882502,4.94243350
2.03125000,9.90299544,-7.44259187,11.46863191,5.63901737,-1.72239447,7.81429793,-6.84799133,1.39763815
2.03515625,10.46040704,-9.58604601,10.90546995,7.59101603,-8.56170966,8.14492425,5.69050370,-3.60467347
2.03906250,7.75820845,-7.13881558,11.65011859,2.88444036,-9.03766244,10.33352977,7.87147507,-0.94870516
2.04296875,4.67498053,-7.30346194,10.57928537,0.12025732,-9.60933662,8.70963158,10.56480051,-4.99192386
2.04687500,1.90313786,-8.14036865,10.94510362,-7.14686629,-5.25540159,7.03876576,3.50597420,-9.88957947
2.05078125,1.82009348,3.28348720,11.85727603,-4.44810533,-7.05367119,6.86931856,-2.94419106,-8.70906585
2.05468750,-5.17921929,2.98142297,4.74290329,-10.69105002,3.74680395,1.40605150,-7.29609079,-11.71436321
2.05859375,-7.17975468,9.79032304,9.00093664,-10.58066386,2.82705360,2.00385466,-4.21853232,-6.06926734
2.06250000,-8.93794851,8.99656172,8.09976500,-9.33947046,6.42932253,2.48621561,-7.11677481,-1.97814400
2.06640625,-7.92309700,9.50915578,5.50261356,-4.57611525,9.57648849,-1.54394083,6.31865353,-0.58559944
2.07031250,-7.47603946,5.92139737,1.86496650,-5.79418789,9.57827575,-4.73818957,7.94987559,7.75796041
2.07421875,-7.11039085,0.84508215,4.90878322,-7.40348543,9.09295425,-0.35955207,9.45196895,9.31808585
2.07812500,-7.66743727,-5.86564287,7.12878453,-6.07952451,3.31710259,-2.90982211,9.42551537,7.60307496
2.08203125,-7.66024158,-7.47057802,-2.41458824,-5.14382399,-1.55820161,-7.06286345,1.86619141,4.89379540
2.08593750,-9.04355405,-13.39207905,4.52076412,3.13142580,-4.58977127,-9.13221444,-7.45571494,6.80265831
2.08984375,-9.87213157,-8.51184347,-2.59802748,3.25620773,-9.28312366,-12.94743332,-13.23569274,2.59815441
2.09375000,-3.08706012,-9.38570240,-2.93570127,4.60379926,-5.28737278,-8.97380513,-12.09135182,5.85335568
2.09765625,0.97385841,0.92919134,-2.42310917,8.15108901,-9.49697616,-14.54892409,-7.95632915,4.69208119
2.10156250,-5.41783792,-1.39433769,-7.48129881,10.30327363,-7.25847899,-9.54735870,3.48888563,-3.70497025
2.10546875,-0.43983879,4.86799268,-9.57576334,9.29598467,-5.67552935,-7.13744565,8.56947721,-9.75342652
2.10937500,4.95264122,8.09812971,-8.42300257,11.63676092,-1.20739466,-9.55631652,8.30535286,-4.60156005
2.11328125,7.37128615,8.09946515,-13.00827124,6.89164633,6.04802617,-6.13557374,5.49971398,-11.31332945
2.11718750,5.13363265,9.64721678,-13.12721568,2.76156677,8.92245356,-4.21670635,-0.14833383,-7.99958359
2.12109375,7.63200384,5.01978121,-9.99835511,4.85166212,9.25459198,-4.90578213,-7.46509865,-7.19778255
2.12500000,9.70720368,-1.81778555,-13.05665783,2.96453327,14.54647889,4.15625952,-4.21854993,-6.64329629
2.12890625,13.73191798,0.72494066,-11.07127365,-3.17814716,4.11567612,2.42562305,-3.41197466,-6.84417461
2.13281250,11.83063631,-8.64012179,-8.33321478,-6.69115223,8.07307542,6.90841761,-3.33801954,-2.82176591
2.13671875,6.38926921,-12.60340397,-5.07494854,-7.80735829,1.02175997,4.60438292,8.59816028,4.05881669
2.14062500,6.56547804,-10.15825523,-10.66599857,-11.67314185,-3.35005884,4.86883659,6.78587952,7.69737562
2.14453125,3.36561555,-4.54210542,-3.29814810,-11.91789284,-4.86472110,9.28313286,5.79809741,5.41136032
2.14843750,2.71061612,-2.28200373,-5.53359479,-10.71119821,-5.71448106,7.49082009,1.07794920,10.15881589
2.15234375,1.79218716,4.30608023,-7.55110135,-6.15321512,-8.16639337,6.03844460,-5.74320598,12.66083449
2.15625000,-4.84929619,5.46933556,-0.78926316,-7.83305273,-7.68389385,11.55586511,-11.57379158,9.54323471
2.16015625,-5.21961618,8.89708562,-5.69468411,-4.57745437,-4.99896574,8.39694424,-9.96843297,7.17919696
2.16406250,-8.35016232,11.95525731,-1.28081204,-1.20663058,-5.49846765,9.01367590,-5.55648299,4.58571665
2.16796875,-9.13229560,4.14637853,1.85957336,3.24892882,3.22956349,9.89759533,3.14870650,-1.48759188
2.17187500,-7.91044416,2.34151105,-0.96554932,3.52715468,3.93819662,10.38190846,6.86805695,-3.91856964
2.17578125,-11.91997307,1.95726146,2.43250892,11.32849347,8.82001398,8.35480715,9.60789828,-5.99623208
2.17968750,-10.95832166,-2.04945824,0.88655042,7.04521272,11.05828806,3.09661971,5.37694268,-10.79645336
2.18359375,-10.14485069,-7.76007311,4.41719909,12.53513074,7.71699283,5.43018235,-0.33382318,-5.64390943
2.18750000,-8.64807235,-11.28785823,8.76320590,9.13770887,6.99953096,-0.65874409,-9.85052453,-8.66951561
2.19140625,-4.31500728,-11.02122827,10.53695821,8.61302718,1.10903514,-2.57554397,-8.55513450,-9.82161108
2.19531250,-6.87367715,-7.20379214,13.00578161,7.24154222,-5.82326898,-7.22778409,-4.37491634,-4.76182999
2.19921875,-5.51456441,-1.54072552,10.72765577,5.42793952,-4.19688925,-11.91596940,-3.26932652,-3.51192881
2.20312500,-3.51741551,0.34272941,8.38444015,1.50679527,-5.63468636,-7.86367933,6.62533396,5.65364612
2.20703125,-0.27524363,7.58980820,11.58910712,0.57582463,-5.08611631,-13.88098829,11.76697195,7.44843487
2.21093750,6.14422517,11.01573201,6.36306658,-0.81752715,-10.45004072,-8.07072100,12.57639674,2.63865697
2.21484375,7.83997324,10.81888458,9.88889595,0.04608416,-7.84866848,-11.50035736,8.76278259,13.03289439
2.21875000,10.87804698,11.93059932,3.68617635,-7.49335309,-2.93154347,-8.17783492,-1.47328793,12.40975567
2.22265625,9.22208339,4.15047363,12.00198115,-8.16916240,-3.78762900,-4.07066839,-11.69473470,7.77954491
2.22656250,8.87317479,-1.07567856,5.72815917,-6.79061734,3.08429760,-5.28054090,-8.52347604,3.10849742
2.23046875,4.81910065,-5.60710294,7.12386627,-9.64556841,5.08011462,-6.41737993,-4.50925100,3.70839515
2.23437500,7.88922285,-9.67527946,3.79638408,-9.28828510,10.99004463,-7.48306925,4.45820519,0.36318340
2.23828125,2.16413360,-10.36367128,4.69181855,-5.62053535,7.63362548,-4.26825792,8.35182299,-5.61667876
2.24218750,3.98708109,-4.61053823,3.63849354,-2.26858728,5.27321172,-1.22943730,8.18909170,-4.55634220
2.24609375,3.68827986,-3.91299222,-2.02761346,-2.00475334,3.24090047,-2.82301311,9.57832861,-12.00049850
2.25000000,0.41303592,-3.09740608,-0.38016716,-1.53074917,-1.23574385,-1.28718544,-1.28268685,-10.18179379
2.25390625,-0.29876198,3.25185294,-0.79270574,0.24912552,-4.36427555,0.39987589,-5.28645646,-8.08931674
2.25781250,-3.55478163,10.55626885,-7.86622060,1.32532195,-7.20636775,6.75347598,-8.68780652,-3.98339526
2.26171875,-7.99388557,10.66736252,-5.87407848,6.53595758,-4.18371337,8.43348920,-5.06345859,-1.90695422
2.26562500,-5.19815862,10.42724872,-5.98615463,12.89730320,-5.22049792,8.14269249,-2.73209468,2.65690151
2.26953125,-6.60852317,3.61223891,-5.63353777,13.16423651,-8.92772943,9.65232895,2.95007819,-0.61056569
2.27343750,-7.57330656,-0.22668189,-8.15805031,12.94129200,-3.85228958,10.95435946,7.95365887,8.32546052
2.27734375,-7.76771791,-2.15566910,-4.25704796,9.10341972,0.11779647,15.64418353,12.37153382,2.76802486
2.28125000,-8.52200465,-4.92880463,-6.65206085,3.00859596,2.68718703,10.36082684,3.19456342,4.78077587
2.28515625,-6.84682919,-14.56317089,-6.22538797,2.72557903,6.85698279,13.99079333,-4.60545382,7.81171397
2.28906250,-6.82832440,-12.21670490,-7.02151305,-1.02707688,7.71360890,11.14416096,-10.30104161,9.33320113
2.29296875,-6.76158999,-10.51328785,-5.25603570,-3.12928477,10.80901853,7.30086544,-9.60415947,8.42499169
2.29687500,-7.69950772,-8.42880630,-15.97594251,-5.18683631,10.90225380,5.66694777,-2.81135370,2.61911739
2.30078125,-1.48813155,0.11180927,-9.59915923,-5.57607692,4.15357308,0.03082761,0.36302073,-2.52917365
2.30468750,1.83374908,5.21647386,-3.98401398,-10.60962028,-0.12534817,1.72510729,8.69455315,-2.50354103
2.30859375,3.26163504,7.37391288,-10.89313544,-9.71173883,-0.97551647,1.23355382,8.50244128,-7.19351596
2.31250000,2.76907966,10.17992016,-7.47479663,-10.48283029,-4.76146601,-0.68598866,3.31067320,-7.60063601
2.31640625,8.04663424,5.77593199,-7.73562332,-6.35356072,-11.41519265,-7.36283301,3.75399157,-9.95439109
2.32031250,9.69461852,3.55043126,-5.62441090,-8.39563668,-5.86209770,-4.48379921,-0.16616425,-10.10101245
2.32421875,12.83516162,3.82174118,-8.74026465,-5.86641702,-10.90659545,-8.31148071,-8.43243586,-5.09115460
2.32812500,7.59333696,-1.09565859,-4.08740563,-2.04499649,-10.54355003,-7.56652230,-4.28493743,-4.84682479
2.33203125,9.67624748,-9.48868494,3.86974549,-3.85796019,-6.58361001,-9.10817639,-0.45016037,-2.02922978
2.33593750,8.04387416,-10.70759276,0.98321821,0.60419411,0.76297055,-11.09558084,1.16216229,0.72504577
2.33984375,8.24685406,-8.99097908,3.05255953,1.74627427,7.77106146,-5.56738682,8.77646919,4.92037832
2.34375000,3.79261020,-5.85229595,5.52657263,8.13445650,5.07539108,-9.90365276,4.54399842,3.93168166
2.34765625,1.42967280,-1.83489546,3.01541262,11.64567542,11.43473057,-14.35856334,4.51930416,10.92165397
2.35156250,-1.25932314,2.00486016,7.85817499,10.39310214,13.68099948,-13.60534928,-4.41731458,10.51175579
2.35546875,-4.81182528,6.18002445,6.80146696,7.98025797,6.24363979,-8.00755918,-8.78334044,7.77073825
2.35937500,-6.59829077,11.11554687,5.78326893,10.75422178,5.32040720,-6.40079337,-6.64174846,8.17645783
2.36328125,-7.69079851,7.83516745,8.43015200,6.17021205,-2.08978892,-6.56061869,-5.18885889,4.91117254
2.36718750,-8.16726525,6.39663898,11.27529088,5.75553691,-8.84735481,-4.51984261,-1.61351588,-1.26724113
2.37109375,-12.60737426,3.66766602,11.89289822,0.34827824,-9.04665288,0.90199544,6.04924878,-3.51321643
2.37500000,-7.89321612,1.11838700,10.81713326,1.71342528,-6.71638428,-1.64260543,6.15128221,-5.41742571
2.37890625,-8.43943664,-3.74805808,10.40476177,-6.01326484,-9.84159555,3.22181224,6.94164478,-13.68479264
2.38281250,-9.05938390,-6.56841718,8.57353617,-5.29673783,-6.52131254,6.53489944,-0.17980311,-12.46491429
2.38671875,-4.09588975,-11.73028701,8.98891450,-5.49399357,-3.57914449,5.94560614,-4.68957579,-13.01434875
2.39062500,-2.87541037,-10.24276821,15.79567112,-13.68311011,3.18699734,6.42354749,-12.20297989,-7.81987272
2.39453125,-2.69090154,-7.67062830,7.29488595,-10.22239833,2.22417480,1.57723863,-9.59658407,-4.98424873
2.39843750,-2.61581579,-4.00896535,10.54993282,-13.76107925,11.88328018,6.22328425,-2.09883818,-3.51798544
2.40234375,0.43011403,1.90758241,6.61497556,-14.84273481,12.41622593,8.73953991,2.70124043,2.25407036
2.40625000,-1.21493450,9.01648018,4.34691369,-3.35122353,10.95991667,5.46157683,6.74631552,3.47509397
2.41015625,1.09689433,12.16069141,3.23354400,-0.03524846,5.93285940,11.08522162,11.68346422,8.67092232
2.41406250,8.53466690,13.50331761,1.20238844,1.40358571,0.98656203,11.30752298,6.93861921,10.90532869
2.41796875,5.40755505,6.84940188,0.12650895,2.56119096,3.88974368,7.62475127,-1.37632995,13.09275386
2.42187500,6.20212630,5.11997725,-3.39806375,2.64107707,-6.28190807,7.51568494,-6.22861737,7.36625276
2.42578125,9.61427892,2.29414837,-7.25464947,6.75499181,-6.42418512,6.40774912,-11.81548935,7.98684789
2.42968750,11.44382144,-4.66482369,-5.75173336,7.07203072,-9.97592069,6.33736633,-3.47546350,1.35320738
2.43359375,11.33922782,-6.13035594,-6.03143228,10.25972433,-9.64111671,6.19045134,2.13607803,-3.44578556
2.43750000,7.53205480,-10.84147994,-10.54774950,12.13815596,-6.89117030,1.66243768,9.64232541,-5.88242673
2.44140625,5.01323879,-7.90106470,-8.75778058,9.41898890,-9.55085060,-1.93056517,11.44334850,-7.19892164
2.44531250,1.91753472,-9.42652959,-7.94678475,5.60447944,0.52102933,-4.07909826,7.88355632,-9.14197974
2.44921875,0.82796435,1.13422855,-9.67104730,8.06754305,5.60116016,-10.14247597,-0.22602761,-9.75918118
2.45312500,-2.86781223,-0.35016735,-7.99449156,7.80660167,7.53464918,-6.35683079,-5.78453122,-9.56502842
2.45703125,-5.75985370,9.74736109,-11.20854272,2.30050822,8.66962944,-9.03210444,-9.30197414,-6.97953965
2.46093750,-11.14990493,8.81510454,-11.36023988,-2.01395235,10.64816022,-7.30588152,-10.39885684,-2.53773336
2.46484375,-5.47582088,9.46753454,-7.82392542,-0.58600533,4.27691795,-12.40049786,-0.85478299,-3.96451988
2.46875000,-13.21180775,5.88389706,-8.70124981,-5.65914496,5.21271729,-8.21463661,5.29312560,6.26941832
2.47265625,-9.56838819,1.10153655,-5.60800357,-5.60503220,-2.01240500,-7.85719177,9.27373796,7.62626603
2.47656250,-4.71466504,-2.82571127,-6.06147153,-10.50066502,-8.18426935,-9.51128510,11.75217633,3.25196385
2.48046875,-11.20870072,-7.19018438,-3.84066684,-11.38768021,-9.43060133,-7.92514700,2.65191707,4.00595221
2.48437500,-9.09605365,-11.78020478,-4.11257815,-7.23313612,-8.30344939,-6.07576212,0.11347429,5.17959156
2.48828125,-4.17761401,-8.99528169,-2.35768788,-10.93080026,-4.91435487,-6.71917730,-6.81806511,4.24827103
2.49218750,-4.33751544,-7.62828069,-1.97049084,-5.27803405,-5.41282058,-6.07361228,-9.41466859,4.82518584
2.49609375,-2.88588220,-3.34403094,-4.23095538,-6.56376336,-0.84996082,-0.80829606,-6.89413516,4.46922241
2.50000000,3.39179547,-2.25695254,-1.46379719,-3.13069362,-0.03413336,0.87761783,-4.65773492,4.98182243
2.50390625,-1.07948232,2.89838839,1.40701508,2.53782508,2.93552570,0.69233898,6.54991475,-6.24605081
2.50781250,1.39766740,4.53864146,2.79086128,4.52290112,7.42691007,5.26416865,7.32272815,-6.14209911
2.51171875,5.37405114,9.91327862,3.78809415,4.59061680,11.20037811,1.03092175,3.63283848,-8.75499724
2.51562500,9.59817310,10.98457725,5.30333779,13.31803821,10.22562162,8.59181174,2.77238849,-9.90187572
2.51953125,8.62751640,5.86085085,6.02237638,11.47076001,10.09436941,10.28406338,-6.30446127,-6.27107976
2.52343750,7.56324129,1.24438530,8.35700450,14.64390441,4.82902557,8.38181277,-8.28382747,-7.88144539
2.52734375,10.26941309,-2.55889255,7.57614418,10.15587388,3.09132330,11.93029289,-10.37765172,-5.21177852
2.53125000,5.54564945,-4.34884088,9.39387751,8.57455102,-9.06216772,7.99705056,0.90286584,-4.03818535
2.53515625,12.50195679,-7.67053610,9.55160634,5.54889134,-8.10662696,10.47589928,0.33225204,-0.79612507
2.53906250,4.87224265,-10.32413251,11.79737635,3.48919375,-11.68654320,12.14170025,6.24220861,5.19557618
2.54296875,2.64176611,-4.89744530,10.10984296,2.05350219,-10.11835964,8.85505617,10.20391380,8.16356970
2.54687500,-1.99075444,-3.91561078,10.47192710,-2.82513253,-10.75591207,5.56467230,4.71730865,8.13612724
2.55078125,1.03405966,1.13557337,7.66362094,-7.22398445,-3.38166504,4.42690131,-1.19687421,10.52794430
2.55468750,-1.28778713,4.44421614,8.81138654,-8.04355086,-4.24809753,4.82909659,-5.83252558,14.07916743
2.55859375,-6.10339002,6.36015672,3.84181787,-6.31070728,5.79205105,1.87970876,-9.17141471,9.75976723
2.56250000,-10.06782199,10.20307279,5.88530842,-9.17313587,5.64912703,1.40220708,-8.62514486,6.23667058
2.56640625,-8.21572299,8.98436411,9.15958340,-2.46849576,7.88000634,1.34809838,-1.06059418,2.14372105
2.57031250,-5.28432177,7.94971991,1.79372465,-8.85827703,8.54086766,-4.02024716,8.10898752,-4.46537823
2.57421875,-5.62409633,2.39314149,2.72754995,-5.47676375,8.87079088,-6.69005788,8.15682934,-5.72059993
2.57812500,-7.84110258,-6.33849969,2.19106456,-3.23854655,5.64913684,-6.50836145,8.06298571,-7.25795392
2.58203125,-6.08050891,-7.83405063,6.28248203,1.66753612,0.95334176,-5.97062163,1.89760276,-10.56265483
2.58593750,-7.19900545,-12.23208721,2.43241562,2.29282062,-7.85820541,-7.99201946,-6.00698833,-8.21367388
2.58984375,-6.36669928,-8.95571751,-4.16084759,1.34101064,-8.31128064,-9.44427774,-11.58579265,-6.48766478
2.59375000,-5.44579858,-9.56951033,-0.64632642,3.57726015,-11.06596250,-15.55223819,-10.65019554,-6.74381067
2.59765625,-3.55076234,-4.49708994,-5.14953144,9.29899182,-10.01049567,-12.89794875,-1.77303783,-1.33491793
2.60156250,1.50416504,-1.65467826,-3.99176174,4.60057874,-7.69563734,-14.49210644,-4.07016050,1.76016638
2.60546875,0.52239145,5.45414855,-8.05940029,8.63982512,-6.07993612,-14.35579765,7.14569941,5.89267028
2.60937500,6.16067194,9.35404103,-10.89170891,9.48244896,-0.23118998,-7.72167017,12.32474582,9.48806651
2.61328125,8.62690875,5.22252062,-11.51271127,9.49563779,0.29359183,-4.05178778,10.62356332,10.26451159
2.61718750,5.92333451,11.89015952,-9.42264658,9.88227788,1.29655642,-4.21716919,-1.02047525,6.91046223
2.62109375,9.93905639,4.23061136,-9.67080688,6.58384722,6.51045123,2.51827088,-2.14797853,8.64376310
2.62500000,9.79772203,-1.63029754,-9.79810689,-0.95417886,7.79191322,5.43584132,-11.51702878,5.18368073
2.62890625,8.21094443,-3.52422173,-10.51198084,-0.29282508,9.01218193,2.11300005,-7.56497248,3.41618864
2.63281250,9.73106153,-9.29766884,-9.05530126,-5.59232548,3.64545722,4.55921822,-1.50092528,-0.14429132
2.63671875,9.05547210,-10.78953781,-8.66928452,-5.71269012,2.03616561,2.80929452,4.20988959,-4.29023125
2.64062500,7.35707833,-10.49867078,-6.57356207,-9.60080243,-2.09903475,4.32824722,9.38750634,-8.31621326
2.64453125,2.87729526,-7.58508561,-4.72942178,-12.93746102,-9.16404073,8.56888858,7.28639593,-8.97105457
2.64843750,4.08984359,-5.30714206,-4.29128896,-10.05634763,-12.51677289,5.64189714,4.74711988,-4.33990355
2.65234375,-1.09905595,2.78927020,-6.82599883,-9.99186756,-11.78344400,11.78963301,-7.33281854,-7.32998334
2.65625000,-4.09486875,5.95546177,-1.21266120,-8.22157982,-5.94133659,11.08808919,-10.66212681,-9.75772428
2.66015625,-7.62873012,7.45787444,-1.38073745,-3.49115746,-5.53315850,11.91669579,-8.17794420,-2.76306804
2.66406250,-8.47023460,12.11325752,-3.71675868,-1.18175996,-2.72377949,11.59751933,-2.44718996,-0.70127485
2.66796875,-5.36810746,9.35730742,-0.19106827,4.45986184,2.49206485,6.22970500,4.95032422,1.38290713
2.67187500,-5.76414516,5.00632618,-1.32323972,1.89109362,7.88561290,11.64557335,9.72080429,5.78772124
2.67578125,-4.14022430,-1.30362135,2.15304759,9.69662544,9.68697610,6.07350310,8.76598745,6.91055456
2.67968750,-10.26693160,-6.97593333,5.58983378,8.76929261,10.08137400,5.15514296,5.25518062,7.99819571
2.68359375,-4.96188437,-10.41304362,6.01564075,8.32732903,9.52598115,-1.47707998,-7.30218450,7.56543452
2.68750000,-9.87118738,-14.57936958,4.97454619,9.71019974,5.19741827,0.44270488,-6.14640840,7.69302003
2.69140625,-9.51230589,-10.01380716,6.60124682,6.98243896,4.45162311,-3.16350502,-10.79234181,8.26728760
2.69531250,-1.95121284,-7.48583462,5.06488618,5.72223915,0.64811678,-5.98022275,-8.40684516,8.52562034
2.69921875,1.38579748,-2.04685166,4.93301813,6.24444222,-2.76728053,-9.38443910,-4.90438601,1.59814723
2.70312500,-0.40065020,3.86818995,8.54966631,-1.44199352,-7.18515596,-11.33883140,9.08766374,-4.28713816
2.70703125,-3.46066066,7.11490650,6.61501907,1.55336700,-5.51188641,-9.80181920,7.56219718,-4.81437220
2.71093750,3.93471475,9.75024277,10.75384617,1.23176064,-7.63029362,-10.00066610,10.61877517,-10.50143771
2.71484375,6.42750972,6.54369959,11.12430812,-4.59798644,-7.17040400,-9.72385269,-0.56292978,-6.50809105
2.71875000,9.98675441,6.96881843,8.95988523,-5.78695876,-1.87932852,-12.75678469,-0.32437741,-11.97869143
2.72265625,10.90883854,3.07991482,7.52689232,-6.75667789,0.43889704,-10.76096773,-5.98448063,-6.05243485
2.72656250,10.46376226,-1.31750099,6.94411505,-6.70008541,4.54760719,-5.95293622,-8.99545836,-1.99333776
2.73046875,9.24161833,-5.09042080,6.07262954,-9.37628891,6.20689035,-5.81829041,-1.40865526,-0.01939923
2.73437500,14.39053861,-9.63259470,8.75844378,-8.73361778,4.46882014,-9.29841085,1.06354931,-4.08962355
2.73828125,6.81865370,-10.13316655,3.66520627,-5.64011905,10.25894267,-4.18837680,5.73611421,3.41729971
2.74218750,4.14196224,-11.01092643,8.76952245,-13.77690703,9.71275437,-4.82009120,4.72023826,4.36554208
2.74609375,3.89541169,-3.01933992,7.11615901,-3.68479657,2.45358774,-0.25017135,2.55122344,8.87881359
2.75000000,-2.54129609,0.03556587,1.94191377,-1.93820941,-1.04709489,-3.32024006,-1.73540873,6.46883370
2.75390625,-2.32522688,6.36547610,-4.73357297,4.79352266,-2.56822014,0.98353989,-4.83435506,11.48465663
2.75781250,-4.26539830,9.73402760,-3.93982741,9.44378137,-6.09176795,1.57395166,-10.91786884,7.87240499
2.76171875,-4.25394511,9.14994127,-6.84571969,10.40764472,-7.90913802,4.81980643,-11.31437111,3.26738978
2.76562500,-7.13694473,9.80442222,-7.16526209,10.96821505,-9.51531399,3.69497493,-1.11925432,-1.52857083
2.76953125,-8.79338917,3.73669899,-7.55175372,11.76125139,-6.17274869,10.18413425,8.39349004,-0.02256657
2.77343750,-6.11466927,3.38474165,-7.10572802,11.74614569,-1.18439035,9.27448458,8.06481600,-2.49163008
2.77734375,-7.27251256,-1.46419007,-5.90953728,11.25707469,-5.41833347,12.85749979,11.73401223,-4.77578042
2.78125000,-5.19674486,-7.21163210,-6.86232996,6.62511312,7.67100451,11.82188420,1.51259943,-12.41874359
2.78515625,-9.94024754,-10.27698551,-5.96424816,7.42794861,6.66892335,13.02983035,-6.82833263,-12.53440830
2.78906250,-3.81477320,-12.27407470,-10.73888466,-3.04294690,9.64658620,8.93626705,-9.84285330,-7.55088184
2.79296875,-3.22791196,-10.76515655,-11.44077193,-0.14049718,9.38407280,7.44205018,-13.91707587,-8.46737923
2.79687500,-2.93762894,-5.91717206,-5.57042967,-8.47201814,7.80072978,3.34811292,-10.09068565,-4.78826957
2.80078125,-0.40529615,0.87407290,-8.26793204,-5.73215563,7.36321576,2.56493355,-2.20418777,-0.88374491
2.80468750,2.41225565,2.86448201,-12.66122630,-9.61106229,3.49845333,4.00406788,7.74671551,6.95680591
2.80859375,4.79876612,8.36940352,-4.50043016,-8.59078309,-6.54156642,1.06616385,13.57427551,8.37463572
2.81250000,6.68243856,6.15125402,-12.57584426,-9.96225352,-2.02662975,-0.63414823,5.33600627,8.81278742
2.81640625,7.06902989,6.68273672,-9.06617504,-9.33925518,-7.79679390,-4.14733243,-0.79524239,12.66489708
2.82031250,11.16227578,5.91588400,-8.44603373,-8.12607950,-9.36948034,-4.45887147,-4.04246282,7.00805162
2.82421875,10.41928136,4.52391600,-3.43729835,-9.61766556,-12.22059504,-3.27608578,-9.66924529,7.58267595
2.82812500,11.96009914,-0.63286377,-0.17208794,-3.72180832,-1.01881519,-5.77226076,-6.30542017,3.73267804
2.83203125,8.81890741,-8.49494899,-5.91403590,0.80826353,0.52312749,-4.60201644,-3.41088212,-1.32631189
2.83593750,6.22963872,-11.02583402,-0.08873174,-0.69411694,1.87113522,-10.89743180,2.03063488,-5.47405756
2.83984375,7.33898377,-8.90283081,4.55283161,3.71295264,5.90030189,-6.51416094,10.83249819,-5.84261347
2.84375000,7.05554001,-5.58668916,2.37991230,4.88906180,8.10575659,-7.40868245,5.84118431,-10.10716404
2.84765625,1.86763523,-3.23497699,4.91919454,7.12188484,7.79884955,-9.40362287,1.74974703,-12.13217671
2.85156250,-1.07178743,-1.23886044,6.06375053,7.11618835,7.63292596,-11.70435418,0.92019465,-13.08304096
2.85546875,-1.51290917,2.31336834,8.23374832,9.33643917,6.35302659,-9.92287784,-8.50404555,-9.93312132
2.85937500,-4.36907701,7.42089147,7.61725595,8.40090059,4.62741827,-9.62364638,-9.98203775,-6.57121473
2.86328125,-9.38192280,13.72914287,7.92106625,5.74864008,-0.19024778,-5.11425380,-5.95464821,1.16181253
2.86718750,-4.46463353,9.39663618,11.48904489,8.51693249,-6.54866022,-4.31857244,2.78955085,3.93943171
2.87109375,-11.17429274,3.96243436,8.80502622,3.70305311,-8.37650471,-1.89757848,9.09404654,8.60307226
2.87500000,-5.85360212,0.31304990,7.94360178,2.00974687,-11.44086220,0.91001151,10.77245568,5.25750037
2.87890625,-3.21111545,-4.12809819,12.73926295,-3.40720667,-9.90779915,2.95700118,5.64406254,4.04064576
2.88281250,-9.59972566,-7.85155066,9.13832500,-5.23349255,-11.86253643,2.45937701,2.38194654,9.37682494
2.88671875,-6.28341028,-9.55216318,12.66874119,-11.95425435,-3.21136413,6.90426765,-8.90885881,4.58764708
2.89062500,-5.50118713,-7.94985627,10.02184231,-8.17990508,5.63231906,7.66251362,-10.96601894,5.24324075
2.89453125,-4.21098401,-6.85243346,8.07255153,-12.27809424,6.42702824,6.49630343,-8.55601840,3.49316179
2.89843750,-5.77631468,-4.45221424,8.42726290,-10.53140898,12.53107487,6.62449641,-2.13471797,5.34390556
2.90234375,4.86537715,-0.47268115,3.97101175,-13.07403285,10.13496586,8.82925930,4.05017223,0.24383697
2.90625000,5.89230783,5.92249736,3.92078132,-6.02629438,10.73406756,13.18414837,2.83223012,-9.36895606
2.91015625,3.06980257,7.20385560,2.26337284,-9.05837539,7.02482419,8.77241567,16.06782156,-9.79410963
2.91406250,5.86819765,12.32152273,0.90035325,2.36391466,7.95473447,10.80168163,5.95785303,-12.27612527
2.91796875,5.22717141,10.26430435,-4.63971784,1.34466494,1.08605533,6.21082103,-0.01843348,-10.59083292
2.92187500,9.99966663,6.49384426,-4.44024174,1.17973118,-5.86889701,10.16358329,-10.80999720,-9.16086617
2.92578125,13.03341781,1.95209119,-5.01550187,9.65538715,-9.11047242,4.30107478,-5.86462766,-4.93292146
2.92968750,12.79364959,0.59989164,-12.42856464,10.49408987,-8.88111375,3.89398564,-3.72896494,-0.73981615
2.93359375,8.56514924,-8.08766328,-6.15826229,7.97502844,-9.73741926,4.51371060,2.15589069,-2.69888748
2.93750000,6.99622089,-12.02013408,-6.28013432,8.59554150,-6.39792168,-0.63909749,4.25463878,4.40288727
2.94140625,6.76434936,-11.09279128,-3.62894848,8.07764495,-6.65191016,-1.51092083,9.26916359,3.99088708
2.94531250,1.75413905,-6.02622491,-8.95138378,6.53659627,0.24083018,-3.44015476,10.25019310,8.69056945
2.94921875,0.56685750,-1.63878670,-11.53093062,3.72994160,6.35751978,-4.32027489,1.29158938,10.32083116
2.95312500,-4.73394616,3.57205875,-12.34748638,6.38755783,4.58899434,-7.68528602,-2.20736913,9.84688612
2.95703125,-9.38880482,9.46991523,-13.46528237,-0.33357970,11.25927992,-5.89603280,-8.87982415,8.54260314
2.96093750,-6.06918303,7.96486478,-8.88724672,-1.23345351,7.53712209,-12.31750126,-6.87461769,3.54012909
2.96484375,-9.10358362,1.98199168,-7.70923809,-5.19628727,9.74557958,-6.53452049,-1.36599616,-0.99924343
2.96875000,-5.61887478,7.60769590,-5.77212789,-4.66520544,5.37963266,-11.05068329,-0.37521902,-0.31829115
2.97265625,-13.93667610,4.77109973,-9.12162348,-10.52901217,0.05604185,-9.92957792,10.62474423,-8.02267586
2.97656250,-7.56443360,-3.09477068,-11.75648149,-7.73769173,-4.02316677,-10.43152633,8.44200084,-10.17685536
2.98046875,-8.15026218,-5.27449535,-4.52515171,-6.13805959,-3.84347099,-6.71355274,4.25729245,-8.62063335
2.98437500,-8.09073887,-12.44176833,-3.55691825,-9.18494999,-10.87650498,-5.77183935,-0.93220295,-11.43249549
2.98828125,-3.44111158,-7.60214061,-0.89732096,-12.50746243,-12.13034845,-6.72295196,-14.04144028,-10.57889701
2.99218750,-2.69768475,-11.48613303,-0.18263441,-8.72420174,-9.59249157,-3.45617432,-15.35146767,-9.31812492
2.99609375,-1.96265700,-6.77209369,-1.87451280,-6.23561977,-4.38858059,-4.90970191,-6.78979745,-3.89998136
3.00000000,-2.66676805,-0.57249055,-3.58483030,-2.19178888,1.04211594,-3.44022187,-4.40328231,0.88959223
3.00390625,-2.65286851,2.84679460,-0.93894189,-3.11170422,6.77026730,-0.09974006,4.54278920,2.52437677
3.00781250,4.03856811,6.57800837,0.51394199,4.04716973,10.78882772,3.79339336,12.14395768,6.22516950
3.01171875,4.11445116,12.46674887,0.79395160,8.97279953,12.14462793,2.35216884,6.85007221,10.89840221
3.01562500,6.70248190,12.25201059,6.28568528,7.56043605,13.96885007,4.79502376,0.44802840,11.32942404
3.01953125,12.36647929,7.33691909,4.26413690,6.26708727,3.67029773,7.90736123,0.35016500,10.65920412
3.02343750,10.55006861,2.61489511,10.01769754,12.42593907,3.84778529,8.72111627,-7.26462158,10.08269683
3.02734375,8.72248686,0.11469039,9.05285826,10.34749218,3.35538521,8.36902036,-7.05771440,1.37625147
3.03125000,9.76849439,-6.60591439,4.79184947,11.11426094,-5.54966150,9.19001923,-4.29484493,1.03904645
3.03515625,6.90714608,-8.08994818,11.72386096,1.32202149,-6.31480514,13.09532856,5.01880700,1.62043019
3.03906250,3.60255723,-7.38156368,12.03936904,0.02723095,-9.19490569,6.44860096,9.17020014,-4.86882465
3.04296875,5.16526119,-7.31246309,11.20153650,1.21181110,-7.89017600,10.36390825,8.43913809,-8.01657593
3.04687500,0.64583192,-1.83754489,9.48792705,-2.90426755,-8.79025832,5.89111502,4.85209559,-4.64998563
3.05078125,1.71266664,4.15806309,11.36971612,-7.26496230,-4.72698120,5.48039573,-3.31973000,-10.19271594
3.05468750,-0.70775496,8.03190223,9.95134694,-10.31926514,0.13517964,4.00292093,-3.55120479,-7.95811257
3.05859375,-6.80899816,8.54655126,6.41511147,-10.54007685,6.44397311,6.64051352,-7.98953170,-5.28897091
3.06250000,-6.53562966,9.69885404,4.44341453,-12.02530919,10.84039148,-0.72205140,-5.11593818,-5.03307712
3.06640625,-3.15253879,8.31532442,4.15310317,-9.19764550,9.91630875,0.11683596,2.44399856,-0.23796064
3.07031250,-9.64296244,8.09384651,7.06468132,-7.35128131,8.80707732,-5.86259392,12.04561290,5.61344726
3.07421875,-11.98811779,0.32474904,3.93121954,-6.37492662,1.98454097,-6.16558442,9.43840422,7.39300930
3.07812500,-6.36112519,-0.82887600,2.85161944,-4.46346140,2.24329247,-1.26145624,10.44320584,8.87975846
3.08203125,-6.84311795,-7.24669207,4.14542100,-3.76124635,2.51946597,-7.79401526,0.77386142,6.78118954
3.08593750,-5.41784927,-8.63024206,2.88366493,0.31223965,-3.23214479,-10.91677989,-7.11311059,10.12836419
3.08984375,-6.75631531,-6.97278515,-0.31436600,3.22502658,-6.05959155,-11.66488035,-13.90395279,6.56368121
3.09375000,-1.54432425,-5.60793881,-7.10546691,6.91095128,-10.45463022,-10.90310938,-12.30269443,9.03350171
3.09765625,-3.28674878,-4.87214786,-4.47174531,7.73426699,-8.42294057,-10.41268302,-4.97260073,1.09164823
3.10156250,2.96568954,-1.24391275,-4.87031341,7.57509782,-6.67951374,-10.75074431,1.38826449,-1.61443764
3.10546875,1.79904913,6.04632773,-6.34069705,7.42834707,-2.05088114,-10.29115415,8.31132731,-4.98897578
3.10937500,2.32578941,7.85209537,-9.64065664,7.99920623,-1.56239408,-9.72241608,11.79413208,-6.11332927
3.11328125,12.40707076,8.76579414,-8.77531267,5.91608525,0.59717620,-9.67158886,4.37935631,-5.11522747
3.11718750,3.81095638,6.78251545,-12.47719291,5.00237048,6.80046339,-1.06342668,0.76710320,-8.56863588
3.12109375,8.98974525,6.07406247,-9.69098102,2.94970500,6.89883662,-4.06867726,-6.07909386,-9.83602214
3.12500000,12.15787995,1.65731556,-8.26302642,4.98282134,7.63048833,0.18987490,-10.83618335,-6.04105256
3.12890625,13.23975881,-1.77219965,-10.13330842,-0.57302454,8.85248762,0.04356199,-8.84188998,-6.58740515
3.13281250,8.90179047,-9.79427626,-9.46082152,-5.17308226,3.23918171,3.99660074,-1.23420542,0.59711298
3.13671875,6.15791395,-9.63811837,-6.48146052,-10.25662909,2.73615799,4.16405568,3.21353154,1.01817121
3.14062500,5.05641161,-9.81609486,-8.20891208,-9.02670167,-1.98994641,8.12882736,6.03241497,5.93673288
3.14453125,-0.04775114,-8.34186732,-7.64322169,-10.94014373,-2.30474238,5.03060657,8.97696932,5.59766087
3.14843750,0.14045847,-1.82040652,-6.24524731,-12.27504057,-5.88629635,7.68659553,0.12044932,11.99659718
3.15234375,-1.76405440,3.11475972,-5.25669933,-8.25740400,-9.06054895,8.94905961,-7.54648302,10.51202772
3.15625000,-7.50160212,7.77553331,-9.95829402,-9.33874411,-10.27504273,8.35147556,-9.85987737,13.90394126
3.16015625,-2.44511504,11.28226997,-0.48645998,-7.04331833,-8.00702293,9.11662791,-9.51474778,5.38489939
3.16406250,-8.57716525,6.99348904,-0.26596153,-4.20459630,-4.74709596,8.78297475,-8.17701320,2.74580242
3.16796875,-7.98792714,7.63324996,2.38617926,3.34137917,1.10845170,6.97363026,2.77697590,-4.74254114
3.17187500,-9.26451626,3.81977587,0.40584528,3.82225871,4.70251867,4.30671408,7.58568893,-5.89701358
3.17578125,-9.23337113,-1.41516965,4.33966036,6.53305275,2.40419057,4.10967093,10.76723356,-9.21819975
3.17968750,-5.74040182,-4.33694033,3.15767333,7.04982266,11.83763046,6.54264563,7.98569693,-7.68097164
3.18359375,-7.97624800,-9.84034751,6.60361613,7.69984575,10.44613858,3.83376258,2.31722247,-10.43766296
3.18750000,-5.92150951,-9.20747454,9.51467342,11.08111996,4.27868347,1.99148715,-6.97166399,-12.94469894
3.19140625,-6.47781721,-10.50200999,9.53828829,9.44429552,2.77889144,-3.03351099,-12.10309337,-10.05288338
3.19531250,-2.33773002,-9.65619257,12.24886615,6.90810709,-1.73309369,-7.35630877,-5.97449435,-5.16224559
3.19921875,-1.32292119,1.26744069,10.87592807,-0.52738376,-1.93659829,-8.15841556,1.90192088,-1.68423543
3.20312500,-2.20550239,2.29802724,10.22861767,4.24450847,-3.12965691,-10.66319766,7.25155877,3.46759413
3.20703125,2.09485685,9.75287133,6.73891084,0.27344101,-5.76180971,-12.60613850,9.02255692,7.00926568
3.21093750,6.26523040,14.36004964,5.29037769,-2.39371229,-5.43258429,-8.23857536,12.61992213,9.44167615
3.21484375,6.53564476,11.90961987,4.50657013,-3.53511808,-7.90141598,-9.27608276,7.63383656,14.48476733
3.21875000,6.93884812,7.54564581,0.82957863,-5.31165050,-4.00724929,-5.12249776,-2.01276029,12.32989346
3.22265625,9.71509914,3.04320654,6.88523134,-6.08747603,-1.71450002,-6.71458268,-10.00200907,18.98057648
3.22656250,7.73990387,-1.43319048,6.68050684,-10.15433739,4.45265147,-4.97038372,-9.24270555,2.80694873
3.23046875,5.60404929,-2.21557644,5.41009815,-4.72196390,6.67369824,-8.07737458,-7.00534878,3.74481476
3.23437500,7.11474512,-7.28845225,8.69697966,-11.00949276,4.55001711,-5.15969407,3.60788593,0.38568940
3.23828125,7.34012545,-9.92107960,-0.22269366,-8.28458122,8.80809708,-7.86373473,6.29574547,-1.06618822
3.24218750,3.59183280,-5.22085039,3.57916253,-6.45474872,8.62049702,-4.18624436,11.21531524,-8.80922213
3.24609375,4.21259793,-6.93375983,-0.34867450,-3.16721132,2.15964590,-0.63487125,6.98344950,-10.73033735
3.25000000,-2.27132086,0.90416211,-0.18844558,-5.03659031,-3.05611430,-3.39194179,-0.27478165,-8.38932151
3.25390625,-5.78485595,1.98284986,-2.18788301,1.95286405,-3.59933332,1.52365237,-5.09360340,-9.34397624
3.25781250,-5.39646991,9.74282618,-1.63957086,4.97582498,-6.18408863,5.62849578,-9.78539481,-2.99841382
3.26171875,-8.76268675,7.20246832,-3.33225939,12.90903779,-10.19503402,6.54154196,-10.13205923,-1.51207648
3.26562500,-7.97063835,10.48850703,-8.16906789,9.96420669,-9.41406781,11.88087934,-0.05067788,-1.98181750
3.26953125,-5.48675814,9.22673260,-10.64150032,12.95058943,-10.71178388,11.46082880,7.64401186,3.79930396
3.27343750,-9.60836511,6.52035415,-6.29930839,8.06959354,-8.26684035,8.68089448,8.86322814,6.67394163
3.27734375,-6.35476673,-4.22896642,-7.84789436,12.23561604,-6.37496259,11.67528280,10.88287660,7.57756121
3.28125000,-10.58620760,-10.90169298,-13.42365202,3.11026152,2.88502153,13.61239743,2.37200189,6.19213971
3.28515625,-6.49003597,-11.39959437,-2.75801553,2.38024484,8.33301728,11.35737953,-2.89360391,6.32545965
3.28906250,-3.27001092,-12.05265804,-9.07836442,-0.60220516,4.16382858,5.62690558,-10.54684337,9.51148282
3.29296875,-1.38719243,-9.68189594,-7.35375075,0.68286259,7.52433304,6.62979591,-11.89990362,4.84659449
3.29687500,-2.99885861,-5.34013103,-9.69247129,-4.19239462,8.67352436,2.47350079,-3.93896794,3.37729257
3.30078125,-0.80070353,-0.16614341,-4.76550432,-9.98049158,7.96210388,2.57082845,0.57645204,-3.94847079
3.30468750,0.38781598,2.19837056,-9.71387219,-10.87240073,1.97873481,1.11984154,7.88215337,-4.62145882
3.30859375,2.54677974,11.28810450,-13.10118209,-7.26802208,-3.30372500,0.69158709,11.61550407,-10.64304648
3.31250000,8.42647848,9.62691375,-10.86585261,-9.25412000,-2.73281085,-2.13883629,5.59287764,-11.31557083
3.31640625,7.62970408,10.10582128,-4.59499581,-8.03089163,-5.69839819,-1.98784466,0.06343433,-5.56138272
3.32031250,9.42757642,5.75175469,-6.57193078,-6.33093093,-7.07124935,-6.14117415,-6.88624942,-5.93467088
3.32421875,13.78749482,-1.39658752,-6.29136590,-1.83228568,-8.39657112,-4.46553843,-6.00814827,-3.36221075
3.32812500,12.81994178,-3.57980242,-3.77007940,1.45761063,-5.50558614,-5.09644754,-6.14938315,-4.46042940
3.33203125,8.86182903,-2.47217271,-5.44790003,-2.92082760,0.69392162,-6.14059563,0.03798452,1.03535719
3.33593750,11.39536490,-11.15180606,-1.68001993,-1.18359682,-0.98996434,-6.92082761,2.74575598,2.41109177
3.33984375,7.90621165,-9.06991375,7.24599846,6.05399443,3.85944422,-9.40515700,9.11397827,5.16509802
3.34375000,6.59138052,-6.53138454,3.22790417,3.41337405,9.01876858,-14.35481666,5.92339439,9.71265882
3.34765625,-1.61564880,-6.06209477,3.96841663,5.84870797,13.85907218,-8.57339148,2.92274734,11.09410915
3.35156250,-3.09429380,4.41444571,6.92791532,11.29220542,6.84475244,-12.26821177,-4.18290781,12.03582714
3.35546875,-6.29636123,5.36470453,4.55543622,13.21165984,4.82342463,-6.71578161,-6.97863522,8.27910537
3.35937500,-6.99496264,10.92577409,7.34599569,11.59271452,6.01346191,-7.45394567,-8.17666902,8.04375349
3.36328125,-5.91728136,6.54873225,9.59667931,12.96695186,-1.77076852,-8.31426397,-8.43701548,2.13298265
3.36718750,-9.90439170,6.65311109,11.03552669,5.57168010,-5.65453595,-5.50529942,0.46672099,-1.40672518
3.37109375,-10.68079345,10.37685271,7.30788227,-0.26533328,-13.54375657,-1.99016139,12.96597614,-1.85688683
3.37500000,-9.50387190,0.75536508,9.74056252,-0.29704137,-9.70662624,0.75939700,10.41705189,-7.78561518
3.37890625,-12.53757033,-4.19680714,9.64768236,-1.38625922,-8.15359389,7.02139433,4.85950003,-12.48468381
3.38281250,-9.42406482,-7.24377736,9.33287690,-1.89147358,-10.64163736,1.61549320,1.35338574,-12.37065222
3.38671875,-2.77012079,-8.51248766,12.64184080,-7.75504580,-1.82870062,6.48380339,-9.01371160,-10.59914610
3.39062500,-5.46997117,-6.60520101,15.20802850,-10.21676820,3.14310729,9.39880585,-11.44589038,-8.57841443
3.39453125,-4.73626999,-8.89099133,9.32504627,-7.70770335,10.01998052,5.14750764,-8.86778382,-4.49571957
3.39843750,-0.12989142,-0.81223233,6.23379845,-11.52396090,11.36220854,8.63798509,-7.71737998,0.72255788
3.40234375,-1.14553542,1.27101999,7.72816581,-15.14432074,7.53456328,7.69616689,5.43257629,-2.19215879
3.40625000,-0.23656095,6.55706687,2.36270144,-5.83161607,11.97579808,11.09700979,8.23900275,8.25233340
3.41015625,4.81722847,11.86496283,-0.49192666,-2.54668227,6.34808779,8.82328122,8.30325505,9.05639545
3.41406250,10.62897771,10.79897074,-4.64574027,-3.03285379,4.51470510,9.26767835,7.43644279,14.41046304
3.41796875,7.22864859,10.71711713,-3.39206735,4.20515944,-1.86290266,9.22439192,-1.31879180,13.67338557
3.42187500,7.31229620,3.73672178,-2.53103857,4.88333512,-5.91393503,7.88859327,-7.65375140,8.01542684
3.42578125,10.31329766,1.44583892,-1.03851785,9.75558123,-14.23459897,12.21756853,-11.88644836,7.54805008
3.42968750,7.20736008,-5.90446365,-1.90530035,8.56475556,-12.33750833,7.09878507,-6.59053095,3.21759124
3.43359375,11.00802613,-5.89916319,-10.37250663,3.23167907,-9.64782893,2.65830240,-0.25840883,1.20944353
3.43750000,6.08501795,-11.27192537,-4.35034271,8.18222102,-7.32366464,1.36475303,5.36965745,-3.89625011
3.44140625,1.85086669,-8.71371858,-5.60823738,9.08459385,-2.91844932,-2.42005642,12.33979390,-5.63435560
3.44531250,2.14522868,-6.10927593,-7.58024494,8.91190591,2.62952595,-2.35232098,5.45616073,-12.44833224
3.44921875,-0.98889846,-2.76231893,-8.85096697,4.83108158,6.05216312,-4.57825069,-1.41148107,-16.86189662
3.45312500,-2.59232231,2.12048755,-8.41853238,0.65913903,12.79179696,-9.61525481,-6.34014496,-11.88024594
3.45703125,-6.74368697,7.86189780,-11.45960317,-1.80359388,10.92558629,-13.56722781,-10.56223668,-2.98937133
3.46093750,-6.21543738,10.75398248,-13.24156799,2.89144543,9.04950081,-10.04535276,-12.07104601,-5.71988585
3.46484375,-5.45666069,7.74273058,-13.73819568,-2.71336675,9.68216189,-9.99671486,-4.19728781,0.31170923
3.46875000,-7.07849116,6.94729480,-10.02935799,-6.95332077,-2.09072300,-11.57552108,9.47591356,-0.40399760
3.47265625,-7.86915735,4.90122132,-11.72751974,-7.33228144,-2.09571731,-7.19519779,7.82477437,7.08191153
3.47656250,-5.48695940,-1.13710347,-8.49841383,-8.63979356,-5.50630908,-8.08461842,3.42596778,7.36568424
3.48046875,-6.70272332,0.65485091,-3.08658275,-10.11435401,-9.43797933,-6.41601783,0.90583445,6.00948577
3.48437500,-6.92384318,-11.66147170,-5.95359591,-9.83311910,-10.20911484,-5.27301158,-3.53132407,8.41122669
3.48828125,-5.04292998,-9.60811478,1.05835294,-8.68145663,-9.42820776,-6.57094715,-9.30804537,10.32556771
3.49218750,-6.58820597,-8.20160039,-5.32048502,-5.77694560,-6.97382645,-6.56893209,-10.61819787,2.17922401
3.49609375,-7.79979105,-6.23918122,-1.95050186,-7.35855039,-2.56582627,-5.83055077,-6.36404750,-1.44932452
3.50000000,1.58318296,-0.76574821,6.44867902,0.35925347,2.28776488,0.37496659,1.89535302,-1.82095106
3.50390625,0.04162114,2.41524331,2.46709956,0.78183432,4.44283871,1.38741187,4.19912575,-2.89167821
3.50781250,1.04192005,7.65695222,2.68244563,4.35645608,9.31703894,-0.75163418,10.65093763,-4.11879737
3.51171875,8.51709526,6.22482338,3.30770660,9.95054465,11.77728277,7.25869237,10.15001560,-7.95124568
3.51562500,9.11268155,10.96429176,1.09764672,12.46787543,11.14865208,5.91776963,3.83001423,-7.08772376
3.51953125,7.48862224,3.24517233,6.40433696,11.41543962,6.33642032,3.24372024,-5.81035811,-6.93882722
3.52343750,8.72002737,7.03653939,3.51849728,15.82100967,2.45377676,11.05981564,-6.24523971,-9.44922477
3.52734375,9.80770502,-1.08815529,5.42542761,7.97606137,1.73000659,12.93260606,-5.46789950,-6.57234774
3.53125000,9.42660071,-6.37380021,11.00880023,8.08044736,-3.40093488,9.08737247,-1.73776308,-1.81561392
3.53515625,11.71737496,-6.82435939,12.17741815,6.62780432,-9.46048691,10.66204174,2.20195199,-1.87976519
3.53906250,4.86921312,-7.83721566,9.08724593,2.54205806,-3.51344975,6.35109569,9.90100477,6.70960466
3.54296875,4.87289012,-8.52110877,10.82587597,0.59340867,-6.34608841,6.86087043,3.96887096,8.13797314
3.54687500,0.85359539,-7.40159811,6.50623495,-6.02402943,-7.30734619,4.21666942,6.75878367,11.70045697
3.55078125,-2.46256640,0.53233720,9.59483333,-4.52300143,-8.82890570,7.66915970,-1.00640543,13.14127416
3.55468750,-4.05630329,3.56022116,7.26342328,-5.55858648,-1.25283452,3.63783445,-3.92710050,12.94088147
3.55859375,-4.78466247,9.80453554,5.09338839,-6.51183765,5.89186162,4.91260118,-8.49373444,9.44365667
3.56250000,-8.82969842,9.15334554,6.72916437,-9.41142230,7.96408644,0.83734838,-5.86082004,-2.57869898
3.56640625,-9.69704968,11.42686182,9.99972714,-14.61952447,9.74007573,-1.95624559,2.84391844,-0.73776045
3.57031250,-11.21141393,6.15790808,4.33354326,-9.52777740,10.98521565,-2.43051202,11.27899256,-2.13677168
3.57421875,-8.62309181,3.70641387,1.37347327,-3.91735737,7.95829370,-2.92135504,12.08491015,-1.83004624
3.57812500,-6.35649827,-1.13518671,2.27642959,-1.90561272,2.60828608,-6.19859005,7.54328923,-7.62359763
3.58203125,-8.37206106,-5.16419040,5.61774302,-0.39550934,2.35352992,-6.15750147,2.62714236,-14.61179365
3.58593750,-7.85507064,-8.58502763,1.80480261,1.22182765,-4.19912252,-9.65366453,-7.57208202,-6.53614983
3.58984375,-0.93610135,-4.75105609,1.57920713,2.59851928,-5.89273685,-11.26336645,-11.59202716,-7.41698364
3.59375000,-6.93884508,-6.97309859,0.95994026,9.46912966,-11.07250369,-11.08161895,-11.30567615,-5.36634866
3.59765625,0.38697240,-3.73779580,-2.59487313,8.89945991,-6.37733516,-13.37657835,-7.41556627,-3.03527557
3.60156250,-3.00178726,0.97945407,-4.77237398,5.77127594,-4.57641918,-10.47682385,-0.20017071,0.13067478
3.60546875,1.98634234,6.88124855,-10.12339049,14.43060687,-2.81092186,-12.73283198,8.96185321,3.60896897
3.60937500,3.68497641,8.90624258,-8.48197493,8.90231437,-1.25207828,-5.74758393,8.23618815,8.52998872
3.61328125,8.15714762,9.75347517,-9.87663915,7.19626480,4.27824833,-5.39871707,7.85506580,11.78254746
3.61718750,5.70548966,7.76263071,-9.13766769,9.38117062,4.94976951,-3.48205823,-0.11769792,10.22772091
3.62109375,12.10072078,4.19574446,-13.10631391,6.74161376,8.42993334,0.52537290,-4.83376911,10.24557645
3.62500000,9.53804450,-0.73218808,-11.79633326,-0.21509028,7.99781768,-1.00650738,-4.62432802,9.91346693
3.62890625,2.95966888,-6.08945583,-9.01261138,-3.56627004,8.32158607,1.37902168,-9.20328962,3.10207455
3.63281250,5.84439337,-3.72209495,-10.19952499,-3.81246545,8.22955928,4.43925838,-0.70896215,-3.04137917
3.63671875,10.22802529,-10.50774160,-7.01995259,-7.66373638,0.58218934,8.48248981,2.92608599,-3.79407441
3.64062500,7.74961833,-6.94533532,-7.80552924,-9.42671538,-3.42949439,9.07663702,7.66313426,-10.02253133
3.64453125,1.50954768,-8.10727081,-3.95683101,-12.87430826,-3.85104057,8.70226643,5.97176530,-12.15988797
3.64843750,1.09842673,-1.78062724,-8.89085588,-11.84738319,-9.42167028,9.10875930,1.47151472,-10.78829984
3.65234375,-3.03462295,-1.53410534,-3.17267876,-10.10764932,-6.07733629,7.71883300,-2.19210928,-7.60729028
3.65625000,-3.55068999,3.06300073,-0.33845540,-7.01901002,-8.00417585,6.49722829,-7.31206000,-11.75178525
3.66015625,-8.07595875,8.46981079,-4.93619905,-5.98716739,-4.07261805,5.18051093,-7.46539160,-3.65501082
3.66406250,-7.35672250,10.72328241,-2.76671524,0.50982171,-4.00751442,11.02892802,-3.14994250,-2.31526979
3.66796875,-7.93956368,9.49881826,-3.85648509,4.90815771,0.01131970,7.02972389,2.79469943,0.21206270
3.67187500,-9.74570618,1.64870662,0.27163311,8.69551780,4.05814434,5.19140806,16.92407818,2.71321882
3.67578125,-5.86829588,-2.45572174,2.35595108,5.07111998,9.88529099,4.21927796,7.20839234,7.14590783
3.67968750,-9.24138008,-4.57061430,9.94871378,6.78359069,5.38786185,9.81432170,0.91619164,8.45239205
3.68359375,-8.39514992,-8.54294180,9.35028572,10.13905493,3.35414539,1.83523853,-1.69023452,5.13937402
3.68750000,-4.40630398,-11.44011782,7.98682029,8.27206396,5.91004162,0.92290532,-9.43961859,7.23054604
3.69140625,-3.15484269,-10.65376177,9.59010682,10.23550221,4.13731521,-4.92712232,-7.39193214,10.33202643
3.69531250,-4.30703622,-8.59464202,8.74107592,5.15892204,0.29141386,-5.16319183,-7.12585201,3.61920032
3.69921875,1.57506543,-1.29109694,12.71032388,3.57188161,-7.61740913,-6.58817314,-4.48498281,1.46153327
3.70312500,2.11229234,-0.83793532,11.37328503,2.39842841,-8.64748979,-8.49997362,6.53868127,-3.93156729
3.70703125,4.67368817,6.75310157,7.55772674,-0.90990848,-5.48142045,-9.16503832,12.31218766,-3.40533013
3.71093750,3.15736088,4.96675861,9.81124205,-1.69409578,-9.42989704,-6.58705666,10.16899170,-10.75269510
3.71484375,3.93563527,11.62785004,9.07886195,-7.72013251,-7.10412006,-7.60154243,1.75972665,-6.04772199
3.71875000,6.82603258,3.49143941,6.18259534,-3.58361587,3.34097976,-9.84905999,-2.45863755,-6.73257496
3.72265625,7.88685786,1.74051714,9.31014991,-8.52508441,-1.69426486,-14.85127162,-8.03338182,0.14846056
3.72656250,14.13309987,4.66489228,7.62288166,-7.60177700,2.14753691,-4.72663922,-9.59836165,-7.80212950
3.73046875,10.32433267,-3.02134707,8.21999013,-6.35407176,5.89351902,-9.53182898,-5.25996839,2.30202981
3.73437500,6.29834292,-13.17018032,7.82294934,-6.77709436,9.02727094,-7.44763492,0.56619594,-4.63137072
3.73828125,6.83525921,-8.12365447,10.57668742,-7.60270397,5.77249994,-3.15686476,8.18582779,3.42091229
3.74218750,5.82936306,-8.45844290,6.96594391,-7.74212790,4.46912961,0.54483190,9.79489156,7.62586167
3.74609375,-0.66156610,-3.15595693,1.09529842,-4.41603670,4.39193730,-4.20527473,7.13920913,4.63567876
3.75000000,-1.45431625,-0.09232947,-2.40467839,-0.38776664,1.52905599,-4.50715159,-0.44884658,14.76976043
3.75390625,-3.27988637,2.76439667,-2.22041172,1.95010330,-4.33840717,0.07959632,-8.14740888,13.79588511
3.75781250,-4.72026329,7.71806387,-4.28136290,7.28836824,-7.82969899,3.17349331,-3.46340060,6.10964896
3.76171875,-4.88045200,9.79215214,-8.14296935,10.31031212,-8.33415154,5.06706270,-7.10639196,5.66964588
3.76562500,-7.98499541,11.77840073,-3.27039593,9.69445840,-10.08363924,4.67002041,2.28454755,-2.85597538
3.76953125,-10.73308059,6.55285647,-5.67301773,13.45280933,-8.39737897,9.53930675,3.29416021,-3.52755610
3.77343750,-7.37642693,-0.55810276,-6.77205558,5.68462648,-5.56269704,10.96626175,9.29281687,-5.32397619
3.77734375,-5.58494442,-3.03165278,-8.41644903,10.41792870,0.74913386,8.95700386,6.66613268,-6.53687159
3.78125000,-9.19041941,-6.90322804,-8.62944855,12.00075210,2.47952727,9.56074340,3.65451718,-11.80318594
3.78515625,-5.38938698,-8.99619278,-7.20052344,4.74131472,3.28615329,11.57835078,-5.72620565,-11.23678426
3.78906250,-1.34377204,-11.57530407,-7.61824678,1.43525536,7.48505010,4.84532022,-12.46464608,-12.93396117
3.79296875,-2.86393023,-10.83668720,-5.99555946,-4.44406591,9.06566120,7.93705312,-11.60944379,-9.02899849
3.79687500,-3.96894023,-6.92595320,-6.22629913,-8.57018806,14.11498041,4.36890902,-10.27852331,-4.61171639
3.80078125,-1.67779399,-0.26544783,-13.45868889,-8.37460832,8.49071455,4.43647243,-0.10703549,0.44584675
3.80468750,-1.29726228,1.93170228,-9.68957429,-7.82390041,2.68971588,-2.52563774,9.63871862,9.07857127
3.80859375,1.35148512,6.45283878,-7.65394248,-8.20843423,1.36614505,-0.26762099,9.71769065,7.26723632
3.81250000,5.76785261,11.88834848,-7.10256474,-6.44726577,-7.09801187,-0.62882060,3.92755962,19.32508335
3.81640625,9.49123435,8.33925570,-11.03007341,-6.62814017,-9.09027307,-4.27352420,2.76404682,9.47488199
3.82031250,7.33156956,3.72449384,-3.77810646,-9.33814028,-8.81247559,-3.19530788,-4.71395753,11.92036816
3.82421875,7.04865005,0.82898927,-4.78546059,-5.77882828,-8.11075262,-4.85096837,-8.05748049,7.37829514
3.82812500,10.30890625,-3.00851555,-6.47296558,-2.18251803,-8.30824454,-8.14289097,-7.69785999,5.14990658
3.83203125,8.48243419,-5.95274879,0.15075850,-0.63447716,-3.25061863,-8.99209923,-2.14245067,0.52079586
3.83593750,8.23936331,-6.85131290,3.90646842,3.85894978,5.11439139,-9.82017706,7.45675896,-0.73205936
3.83984375,7.39903248,-10.43963487,1.03981780,4.00517921,7.08179180,-10.16224087,9.23127217,-5.76995042
3.84375000,6.99742762,-4.59355839,1.99686036,5.83915452,6.25369364,-13.56804731,7.51672307,-8.88690700
3.84765625,2.34983984,-0.22144036,3.00365097,9.74831878,7.08611170,-9.90807198,-0.20899494,-10.44992227
3.85156250,-3.76569433,1.26742233,5.39674106,7.57402541,7.63324547,-3.81832708,-3.44223000,-6.80270081
3.85546875,-4.55752534,4.76691970,7.01999343,6.57094121,7.79893216,-12.76917743,-9.87384022,-7.07659796
3.85937500,-8.46202142,11.18364908,9.84785873,9.09914050,4.64266474,-7.03033798,-6.75430054,-7.34925315
3.86328125,-3.06015311,10.80957822,3.51703501,7.18174843,-7.34839854,-8.45738733,-1.68107212,0.52869660
3.86718750,-6.43638672,10.62571143,8.45318462,5.62354573,-12.27460478,-3.19876198,2.60496579,2.88874283
3.87109375,-8.25855496,8.61904029,7.35363924,2.66689915,-12.07551491,0.03620781,8.68460765,5.63860959
3.87500000,-9.77015004,2.15675755,8.61298546,0.19523827,-7.04901235,6.50856403,11.69637433,4.95577554
3.87890625,-8.10514092,-3.83965557,11.34042046,-4.43718109,-5.63497204,3.16199792,4.84889795,8.45391332
3.88281250,-5.15269062,-11.04872411,8.55616739,-5.26996550,-11.96004196,2.98453654,-1.74582283,9.31193070
3.88671875,-4.48152198,-8.51601818,7.40825092,-7.28825278,-0.84803997,5.40180922,-7.17481426,10.79692304
3.89062500,-6.27502590,-9.67422887,8.80852823,-8.34404776,4.59024353,4.07385603,-11.67905020,8.41430833
3.89453125,-1.26778845,-7.10235941,6.14368290,-14.55410121,6.29035833,8.74098344,-11.55772639,5.92699688
3.89843750,0.94613284,-1.93125087,6.39728374,-10.56049767,9.78084645,8.55583130,-1.60728806,5.37142122
3.90234375,0.81384835,0.35627862,8.56855807,-8.79948631,8.77486506,14.12015601,5.80469738,-0.48758120
3.90625000,4.58069285,9.66633505,4.44410781,-9.79041600,11.60325359,8.76495663,6.59627649,-3.85688701
3.91015625,7.07079956,9.39544665,0.44295850,-3.88241203,8.44486828,10.78012353,11.13327713,-4.72638831
3.91406250,6.82535677,10.65866307,-0.07418446,-1.34071907,7.50221475,10.84053848,2.65866149,-8.64603140
3.91796875,9.48979581,6.47217858,-3.14846409,-0.75653650,-0.81259203,6.68058445,-1.62066513,-6.90411218
3.92187500,7.33901965,4.73991571,-7.20128610,5.62066726,-6.02990001,7.97879447,-3.18262594,-3.51219910
3.92578125,13.46236755,0.63750702,-3.62932458,11.20770591,-11.21273640,10.03372098,-8.43214524,-3.70162375
3.92968750,10.79302268,-2.12344185,-1.92277228,8.52155543,-12.62972370,4.67567594,-2.86729976,-0.47191729
3.93359375,11.94512293,-7.03389399,-5.18527228,10.88492654,-11.57649882,1.18094589,-0.80669000,-2.33601610
3.93750000,6.26537535,-10.01051754,-4.84443598,7.06363743,-8.79977938,1.07101924,7.82861258,2.05665816
3.94140625,4.12553320,-8.36642897,-7.77354199,7.80741758,-3.69475028,-3.43894219,9.15824460,4.07396367
3.94531250,5.67549942,-6.71108437,-6.66975348,6.70994041,3.42413421,-6.37819230,3.58657506,10.05207002
3.94921875,1.34933875,-2.44345044,-8.74006121,5.53003913,5.45163535,-8.24070857,0.76141096,10.28022638
3.95312500,1.63409210,1.47495741,-14.70727316,7.21528180,7.05847784,-7.27328387,-7.92944974,10.54102760
3.95703125,-3.42420392,9.20736687,-8.47616626,3.09673865,11.10765403,-3.83364335,-9.25183745,7.67005380
3.96093750,-7.90491549,9.33105914,-8.82051052,0.22579417,7.55053459,-12.75587000,-6.01967413,-0.59017708
3.96484375,-10.24274563,7.32476515,-14.64186515,-5.46077664,3.96149387,-8.18021342,-2.53936019,1.19477711
3.96875000,-9.19564528,4.16803512,-9.68423946,-11.42195358,3.54484986,-10.64364746,3.95604514,-3.14751297
3.97265625,-7.67343188,5.57994451,-9.47447311,-12.79937015,0.76110421,-5.99317166,2.87143338,-7.66998664
3.97656250,-6.53087919,-2.02456378,-8.82361282,-2.84929891,-7.45603525,-8.91976802,13.51888369,-11.34489822
3.98046875,-6.82945150,-5.60005348,-6.99259475,-8.71079956,-8.80877528,-8.91965244,3.02956649,-9.04748106
3.98437500,-6.83498991,-8.19746257,-6.75117953,-11.28391670,-14.14425236,-7.82150519,3.27214834,-12.52256240
3.98828125,-3.91416031,-9.12894711,-5.08920548,-10.56510284,-10.48182504,-6.14580979,-6.94235725,-14.56920208
3.99218750,0.43635941,-6.83087521,2.61635695,-8.48826193,-10.35457181,-5.14081962,-15.69305590,-10.68062984
3.99609375,-5.61339842,-7.08131449,0.86972834,-5.24049421,-1.61884397,-7.03856098,-7.53004841,-6.48686672
4.00000000,-4.37142012,-2.96485187,1.27987693,-4.33857894,5.02434466,-6.40339842,0.07876522,2.35555825
4.00390625,-2.77549700,3.02660652,2.72398647,1.27025941,6.93657360,-1.08290227,5.91435184,6.33825883
4.00781250,-0.22071039,6.81025971,-1.83863455,9.51148730,10.08108034,2.12284179,9.75428506,8.67935564
4.01171875,4.04544965,11.07253320,4.29993236,7.94712641,9.62874407,5.80324323,11.81862629,9.46855895
4.01562500,8.97837996,7.37068237,4.72024157,5.04251935,8.78817835,5.36986972,5.12733575,7.56101500
4.01953125,10.12835462,9.90573016,5.94042467,14.57347233,7.45703256,11.06606531,-4.51577206,10.77548810
4.02343750,11.69017462,-0.64280739,6.70800471,9.73463721,8.35204513,10.67458478,-7.94938796,9.51136204
4.02734375,10.46482411,-1.13061490,9.23815923,7.44590860,1.51420885,9.44569183,-6.03724595,6.77977264
4.03125000,8.19335866,-9.15327799,10.07265310,9.88068674,-5.12884588,11.32021212,-4.64968989,2.14991335
4.03515625,11.72253615,-9.40886923,7.46790202,2.64065840,-5.92326938,11.41739697,2.21581246,-0.28213733
4.03906250,2.94886072,-8.53868616,14.57206530,2.21451693,-11.11480859,7.66499520,6.84481163,-4.62390041
4.04296875,6.83637036,-6.90896651,8.69331334,0.45231444,-9.32044394,9.46863199,9.03558644,-10.65777478
4.04687500,0.57228529,-7.59547627,10.60448234,-6.80770118,-10.73093970,6.10080417,6.21286180,-10.81684475
4.05078125,1.73471140,-1.27358850,8.51148999,-7.61697361,-2.96589290,1.36506376,-5.82542092,-7.12979812
4.05468750,-1.71832477,0.76115532,10.62432953,-6.54449793,-2.84847184,5.34141805,-2.97376257,-9.36945596
4.05859375,-9.35420105,7.31642683,6.02911208,-10.26318716,1.78731795,-0.81797687,-11.76699388,-7.33194500
4.06250000,-8.85244979,10.84975938,2.98026707,-5.93845257,8.88121195,1.43103068,-4.94546697,-3.55527115
4.06640625,-11.50521303,5.25569904,1.73160641,-9.13976400,9.29106765,-0.18620213,-0.54869146,2.57608372
4.07031250,-7.81708336,9.03171509,3.46947455,-5.91527797,9.85356805,-1.59380545,12.28151824,3.51283838
4.07421875,-6.17449838,1.40084490,3.49069776,-1.12529776,7.13311214,-3.91617050,7.63066119,6.02421729
4.07812500,-5.90779840,-2.36633894,6.41082585,-0.59300475,4.68516037,-5.41708301,8.24309983,7.25864701
4.08203125,-6.18625270,-7.86929690,2.06261600,-1.47789152,4.47256222,-6.40341871,-1.81144895,4.86553290
4.08593750,-4.56334950,-13.42240011,-0.22473718,0.59534958,-5.58044211,-6.27280969,-8.45800294,7.22329328
4.08984375,-7.94670281,-10.65766809,-2.65141436,4.25353388,-3.94495192,-11.26149723,-10.32706031,7.99189768
4.09375000,-0.64904247,-9.23187797,-5.40780157,6.97746034,-8.59092468,-6.32554771,-10.06840008,5.89961991
4.09765625,-6.12043699,-7.11091703,-6.24796044,8.39676449,-11.18234230,-12.76631142,-5.31839141,0.74458031
4.10156250,3.84412631,3.04434095,-7.48590557,8.42969780,-9.64650224,-10.99000586,2.60345692,-2.24921691
4.10546875,1.44939385,5.65584881,-3.51900402,8.41126793,-7.11419151,-13.33052748,8.69264981,-4.02759492
4.10937500,3.89024553,5.64870660,-8.41552429,7.73367747,0.64173595,-7.83036290,9.83005233,-5.17418658
4.11328125,4.71560410,6.01418247,-10.27238687,9.80863464,5.31607850,-6.21708471,9.78362079,-9.27005396
4.11718750,10.47581717,7.92459064,-13.66718773,4.13704408,8.56475839,-7.58923730,2.42832419,-6.61118451
4.12109375,8.77118764,6.33521777,-10.27861091,3.47697164,5.51490171,-0.73857314,-5.92218337,-8.38279038
4.12500000,11.36280006,3.77864668,-12.91410916,1.92459354,8.33864561,3.60049315,-10.30421443,-8.07874707
4.12890625,15.74146627,-2.30295855,-10.48993981,-5.93331389,6.82943492,3.87157066,-3.17858568,-7.24425249
4.13281250,11.20792027,-6.34575188,-8.13719083,-3.03759950,4.13887521,6.56273922,0.88550212,3.43553719
4.13671875,8.48909059,-9.46421969,-6.26880094,-7.76580955,-0.40704011,9.34165863,4.57934495,2.67606806
4.14062500,6.79532273,-9.89335378,-9.21404701,-11.77374883,-0.58397077,8.31857690,1.21674314,6.40389266
4.14453125,0.61734939,-7.60552786,-7.80145876,-11.08365932,-1.74495426,4.66102084,6.97949571,5.88548065
4.14843750,-2.28623410,0.37330423,-5.82333995,-6.36987391,-7.67471138,8.74239084,2.88913850,11.80396704
4.15234375,2.50992538,3.89143102,-6.37798281,-9.52914537,-6.88180267,9.09762913,-0.59971584,8.76644912
4.15625000,-3.64314337,2.85061788,-3.55752266,-8.59754740,-8.83545926,10.16759015,-8.38838281,10.44670538
4.16015625,-7.51054307,9.12841029,0.95410978,-3.66616005,-10.76131592,11.24851845,-8.41005750,9.49183511
4.16406250,-5.25427568,5.41304906,2.54588085,1.17297898,-2.45291377,6.98712996,-3.70121553,3.50975208
4.16796875,-11.44307342,4.41286190,0.62563174,1.13871703,1.14196950,10.00236220,1.74864487,-1.08987044
4.17187500,-10.26314032,1.58115915,2.25313571,2.18014733,4.02943649,10.05213314,9.06362028,-5.70022588
4.17578125,-10.96050347,-0.00075247,4.57866720,6.11986557,5.05546557,5.12446255,9.53028141,-8.98647631
4.17968750,-5.20453200,-5.18141012,1.39867503,5.21403053,8.45172786,1.65149431,7.15091204,-8.56431676
4.18359375,-7.10791314,-7.73476544,-0.81066040,10.02156097,9.06397711,3.16902558,-4.48099280,-13.70769278
4.18750000,-6.18970785,-10.85730912,7.97230372,7.08490320,1.33293508,-2.73233564,-5.12320153,-9.68791222
4.19140625,-6.31016837,-7.16913625,10.77424821,4.33366941,0.23385004,-4.16964737,-11.14088697,-9.29258277
4.19531250,-1.89111051,-10.80434968,6.20651805,3.66074810,1.03035110,-4.92176434,-8.80825829,-7.86149304
4.19921875,-2.71798307,-0.00941159,9.92018989,-1.44763859,-1.66408688,-5.70422027,-2.39727504,-1.66426732
4.20312500,1.73686783,0.22968836,8.67073059,6.58419037,-10.03305748,-11.01048469,3.43162318,7.49912856
4.20703125,2.19680098,7.59787958,10.67139175,1.31185534,-5.91934529,-5.21231664,9.27456763,9.91616185
4.21093750,7.88533681,8.37828442,9.33080112,-5.97632466,-5.62370353,-11.07144143,10.68232458,12.53422601
4.21484375,7.84893512,12.22324024,6.97983384,-2.95127163,-10.34932649,-8.01471607,7.00230343,12.85863647
4.21875000,10.03175999,12.27302209,6.13875431,-8.23037095,-4.68193402,-9.71333915,-3.07772053,10.75045011
4.22265625,11.53110985,-0.22278471,9.06357570,-8.21110552,4.09885207,-7.29361098,-9.01050584,7.22092302
4.22656250,10.51047808,-1.80106726,13.07090150,-10.74154285,1.28326587,-8.84979626,-10.77110156,9.48830442
4.23046875,10.36046257,-3.17745009,5.45836643,-6.31963963,6.20886546,-7.92484952,-5.38572465,4.88960793
4.23437500,9.27945874,-5.77710461,5.67755728,-9.21564141,9.67623684,-6.29159970,-0.24351769,-0.82674073
4.23828125,7.74183346,-7.65413940,4.36353990,-5.83878185,7.19859516,-2.51836116,8.51668750,-4.59104483
4.24218750,5.55102963,-8.96636028,2.56469151,-4.47363187,5.28978042,-4.62699459,9.09229861,-7.11514186
4.24609375,6.22569147,-5.05626579,0.66036257,-1.68675373,2.91352761,1.76201740,6.59052316,-8.92167549
4.25000000,1.73227782,-0.05022321,-4.56556202,2.55445622,1.43316379,-3.11842609,-4.32596565,-14.49592564
4.25390625,-0.10765446,1.97288071,-1.09411499,1.94833219,-3.12940077,-1.45664916,-9.31102761,-9.77646258
4.25781250,-6.06448077,6.50066067,-1.73312234,3.90226216,-5.21324108,1.73333620,-8.40865899,-8.38913581
4.26171875,-8.37236662,5.97609200,-6.71267552,8.37391700,-8.31337520,7.21923701,-1.93902572,1.16926431
4.26562500,-6.85563782,8.61262241,-4.64765779,10.44007712,-8.78818715,8.18392660,-0.01499663,0.18961464
4.26953125,-7.72106962,8.46202969,-4.52621801,13.81520264,-7.45736937,10.13520754,4.34315032,2.93711242
4.27343750,-8.28203895,-0.33232614,-5.86973245,13.23281783,-4.77585655,12.41197800,11.10010118,4.44611596
4.27734375,-5.86834233,0.56900707,-3.13492348,13.06719345,-4.96003880,9.28655755,6.82387239,8.56985591
4.28125000,-7.69949012,-7.91478964,-6.12589231,4.98233370,3.83974319,10.96446460,0.86322945,3.85053783
4.28515625,-7.84000271,-11.15562988,-4.98654994,2.73207243,5.66964552,9.14628532,-4.76145605,5.89730301
4.28906250,-6.31599059,-13.98049311,-9.70432713,-4.29687909,8.39512911,7.66317842,-9.17141188,1.96908120
4.29296875,-2.77200933,-8.73479253,-11.68736654,-4.39640056,6.19430328,4.66458109,-12.11669571,3.91025986
4.29687500,-2.24285689,-5.80098580,-7.60962273,-10.87694063,8.77102731,9.14384564,-4.35562376,0.62548407
4.30078125,-1.00189340,-3.07067356,-9.11174419,-7.14593309,5.02257718,3.31969600,-2.56566881,0.31746518
4.30468750,-1.85474919,5.62601400,-6.86425399,-11.43390457,-0.51430731,-1.26158195,11.78358580,-2.91695818
4.30859375,4.12575380,7.71562211,-5.10342885,-12.95376550,-0.49355125,2.87256909,9.99642766,-7.08369789
4.31250000,3.66879532,6.97400433,-10.74995130,-11.48853321,-5.41622215,-2.63940914,6.83456321,-7.84796006
4.31640625,10.05168842,10.12871033,-4.96429589,-8.39148222,-9.94956523,-1.67912255,-2.04709956,-6.32601865
4.32031250,10.28741559,6.76232982,-8.01879275,-3.92223431,-9.48841711,-4.12665284,-1.75571625,-7.00082934
4.32421875,7.82265400,3.80757559,-7.84384810,-0.92616212,-5.59955721,-3.88265700,-5.20176977,-6.97600760
4.32812500,10.99605067,-3.20242671,-0.57768120,-2.11928791,-4.67466129,-5.56299467,-7.20292514,-3.67307498
4.33203125,9.67184185,-4.84130391,0.25519803,-2.31901819,-2.66217730,-4.99554557,-3.57722326,0.77733193
4.33593750,8.49755364,-12.43090878,3.94878504,-0.30433717,2.48757073,-11.59229513,4.55645037,-1.75202771
4.33984375,5.91518725,-7.99576831,1.64671114,4.91798788,4.90962056,-8.86479989,6.90882037,3.19924414
4.34375000,1.31568634,-9.60956341,6.38888844,6.91551062,11.11288420,-11.60567802,7.53644503,10.08970578
4.34765625,-2.05906710,-7.69858172,10.50914617,6.24837054,12.18459032,-10.90909670,3.92581309,8.76118286
4.35156250,-5.89468160,1.61821321,7.53543080,8.01106925,8.66609382,-13.07944241,-5.17915813,7.63044520
4.35546875,-3.53232519,8.07827449,4.29412465,9.81531865,5.08858568,-7.98232239,-9.89000834,8.82499295
4.35937500,-7.68766421,10.18570764,7.80662908,12.86948972,2.78013734,-9.28242416,-8.05411462,4.66073782
4.36328125,-7.40618253,5.23442099,11.08024523,12.06632867,-3.54444580,-4.82176237,-4.84501241,5.01384149
4.36718750,-8.42622812,8.02335667,5.60958723,6.03769221,-5.51953524,-4.24718198,1.72833113,0.23396527
4.37109375,-7.96651284,9.27660079,6.62086133,2.58565207,-10.84779804,-0.65839174,10.30167678,-4.21660685
4.37500000,-9.24839791,4.68164674,7.03555380,3.85665754,-10.96240588,-3.47341130,9.70009846,-6.62149507
4.37890625,-8.81237231,-4.47930553,3.38469743,-1.05590650,-10.22396264,2.36575005,8.81853804,-9.74699643
4.38281250,-8.91934696,-9.35563733,12.22746784,-1.52158898,-4.75799378,1.02383308,0.07313662,-11.31439217
4.38671875,-8.48549115,-9.47346885,10.74435334,-7.89546257,0.31653985,7.74725627,-6.89444577,-8.62227110
4.39062500,-3.66620238,-13.55153907,10.01893898,-9.76674587,0.56151275,7.45468885,-12.56996267,-5.31255606
4.39453125,-2.52823327,-7.20384157,10.10456260,-11.81161332,5.46099400,9.01109339,-6.03832273,-6.65492615
4.39843750,-4.83054769,-2.88494823,8.15343620,-9.89754109,9.86585090,4.91650557,-4.23782915,-2.81512741
4.40234375,-5.11638431,2.64946084,5.02007313,-9.10512465,12.97853010,12.02229711,3.29596048,2.09601078
4.40625000,-1.95936856,9.76148824,-2.25332009,-6.16305381,9.92676337,10.50787399,10.46524080,5.40579790
4.41015625,5.24028879,14.50794362,-0.52142260,-1.69592734,10.79903965,13.65101436,9.57643750,9.25028424
4.41406250,7.27871314,10.58588787,1.88850964,-3.07263033,5.00143524,5.82076553,8.32363864,10.86261059
4.41796875,7.63876351,8.61433518,-0.86536485,1.42001589,-1.53214312,7.19883265,-1.79879528,7.69741116
4.42187500,13.26862585,6.96274712,-2.64707489,7.17008412,-4.95835054,9.34429836,-6.42935614,9.89964821
4.42578125,13.47530745,-1.15126899,-4.88977739,7.05020257,-7.96883037,1.94003352,-7.59547516,6.38304752
4.42968750,10.31925507,-0.30007424,-4.00459684,8.73225201,-12.40738331,6.43305096,-1.92084525,2.17155199
4.43359375,8.25899735,-7.36047321,-2.70169953,15.33759332,-12.19907526,3.31429092,-0.27038555,-2.07582827
4.43750000,7.08219019,-10.12214446,-9.09565968,11.61706073,-9.55201878,-0.26737286,7.53813294,-9.19149408
4.44140625,3.52410386,-8.53876769,-3.45630586,8.67628393,-3.97080982,3.01716886,5.37007844,-6.37282455
4.44531250,2.86522535,-5.07678736,-6.68559995,11.25606874,-1.14980188,-4.20038580,6.12854861,-11.16460476
4.44921875,2.27701277,-1.95885806,-7.85316849,7.49736161,1.58018712,-3.18973547,-4.53220161,-12.25930650
4.45312500,-0.84825099,3.14090348,-9.40965247,6.55321737,11.34364405,-6.56845297,-6.73065557,-7.22069088
4.45703125,-5.42744874,7.24628228,-13.30711164,-2.71680721,9.91384704,-6.73042970,-5.29516439,-7.29661091
4.46093750,-8.04503685,9.95703651,-11.42123413,0.53594349,11.71546702,-11.24019078,-7.49809647,-5.90954486
4.46484375,-8.63319120,9.06364094,-6.66832922,-4.48313280,9.48950878,-11.61059030,-1.51619056,-4.49090082
4.46875000,-5.04982947,7.47710977,-12.98648463,-7.10432330,3.44578032,-8.15086036,4.08821515,0.44747936
4.47265625,-8.89190206,1.38192168,-11.81343639,-6.90614767,-1.53580535,-10.99857380,8.36530962,7.15242733
4.47656250,-5.89689926,-2.75083510,-6.10810690,-10.76561631,-12.06746237,-11.78751303,7.18947772,6.63827408
4.48046875,-7.64850001,-6.70020890,-7.12919650,-11.35687812,-6.62018693,-9.84884648,5.94606552,3.89648167
4.48437500,-5.39693061,-9.16098681,1.19102610,-13.68247625,-13.33227103,-10.82491601,-3.63562246,11.10884908
4.48828125,-7.41915287,-10.67999310,-1.81454245,-7.65066617,-6.17096051,-7.73944834,-13.62046759,6.27582900
4.49218750,-2.95597344,-11.54810117,-2.52397153,-6.47005030,-8.07404905,-3.41153006,-11.68794199,4.24040308
4.49609375,-2.85368563,-7.60402266,-1.48433558,-3.07187763,-2.24442843,-4.41674656,-8.80967441,1.18769251
4.50000000,-4.26184732,-1.97994838,1.86676847,-1.87698595,-0.85599751,-0.03230654,-2.21077630,-4.19300896
4.50390625,3.07623409,-1.08098220,-0.64083287,0.84272575,6.06135050,3.50343339,2.14241811,-2.97818795
4.50781250,2.85105941,7.34442791,3.25363665,8.93153219,9.71945327,3.57737686,8.09154980,-5.91937378
4.51171875,5.09916890,5.79354852,3.57412405,8.19762330,9.78173896,2.81365948,6.47098332,-4.79761668
4.51562500,9.74771809,8.59747426,6.24594851,5.23756810,10.25616510,7.21781656,3.61691127,-1.61212246
4.51953125,9.80109722,10.15111719,6.49450783,11.66240181,10.79546105,8.29985042,-3.37850446,-5.51148123
4.52343750,11.25181658,0.69022136,3.80414724,12.35868373,2.77984297,7.14779472,-7.32071899,-6.66127507
4.52734375,11.87696153,-0.09983287,4.65705510,12.32803099,1.01088029,11.55151217,-5.67287603,-6.82192814
4.53125000,9.47955073,-3.36703503,8.64331640,8.22698880,-3.30311890,11.06043302,-2.40898772,-2.47609867
4.53515625,11.42101251,-9.76622095,16.19765826,6.58820872,-5.35637591,9.83032968,1.23052340,4.99518327
4.53906250,10.03402889,-8.81714953,14.48673735,0.88685052,-7.93182364,8.18025259,7.58225572,3.28577520
4.54296875,4.58466662,-5.63985844,7.48956115,-3.58485924,-11.94787327,4.90049374,12.68266956,7.30018695
4.54687500,3.17847168,-2.52292295,9.32505300,-3.53245593,-5.32943790,5.06963632,4.79509480,8.27807892
4.55078125,-3.21700712,1.21283496,11.53288567,-6.03909278,-1.77179712,8.01004121,3.30063142,11.31631664
4.55468750,-2.72107660,4.46370252,4.27996327,-6.68639818,-6.34241260,6.69697018,-4.57488678,8.88274576
4.55859375,-3.74920545,5.78275776,7.65145634,-5.78800600,2.70724021,1.24753167,-11.15680081,8.37327915
4.56250000,-6.06221018,10.07791703,6.01699179,-9.88855750,4.76469295,0.71531660,-4.70534750,0.62198467
4.56640625,-10.53675515,9.25919312,7.89875744,-11.84697000,8.39017729,-1.08849090,3.23623380,-3.66877380
4.57031250,-8.48000660,6.05402326,3.49618561,-5.19942221,8.77555383,-5.17378149,6.57357364,-1.67052357
4.57421875,-9.33017568,-0.09775858,1.91498597,-7.45317292,7.53960392,-1.05951249,10.07471057,-3.33322342
4.57812500,-5.00755080,-0.66179674,-1.34294807,-5.82861682,2.14322276,-3.86107201,6.65333924,-10.04984414
4.58203125,-7.25426642,-8.89461341,2.11319326,3.03611502,-0.38177434,-8.65763132,2.93379621,-10.54275211
4.58593750,-1.21530637,-7.60039120,-3.61850051,1.44766895,-0.97051454,-10.71341275,-6.60828421,-12.84613590
4.58984375,-4.87961063,-8.41777361,0.44611504,4.86735060,-9.03858216,-11.05035579,-12.68064709,-11.96191275
4.59375000,0.17587656,-9.45283224,-2.75133944,6.75346931,-9.64805941,-11.69769846,-8.70978883,-4.48927894
4.59765625,-6.04832677,-4.51515824,-5.36878699,7.88970602,-8.81612386,-10.30404282,-5.84433837,-4.05989935
4.60156250,-2.45037928,1.63874268,-3.67842547,8.04089958,-8.06694502,-10.34024391,2.71682404,2.53749241
4.60546875,2.29964855,5.97617338,-4.89857700,8.70415167,-3.65652296,-12.21241830,8.57687801,2.81213209
4.60937500,3.72425506,12.68347965,-7.71702423,10.10774186,-2.89689107,-7.45436424,12.35970999,12.22939400
4.61328125,6.57552554,7.06730836,-10.61960030,13.01206843,2.11046385,-4.85938936,11.09510994,12.24377962
4.61718750,11.99005548,13.90270083,-11.49075271,8.72759508,5.41689844,-4.04682579,5.07451986,8.09382485
4.62109375,11.21439716,3.46527151,-9.72031835,4.08912828,6.19115435,0.13245015,-12.50928457,12.34867473
4.62500000,10.39596947,-0.87584708,-9.17328448,0.01583067,7.06690733,-0.27965987,-10.18333690,9.10853468
4.62890625,9.29185683,-2.94460470,-10.50463242,-0.77223609,8.41351007,4.76821758,-9.90926607,0.71473851
4.63281250,8.91522907,-7.04350904,-8.02154699,-6.62534579,4.80227375,2.01244688,-3.89193086,1.61202830
4.63671875,8.70330877,-9.04202090,-7.05826412,-10.62354507,6.86864919,0.90874897,1.43914108,-4.18260834
4.64062500,3.90199620,-6.43420846,-7.23815566,-6.44098761,-2.47618556,9.29705486,9.62776643,-10.79561174
4.64453125,7.74130000,-7.32520805,-4.83139276,-9.45198346,-4.63947884,8.74882162,7.44119234,-6.52491419
4.64843750,0.15533749,-2.40050229,-7.03977581,-12.06468161,-11.75003654,7.87902627,-0.81587375,-12.53903461
4.65234375,-3.68690580,1.19529203,-0.94906310,-9.75324052,-7.70371993,11.28123075,-3.62001703,-12.61083151
4.65625000,-5.38613544,6.09639694,-8.73247395,-8.39922941,-7.40541289,10.69906552,-9.98471302,-8.82006286
4.66015625,-7.33390169,7.34510229,-5.24016410,-9.93392086,-6.86094903,2.44991460,-7.48970762,-3.02936316
4.66406250,-6.74084239,8.69848958,-7.20797878,-5.76093551,-4.08193855,9.02818364,-2.31987516,-1.88798902
4.66796875,-8.40825110,11.32739246,1.06137180,1.19601990,1.04369521,10.06126752,6.35201698,3.64639970
4.67187500,-6.39850493,1.71931603,0.11848369,6.48135990,7.68639781,7.62217131,8.75754404,5.22112178
4.67578125,-8.77370991,-1.45940193,4.21673540,3.98861334,6.60880710,6.96136241,8.40721873,5.71033064
4.67968750,-10.86417707,-6.67170538,6.16805063,8.56914343,5.75158303,6.52949435,5.01399297,10.63387456
4.68359375,-10.39745548,-11.26245090,9.73749959,7.09661378,10.52348649,-0.50095619,1.87796911,5.22829188
4.68750000,-8.39945954,-10.08731446,10.47978156,5.15725848,5.95851225,-0.62981480,-8.05831892,6.92209892
4.69140625,-6.30794531,-9.27311013,4.76972732,10.65135409,4.58082125,-2.52203842,-11.03555753,3.45312262
4.69531250,-4.39587295,-3.12309258,7.57220032,9.03906613,-2.04390136,-7.77793616,-9.00152538,2.10069072
4.69921875,-2.56815280,-1.29790598,9.17057494,3.64119677,-5.63564729,-6.38691847,-1.89836531,0.81702604
4.70312500,-0.83864667,4.34187748,8.92569217,4.54389088,-2.41841870,-9.67957045,7.26417552,-0.42095986
4.70703125,4.30636807,6.71013487,8.15831679,-2.73859791,-8.98011520,-9.19830653,7.55156064,-5.78740677
4.71093750,7.42362175,9.15053038,12.37579750,2.57960686,-9.47449645,-9.78420140,8.20493998,-7.53382492
4.71484375,5.35310889,10.14192524,9.45850021,-4.97803792,-5.97711390,-10.66454358,4.03964994,-6.73828662
4.71875000,9.87860597,5.95697877,4.54524211,-4.70968240,-2.46857002,-9.63322546,-1.93038958,-7.35619450
4.72265625,7.95565853,6.51607325,5.23697633,-2.94247607,-0.79338578,-6.56318951,-5.43623731,-8.11163088
4.72656250,11.77147095,1.96116896,5.00727178,-9.57026313,5.01569327,-7.66534853,-9.94162717,-2.09314911
4.73046875,9.96182726,-5.00208216,5.97950760,-8.65020837,7.99632218,-7.68313243,-5.58139845,-1.90552454
4.73437500,8.19098884,-7.10384514,5.24439498,-7.18666609,9.19232365,-7.86371787,1.65635502,3.03339919
4.73828125,7.29242918,-8.13583119,2.08195910,-5.95577366,7.17911745,-10.55192805,10.13615598,1.41559250
4.74218750,2.58346089,-6.25521062,1.91274746,-4.06046341,8.72765791,-5.61425745,10.49194447,8.04397099
4.74609375,3.43575797,-1.90994555,3.24373246,-3.67520473,5.63407447,-4.33895736,7.16525911,9.73615225
4.75000000,-3.40304892,-5.57066056,-1.95918413,-7.22774020,1.26993565,-1.58287807,-0.17219572,9.68666834
4.75390625,-2.38007978,6.60742382,-3.70447987,3.48950432,-3.32626125,-2.21119342,-5.84373498,10.91693839
4.75781250,-2.47738387,10.39005038,-5.44792190,10.01327388,-8.78244388,10.46787051,-10.83085334,9.18564606
4.76171875,-7.70437924,8.82301588,-4.81398454,7.49711284,-6.52553413,7.34250828,-10.52785535,5.86269089
4.76562500,-7.48791367,9.41095241,-6.30345510,12.81089278,-13.32206186,9.21772597,0.25446890,-1.27073513
4.76953125,-7.92229542,2.73400839,-7.88135159,9.80612682,-8.34313418,6.22158675,2.04609332,1.07403589
4.77343750,-10.14964035,3.34877428,-10.79943602,11.46390004,-6.93577118,6.12190728,10.86679738,-4.14997088
4.77734375,-8.30466910,-2.10984916,-8.02499572,8.35311127,-1.84925342,16.15891155,11.32776138,-8.43621387
4.78125000,-9.74481837,-2.98352800,-6.49360268,10.84785695,-0.69644421,12.09413428,3.40788246,-11.97989437
4.78515625,-6.20708211,-11.68675406,-9.19915023,4.75011639,12.17642276,9.34457340,0.34109879,-12.50768748
4.78906250,-2.43312289,-8.91264260,-7.46875151,-0.41976661,5.75682014,5.69776624,-12.86356027,-14.00538292
4.79296875,-2.13889345,-9.18946411,-6.67649304,-3.62963851,9.22711548,8.67786431,-9.52659783,-8.58153191
4.79687500,-3.89689602,-8.77894624,-3.22447292,-6.02364097,7.98998687,7.66749277,-9.47564779,-6.74864578
4.80078125,-0.35259114,-3.64109932,-10.14338182,-6.03777948,8.11253500,3.71009736,3.50460102,1.85682666
4.80468750,2.16714554,4.66091352,-7.23414635,-13.15949434,5.60282749,2.07430612,7.12728411,1.38528204
4.80859375,-0.47964543,6.88521250,-7.68644291,-13.19659919,0.74402463,2.15029288,8.80568336,6.89866432
4.81250000,8.14423370,8.32024244,-8.69127865,-7.63238333,-4.79766983,0.59195631,9.17317622,7.76730227
4.81640625,9.02992113,12.28944476,-4.72152682,-8.85025457,-8.09332873,-0.15394935,1.25834930,9.93720364
4.82031250,11.08892025,6.15776703,-4.28630503,-7.01248855,-11.75406019,-0.20757674,-3.57184257,6.64538664
4.82421875,9.62654185,0.78205338,-4.01471560,-7.30256090,-8.76344189,-7.61660772,-8.49099748,8.72325115
4.82812500,9.03855366,-3.94747546,-6.32250121,-4.67692891,-5.46904948,-8.42132308,-6.98004984,7.37973307
4.83203125,7.05489953,-9.79367031,-3.71768128,-1.51872962,-1.28894988,-5.69564447,-3.19072960,2.51454459
4.83593750,8.44656370,-5.45475282,-2.62012715,5.81618376,4.22905181,-8.00344207,7.47164468,-2.99774042
4.83984375,7.39752723,-11.76998683,3.98754502,5.18299212,8.05567572,-11.25275792,9.59325333,-2.34361372
4.84375000,7.85387183,-6.37098965,4.90251691,5.63484671,8.96916651,-8.61975037,8.16734432,-9.19222448
4.84765625,1.69217467,-4.41356466,5.89634298,7.03269316,9.45268245,-14.92824143,3.24721777,-12.99443372
4.85156250,-6.18413778,-2.38818729,7.96504688,7.52873754,11.15974547,-10.91786055,-3.95283990,-11.65014867
4.85546875,-4.28044858,4.30148021,6.31992047,8.39152171,8.72868780,-9.27354151,-10.32224225,-9.86839865
4.85937500,-9.95550499,7.45511372,4.76016665,7.39464019,3.21083542,-8.09012912,-8.13259821,-3.35706566
4.86328125,-8.05852292,12.06111956,7.11840247,11.59494137,-0.17394893,-4.88617539,-2.00213471,0.08244270
4.86718750,-6.19124273,8.32648850,9.33304931,8.68522838,-8.20175097,0.47367320,5.87228123,2.35397403
4.87109375,-9.06773017,4.27293584,7.72752671,3.57574042,-5.63753528,2.36723064,9.19362646,6.99282952
4.87500000,-10.45971683,-2.58276203,7.55358591,2.90075074,-13.62938345,2.74222714,7.90760132,6.77335990
4.87890625,-9.15775050,-6.56745989,12.52845779,-2.42126894,-13.70788706,3.59464261,5.09881667,9.22985818
4.88281250,-6.91897313,-11.45285642,11.58276106,-3.77573578,-7.83304700,7.15625345,-1.30080488,10.38145399
4.88671875,-8.28543288,-11.46774555,14.93018167,-9.23221147,-4.47437463,5.58186389,-7.53163310,10.60489745
4.89062500,-9.68866249,-10.00760116,6.80928616,-9.62773600,0.34389324,1.61399779,-8.72824905,3.91567622
4.89453125,-1.57340724,-8.31509536,7.67960973,-12.29603697,6.55756514,10.62111438,-6.55906143,6.50258362
4.89843750,0.60860575,-3.26797243,8.18307446,-5.68607607,13.01209857,8.85850541,-1.18382369,5.19623853
4.90234375,1.10518611,2.99983854,4.41628086,-8.22063292,14.17441833,10.75269117,4.42918801,-5.72518491
4.90625000,1.10309701,4.04135536,2.54286314,-3.92114304,5.79609221,6.73654095,9.80469485,-4.34971377
4.91015625,7.02012116,8.48032664,5.25892818,-2.64904520,9.58953749,8.23999803,9.33339164,-7.37772882
4.91406250,2.49347794,7.08574222,-2.10163879,-1.08036494,1.61144835,8.18989913,5.53821047,-11.68678033
4.91796875,7.22156958,11.62713782,0.69467081,3.07514565,-0.79275045,8.11307992,-2.87592937,-3.64443494
4.92187500,12.95566472,4.06950597,-3.24997564,4.14528981,-6.10382329,5.27770564,-6.93610186,-10.04553960
4.92578125,7.61400941,1.70693021,-0.99333984,8.43153032,-11.65191211,7.85638601,-9.13792101,-3.57907849
4.92968750,11.86388624,-4.11847381,-7.39675038,12.14065447,-11.74461882,7.33150751,-4.20833639,-3.27661105
4.93359375,10.20529867,-10.43239203,-7.58614978,12.26816235,-11.39507914,4.81787196,1.96547288,-0.69573834
4.93750000,9.35952915,-7.90028418,-3.63140041,11.28336637,-10.05296273,1.74059033,7.52969133,2.58883378
4.94140625,1.29652022,-7.30824883,-2.35922423,9.81366777,-5.28377149,-3.95609067,7.26032511,4.00144898
4.94531250,-3.32381743,-4.96486447,-7.80607136,7.42596464,0.56365416,-4.04984204,7.18698928,9.01348058
4.94921875,0.23677689,3.21463770,-6.40614814,5.89468150,5.91248195,-5.98665477,4.79368843,11.63018579
4.95312500,-0.70989078,8.70179462,-7.96385196,6.71228676,5.46585425,-8.57997394,-4.99760077,9.20590867
4.95703125,-2.45237774,7.59364568,-10.41285582,-1.22602345,10.68662034,-6.45669026,-8.34071873,7.79433271
4.96093750,-6.39817517,13.61805443,-13.23542072,1.02412019,11.41245998,-9.13194346,-4.25929637,5.34506661
4.96484375,-9.97517847,7.82480057,-3.97502770,-2.65962868,9.73860062,-6.59336337,-1.12163103,4.37310023
4.96875000,-6.26315907,4.70751550,-12.05893143,-5.60947879,-1.11259946,-9.74631024,2.21442669,-2.22704276
4.97265625,-7.54130727,0.32152902,-10.67439369,-9.60861103,-2.14141190,-7.52743856,6.08023807,-4.86755446
4.97656250,-6.04268960,-1.70609574,-7.13673466,-7.52131694,-2.61332240,-7.31863284,13.11808887,-6.10106094
4.98046875,-4.52847558,-3.75297643,-1.63766631,-8.13524517,-9.93419054,-8.90383106,3.94956096,-9.42148123
4.98437500,-6.88432038,-4.85936661,-6.40800495,-7.28698000,-11.33605392,-2.88231176,-1.97208337,-13.24335701
4.98828125,-3.89004532,-11.72100378,-4.67405022,-7.79537391,-9.16134365,-4.57015549,-12.53769249,-12.35888008
4.99218750,-7.21520422,-9.11835286,-0.76864144,-6.47047571,-6.29651088,-2.45257529,-9.45790047,-5.96041241
4.99609375,-4.51823650,-5.83284811,-0.14047194,-4.97380716,-5.00465000,0.66669802,-8.24104533,-7.00436804
5.00000000,-2.74042177,-1.16759212,0.34445387,-0.66402932,-0.32105030,-3.05795820,-0.45377162,-1.18603589
5.00390625,-4.02569927,4.19015632,-0.65504913,-2.09679325,7.84571236,-0.14033753,7.28093228,4.92446440
5.00781250,-0.43114522,7.32188566,2.68797847,1.33925357,10.31494649,1.14308157,14.72155722,6.29028641
5.01171875,5.47339419,8.43283657,-0.45130163,13.27436270,10.04116109,3.62182682,11.06447930,13.61638005
5.01562500,5.56620145,10.27888406,3.83195391,12.22894794,8.26920085,8.32702184,2.41975921,9.84500753
5.01953125,9.10415738,6.92579757,7.26486541,11.63562448,9.02075163,7.69452329,0.09283990,13.03757470
5.02343750,11.93427482,3.59055840,5.57558614,7.71910352,4.18349006,12.27533374,-5.98809086,3.70796459
5.02734375,9.45184740,-0.02772771,7.97859861,10.64752676,-3.19157513,9.81415731,-8.11610046,7.16329267
5.03125000,11.45938997,-5.04612279,6.36265348,5.70709862,-5.33794157,8.68971035,-2.06083287,2.59183975
5.03515625,8.77272606,-4.86861360,4.82533898,2.06074576,-6.80363659,13.59698052,5.05830247,-2.51299533
5.03906250,2.62214758,-7.98646817,4.75744440,0.37256370,-11.52355597,8.38652434,6.54287143,-3.43133232
5.04296875,4.41892977,-7.47199127,10.66278328,0.39732808,-8.67025572,8.92413199,9.43163908,-3.16082203
5.04687500,2.24976242,-5.37476278,11.87236301,0.28710091,-5.86927101,5.48524606,2.94907132,-10.59668668
5.05078125,-3.49181360,3.10220642,5.33269266,-8.09456392,-2.81007774,5.98441938,1.64423216,-8.42359715
5.05468750,-0.55560264,4.18069714,7.30009987,-7.34155958,-3.77436336,6.18304281,-6.39300614,-10.41354759
5.05859375,-5.19099270,9.11341914,7.54262084,-9.33779519,5.97802188,4.32873613,-7.56284935,-6.54994014
5.06250000,-7.26004195,11.44918933,5.93437700,-13.25342072,1.96852598,-1.87564063,-6.69082413,-3.85226177
5.06640625,-5.99853123,9.59115996,1.38914014,-8.81956853,8.18284261,1.03528404,3.78428308,-0.91196972
5.07031250,-12.23828839,6.97798176,6.31214162,-5.17735146,7.61245248,-4.84725633,6.71646515,3.92707249
5.07421875,-7.97236475,0.47509154,-0.25765541,-1.47685271,8.62288720,-3.18931296,11.25145366,4.63591874
5.07812500,-7.16950949,-3.88128927,2.70387400,-4.64631127,3.20561680,-5.78273273,4.34399354,8.05913667
5.08203125,-7.75484837,-2.64282788,4.23383515,-2.40470043,-0.23797989,-5.74742167,3.94787682,4.28830199
5.08593750,-8.50039681,-9.36756986,4.00843435,-3.45555240,-6.00283067,-6.07631960,-3.43519060,6.25654429
5.08984375,-5.88526848,-10.98095297,-3.58431047,4.80082685,-5.70693306,-9.27639267,-12.96590633,8.09486750
5.09375000,-4.11775196,-7.41098809,-0.42901096,5.30626027,-5.58833099,-11.19496289,-7.00748652,2.37908795
5.09765625,-3.99742589,-2.74127223,-4.28911736,9.41905341,-7.26461083,-9.83418031,0.01264380,0.94918775
5.10156250,-0.67993251,1.33255598,-4.69779327,7.64770914,-11.40625632,-10.51176646,-1.80636774,1.33518845
5.10546875,0.25338942,2.25420570,-5.87165137,8.13525885,-4.75265865,-10.66258113,6.54452902,-4.23897135
5.10937500,2.74546440,5.09695033,-8.08954030,7.45697089,-0.10472521,-9.94356823,11.86674955,-8.19058941
5.11328125,4.62522292,11.01195980,-12.33866257,8.75580274,-0.68833452,-4.87766307,8.68562912,-10.78405611
5.11718750,9.97856476,7.44390336,-13.55910584,7.04207456,5.82378074,-3.88714637,0.63648092,-9.61487790
5.12109375,15.23597545,6.71419773,-9.03052890,1.94698186,6.13070306,-0.41099535,-5.59588556,-3.72424762
5.12500000,12.51135315,-3.21078665,-15.56320326,2.61008642,13.26957278,-0.07914694,-12.37871004,-7.42329996
5.12890625,10.15524041,-3.47091065,-12.05602096,0.97329934,6.17138915,5.57489382,-7.24755506,-5.88347068
5.13281250,6.72687564,-5.64710659,-7.92449301,-3.81240864,4.78731177,5.52698023,-3.65915154,0.32213938
5.13671875,7.51272735,-10.01869977,-6.84192053,-8.88129098,0.97317554,6.74386855,5.81965585,0.30841485
5.14062500,7.24052279,-10.85720342,-12.37812773,-9.03519596,-4.41053859,3.15747546,8.69179051,5.44417748
5.14453125,-0.81531531,-5.95516226,-6.57161960,-9.69065256,-6.80562777,4.50433033,4.67328367,8.39506874
5.14843750,0.86930090,-4.74941324,-4.36856553,-10.78895242,-6.96031156,11.29675836,4.90028308,8.70151824
5.15234375,-6.36373734,3.62391578,-7.13321460,-10.35783149,-6.70309363,8.63272610,-6.18783984,8.70215436
5.15625000,-2.64766863,8.13492937,-8.26417438,-4.24330182,-6.40754214,14.24242032,-4.23982755,8.00014362
5.16015625,-7.35005417,9.78582792,-1.33563529,-6.11729978,-4.66933208,9.26152394,-4.99480720,3.58126121
5.16406250,-7.90771517,5.50890112,-2.60052702,-0.80741926,-3.20840896,6.92833018,-8.18461077,0.67264543
5.16796875,-7.91634225,5.86306742,1.03709841,2.96673116,-3.60916016,8.75020995,2.04255431,-3.17002385
5.17187500,-10.63072153,0.43964335,9.45248191,4.07282970,0.63241765,5.15338412,10.60150972,-3.42227763
5.17578125,-15.95751530,3.52511374,4.71319149,6.84340832,12.17242897,8.28520620,6.34771231,-3.32207467
5.17968750,-6.98139033,-3.86606258,4.69918597,10.69338175,9.22798286,1.44960137,8.26182036,-8.79422589
5.18359375,-6.50844283,-7.94424942,6.22403480,9.27033630,5.74128919,2.27045407,0.42128536,-10.10135334
5.18750000,-6.48433050,-10.40764527,8.44192160,13.33935154,3.74923304,3.25452909,-3.63793122,-8.09264197
5.19140625,-6.00277145,-8.27339502,9.58874470,10.26933269,4.04233179,-7.01374168,-11.29548660,-9.39046989
5.19531250,-3.59064800,-8.60069968,11.13522864,9.78032414,0.47365535,-4.36914212,-9.37455156,-4.61475596
5.19921875,-1.81667394,-0.37455899,8.66506625,4.15255492,-0.44881043,-8.38533142,-4.13176466,-0.34130794
5.20312500,-0.17427984,3.70493241,7.97954288,1.95966253,-7.15972601,-14.49535665,7.24272272,4.96092881
5.20703125,4.11350310,4.28813291,6.94151406,-0.41947135,-5.54087027,-11.60774174,11.32303262,10.70120678
5.21093750,4.72980714,10.45780882,7.32429268,-2.48582977,-8.63835604,-10.99925021,11.58563035,12.62334419
5.21484375,5.90293516,14.75483836,7.58739872,0.78573183,-9.54944216,-9.42342242,4.19790513,11.93822603
5.21875000,9.30531654,6.15329687,9.35876428,-6.41833474,-4.10351721,-8.82849279,-6.18379978,11.82370724
5.22265625,11.64928801,3.28369419,9.47638110,-7.29934446,-1.23591695,-9.04584639,-7.85985771,4.22330820
5.22656250,8.53174015,-0.89889117,4.93666759,-8.27724602,5.32043564,-11.31586138,-9.62701527,3.15078698
5.23046875,9.05003676,-3.10660338,7.10876539,-8.07445018,9.54040042,-8.36952141,-3.55496073,4.46212294
5.23437500,7.87595169,-6.68537211,5.72838922,-11.44845235,10.60377866,-4.63054556,1.39381297,-2.19740208
5.23828125,6.42327412,-8.15529941,5.68209168,-7.38621587,13.37556304,-2.42403530,7.31417540,-4.68027308
5.24218750,9.05451955,-7.34151653,0.51466469,-5.51831556,10.96813123,-2.77266412,8.29413423,-7.94328205
5.24609375,4.26412723,-3.82084349,2.16556384,-1.43692213,0.58708417,1.72366845,5.30541500,-6.83232207
5.25000000,0.47821264,1.16953275,1.33143032,-2.70924277,0.58852185,0.04964000,-0.70680372,-11.90531898
5.25390625,-5.19494131,1.61626733,-0.04266759,3.23260898,-5.38762116,-1.77992301,-2.04295182,-5.99379081
5.25781250,-8.13829900,5.73645176,-3.05666188,2.58719303,-7.72029305,3.42455586,-11.68870779,-4.73313394
5.26171875,-11.09964480,6.19524801,-5.29572247,8.26803586,-11.67229747,8.00387385,-7.64748160,-3.65871103
5.26562500,-11.31560744,12.14864504,-8.37499140,11.81823271,-12.60017213,5.67687737,-0.43642195,-0.00313459
5.26953125,-7.35899913,6.92978508,-5.70572906,8.61604271,-10.26790728,14.03808778,9.43264227,2.81436502
5.27343750,-6.35800890,2.09511399,-7.88424476,8.89996870,-4.70818339,12.97089497,9.88703549,8.56853900
5.27734375,-7.65229929,-1.60810154,-5.18459429,10.25554650,-6.39790924,11.21527920,7.21794459,6.82569499
5.28125000,-11.51067869,-8.17014422,-6.33350816,4.83183295,3.88967007,12.29985031,1.12337830,7.81529120
5.28515625,-7.68087080,-11.47476125,-9.99631141,9.45270257,4.79736699,13.02377846,-5.89262310,10.13466155
5.28906250,-4.45189660,-13.22015841,-8.19858155,0.56504068,10.76866607,6.92237091,-9.14242964,4.94339241
5.29296875,-6.50597675,-9.57791892,-9.89285699,-2.91011494,11.04509292,9.82447083,-11.11349797,5.02754302
5.29687500,-4.29861299,-3.10390690,-13.04483725,-9.50559509,13.26589888,5.21168607,-5.04656784,4.20127133
5.30078125,0.94061190,0.11660179,-9.84817229,-7.36710847,8.06319913,5.63781900,-3.95719898,-1.92659867
5.30468750,4.23085627,4.30057218,-11.73488085,-6.22210202,2.66986961,0.43946804,7.68269527,-1.40486150
5.30859375,1.99585139,8.65819885,-8.34019132,-13.97614527,-1.81099852,1.18005862,6.19837490,-9.13318112
5.31250000,2.57955147,10.69095192,-9.14813771,-9.50473601,-5.22419160,-1.22677269,4.58157814,-9.64242737
5.31640625,5.90408669,6.18127615,-8.05458905,-7.77834027,-5.72035311,1.18496701,2.21462259,-9.38859823
5.32031250,6.62625942,6.30185659,-7.27657163,-7.64181143,-7.44187772,-1.52082584,-1.42595512,-3.71991685
5.32421875,8.95276163,4.03674731,-1.67537512,-6.95606513,-3.81501361,-3.98881798,-7.06813569,-6.30283557
5.32812500,15.37955044,-4.64695076,-6.73221066,-3.18589165,-10.50866630,-8.49446707,-7.17795231,-5.27850916
5.33203125,12.97710633,-8.17784820,-2.21216991,0.82031579,-2.81926785,-5.20697352,-5.03404821,-0.92557772
5.33593750,8.42161222,-10.74581797,2.24564711,0.09652552,4.83378324,-9.79190702,2.74901980,4.61326336
5.33984375,6.71990240,-6.55287236,3.55662579,3.33908576,9.59061627,-8.19455046,7.48767809,-1.45961794
5.34375000,4.15211096,-10.33972946,6.32535054,4.76734994,10.90969072,-10.31054292,7.79850771,6.58121142
5.34765625,1.61187937,-3.71247568,3.30280752,5.74147864,11.43967043,-11.01801033,4.91112674,12.12573165
5.35156250,-0.41549911,2.72450685,9.05159514,8.61985613,6.02402540,-7.83366417,1.39510726,7.96886627
5.35546875,-1.34728389,6.72899048,5.75665088,11.12726253,8.38437242,-11.57493849,-5.27372946,7.43389687
5.35937500,-6.00659022,13.56703160,3.70747587,8.81962349,3.40862409,-10.02931505,-8.80595160,4.46376460
5.36328125,-6.41467278,8.16793054,10.73379539,10.95084994,-1.87761992,-4.11977381,-2.94616714,5.53554992
5.36718750,-10.66721012,6.92817652,8.03997987,6.59447430,-4.01407897,-2.50025141,5.62497615,1.47364258
5.37109375,-13.78713341,7.14613403,10.74818400,4.90507215,-7.25852753,-2.96910936,3.17840104,-1.55799175
5.37500000,-6.58914522,-2.19015669,7.46242837,2.73619883,-13.62121899,0.36254587,9.73287944,-4.95902236
5.37890625,-9.97736794,-0.95412326,10.14372190,-1.46708225,-10.67152163,4.24113235,6.74626355,-7.84996128
5.38281250,-7.15086529,-6.19157529,12.61231796,-6.13441101,-4.82798336,4.91451498,4.94088308,-11.43546340
5.38671875,-2.20412602,-9.40131217,11.37528657,-6.73969979,-3.75871594,9.19102248,-8.38933574,-13.53680490
5.39062500,-2.00088025,-11.68929145,9.29315756,-11.51124934,2.98773963,5.14367181,-9.75285422,-10.76714986
5.39453125,-3.27341316,-10.44410649,8.91695777,-14.41135140,6.51622046,5.98269467,-9.66902169,-4.04952073
5.39843750,-4.03212582,-1.91702664,5.77433749,-8.51987288,8.57196834,8.60294188,-8.82770754,-3.29331838
5.40234375,3.39206927,4.99738634,5.62934711,-6.96719541,14.20427731,8.86527439,1.61726651,2.68107435
5.40625000,3.27622195,4.16958963,2.62331556,-8.61278808,10.70429694,7.53867118,12.37815526,9.19730125
5.41015625,2.92971720,10.00869296,2.88377592,-6.45826909,4.73459030,8.88219330,7.17299867,6.30857859
5.41406250,10.74534226,16.22556847,-0.46178685,6.13596198,6.05056023,10.67887846,6.89135492,11.03802703
5.41796875,11.43450702,7.32567140,-3.92210581,2.12030034,-4.24673985,8.72519052,0.95204537,13.19771023
5.42187500,10.12464897,4.31407265,-2.73152855,6.28783295,-4.65178175,7.94786503,-10.10056728,7.92689394
5.42578125,8.94513101,-3.66363366,-4.13643980,7.32376094,-9.38616519,6.46171145,-4.91655061,7.66313645
5.42968750,12.62991997,-4.38089399,-4.60708649,8.94571921,-6.37251547,5.62133534,-11.25513300,5.10119668
5.43359375,10.63131167,-6.78855349,-7.43481871,12.64357574,-10.20256473,2.23205152,-3.56069186,2.40123112
5.43750000,7.40655122,-8.31090299,-8.96394749,9.25705935,-7.61675988,1.27427122,3.93948849,-2.30619758
5.44140625,8.65690940,-6.59101630,-6.42237639,8.51687809,-5.35506570,0.11295627,10.35927494,-4.34864349
5.44531250,6.70695029,-7.05761962,-14.09578062,6.02700296,-3.11056553,-1.34543573,8.75761819,-9.65777043
5.44921875,1.18409063,-4.06584439,-11.13266917,4.79672520,5.12027280,-3.80168419,-2.94809328,-9.81845584
5.45312500,-3.35333580,2.82365896,-11.65077662,0.58713260,6.15326470,-9.50012664,-12.26389553,-9.85832960
5.45703125,-2.55552853,6.50394365,-12.29247900,1.74176306,11.10621596,-12.57712146,-13.43877090,-9.96088243
5.46093750,-3.06319091,10.40151270,-10.73861861,-4.76327863,13.26420727,-8.27652222,-7.61508063,-5.49461396
5.46484375,-4.61235645,7.02404166,-15.11243322,-5.58940307,5.63768096,-2.60381723,-2.15796412,-3.14164692
5.46875000,-12.01267413,6.58872541,-13.30241006,-7.24758042,3.90137036,-5.94769415,7.60727518,4.95317354
5.47265625,-4.63865165,3.95514280,-8.29295342,-8.31002677,-3.01689483,-10.82002128,7.90234847,0.70803865
5.47656250,-7.43433330,-3.27351180,-3.76339460,-7.59499460,-5.60644494,-5.67651791,8.08975357,10.04235289
5.48046875,-2.42862530,-6.44321198,-3.79423854,-6.37921553,-11.51556016,-10.40543723,1.87276483,6.19928961
5.48437500,-8.64935423,-9.67750540,-1.68023617,-12.26399904,-10.46676688,-11.69523318,-3.29996843,8.19355766
5.48828125,-8.40185668,-12.48777788,-0.20779911,-8.09235227,-8.66400835,-5.86449001,-10.07462367,5.29677329
5.49218750,-5.75396936,-8.14702066,-0.92254089,-7.27868691,-3.77818667,-6.74936743,-13.30665834,8.89794234
5.49609375,-3.06669482,-0.94579374,-3.46750512,-5.18683439,-3.42677694,-2.44869694,-9.69871249,0.45267540
5.50000000,-1.86440327,0.95723687,0.25249143,-0.37907143,1.49643342,-1.02511898,-1.68688560,0.04857830
5.50390625,-0.27956208,1.04399398,6.23955062,0.24869726,5.13946461,4.02138473,9.05956960,-1.51200926
5.50781250,6.36324060,7.12656762,1.18476536,3.04420281,8.06509806,-2.30742864,7.19808541,-6.88125173
5.51171875,5.52935906,7.56998642,1.02222118,9.25713693,11.99897485,1.78810464,10.45341676,-7.75766606
5.51562500,9.71515868,8.20910781,0.73628600,11.58917074,11.63000880,5.99129698,0.58255200,-7.71801082
5.51953125,8.23215936,6.80244222,3.03731722,9.89321828,7.28143951,7.55746814,-4.09289677,-7.00002683
5.52343750,6.35133369,9.64278276,6.87807986,9.95460674,5.34372446,7.76776254,-8.82794982,-5.53261159
5.52734375,10.23940746,-1.41095063,5.78636468,9.65396632,-0.99357776,9.69036951,-5.42953805,-7.81233612
5.53125000,10.65829501,-4.73366186,12.07943436,11.53685807,-6.26030535,12.75490975,-5.02469305,-1.17210791
5.53515625,8.32170874,-11.58249149,8.08554649,8.68529795,-8.22490160,9.32988381,0.69457273,4.23882228
5.53906250,7.25004850,-7.03281173,8.25266831,-1.44751089,-7.97001626,12.44279930,10.31299850,1.66082234
5.54296875,6.86280848,-8.69145440,8.14284345,-2.21046833,-9.62284853,8.60330735,6.08379362,3.69489683
5.54687500,0.09982479,-2.83711369,9.02774597,-4.67837108,-5.93934735,7.98672410,7.54374100,7.52855416
5.55078125,-4.83929894,0.07188880,3.51228877,-5.67064935,-5.76507534,2.86035524,-1.36502166,11.01622314
5.55468750,-3.14317706,7.78548855,1.68324537,-6.59286174,0.87617401,3.65800541,-6.37005336,9.33564104
5.55859375,-3.60666291,8.42372293,6.89911284,-8.19729920,3.84657429,5.83305772,-8.87536807,6.76565822
5.56250000,-8.57540178,13.03271863,9.19888995,-5.58496304,5.93096545,0.52542979,-5.35413206,5.34292426
5.56640625,-11.35482359,10.62714942,3.50214107,-7.34895408,8.82013860,1.97164341,1.58985583,-0.88299438
5.57031250,-8.57843999,5.08743463,4.55315845,-10.13982094,9.15086505,-5.45746805,6.55652622,-2.03063555
5.57421875,-12.19344118,3.00930096,1.61067301,-8.81708998,2.38742961,-2.79117414,7.93227392,-4.99291300
5.57812500,-9.11681783,-4.38897317,2.96585028,-2.83065804,5.90609011,-3.08779444,8.63129852,-9.71799448
5.58203125,-4.71785043,-8.18309277,-0.94565846,0.74885633,2.58543499,-10.31696056,4.57557669,-12.94916374
5.58593750,-5.07815768,-11.90059631,0.24401101,2.89618661,-3.15301276,-3.16742973,-3.55416008,-5.83478048
5.58984375,-7.00637299,-5.12307889,-0.63596938,7.75854432,-7.58463782,-11.48011583,-8.94591212,-6.13276085
5.59375000,-1.95982623,-8.31916535,-1.52869601,6.23024115,-7.97443045,-6.01456093,-12.33734876,-9.51580769
5.59765625,-1.59224996,-7.11174449,-3.24704243,10.41353168,-10.32858362,-10.45330625,-2.57032829,-3.52939879
5.60156250,-1.19344955,-0.74583329,-6.42590220,9.78747917,-6.70232288,-12.61744878,1.40437556,-1.21434828
5.60546875,-0.89273471,4.77066271,-8.83826997,8.30870072,-4.84546609,-8.70731393,7.27483791,8.56670033
5.60937500,3.46822793,8.51444739,-8.79294679,9.85969145,-2.14879670,-5.73772024,10.58532414,12.73648279
5.61328125,7.60803985,11.14333701,-9.14981786,6.90393941,1.28466766,-3.59683914,7.66267704,15.97801198
5.61718750,13.52235970,6.14239393,-12.82281535,7.58752412,5.84094568,-1.63936103,1.60211849,10.27307425
5.62109375,8.32755034,1.81736152,-12.55325011,4.94718680,9.65079694,-0.73128341,-8.98168478,10.68394785
5.62500000,12.44937117,4.01992227,-9.02993891,0.24346376,10.89272982,2.19135639,-9.27754241,6.17532663
5.62890625,9.39429726,-5.54091001,-10.66790294,0.17561102,6.43963826,-1.24639893,-8.14248893,1.65724023
5.63281250,6.53365429,-9.56370722,-9.87866477,-6.94142287,4.89763222,7.29952577,-0.89126337,-0.67897867
5.63671875,8.69353717,-6.37854378,-7.10476493,-6.01433543,-3.22552582,4.55388245,5.71409796,-4.85890294
5.64062500,2.95183048,-9.02091241,-9.65085259,-6.31560388,-4.59858710,9.24349570,8.08372691,-4.75434120
5.64453125,2.28624921,-1.22586451,-4.16357397,-7.51147640,-6.25513636,7.35051234,5.47631921,-8.82814880
5.64843750,0.52997169,-6.08746243,-0.86608195,-12.23984299,-8.23007477,5.72217478,4.74485155,-9.32354463
5.65234375,-5.81844424,4.05322887,-3.46639664,-10.09374116,-7.57426252,11.35235854,-3.48493465,-12.75668646
5.65625000,-6.45454538,6.29239055,-3.91392669,-9.42765298,-8.21827370,9.36783704,-11.45969505,-5.99637588
5.66015625,-12.04488800,9.80864858,-5.19038501,-8.55643710,-4.42441276,8.15138442,-7.64191336,-4.80748097
5.66406250,-6.62595520,8.49889166,-5.42686839,-5.63428868,-4.47446045,7.21448759,-1.59993659,-2.94774877
5.66796875,-7.12582241,10.06980175,-1.37653278,2.24225174,2.18452053,11.76881309,2.95103276,6.82674315
5.67187500,-10.21751801,2.75087608,7.34687839,6.36816423,6.36662155,12.04232012,4.72798592,6.74505158
5.67578125,-8.77691370,-2.59013753,3.78335336,8.98370149,3.95023575,6.95074066,9.47864025,3.94102863
5.67968750,-5.15915922,-4.63220008,2.61018237,3.78362390,8.72903756,4.07304010,4.81944097,7.33027698
5.68359375,-8.92027673,-10.10108031,9.01206024,7.77565146,7.54108681,0.91202596,-0.48075711,4.99943589
5.68750000,-5.27454085,-9.63299502,6.87356030,9.12582660,1.83623167,1.49941166,-4.90224615,7.22276654
5.69140625,-3.83551945,-6.61258301,3.03517663,8.44433661,6.07515630,-2.33359580,-13.04452680,3.51861719
5.69531250,-3.23062676,-4.18030631,9.16499384,9.02183331,0.15665874,-6.50289299,-5.02508959,2.20800189
5.69921875,-0.03321290,-2.84534916,4.35735847,4.63907724,-0.22544154,-7.33582707,-1.68998742,3.97373565
5.70312500,2.22424150,0.52281252,7.97456030,0.38129881,-7.80119606,-4.03288912,3.24746303,-2.38926727
5.70703125,3.20415427,6.38586463,6.86898351,-0.57773941,-5.99543132,-9.80649948,11.23752979,-5.51231271
5.71093750,6.45351057,5.58863048,9.08996601,-2.96044495,-6.32265418,-12.69298677,10.11622394,-6.52357061
5.71484375,7.22414417,7.18954197,5.19090336,-1.77250208,-5.56878466,-14.41001354,4.58315055,-10.33381214
5.71875000,3.72583196,11.12997889,7.11716080,-5.62625295,-4.93414875,-11.00908058,1.67793086,-5.60865091
5.72265625,10.24795667,5.03351370,3.69583126,-8.33223489,-0.78351911,-9.45320153,-3.53882078,-5.49243888
5.72656250,15.27264951,3.56087169,10.17762023,-10.05730668,2.51089835,-7.10106585,-7.75263618,-4.27458311
5.73046875,13.29455606,-5.46375992,3.00830133,-12.11409897,3.04607965,-8.36782500,-4.73245713,-0.87438016
5.73437500,3.33119969,-8.31207920,3.16886338,-7.37437661,8.57433570,-4.18921300,-0.31681104,-0.44714929
5.73828125,5.85861261,-12.09747513,7.12615562,-6.38715716,9.82274914,-8.25271514,9.25402277,2.53148572
5.74218750,4.97448967,-9.72074863,4.78874631,-9.41299802,4.59906724,1.54126248,4.96316697,8.04971803
5.74609375,2.61219185,-6.74859676,0.83892345,-4.11364691,5.32218457,-1.96421791,6.70150136,7.64976874
5.75000000,-3.81875895,-0.50972730,2.58998026,4.31068632,-0.87332448,0.54896682,-1.20332188,10.87163769
5.75390625,-1.79409754,5.57813670,-4.34200352,1.46181612,-5.96849892,2.46441167,-4.31908198,9.44945564
5.75781250,-4.69232435,6.12236000,-2.57474176,5.05985401,-7.67568982,4.12565967,-8.83419842,7.71515450
5.76171875,-6.47408635,10.28051369,-5.53189501,9.55175554,-8.30071431,5.73824341,-6.98693986,4.19507086
5.76562500,-11.23117509,8.89633114,-3.89284784,9.14466706,-11.18166776,10.83771715,-4.25711311,0.85270398
5.76953125,-9.77112751,8.16343578,-7.87342648,15.24401639,-6.60046973,11.50638461,1.40212776,-4.52571305
5.77343750,-5.83853512,4.83338024,-6.25781261,8.73366741,-5.93594878,8.19286760,10.96779854,-4.81109263
5.77734375,-9.69452084,-0.66132652,-9.21805121,8.03953365,-3.07682970,9.98785243,12.80405091,-7.36001280
5.78125000,-6.66263306,-4.98779396,-9.72993293,7.69985749,3.72209573,12.00397932,6.61814247,-10.07519967
5.78515625,-7.46183550,-10.77713771,-6.87763530,2.27526474,7.48090892,11.31455957,-0.87156538,-8.08327216
5.78906250,-5.59704940,-10.29149027,-6.34858306,1.60591077,8.04359675,8.22368787,-13.24673543,-9.69403948
5.79296875,-1.36875089,-10.11090739,-6.20197679,-1.24657289,7.90223889,5.02596389,-11.29717811,-10.58863712
5.79687500,-6.05840395,-10.73181877,-9.38448757,-6.92248422,12.51210009,1.70079442,-7.29006112,-8.75757706
5.80078125,-0.54586698,-0.12198342,-4.81133059,-10.43671773,6.70955733,2.99508819,2.05492135,2.87594320
5.80468750,-1.07750887,2.12933585,-11.44346840,-11.55463305,4.29941986,2.84293830,7.07252557,3.02902019
5.80859375,5.01306342,9.43281257,-7.14393995,-12.02964547,0.23000239,1.74487407,12.21590875,6.78906068
5.81250000,7.55518095,9.87487110,-9.85174447,-9.03698945,-7.43512849,-0.84470490,6.64543380,12.61476303
5.81640625,5.97828700,11.54097463,-9.06295891,-6.81900823,-5.99240866,-3.80397632,1.73301549,12.19599104
5.82031250,8.60559520,8.89051636,-7.96938776,-9.65892294,-7.70145752,-5.73976851,-4.46262072,9.23540103
5.82421875,13.33457049,1.51370794,-3.12374071,-7.95731244,-12.43756422,-6.09701990,-4.99372941,8.79886456
5.82812500,10.07248454,-3.11694008,0.80199849,-3.67652312,-3.00287707,-6.57954594,-3.31874273,5.65240585
5.83203125,9.85467941,-8.36179766,4.96808693,1.05736084,-0.89807761,-9.16016520,1.15254617,2.19401061
5.83593750,6.70390309,-8.10172551,-0.32407967,2.00960390,2.81298413,-10.10025870,4.80613125,-1.25635434
5.83984375,5.56101965,-7.92132948,-0.85302062,3.20039592,6.06327808,-7.35379507,7.91982459,-6.37768092
5.84375000,4.85690119,-11.10637445,5.20204468,3.94841470,10.17368048,-10.20521981,9.53209879,-5.42123227
5.84765625,-0.06286357,-4.00194813,7.75876692,7.07889966,6.87413122,-7.14731772,2.27128262,-9.33808069
5.85156250,-4.75469671,-2.61058512,7.35043098,8.27559744,9.89847934,-10.43082722,-6.30262757,-8.61766815
5.85546875,-2.31132914,5.86962102,7.15701673,7.45826799,9.26803510,-8.19641617,-4.97310956,-8.14762937
5.85937500,-7.17657608,8.04854090,7.46880116,11.84694555,3.09849167,-7.19164169,-8.25861334,-3.86635994
5.86328125,-7.63060085,11.15549158,6.11920540,4.63210166,-1.63249070,-5.46514471,-3.34263042,1.02272885
5.86718750,-8.68497162,12.01982378,7.25888119,5.26674008,-5.95537832,-1.03747282,6.41068045,1.78832402
5.87109375,-2.75933780,4.25184079,8.27056152,5.68955827,-7.65958607,0.34267596,12.91171819,0.32605208
5.87500000,-6.81901393,0.73837541,11.17804749,4.75233160,-12.77343974,4.48993507,11.05611254,6.47475948
5.87890625,-9.98289033,-5.54168395,10.33462671,-3.26327934,-11.09250472,5.02495573,10.45045282,9.28920654
5.88281250,-5.89882959,-7.58129562,13.57077284,-7.34460760,-4.82421292,2.21012719,4.36329406,9.68156886
5.88671875,-5.49968746,-9.22159195,8.44565056,-11.43368996,-7.45400730,6.32392597,-6.43030432,7.29916846
5.89062500,-10.69699744,-9.25011291,8.77080685,-7.82481124,2.68829045,6.20364413,-11.03212924,9.35438011
5.89453125,-1.37217945,-5.68318316,8.81221424,-9.85869173,8.43495278,6.07677619,-5.89843911,5.83100650
5.89843750,-2.96956450,-3.03858941,6.99751346,-11.78198616,10.93938091,10.29547457,-1.01615772,-0.35968980
5.90234375,-2.72404611,3.18239973,8.04968523,-9.37019435,8.91999470,8.22419643,5.72530477,-0.99501677
5.90625000,-0.85771009,9.64157857,1.38536422,-3.61140670,10.94302996,10.44161911,7.83245266,-4.21665912
5.91015625,5.31576953,3.25596371,-2.43003609,-4.78261118,9.67983008,10.76904159,8.42807320,-8.61476559
5.91406250,4.84228635,10.73575248,2.44334124,-1.06378610,3.36823704,13.10633440,5.18053505,-5.48762708
5.91796875,8.68136924,8.45363036,-1.54316001,1.76512667,0.98351064,10.87469260,0.75493007,-10.12823161
5.92187500,12.10247844,8.74212804,-5.04734440,6.13707874,-4.68264926,4.70277113,-5.62811127,-7.54977403
5.92578125,11.24497688,2.32320919,-4.02523322,9.57394988,-6.66446096,8.29621400,-4.10383600,-6.15690570
5.92968750,10.72088870,-1.10946179,-5.01090746,10.82586776,-14.25694921,5.67004186,-6.18766013,-2.59903947
5.93359375,11.77348897,-11.17335249,-8.46617524,9.04082591,-11.60529473,4.20403818,-0.22775243,2.18468164
5.93750000,9.43135812,-14.02272560,-6.90214358,11.61439258,-4.67799298,1.54257330,2.42454024,2.25797939
5.94140625,5.13733251,-6.71692897,-9.42606086,8.63291904,-7.76196328,-1.38485160,7.25732717,5.53683178
5.94531250,5.78298884,-6.85840432,-9.84690135,5.01902381,0.61091367,-6.78412456,10.07869911,13.23659014
5.94921875,-3.21099524,-1.93484958,-11.78673624,4.95006341,9.24789668,-7.09876163,0.78123350,6.31487678
5.95312500,-2.86243776,3.63591495,-6.66038491,1.61079551,6.69805563,-7.66927557,-8.02583398,7.56037718
5.95703125,-4.73104227,12.38949566,-14.71733754,1.02474463,5.05948940,-5.30032848,-6.81679155,8.94795312
5.96093750,-3.19870249,10.14579223,-13.85049271,-0.21586565,10.33556885,-5.90856132,-8.65594361,6.13960689
5.96484375,-11.75703099,11.30035221,-7.90934631,-7.12524887,8.71159528,-10.39654571,-7.13286751,5.14550996
5.96875000,-7.06272804,6.71804731,-8.76914224,-5.89539081,5.88673058,-12.65012737,3.07139452,-1.56435494
5.97265625,-10.96797046,3.58265390,-5.40422275,-10.37913349,0.13777513,-6.18562126,6.85574528,-8.61513398
5.97656250,-4.50610326,-3.23374184,-8.21346265,-8.83393183,-3.98758412,-8.77036888,6.62259434,-8.00817171
5.98046875,-7.94545300,-1.74520874,-4.68158584,-8.19650674,-9.84143280,-8.05163761,5.28776143,-10.80110004
5.98437500,-6.68251359,-8.91044454,-5.66680036,-11.55628551,-11.29974582,-5.26429982,-2.80271055,-9.80280161
5.98828125,-9.80416064,-11.59216044,-3.82254481,-10.73169790,-9.80257111,-1.58436333,-11.17742265,-12.70750616
5.99218750,-6.50765995,-9.96155202,-1.72204022,-8.93546138,-6.90219541,-3.85580730,-10.20548747,-5.77132201
5.99609375,-0.84114487,-5.70666605,2.47797610,-5.68810055,-1.05307221,-2.21193275,-8.15847354,-5.39416073
6.00000000,0.44007771,-3.63642993,0.36760268,-2.07857849,2.43289151,-3.68406931,-3.46453944,2.39617360
6.00390625,0.76270801,3.15590895,-0.62190253,3.31080265,5.66530231,-0.92245468,7.36896069,5.20394296
6.00781250,1.30548222,8.44834933,1.84904788,4.55927944,9.71885222,1.97829965,11.57979676,6.06806210
6.01171875,3.77758199,8.65155970,2.19571713,10.68704073,12.29026236,2.96086779,11.22205296,8.26811460
6.01562500,6.03905310,8.49100392,2.88581806,8.76579248,12.49281279,8.54942699,8.67305019,12.31667403
6.01953125,11.47220721,10.14898484,4.28176383,12.07407995,5.69776762,8.41850625,-6.10953467,12.28262273
6.02343750,12.11013967,5.13327081,8.12283809,13.81872889,1.51484806,10.62570930,-8.12645932,4.25710655
6.02734375,8.68160003,-0.23798250,8.11868126,8.45911155,-2.94492853,7.52387681,-11.61173166,4.63947349
6.03125000,11.87705922,-6.01419674,10.45668575,8.28038863,-6.26511138,11.57280226,0.47544929,2.09830927
6.03515625,9.39762720,-8.70343824,10.05457188,9.24124974,-10.30477523,10.04927848,8.34645051,-1.27748697
6.03906250,5.05784091,-9.80508454,7.85953428,2.35705887,-10.46772426,11.08879198,10.88249365,-0.68394555
6.04296875,3.76004410,-8.58742133,11.82716831,-0.66200049,-15.18122978,10.52443469,5.13903628,-5.11886956
6.04687500,-0.85062257,-5.88372589,10.02048339,-4.03928258,-8.42836000,7.16626064,3.76273027,-11.03744182
6.05078125,1.96592868,-2.27450103,12.10198802,-10.29286430,-8.43078913,5.96503043,-1.67542579,-8.14815241
6.05468750,-3.11121804,5.68549910,10.06558988,-6.92459227,-0.31566456,2.40507912,-5.88217119,-7.31062585
6.05859375,-7.99356432,4.45005327,8.44774423,-9.22520665,3.26234346,-0.78810781,-6.39129402,-3.73965027
6.06250000,-7.88669550,13.12944376,6.74219089,-5.44903105,7.29094197,3.23558448,-9.86740079,-1.04604442
6.06640625,-5.98632645,7.76671395,2.30398361,-7.29158514,9.73231824,-1.08832429,0.02073246,-1.21477464
6.07031250,-6.55216515,4.33121150,3.17443961,-3.81791096,7.24534211,-2.80540074,10.58492339,3.99843251
6.07421875,-5.75043633,2.05471701,-0.34238432,-5.57673849,6.81961799,-7.15373067,11.65445812,6.64739667
6.07812500,-6.32655849,-5.14444040,7.45146598,-3.84899816,-1.00438285,-6.66254421,7.33690071,7.38413711
6.08203125,-6.56264290,-6.57976343,3.09805014,0.57711610,-1.40975321,-7.02967103,-2.49448686,3.99523001
6.08593750,-5.57215743,-5.28270210,2.16235441,-1.18160025,-0.44910097,-8.52144618,-8.58414978,6.12499637
6.08984375,-4.94377723,-11.93977276,0.77657239,1.78568401,-6.47331048,-8.88937949,-8.96776457,7.91899537
6.09375000,-5.32037994,-6.84172832,-3.15438283,3.86446254,-11.54156201,-10.71092375,-9.21987214,0.82258817
6.09765625,-1.45375210,-5.44664204,-5.61236601,10.00123701,-8.28270911,-10.68324940,-4.13306401,0.18386651
6.10156250,-2.58715860,2.02637334,-6.44143991,8.35513532,-4.57272294,-12.51255393,5.12793537,-3.36027279
6.10546875,-1.02446350,5.88107906,-9.79111915,8.81741953,-2.38611124,-9.82756379,7.38924907,-5.79341989
6.10937500,6.10689669,8.14969545,-7.20897816,9.69271761,-0.73209152,-9.12857903,8.27204333,-7.54031928
6.11328125,7.24096739,9.21625120,-7.57216428,8.66336972,2.19109032,-7.41890967,5.28523136,-9.88266573
6.11718750,9.42617009,6.75874063,-13.00052152,5.62255762,6.98357253,-6.19107571,2.88454021,-9.33658969
6.12109375,9.33117128,6.60707377,-13.81327811,8.80608679,5.38278856,-4.99022671,-2.95735107,-8.26149621
6.12500000,12.22543096,4.78567779,-15.16063270,1.01324823,11.36910008,-1.82527115,-9.32382448,-3.08916184
6.12890625,10.70179762,-2.30645807,-8.89814407,0.72491096,3.73672788,2.77575024,-10.61092847,-7.18988799
6.13281250,12.23580242,-3.90897984,-9.88849320,-2.67794057,5.67262233,6.58753832,-3.29720555,-3.16486041
6.13671875,6.91790744,-8.62526935,-3.38547018,-8.90374293,1.70981991,5.52862295,2.26300944,1.54005554
6.14062500,5.12871186,-6.93433270,-7.74684204,-11.81832285,-6.30149337,6.83336570,9.55348085,5.67842975
6.14453125,1.02461536,-4.11427165,-7.37422642,-10.63405211,-6.91309507,4.42127863,7.72944433,6.59874349
6.14843750,-1.26899986,-1.72999783,-12.08737004,-9.58986556,-11.90729093,5.23722582,0.78303291,10.16314801
6.15234375,-3.17579368,1.78364016,-3.10475288,-6.80149725,-11.07005767,11.65645746,-5.24599835,10.22890961
6.15625000,-8.95678841,6.76651684,-2.98711243,-8.41926011,-7.82120724,8.36953702,-7.74300081,9.31397094
6.16015625,-7.00344571,9.81229659,-2.94810643,-5.98031890,-8.78263424,10.94176204,-4.52290734,7.73803130
6.16406250,-9.85118570,8.99561609,-0.45699715,2.79304588,-0.99580678,8.09899081,-5.45703173,0.80031987
6.16796875,-7.76141856,8.29563509,0.48984838,3.38757505,3.73628698,7.22499005,-1.90138723,-1.12848493
6.17187500,-12.44144638,4.68436294,4.36034146,5.71966904,7.49391521,7.19147646,7.67911076,-5.26300586
6.17578125,-9.62061906,-0.98970537,2.59858061,6.56767133,10.34428871,6.99384366,9.04365291,-5.08659015
6.17968750,-9.69847271,-3.60597176,7.21536406,7.97854550,8.14510333,4.90666514,6.14797080,-6.17820620
6.18359375,-5.78258997,-7.60866886,6.51628048,15.81431622,8.13653391,0.72500106,-0.89866911,-14.38630053
6.18750000,-4.05072887,-12.31101328,14.72844731,8.99371217,7.65365077,-1.42306698,-8.15419563,-9.87998376
6.19140625,-2.68011904,-11.07806773,10.97928158,5.01062434,6.86752281,-2.81868871,-12.42426387,-4.36328298
6.19531250,-2.57723374,-5.72185503,13.89523694,7.06775471,-3.15608411,-5.09216815,-5.85762047,-5.74406108
6.19921875,-5.05196631,0.17250859,10.11742014,5.27651694,-5.42871941,-4.95941732,-4.59915325,-1.24906219
6.20312500,-2.33020922,1.78400631,10.87646740,0.71326210,-5.43194798,-10.14720185,3.63263828,2.96266671
6.20703125,0.33700210,9.23244962,9.01430712,2.81293431,-5.71872299,-12.44396485,6.81417106,4.93157359
6.21093750,5.98491801,11.40713680,6.73128867,3.79509850,-9.46906713,-9.65721891,10.28007792,11.39615366
6.21484375,9.80255352,11.01298835,8.81665992,-3.30209687,-8.18341395,-10.46724646,4.57492655,13.24951747
6.21875000,8.39656621,8.03385355,11.52739514,-0.76319513,-6.04259640,-11.50033737,3.12320849,11.12915615
6.22265625,11.93196203,-0.58109580,6.20826940,-8.09600524,-1.44448867,-10.88028776,-10.03162195,11.11423746
6.22656250,8.43045234,-0.42148955,5.37904294,-6.64020070,3.76312758,-7.33213078,-9.47724369,7.25766742
6.23046875,13.36406234,-9.00990656,7.55576460,-9.81909154,10.72213765,-8.32615908,-2.80407974,1.39569307
6.23437500,8.78411126,-7.45820105,5.85962802,-10.39452148,8.35343033,-8.89886312,5.84755042,3.10941482
6.23828125,7.74370754,-7.09222331,5.28287787,-7.51095730,9.84986047,-6.34520911,10.75608962,-5.52298310
6.24218750,6.23355180,-7.15721566,6.08733465,-5.35159363,4.58785364,-4.74242716,10.05777623,-11.19012443
6.24609375,3.35327582,-4.69485483,1.92926218,-0.94366220,1.57272701,4.19767938,4.73952037,-7.25015564
6.25000000,-3.66299860,-0.48479544,0.17059836,0.81438227,1.91843292,0.30543982,-1.61348573,-13.71218790
6.25390625,-2.61158603,5.64325614,-1.96316234,6.51064391,-4.12564367,1.14272405,-7.81433539,-8.93034836
6.25781250,-2.71185996,6.81338904,0.10917774,6.27028218,-3.50952526,2.09507808,-8.67004586,-8.00931169
6.26171875,-5.91069257,10.28800814,-4.21168219,13.95027212,-9.70073599,7.81886633,-4.20335538,-3.83197670
6.26562500,-10.73986328,10.39895037,-6.46510539,9.17198571,-14.53110935,7.26575439,1.85180771,-1.18106520
6.26953125,-7.82249836,6.17605551,-9.32497854,15.75331310,-9.38492960,11.38551010,5.52448880,5.17600346
6.27343750,-3.68415060,3.85586679,-3.64743058,12.48275588,-10.07803252,14.17789264,8.47602102,9.46552838
6.27734375,-10.10421303,-0.09154326,-12.13750080,7.92163434,-3.22580746,16.07391686,6.74996738,11.45585424
6.28125000,-8.67955043,-10.03660248,-8.86507160,5.39411462,0.45507295,10.61343070,2.75983393,6.62199428
6.28515625,-10.75627542,-4.87838963,-8.29086514,6.54664896,5.85636689,8.76294593,-3.57878438,3.73891579
6.28906250,-1.85463619,-8.89690251,-9.41048906,1.78467183,7.23967269,10.68533113,-11.71565165,7.47223552
6.29296875,-7.07153214,-8.13438747,-7.05087807,-4.12585975,9.30493642,9.54382594,-9.30725731,4.77253725
6.29687500,-1.07135543,-5.20738939,-4.79803456,-6.85240428,10.26308142,3.66364629,-7.64886786,0.88642892
6.30078125,-0.14116445,-0.42336906,-11.57644477,-4.07777297,5.22756919,8.17045341,-0.76249333,0.85716134
6.30468750,1.84111973,2.56726194,-10.05271583,-11.37793061,1.95267159,4.06907849,13.54893076,-5.70480793
6.30859375,4.91271379,4.25141254,-4.19527401,-11.66342063,-0.45351890,-0.09834501,3.22987919,-6.60899735
6.31250000,9.27283250,4.01167997,-5.09971710,-8.15759027,-2.80765431,-2.07489098,9.30894416,-13.62037071
6.31640625,5.18608616,8.53978394,-7.12314727,-9.86070875,-9.07467364,-2.05080121,4.26352249,-7.97396168
6.32031250,10.01948097,5.95841891,-2.36646570,-6.60499274,-10.84381314,-3.93054004,-5.04224461,-2.15427154
6.32421875,8.87748975,6.98717917,-3.52036788,-5.75223080,-7.52502003,-6.70852094,-8.09451961,-4.72387238
6.32812500,10.97914946,-3.62285664,0.15969171,0.50559312,-5.61921291,-7.79286029,-7.18449867,-5.16769336
6.33203125,11.41904042,-8.83741870,2.20256235,0.35826215,-2.43022019,-8.76849243,-3.52093807,0.23064414
6.33593750,6.06202009,-12.45675132,2.52182523,-1.31774697,5.65769441,-6.27141736,5.53219615,1.39687222
6.33984375,1.11853900,-11.08430153,4.62692331,3.17207193,7.84175431,-9.32919645,3.50479746,3.49020945
6.34375000,3.87220957,-9.54947123,9.46363626,8.02182623,10.92414479,-12.53042202,10.53253929,10.08240721
6.34765625,2.18037709,-4.27442944,2.38612915,5.74383687,8.95753643,-11.04172161,-1.18555827,6.63434539
6.35156250,-0.83925698,0.77450163,7.36980074,9.68982528,12.88587870,-6.36190717,1.44478110,10.46469453
6.35546875,-5.43984371,9.91417500,7.40460429,9.04122421,8.66968879,-8.65106032,-2.69247880,6.16561826
6.35937500,-3.60766649,8.12083384,7.47536959,9.33413263,2.19191929,-4.59470284,-10.35600631,9.33523196
6.36328125,-5.08936681,11.25585599,7.40729033,10.07398048,-3.50624593,-3.13278992,-7.11299030,0.32914298
6.36718750,-8.82443618,6.51694415,11.77775494,4.89325752,-4.17707306,-5.82622555,0.38425600,-1.83463886
6.37109375,-10.42996604,3.74754968,10.08471023,6.88366010,-9.71585235,-0.71710872,12.87405987,-6.28468738
6.37500000,-8.14459122,-2.27733756,8.98076317,4.48881860,-14.03703372,1.91761594,9.46191842,-6.66157622
6.37890625,-8.54202701,-3.55831131,5.29824486,-2.79739488,-13.70550473,6.55170332,6.99080110,-6.87629624
6.38281250,-3.01492134,-11.24851912,15.02894750,-3.64997184,-8.67952909,7.16703979,-0.23116161,-10.29314117
6.38671875,-5.69985140,-9.39211133,16.74563253,-8.18171702,-2.34336376,4.83931639,-7.86991836,-9.21236704
6.39062500,-3.71116337,-10.20225424,6.76581606,-9.80716240,5.87296341,7.39357639,-10.74078520,-8.13343493
6.39453125,-5.11815251,-8.50848178,9.54201521,-11.21539813,7.94923846,7.86958626,-6.95159967,-7.20972426
6.39843750,-2.29157481,-2.98434101,7.57151629,-16.40832828,9.06529420,8.36414880,-4.34364522,-4.25555071
6.40234375,-1.36163998,3.83655831,8.67180228,-10.91132217,10.16626750,5.06648185,5.63998469,8.87318212
6.40625000,2.77369985,3.66661019,-1.83433788,-7.27045802,8.10762085,10.77394062,7.81707190,9.52497721
6.41015625,4.79541696,9.29740791,0.57768657,-6.52403449,12.96410285,12.06875919,11.42027227,11.55836354
6.41406250,4.31018556,9.64430710,-1.07927983,2.37851867,1.78554608,11.44414077,6.22447473,11.96492777
6.41796875,4.86508028,6.40927993,-0.84728684,1.92574278,-0.50546597,7.49235443,-2.92934704,9.07298981
6.42187500,12.64639852,5.22859292,-3.07073809,4.11048351,-5.24686206,8.79348777,-7.59934978,8.23315379
6.42578125,9.76224410,-3.25065015,-3.25677671,6.87338747,-12.21312461,6.76409027,-10.79119401,9.11721446
6.42968750,11.39788511,-3.84048640,-5.79231183,10.03802713,-12.45699673,5.81487624,-3.82664422,1.73964044
6.43359375,9.17556067,-7.76981218,-7.78611519,11.94326097,-11.21900565,2.48463856,0.06352464,-2.22212823
6.43750000,6.56087268,-11.72336468,-5.71414880,9.69626689,-10.42040986,-1.73187534,6.85721597,-7.13193598
6.44140625,3.62321998,-8.50059515,-10.86190482,9.88151894,-7.37369061,-0.04760117,8.70577556,-10.76048298
6.44531250,2.81532479,-6.41940150,-8.00721817,6.03470765,-2.03862754,-2.94806267,6.38361007,-7.26186160
6.44921875,-4.36257378,-4.03827302,-3.85715865,3.93262029,2.81195634,-6.10992465,0.58189980,-7.36759478
6.45312500,-2.13059355,2.09972610,-7.80570995,3.76415197,11.09428630,-5.51891188,-10.88609310,-12.37015379
6.45703125,-8.01057649,11.53863370,-10.39262275,-2.22664799,5.63326868,-10.48545270,-9.60035741,-8.13367459
6.46093750,-8.35786168,6.77018379,-8.98230218,-2.32793835,9.91418096,-7.28196670,-5.02542618,-4.90834500
6.46484375,-8.76536496,10.94826577,-11.33942819,-3.09423495,7.87119294,-7.55299136,-1.76094213,-0.85067971
6.46875000,-12.50839287,6.29714580,-12.12396503,-5.50974289,3.59309092,-7.45598944,7.53819481,2.47651101
6.47265625,-11.59639072,6.01380317,-6.61526366,-6.71680245,0.99663326,-9.71926207,9.23975222,5.80192003
6.47656250,-4.80306182,-6.02878975,-6.83496499,-9.60110953,-2.37819962,-6.98057539,8.16512077,4.37958662
6.48046875,-10.07431975,-9.29279860,-2.75732009,-10.62157646,-11.97754774,-9.74522864,0.21642358,6.86979493
6.48437500,-5.94291702,-12.67049035,-4.04619106,-9.88920162,-10.25007163,-10.12344043,-2.79951298,10.87444489
6.48828125,-6.23717870,-9.02824345,-1.69897303,-8.53062223,-7.21261702,-6.00509864,-13.40464835,6.69317685
6.49218750,-6.08695003,-9.13185332,-4.84497998,-7.39875342,-7.47395147,-5.63843530,-10.59087367,5.24530697
6.49609375,-4.13027719,-3.31544584,-3.29681550,-0.29823548,-6.54866451,-1.85421819,-6.59825063,6.52236963
6.50000000,-2.07280017,2.17062856,0.57644375,-3.39142061,2.68102150,-2.65419770,0.63282171,1.71364206
6.50390625,-3.89820429,3.45056663,2.94233283,1.78970148,3.72172673,1.32520354,9.56037771,-7.68334401
6.50781250,1.82858166,6.60542306,6.24422289,6.54210618,9.16097873,0.20032142,9.70759072,-7.88068878
6.51171875,4.63780171,6.22560892,-0.72808035,7.90669709,10.64688274,3.96981961,10.41268125,-5.85480337
6.51562500,7.07045528,7.43862090,-0.00550413,9.24002622,11.88746970,5.56222653,3.20313303,-6.71760159
6.51953125,6.33251321,7.00769526,5.49673827,13.30299319,11.47784430,8.02678013,-1.83977463,-7.39436854
6.52343750,11.28102078,0.10518517,7.26943501,6.62747279,5.85481943,9.21283803,-9.42448939,-7.50166511
6.52734375,12.69234364,1.01009372,8.06374918,10.68323945,-1.67487375,11.81648593,-5.92264463,-4.87979612
6.53125000,6.83825344,-8.18251266,11.11686692,10.45246598,-3.73385724,14.24801915,-0.47204123,0.28699595
6.53515625,6.75884415,-13.76995637,10.20307763,6.82347801,-8.91224893,6.12384312,2.07055834,0.20922544
6.53906250,5.05537694,-10.30379306,12.96903644,6.27610910,-9.63180007,8.39455361,3.98587352,6.39467842
6.54296875,4.88862431,-10.24369694,11.82688460,-4.03356851,-6.71430363,10.33094995,4.39649274,6.76526867
6.54687500,-4.04573921,-6.53737780,10.59677111,-8.79552423,-3.27238992,7.79363103,4.80802098,12.15998877
6.55078125,-0.47309314,4.63939765,7.88285995,-3.59415508,-4.92599518,4.31098915,-5.94830570,8.94676497
6.55468750,-3.58158660,4.09115154,7.25388082,-6.74243721,-3.29450235,1.71005427,-0.53628289,9.62443328
6.55859375,-3.48056558,11.56995819,8.82907743,-9.64534198,-1.06351201,3.03813648,-11.10876451,6.02894646
6.56250000,-9.16264194,9.56424473,6.73767509,-7.10993249,4.30035063,2.00230274,-8.29578361,3.95415610
6.56640625,-6.06593140,9.32568180,4.56443329,-5.33403923,6.79454845,1.88498744,-0.21223773,2.09366822
6.57031250,-8.34653818,6.28317561,0.89542845,-4.62532979,7.78849736,-4.70963882,5.32869251,0.45953161
6.57421875,-9.76436256,2.48723939,5.25517070,-5.66641173,8.28035994,-2.27733612,8.40850619,-8.96135926
6.57812500,-7.13169006,-2.74281533,3.83135700,-4.08482997,4.16256512,-2.71874853,8.85128696,-14.62640843
6.58203125,-7.71067049,-5.73094296,1.31423979,-3.79587217,-0.41482504,-5.98497122,3.11452787,-9.18294969
6.58593750,-6.90961946,-7.92893224,-1.11853108,2.54011039,1.62047376,-9.02257086,-3.75583141,-9.15853354
6.58984375,-3.64543754,-9.23503065,-1.11735872,2.03418487,-12.92387149,-6.37767917,-11.59392862,-9.74416250
6.59375000,-7.26615180,-10.58186294,-1.74600707,5.70209702,-8.85711623,-10.95664208,-11.35715251,-6.67164945
6.59765625,-7.00087077,-4.80760199,-5.28836147,4.93128774,-9.77401157,-10.29219186,-7.24292279,-1.75370282
6.60156250,-1.00470109,-1.21310161,-6.82269235,9.21061839,-9.85690886,-12.46109846,0.05424137,-2.17610540
6.60546875,0.11086493,5.53974180,-8.97612723,8.85029929,-3.28121132,-9.29046884,9.36120517,5.39172407
6.60937500,5.57535078,9.25616102,-16.10278348,13.64301333,0.24462587,-6.20384238,7.43506488,11.89781391
6.61328125,6.75519737,12.06546866,-6.68806250,10.85564461,3.27603708,-1.79972744,6.47336344,8.26129277
6.61718750,7.04996056,8.29463417,-7.47196576,10.39059877,5.75229515,-4.29189943,2.83857181,9.26728368
6.62109375,12.20191324,4.98386833,-9.58912631,0.80083307,7.07824086,-1.02331403,-9.79346977,6.59518205
6.62500000,8.86284677,-2.29287952,-9.90528781,3.31420427,12.16657245,5.49103840,-7.98121001,9.43147575
6.62890625,9.55488300,-4.23729810,-6.89875294,-4.11769229,7.93639792,3.04222278,-6.07811962,3.86531889
6.63281250,8.17017805,-3.89090253,-12.70266246,-4.74549361,7.44621824,5.74983151,-0.03838233,3.01131612
6.63671875,7.92756045,-10.58280234,-5.47657218,-6.72787731,-0.75440096,6.84729009,4.70674192,-4.44177235
6.64062500,3.72585565,-8.97616759,-10.80567483,-10.72522406,-3.76768377,6.14003386,8.35793350,-8.34834868
6.64453125,2.97788849,-6.79823350,-9.05195678,-8.73147397,-2.26336128,6.83623583,4.99714672,-10.65557682
6.64843750,4.49442576,-5.54517172,-7.09349746,-11.76551479,-10.15566767,7.67931100,3.67239720,-9.20913395
6.65234375,-3.37450638,2.90833364,-4.85026861,-3.50313573,-10.58762842,7.85596517,-4.33417837,-9.93617752
6.65625000,-2.34517189,5.15218767,-2.50497717,-10.68850972,-10.01794848,8.23859776,-9.59478229,-7.78496372
6.66015625,-5.59226322,7.99590437,-5.69130847,-5.74009421,-4.04161721,8.69062904,-10.05415586,-4.74316134
6.66406250,-9.40997143,9.71255397,-6.30459541,4.03815813,-1.25882502,7.77343720,-5.74651464,-2.19090383
6.66796875,-11.06115714,9.30402508,-2.88045122,3.29129256,1.46299561,9.90916350,3.12846141,1.98016639
6.67187500,-6.47198791,6.45047176,0.81233585,6.04607734,2.34356881,10.49715100,10.13775048,4.95788245
6.67578125,-8.81971101,1.28241817,4.49053275,6.87661864,4.71910390,9.48143218,6.16711671,7.90370485
6.67968750,-4.88428542,-7.82067266,6.98779926,6.58966112,10.33277758,5.10460756,6.41466045,9.26117775
6.68359375,-6.83903513,-9.71551609,10.50116165,8.38315962,8.65244104,2.11127617,-0.31219811,10.37647415
6.68750000,-6.12352039,-12.40328672,5.98221762,6.49466396,5.67849742,1.38157217,-5.91604768,8.12082158
6.69140625,-4.07428639,-10.25168669,7.95930441,10.91033542,1.08408007,-1.14048711,-13.21598196,5.43389301
6.69531250,-4.57329453,-7.63226040,10.50326222,7.07384494,-0.22002369,-2.79607717,-5.84792899,0.63448318
6.69921875,-4.77439118,-3.16718911,7.54366629,4.46344887,-6.94454097,-4.68957221,-2.39106379,-0.35785065
6.70312500,3.39912552,3.39312568,12.15508176,4.54096111,-10.12328425,-5.16881414,6.09829417,-3.19040215
6.70703125,2.73543888,6.24681016,11.30226949,1.08353319,-5.54242039,-8.42616803,12.72654034,-5.29721652
6.71093750,3.20355166,10.34719623,8.28547992,-0.11525357,-8.74007566,-12.71412320,9.08858778,-6.97363352
6.71484375,7.57501341,10.66596397,8.22778549,-2.80478798,-5.83179442,-8.79175377,1.81457487,-10.08988442
6.71875000,6.67502388,10.99408386,4.54115975,-8.14446138,-0.98270038,-9.82998044,-4.80139416,-10.59902671
6.72265625,7.51677748,5.62802666,7.96817854,-7.09991133,1.30234564,-11.26670721,-3.98035796,-5.41798699
6.72656250,10.51587692,-1.12799469,10.14256891,-7.03590197,4.00168091,-7.44440699,-5.47963355,-3.01333843
6.73046875,11.36046405,-3.94677845,8.93822508,-8.21588952,7.19325547,-4.96031025,-6.67923578,-5.47484784
6.73437500,7.05730486,-7.65089002,5.06671631,-8.62695339,4.99981195,-3.86681977,2.15130543,0.36820699
6.73828125,6.63862352,-13.12559990,4.14783515,-5.94552222,8.14783591,-2.27072101,3.19318133,7.52231082
6.74218750,2.71090511,-8.60727571,5.15552392,-3.44215430,7.47936244,-3.79982179,10.44946696,5.07264220
6.74609375,-3.01632156,-4.79740412,3.51510537,-2.53087309,3.57987643,-3.85399243,3.43507041,7.52815007
6.75000000,-4.32566435,0.72944160,-4.13306518,2.11106938,2.00997584,-2.90659295,-2.56600305,8.59556314
6.75390625,-6.30120938,8.15091201,-2.22413295,2.52573808,-5.13012882,1.73121072,-10.18474423,9.67546867
6.75781250,-4.25880446,5.77172214,-4.15484081,5.03932927,-11.45821621,1.95403016,-9.67625690,9.24595750
6.76171875,-4.43296595,9.60079548,-4.78243218,10.12591371,-8.53627432,8.92972965,-10.24547825,6.05123112
6.76562500,-8.83629816,10.37866085,-9.98093693,6.88191845,-7.69193459,11.75890640,1.67219984,-0.70906614
6.76953125,-8.90288076,7.93331251,-6.46574388,12.29097855,-5.23713262,3.97498787,8.22555644,-4.41246888
6.77343750,-6.82919225,1.99545134,-6.17212282,12.31706989,-9.61444970,10.63492553,9.21626089,-5.04430931
6.77734375,-14.17025942,-3.33786455,-9.10182550,8.21364653,-5.59888639,11.69333525,10.66350312,-8.28297573
6.78125000,-8.43661840,-7.66391832,-12.63210815,4.67045986,6.22477019,14.55058606,5.52204566,-11.96612771
6.78515625,-5.38746059,-8.33846792,-7.75886065,5.50938529,5.76324260,11.00098090,-3.47257724,-10.76069933
6.78906250,-3.71851261,-12.32478619,-8.75746033,0.29519423,10.79567314,11.68608983,-10.16304250,-8.67923879
6.79296875,-5.17958966,-8.31279216,-6.96010936,-4.10101569,6.98955374,4.34637512,-11.02994010,-11.30424256
6.79687500,-3.05276656,-3.37261330,-10.98788773,-9.56909816,7.50201039,3.10104901,-7.95779432,-1.33201509
6.80078125,-2.75108633,5.27302948,-12.67096348,-9.34619529,5.69857534,4.46040314,-2.50180532,-1.17693724
6.80468750,2.73993960,5.83359152,-9.11883084,-9.73539699,3.03943536,-0.92945526,8.10462485,6.14888507
6.80859375,2.34461106,11.77033150,-5.58654867,-10.14793630,-1.20330072,0.66917779,10.62631382,9.75679530
6.81250000,7.23016118,12.41976733,-6.67704769,-6.55693065,-4.57025559,-3.40451606,8.09954125,9.52228978
6.81640625,8.43454394,7.99096194,-8.43967760,-5.04378483,-4.34527999,1.30865527,3.63472476,13.63654584
6.82031250,6.84479745,7.26686025,-7.02494614,-4.68720335,-10.45815735,-6.88898184,-7.54958033,12.95161849
6.82421875,9.45993604,2.25795570,-3.41302250,-4.50765359,-7.62069574,-5.15375917,-7.44927859,8.74373880
6.82812500,6.83886616,-3.19707953,-4.83083154,-1.16883839,-5.04393067,-6.64217224,-9.75640387,5.30219163
6.83203125,8.46107213,-6.91567401,0.95931009,-1.65952772,2.45689147,-7.38601853,-1.56777509,0.88306865
6.83593750,7.56865719,-8.97575640,0.31643573,2.65300400,2.72751941,-10.04712566,4.40677921,-1.80323845
6.83984375,8.26136853,-8.15023237,4.78569195,5.55872854,3.19227424,-10.96305856,7.99923752,-5.36655881
6.84375000,7.74669057,-4.86316567,3.09405291,6.09724331,6.38054079,-10.72709896,10.82272910,-9.49444620
6.84765625,2.55834285,-0.85625928,7.70093698,4.40121242,10.93332740,-9.05159570,3.35422981,-11.78126304
6.85156250,-1.60923499,-1.04000525,4.03119943,11.21532472,11.14507057,-7.85244214,-5.04501772,-12.92186152
6.85546875,-4.90345045,5.76240769,7.62796118,7.25473380,9.40069832,-9.00559109,-9.18174834,-7.08179605
6.85937500,-7.57162537,5.55344314,10.99559134,6.03649537,1.16092716,-5.16369015,-10.84585183,-2.69465759
6.86328125,-7.95757359,15.12780990,9.91268545,10.46671963,0.69278737,-4.36289448,-0.85537808,-1.47540117
6.86718750,-5.56584821,13.00719766,7.25381421,7.03362506,-5.73586929,-2.65420600,5.37709475,1.22934829
6.87109375,-6.83899264,6.07005590,6.54645495,-1.45652721,-10.23615269,-0.87052652,8.83416494,4.65719709
6.87500000,-9.09189605,-1.02299602,6.08081586,5.59931912,-9.82376220,1.39475798,14.36366517,1.14118893
6.87890625,-5.22856102,-5.47611733,8.78981796,-3.42705014,-8.86639413,0.83360881,10.91314948,8.58333745
6.88281250,-9.88166958,-7.46686293,8.84147125,-7.86140664,-6.47609385,0.93534107,2.87479312,7.76350166
6.88671875,-4.85566565,-10.66136265,11.30833088,-9.44097351,-3.59557069,5.24410238,-4.41426445,7.18031876
6.89062500,-2.21445541,-9.44753134,13.07994727,-9.25270011,1.78463523,2.67345213,-11.85175894,6.71656982
6.89453125,-5.29743582,-8.13693587,11.98529607,-11.16155047,3.05742935,2.95139058,-7.96955018,-0.10521804
6.89843750,-5.07611099,-2.78973774,8.51632277,-10.28987746,12.89894414,9.95650945,-1.67558130,2.83227380
6.90234375,-0.64845912,0.40272656,8.63716196,-11.13714645,13.15993738,7.49556783,5.59448875,-3.55393686
6.90625000,-1.79415252,3.17090860,4.39693109,-5.17113347,6.47747990,15.01212080,5.21669328,-5.42077151
6.91015625,3.82775972,10.55645003,1.53124747,-10.05372256,6.65880704,7.08677270,9.27468209,-6.37178786
6.91406250,5.45723228,11.00508901,2.12409295,-1.72759230,3.75256768,10.04641635,6.22093485,-7.98792521
6.91796875,5.57542884,8.88506921,-4.62645871,2.55700329,-1.27610629,11.47274195,3.05952710,-11.96815300
6.92187500,9.61913002,5.93446595,-3.72653222,5.40094505,-7.70475724,7.40157554,-11.65851925,-6.77811527
6.92578125,12.58134671,2.41135027,-5.81757049,7.06304373,-8.48232472,8.25038970,-7.32325154,-5.11911417
6.92968750,9.10565226,-5.67957905,-5.21532296,8.72587164,-14.80928032,4.09816182,-4.38801301,-3.22460315
6.93359375,11.27438551,-9.91991309,-8.62576820,9.59357433,-14.13760503,1.85701050,-2.33183455,-1.49864988
6.93750000,6.65533431,-12.46409228,-4.25092309,7.96558814,-5.92855130,0.87848208,6.37236208,0.36425003
6.94140625,5.28747580,-9.49162952,-7.24065843,4.74510865,-0.55106856,-3.40344090,6.12519077,4.22866994
6.94531250,2.80265140,-2.98498573,-12.92210790,5.86535628,3.47247639,-5.26206222,9.03356937,13.39593963
6.94921875,-3.04550779,-6.00692323,-6.54140346,4.94462345,5.11951381,-4.27746127,-0.26137688,10.03363597
6.95312500,-2.28899121,2.44137675,-11.82136488,3.38798064,12.32413522,-5.96519992,-3.20090575,9.72838675
6.95703125,-5.18108588,11.39939828,-10.22374477,3.68275555,6.52476913,-6.16842859,-9.55804510,7.91455040
6.96093750,-6.19634074,10.28714516,-13.46334294,-0.36165450,7.78317397,-6.27837937,-8.51942138,5.95451857
6.96484375,-7.99626809,10.83580800,-11.14305073,-6.93073061,8.24800852,-9.56444811,-2.73220165,4.64144748
6.96875000,-7.86699389,6.54292331,-12.15129665,-4.74912603,-1.97048668,-7.57738380,4.10415429,-3.32360183
6.97265625,-11.71143991,1.85511846,-8.06928512,-5.26892586,-1.31653874,-12.36200282,9.12171007,-7.70539328
6.97656250,-9.95306468,0.98109294,-7.82972522,-10.16163604,-4.77870475,-7.22761837,12.08788333,-10.67494753
6.98046875,-7.00897341,-10.70809826,-6.20721095,-6.54855412,-7.03279427,-7.69752501,3.98063409,-10.68561559
6.98437500,-6.54888546,-8.16588214,-0.09689478,-12.92287620,-10.42290466,-2.09564978,-3.39662815,-7.84025837
6.98828125,-6.89337519,-9.68142554,0.27649251,-6.55224554,-14.85670606,-6.23298143,-7.71108841,-11.85562651
6.99218750,-2.09284068,-9.55393518,-0.77483252,-8.07021016,-8.32900007,-5.68473128,-12.76097316,-10.67738425
6.99609375,-6.89870534,-4.01074657,-0.35040467,-3.79255678,0.86003085,-8.97777811,-9.82302360,-6.97018690
7.00000000,-10.10879560,-6.31016872,2.39591878,-1.90992484,0.61724829,-2.03645411,-1.62956927,-2.40273252
7.00390625,-2.28764309,2.92860819,-2.48993734,2.57620931,5.24354386,-2.95869846,2.25811709,8.65876527
7.00781250,6.28568961,7.92397347,4.21954474,6.02055906,11.61946559,2.72791414,10.97254721,7.68427838
7.01171875,3.30309678,9.14289498,2.85975688,9.76019508,14.05687014,4.58128473,8.52151272,6.43491304
7.01562500,7.44946923,12.73974319,2.76158170,10.42412819,11.90696221,5.37141082,4.58653345,13.74097011
7.01953125,5.88631241,8.53630650,7.29357703,9.09850095,4.70458503,11.01501548,-4.72532268,8.30729148
7.02343750,10.58285696,1.42823872,8.84692818,6.55014628,3.68165360,9.34215817,-7.73758905,8.90243331
7.02734375,9.85400306,0.15929597,3.53337009,7.86200650,-1.51899074,8.35012306,-9.64155874,3.33540963
7.03125000,12.32433539,-6.47620697,11.88171047,7.05095693,-7.22095239,8.83731131,-1.72336848,2.78474891
7.03515625,7.98974982,-8.19332176,9.38221930,4.93978291,-7.13292705,11.10008523,2.40870437,3.73413606
7.03906250,7.44942393,-9.24487741,13.57254956,-0.40594069,-12.25629420,9.45449681,6.56312679,-5.59796505
7.04296875,5.23186586,-6.44325309,10.63665485,-4.69026207,-11.63253362,10.90764088,7.12237640,-10.58417193
7.04687500,6.76013870,-3.46262672,6.53061291,-3.78276963,-9.52091691,6.95664729,3.05610036,-10.37492583
7.05078125,-0.96896273,1.26544417,7.64336088,-4.88894644,-3.42021235,2.00231015,1.45583807,-12.12671426
7.05468750,-3.01436260,4.15802857,10.86672050,-7.55406966,-0.57269629,-1.62869435,-9.80188676,-7.82494745
7.05859375,-10.90341682,7.52981258,4.80097700,-10.61060489,2.70955450,-3.07729661,-10.76518923,-5.33595993
7.06250000,-7.51812887,8.41797268,4.84276726,-11.19288250,10.11450333,-2.08327062,-3.44745144,-2.13045855
7.06640625,-9.46032170,10.28371077,2.24574650,-5.99530373,14.02649443,1.25308052,3.34727621,0.93020153
7.07031250,-6.97352971,6.12447005,1.84947821,-9.37367571,6.90894522,-6.59536585,7.22730971,4.44079729
7.07421875,-6.48374745,-0.38252309,0.60724219,-4.24245895,6.79227808,-3.99614004,11.06331070,6.71624225
7.07812500,-8.18767255,-2.49406679,5.16965745,0.45916023,3.90235131,-3.27079047,5.46308403,7.60852789
7.08203125,-7.62085836,-7.52562753,2.08163321,1.70324671,1.91561548,-2.91999870,-2.06849988,9.06451626
7.08593750,-7.28967586,-12.77375828,-0.04776899,0.88886757,-1.15601432,-13.73854611,-0.86889067,9.13580467
7.08984375,-8.01201816,-8.73782284,-3.81889658,4.37706547,-9.21714628,-6.64161709,-11.37003647,9.67006145
7.09375000,-3.37142497,-6.63651755,-2.62160947,7.96450448,-10.04380867,-7.96030853,-10.65746048,5.75702191
7.09765625,-0.77271660,-2.06048318,-3.71906122,8.91789052,-9.88594451,-7.72652850,-4.83183784,2.58721503
7.10156250,1.61341292,-1.58060487,-5.28071274,6.51304394,-6.92338223,-7.69579288,1.25998178,-3.80900227
7.10546875,3.44690129,3.43904218,-9.19143144,4.75163314,-3.12692137,-9.37629318,9.31300097,-4.56599816
7.10937500,5.76365427,4.40123800,-9.29056444,10.66344996,-5.67347504,-6.93214424,12.04565015,-5.70273051
7.11328125,9.96840746,7.54234470,-11.60031947,10.22232687,2.99137752,-6.28480691,7.97501897,-8.75867570
7.11718750,5.65470416,6.27767719,-8.29691372,3.58089039,6.68981839,-3.74468080,2.46918191,-12.18194491
7.12109375,12.33207439,8.98968738,-8.79076512,6.55339256,6.33305840,-1.26110554,-4.29572481,-4.80873128
7.12500000,9.00379267,0.43316225,-13.37298776,3.19820309,6.86224237,3.01826081,-15.34408706,-3.42928844
7.12890625,12.89312938,-5.62485409,-11.93227293,-1.72997732,6.08828398,6.54533083,-7.32445652,-3.58816834
7.13281250,9.45324364,-7.16289648,-9.69105076,-5.18632225,6.11316829,6.39159079,-3.88634718,-2.62406036
7.13671875,9.20417728,-10.15581211,-6.64610439,-8.63107304,-2.97999621,0.82098403,3.62389871,2.56218311
7.14062500,3.94229801,-8.24123870,-6.17730496,-9.72528526,0.47354438,5.45682713,6.33001960,2.00068558
7.14453125,2.01125961,-6.28384380,-7.60572513,-10.82739185,-10.03215419,6.59105711,8.87410065,3.72338703
7.14843750,3.94150122,-3.39697360,-6.16949372,-6.30688031,-11.65030605,6.54868125,4.04255348,7.66929697
7.15234375,-4.85919844,5.21965844,-5.84774937,-7.20016236,-5.86058851,11.08511989,-1.10369639,8.78011937
7.15625000,-5.66892410,5.11056246,-4.85867010,-7.99787049,-10.37977781,11.23833987,-6.09905324,5.96106079
7.16015625,-7.36109546,6.66900654,-4.32099917,-4.21403287,-5.14487588,10.38207591,-10.21366090,4.06552775
7.16406250,-4.73912730,9.54837488,0.48395406,-2.93469413,-1.56406324,9.63859384,-4.86343355,0.88376674
7.16796875,-14.13802774,6.60052680,2.70691520,0.71573864,-1.15274898,3.75436593,0.90177340,-3.11104039
7.17187500,-8.20891530,4.91586565,2.23611591,0.03529169,7.70442796,4.87080407,11.74446008,-6.29073073
7.17578125,-7.44237407,-5.29708618,1.89867552,3.98466420,2.51288711,4.95826593,8.95683975,-7.00656969
7.17968750,-8.57380513,-4.22933071,7.86005374,5.13745469,11.75459356,4.11750215,11.98322799,-9.74755812
7.18359375,-8.30357609,-6.41094277,10.75798346,4.23876635,5.31608785,6.92301512,1.46315602,-11.83277836
7.18750000,-4.93074178,-9.40388361,7.84905065,8.39597552,7.92870800,-1.81239540,-11.51712167,-11.41632405
7.19140625,-3.41508863,-10.64032020,7.78448419,6.87665450,6.17830745,-0.48899566,-13.04031074,-7.09759758
7.19531250,-3.24500691,-5.64927652,5.05277090,4.55687592,-1.77587530,-2.46034347,-12.53263798,-4.86834587
7.19921875,-4.28175241,-4.62179910,12.63972273,4.78295511,-0.32219880,-9.10856984,-1.08249572,-1.51258927
7.20312500,-3.60695275,1.78111420,5.65879224,3.26147443,-1.74754263,-7.49250332,11.81387548,2.46742862
7.20703125,0.90408056,5.10353047,5.12185157,1.73053358,-4.12800622,-7.11795509,8.20418213,8.92732048
7.21093750,4.44420051,11.64135612,6.45407928,-0.06884597,-6.68325600,-11.26991519,8.84428891,12.34160417
7.21484375,5.53167109,11.36276569,5.59227967,-0.55394234,-5.90685045,-8.16142397,5.46391141,5.76630023
7.21875000,7.92741293,10.37736671,10.16577479,-5.09584197,-3.88513452,-9.83876412,-0.48286373,11.53896491
7.22265625,9.31178898,4.70360501,5.25045327,-10.50806537,-8.33606645,-11.59059528,-3.83417598,11.32948562
7.22656250,13.34975745,-0.32804295,5.39216890,-10.24229154,6.48775018,-6.69227838,-10.42396456,2.46528730
7.23046875,11.61279455,-9.44311663,9.65864695,-5.86857079,8.00818415,-10.14711167,-3.12242459,6.28831233
7.23437500,10.26307375,-9.81431879,4.68552909,-6.23198564,10.24126132,-8.21446426,3.17532926,-3.08662286
7.23828125,9.72015791,-8.01233010,7.99032193,-6.92066223,6.72620819,-3.01481725,10.94691212,-6.13817992
7.24218750,3.53776212,-7.30195230,3.58087834,-4.99704529,12.48961573,-2.12691874,10.16641496,-6.85287350
7.24609375,1.91761331,-5.32021905,4.06075950,-1.36786767,2.91873243,-5.01477161,5.68299233,-9.64879497
7.25000000,0.50149547,-1.36140561,1.15571406,-1.31901991,2.23883077,1.82011963,-3.26455829,-12.91118587
7.25390625,-3.13548197,1.01862717,0.58475669,-0.53978338,1.44707235,3.06766698,-5.51865840,-9.01531885
7.25781250,-5.66118641,10.04466441,-1.26939395,6.20001158,-7.35814230,2.70213938,-10.53844246,-4.56184758
7.26171875,-9.13821717,11.93026262,-6.67585891,11.23962647,-10.35579570,2.35414884,-6.03713137,-2.31869667
7.26562500,-7.94848849,12.34405366,-7.61963617,9.78447475,-8.07641911,7.56023164,-2.77579204,0.22852632
7.26953125,-12.85682115,9.97451720,-9.63511874,12.51293331,-9.02131860,9.45846753,6.19618713,5.10435706
7.27343750,-9.80993272,2.46947163,-8.80378668,6.92561302,-3.52135051,11.52145443,4.61473519,5.95892062
7.27734375,-6.69304055,0.37905451,-6.21181421,8.87432154,-2.45758452,4.71838581,5.05256085,10.43259313
7.28125000,-7.14443981,-6.23358856,-8.30585395,3.40833515,0.53644435,12.52062753,5.10851439,10.24719864
7.28515625,-8.20513656,-10.02999433,-11.07058944,2.43181320,7.08400159,11.22405937,-2.76507375,7.28543966
7.28906250,-6.93852644,-8.57981821,-8.29705735,3.01690809,8.06364918,9.58751445,-6.72268829,5.91607628
7.29296875,-5.16154349,-11.29047814,-6.94370426,-1.83065950,13.95324177,12.02524935,-10.43548979,5.74026053
7.29687500,-1.76766080,-3.91153284,-8.42610198,-7.90221145,10.59421964,5.67965887,-9.06350656,3.05218013
7.30078125,-3.34247943,-1.58735285,-8.78839914,-3.46866302,4.70234778,-0.83202653,1.69206654,-0.12184902
7.30468750,-2.08759902,5.35432991,-1.11282540,-7.61260563,3.08387286,1.41858500,7.38430349,-3.57349759
7.30859375,3.87162625,7.91775820,-9.18048585,-10.36032544,-0.44826445,-1.72424757,10.37286073,-8.29008511
7.31250000,9.25845493,10.44126743,-8.92134384,-12.37278725,-4.61979904,3.39800255,12.02166215,-7.00085328
7.31640625,8.74045939,9.57465889,-10.51991974,-7.00320221,-11.38500575,-4.74874277,-0.49675902,-9.19142343
7.32031250,8.35560810,9.34557455,-6.02767978,-4.01501361,-11.03225928,-5.79968851,-0.82992916,-5.18739769
7.32421875,9.80743925,4.50216490,-7.57133303,-4.09548742,-11.92751230,-3.45723360,-8.90230686,-7.91855136
7.32812500,14.53444372,-0.22288084,-4.12263192,-1.48486651,-3.69849143,-7.12086123,-9.73083629,-3.35521340
7.33203125,8.92295109,-5.35995627,3.89337011,-1.10456514,-6.28781089,-6.35566462,0.14790018,-1.88288283
7.33593750,6.44978627,-9.90616954,5.47568495,1.50423527,2.37321055,-7.37430010,6.13795767,4.16281524
7.33984375,3.57671718,-13.15258163,1.89880537,1.95180836,6.89194673,-12.99016929,7.65971018,5.11717337
7.34375000,3.43029013,-6.09299653,3.72074169,7.21613235,8.81964151,-11.19579964,6.36533107,6.91435151
7.34765625,2.10963832,-0.79317960,4.99158141,6.80462959,11.46190599,-11.92424310,2.68866500,9.14143223
7.35156250,-2.89213150,2.80587680,6.98797858,9.87261090,9.03012580,-7.31567616,-5.34468482,9.54529782
7.35546875,-5.61131211,7.51213453,5.34688042,10.83897748,7.33521843,-12.67976470,-5.36786276,10.46721007
7.35937500,-0.66648183,10.88241413,3.59931480,11.72705540,3.57750145,-6.36423652,-8.63944870,6.82408940
7.36328125,-9.97457956,9.94382459,13.18982292,10.51487169,-5.22185750,-5.51255154,-6.83718055,-0.56871505
7.36718750,-5.95283431,6.82402175,8.25357480,1.74356788,-1.91523340,-0.57978117,2.10459040,-0.43509005
7.37109375,-5.70782663,3.59991065,10.75305926,3.08837773,-6.53405034,-5.63824393,8.62770213,-3.29264981
7.37500000,-7.92292086,-0.70380374,11.09005631,-0.37353789,-8.07894937,-0.64458698,11.62731093,-8.13494052
7.37890625,-11.94773690,-5.86250176,10.34868791,-0.85969874,-5.68604131,4.32193650,4.53445065,-8.31951724
7.38281250,-8.73257929,-9.23636110,10.93767881,-1.30857741,-6.07081024,5.99092979,1.65582783,-6.53544794
7.38671875,-4.58194410,-10.14285975,10.49478831,-10.09973125,-4.66056860,5.79897238,-9.31151115,-10.17804925
7.39062500,-4.90086339,-13.07608484,12.28668320,-12.35085482,2.65392363,8.16131968,-10.59119185,-8.71368790
7.39453125,-5.30021145,-7.15092291,9.95144085,-11.55784344,5.35248786,5.79270765,-11.09595229,-5.52580191
7.39843750,-3.12066884,-2.30925743,6.43787270,-13.77655534,11.79078501,1.73831379,-3.37462599,-1.23823219
7.40234375,-1.46607763,4.09016156,9.08925990,-12.74601849,12.58754825,6.65358553,3.87702737,3.19520844
7.40625000,5.50912903,10.22645276,2.53114854,-4.26468253,11.40341199,8.77130727,8.96892029,8.64034311
7.41015625,4.62564047,10.57464788,1.12736750,-2.26415019,6.76335389,7.65191016,9.02080105,10.12511888
7.41406250,4.11912111,10.82563874,1.63482134,2.38501165,5.47097101,7.75808072,7.06982821,9.69203014
7.41796875,13.01348224,6.76781202,-0.76011425,3.25824177,-6.82353900,6.82521675,-0.49472532,11.84139681
7.42187500,11.10301433,1.94562303,-0.38531662,6.90504772,-4.10579896,10.38461633,-4.23329248,9.90065660
7.42578125,11.07306942,-2.29041011,-9.20545086,8.00214267,-8.91084958,7.98523418,-10.61742137,4.11314891
7.42968750,10.39852535,-7.19120497,-7.54299347,8.97161487,-9.37782369,1.04943170,-7.20409536,8.09953722
7.43359375,11.20539956,-9.00721267,-6.34911766,12.04904522,-11.67474048,0.18749473,2.69868163,-1.08968792
7.43750000,7.46236997,-6.71343164,-9.25513285,12.14184367,-4.93615756,-0.29855986,13.16075166,-6.20353389
7.44140625,5.75617177,-8.98252313,-7.81855922,14.71320898,-3.31535872,-0.73154123,13.78096288,-12.34543905
7.44531250,3.54490191,-2.39910068,-11.38780790,5.77163675,0.89908681,-5.55958724,9.99395824,-7.93565431
7.44921875,5.06086155,-0.19696773,-8.91440534,5.57865169,8.03933270,-10.04275637,-2.74042053,-15.30204049
7.45312500,-1.25138210,5.21981887,-7.89541403,3.15458486,8.50835444,-5.19323784,-6.63239551,-9.15639876
7.45703125,-2.92563260,7.51464781,-6.56289668,3.66717005,7.44979754,-10.63236152,-9.68893766,-5.64178158
7.46093750,-8.23359171,10.36943343,-10.97011311,0.05516854,9.19262048,-8.85100613,-6.28875003,-2.45617150
7.46484375,-7.84537240,8.86091270,-9.92242396,-5.66760447,9.40519562,-7.04819265,-3.06085460,-2.49476259
7.46875000,-9.74298969,9.12696541,-9.54692641,-4.48975639,1.74639985,-6.19422987,1.28278818,5.15801326
7.47265625,-11.52765568,4.30995885,-7.12114018,-5.06538098,-3.30483569,-5.61559772,11.80076467,3.88021426
7.47656250,-5.45724898,-0.30740436,-5.79290782,-11.10328851,-5.47578797,-4.96297040,10.71140700,6.31728259
7.48046875,-7.48764747,-5.67397150,-6.15632568,-10.07555008,-9.41692678,-7.88898486,7.28157045,11.28328965
7.48437500,-8.42576027,-9.32864420,0.27530539,-12.87135962,-7.33474531,-7.76021184,-2.71721660,5.96239102
7.48828125,-9.66054315,-10.07098633,-5.04802639,-9.42180840,-4.63522961,-5.44411560,-9.60647849,7.89820709
7.49218750,-5.67456068,-8.79830875,-0.16076894,-6.63776783,-7.20015401,-1.80213056,-10.01080068,4.58423983
7.49609375,-3.71457778,-7.64264449,0.86441230,-8.83685760,-2.40821803,-3.97739458,-1.75048575,5.83535647
7.50000000,-1.06103811,2.15799956,0.00130955,-3.65378253,0.49425537,-2.04270855,2.06735507,2.39890856
7.50390625,3.82304112,4.78797419,2.15360486,3.68168871,4.72667600,-0.51609704,7.22988947,-7.55776553
7.50781250,1.68906221,9.11068151,3.51310999,2.97606328,10.20849365,2.53162136,6.84895093,-5.76322799
7.51171875,3.17513575,8.85152228,6.20689965,5.83446121,12.51911125,5.28552068,11.47024183,-9.51544489
7.51562500,9.24823173,10.26523447,5.90504192,8.73190810,10.56242528,6.47566316,2.40344600,-5.51842400
7.51953125,7.93121044,5.21138728,5.64002354,11.45924492,9.26910126,10.84311210,-0.90614281,-8.65968197
7.52343750,11.40213641,5.13542374,5.31540770,15.65299681,4.98392643,13.06544327,-10.92980814,-2.53179803
7.52734375,12.70721699,-5.42579645,4.34459682,12.83051118,2.78760135,8.63253081,-2.90066184,-3.09258326
7.53125000,8.87129804,-2.63952754,9.66442618,8.30411133,-1.44986434,11.64543664,-8.05867844,-0.56620144
7.53515625,8.82235042,-6.55768270,9.32459235,8.58678560,-10.53083682,8.87214225,1.60058328,1.60651331
7.53906250,8.84241927,-8.91236359,8.39256202,3.29170557,-10.04926934,9.09943645,9.88194852,-0.60371236
7.54296875,6.34521623,-4.92966904,11.91479302,-3.04238694,-12.79236122,5.15800231,10.30761189,6.42253839
7.54687500,-0.77078340,-6.31198611,10.79069477,-6.75079043,-8.32632729,4.74041263,1.31327751,8.37361777
7.55078125,2.66021684,-2.24394870,8.44902688,-6.56052641,-5.43596494,5.32467373,-2.30969693,10.89388175
7.55468750,-3.21081629,5.57423529,9.85980065,-4.65516889,1.69100176,6.02054211,-5.94595144,6.55046202
7.55859375,-8.38651269,7.48949726,9.08425704,-8.73216493,5.15678314,1.46406808,-14.96691723,8.41376105
7.56250000,-5.03509514,10.06155771,6.72085267,-12.60421057,8.76869877,0.95202612,-8.71624942,4.78030201
7.56640625,-3.19577428,9.07474504,5.54563120,-10.57115381,10.15227623,-2.17479038,-3.63345689,-2.06523212
7.57031250,-14.11618389,5.26475975,5.81671567,-5.02685426,10.55379519,-2.92384831,4.04772235,-0.82720085
7.57421875,-8.00734129,0.22858436,4.55955852,-5.58913861,9.47355284,-6.84133593,8.43540738,-7.34514290
7.57812500,-8.50422923,-0.87407203,2.31760790,-0.31037553,6.75253498,-6.60322582,8.98618563,-10.32980215
7.58203125,-4.64869782,-10.07683732,3.34025757,-0.94866178,-2.00069516,-8.24538769,0.00507988,-8.37500375
7.58593750,-12.40114952,-9.15680115,3.63062462,2.95533351,-7.01514221,-9.91477339,-2.68680973,-7.71780438
7.58984375,-7.34911803,-11.79454121,-1.76734526,0.25410583,-13.47912526,-9.23058413,-11.12814952,-9.43054732
7.59375000,-4.64939044,-6.45754196,0.39887942,2.98772862,-13.10978995,-10.54492071,-11.39024718,-6.34593306
7.59765625,-5.06923392,-3.83390274,-2.29511648,5.00488658,-9.47223618,-10.90579322,-2.54155209,-5.02505089
7.60156250,-4.76995716,0.83190666,-5.13687850,10.94757811,-9.09492520,-12.29472963,4.41678895,3.15977021
7.60546875,-2.35309964,4.14087101,-3.52782822,8.26274978,-4.72739110,-11.04162667,8.04785415,8.89835333
7.60937500,8.72335681,12.83482566,-10.04993004,7.41194699,-1.64863859,-4.65965631,9.74446324,11.82665496
7.61328125,2.93934065,10.18902157,-12.25382273,6.85892759,3.25645534,-5.95962367,7.29355394,11.04814248
7.61718750,9.83237371,5.98207656,-10.30422936,5.14617710,3.98760171,-1.22468714,-0.95745167,12.33018905
7.62109375,10.23142020,4.03855366,-7.78188227,4.13138683,8.34820084,1.89529677,-9.07024792,11.79289284
7.62500000,8.64220348,-1.53991911,-12.26365507,2.28992547,9.29661257,-0.99989838,-10.12125636,9.14687167
7.62890625,8.90744469,-4.15448205,-7.85027379,-4.57081211,6.92455541,2.22603745,-4.10283438,2.65547324
7.63281250,6.82007160,-7.61878410,-8.05643697,-5.87063624,4.23519034,5.24540436,-1.86614445,0.84440087
7.63671875,8.89033408,-8.19445255,-6.96650327,-5.65647298,5.41014805,3.78548781,9.87619521,-1.53610513
7.64062500,7.75586535,-6.00698776,-7.54601315,-7.85731607,-0.91601282,7.52949504,9.02394003,-8.50562395
7.64453125,3.01190618,-8.74966838,-5.55845224,-13.64350315,-9.16575677,8.37968213,6.28854290,-10.41976566
7.64843750,1.95405327,-5.78126066,-4.98504279,-12.28629694,-6.43346146,10.52733185,2.78510867,-16.00965491
7.65234375,2.20093734,-2.88563094,-5.34676264,-16.90650211,-9.36203769,5.00497954,-5.15599671,-10.52922923
7.65625000,-7.75892151,4.04682797,-2.32271651,-9.59652883,-9.43103494,6.20172380,-8.48048275,-6.21285934
7.66015625,-8.82774932,7.96189228,-7.45377502,-7.08604033,-1.61053279,6.62295026,-12.95785763,-2.57237320
7.66406250,-7.27771227,8.64146333,-1.55312543,-1.39576164,-7.65074373,10.07968298,-3.95473206,1.29297961
7.66796875,-11.45481207,10.27115969,1.33672525,1.37579106,0.29302258,10.43044380,-0.08004648,3.71904680
7.67187500,-5.67229001,4.75424951,1.36453153,4.70906847,2.08873818,10.07202233,12.10443335,5.74539750
7.67578125,-9.01446322,-1.25624171,7.90513353,7.22896901,8.85371858,7.12871800,10.66124472,5.02708496
7.67968750,-6.62355053,-7.18746209,7.27099083,10.45667814,2.17655462,2.76137399,4.36386310,3.90206527
7.68359375,-5.50977413,-11.98435872,7.43327489,4.76058926,12.05375062,-1.53398584,-1.40799873,12.33629035
7.68750000,-9.49712190,-10.96862465,14.39024438,9.51215635,5.26698229,0.43462979,-7.06584269,5.18220803
7.69140625,-8.45868626,-9.03289799,10.66526296,7.27397778,3.64168214,-5.80907474,-12.61063094,7.30197131
7.69531250,-3.63006556,-7.45717868,7.82046103,8.86421887,0.78672849,-5.95748305,-6.00988870,7.64129958
7.69921875,-6.76305401,-2.97726432,12.96256563,7.13812324,-7.59018222,-5.34620987,-2.76632469,1.54283930
7.70312500,4.16007153,4.84054633,9.52204091,4.72193438,-5.42438840,-7.80461119,3.87400252,-1.69932460
7.70703125,4.07870341,7.36677648,8.73120639,-2.18637818,-7.71672587,-11.03473442,8.77217265,-4.01124136
7.71093750,5.42468037,10.14446308,10.41554318,0.20522201,-6.49465049,-14.57148483,5.03262247,-10.61558106
7.71484375,3.45861876,7.65825245,6.60120087,-4.74585002,-11.90210564,-7.16717066,2.13002341,-7.21754060
7.71875000,10.14160190,6.64460629,3.07799104,-3.68721470,0.21755846,-8.02837886,-3.48229022,-8.66097632
7.72265625,9.19669806,4.40164242,7.30867919,-8.88712794,2.13877753,-10.85259574,-4.69133923,-3.81297716
7.72656250,7.80768247,1.24012421,7.44713285,-8.15289367,3.35378949,-9.74582051,-7.02848981,-3.35775484
7.73046875,13.66585131,-7.77027410,11.29335638,-8.19327545,8.58638657,-6.90966364,-0.78289935,-2.23545599
7.73437500,10.80580155,-9.13370111,6.16455051,-8.28346151,7.26048929,-4.77354906,6.86813657,2.21850723
7.73828125,4.78122690,-5.19886269,7.94939877,-10.26493800,7.77082245,-5.50286635,5.42246381,2.57166109
7.74218750,3.87912719,-10.12002084,2.32869877,-4.16043816,11.33054900,-3.64039264,9.04762011,6.02620246
7.74609375,0.52067274,-1.56954668,1.26809965,-4.87355919,3.61546667,-5.87485814,5.91630693,10.73210864
7.75000000,-1.07356348,-0.42032031,-2.61058025,-1.00216214,5.25691848,-4.59080720,3.13004020,14.24795929
7.75390625,-1.37666055,4.96154528,-0.75728777,5.86890496,-2.33417471,1.40136135,-8.83670768,11.66235954
7.75781250,0.47931351,10.85103419,-4.67823965,6.32897401,-5.72218299,3.51573297,-11.01541005,12.32957258
7.76171875,-1.04414039,7.30014492,-5.22256803,11.09997507,-10.77084953,4.77308201,-8.72075376,2.14839592
7.76562500,-6.64357708,8.47315800,-8.26103514,9.65549660,-12.27737982,6.30258670,0.64284680,-4.29836870
7.76953125,-9.53022890,7.80277902,-4.98894501,6.51911865,-8.01621574,5.74000871,3.73735328,-4.13807793
7.77343750,-8.94635025,0.52907746,-3.60716951,10.07679396,-6.78284137,13.44780641,7.30368399,-10.73811601
7.77734375,-11.22919738,-2.35199431,-13.04971526,7.76717844,1.26506581,13.06220899,9.48619492,-6.59177470
7.78125000,-6.95888363,-3.58739049,-9.51833487,6.09308535,-0.90376455,12.06660497,4.36350311,-14.54292619
7.78515625,-5.89360618,-10.21396615,-9.20730670,4.86226118,3.14708673,6.20736875,-5.30969124,-12.96562398
7.78906250,-5.84851686,-9.14860470,-6.67944718,3.46139339,7.96455407,10.93686822,-8.63686656,-12.72026735
7.79296875,-4.06667799,-10.82640555,-7.02598512,0.23484588,9.99669643,6.28807131,-16.64731835,-5.21635519
7.79687500,0.21252839,-5.29547682,-9.36894476,-6.76777760,12.90826419,5.55045085,-3.94247336,-6.54885896
7.80078125,-2.49236327,-3.58868572,-11.00432905,-9.45545753,8.11252261,8.36096657,1.73482622,-0.51016238
7.80468750,-3.98159783,4.75266957,-13.85688063,-10.46401918,4.80021537,2.94470143,9.05136612,6.92774745
7.80859375,4.70112989,9.40152870,-11.92054221,-11.31666752,0.13641224,2.41830084,12.14060620,8.46670941
7.81250000,2.94813517,9.44461682,-7.64859392,-11.34492026,-4.05150811,-1.95442491,7.74112882,13.82551288
7.81640625,8.42348720,8.94123983,-9.47143083,-7.05716805,-7.97299522,-3.74711302,2.72616780,10.27746121
7.82031250,9.78714225,3.70275623,-5.09249807,-5.17631578,-6.58535534,-8.98906741,-3.03100819,7.34247939
7.82421875,9.88909650,1.54680109,-0.76850598,-8.24968760,-9.28502195,-2.42499356,-9.38977821,9.52534190
7.82812500,7.89407501,-4.64461946,-2.16284379,-1.73197029,-6.41102754,-3.89730781,-3.70146694,4.43101856
7.83203125,6.33846087,-9.46437836,1.12366360,2.36555592,-0.65315551,-7.76225685,-4.09702269,0.63635307
7.83593750,9.25852926,-7.73598375,-2.25581626,-0.87827699,1.51752437,-10.92901759,1.52988201,-0.79713337
7.83984375,9.61087899,-11.58507937,-4.13049682,3.80431650,7.15251602,-12.73594264,11.66562715,-5.81327653
7.84375000,4.96253895,-4.18693273,4.03732348,4.66558774,11.72260712,-10.00163693,6.05315186,-10.50879912
7.84765625,5.56789455,-3.65589521,2.63552938,8.21715187,12.32154264,-9.37308775,3.52093886,-10.18473435
7.85156250,-2.00563841,-1.67138844,9.34140700,8.01635976,4.85478404,-10.28037923,-6.66474791,-12.36249029
7.85546875,-3.67220934,5.92347290,5.41915086,9.16774501,2.61898941,-8.07627224,-4.85816880,-8.34967234
7.85937500,-6.86985750,7.87223332,8.86105988,5.01035140,3.62249865,-10.57601632,-9.30298429,-3.14832013
7.86328125,-8.34156984,11.71189400,5.18505660,9.16591872,3.36874890,-5.47047821,-4.30338842,-0.22199039
7.86718750,-9.28176573,9.66990328,8.33239920,10.66868238,-9.93878702,-2.49165038,1.99258240,-1.16718918
7.87109375,-5.51270234,3.84205838,10.26701830,7.26558033,-9.51540787,-0.03066668,8.27252487,6.23288442
7.87500000,-9.98274509,2.27240624,11.92444982,-0.27032290,-12.88755589,-1.18714053,9.13411690,2.27553729
7.87890625,-6.76623683,-5.32723942,8.15622370,-1.47112328,-8.95375016,3.68880471,6.79156476,3.89939433
7.88281250,-8.40930675,-9.65557186,11.00632105,-2.21572980,-8.64568597,1.04869716,0.86285215,10.31027690
7.88671875,-8.29407416,-13.40902063,10.00761482,-7.63523160,-6.22231731,5.60874734,-2.51765543,11.62224675
7.89062500,-4.73074513,-10.24626211,7.39901219,-10.33292760,0.54148534,4.30623842,-10.05513127,6.09138859
7.89453125,-1.79218889,-6.14203318,6.22168116,-12.52001716,5.76762312,6.08879672,-8.90317076,0.35999907
7.89843750,-2.18165694,-2.85570369,5.18380507,-12.61699407,6.54850064,7.96175669,-1.94482685,0.92617586
7.90234375,-2.50176288,5.99575048,4.76095580,-11.24335173,11.53100149,6.63285211,6.77378467,-4.70045010
7.90625000,4.08346529,5.33237637,4.50904021,-6.30443987,11.74925827,8.49199629,10.02006814,-4.83922059
7.91015625,1.44018598,12.31112676,5.02784384,-6.37426739,7.70636321,8.56597928,10.13483309,-3.82518900
7.91406250,8.85504174,8.89332668,-1.24099937,-0.43087735,0.48732087,9.27986413,1.81545283,-5.94166313
7.91796875,8.41446361,8.50561338,-5.17321402,-0.09899038,2.06652135,8.05289670,-2.47341560,-8.73028485
7.92187500,7.90340266,5.63844147,-3.09333746,8.75843592,-6.28305706,9.32072404,-6.86504893,-7.26476835
7.92578125,9.75223897,2.73094980,-6.50670972,5.59947402,-14.90352619,8.79560097,-3.57694024,-4.81733376
7.92968750,11.42395067,-3.99637219,-2.23867687,10.47613152,-11.74997793,5.22443063,-6.39078975,-4.82208399
7.93359375,14.10944527,-9.03215618,-3.57587688,6.49999074,-12.77721821,6.89297356,-2.31693501,-1.88104686
7.93750000,7.76582564,-12.13319286,-5.54111936,6.71304563,-11.15006509,0.56363743,5.47383086,1.05967108
7.94140625,2.56813717,-7.96233208,-9.09547742,9.59939691,-3.74109717,-3.45358602,7.48918260,5.11055692
7.94531250,-1.32246242,-5.72205092,-5.69863623,10.55210683,3.05503797,-3.78507983,8.88098840,7.47944984
7.94921875,-4.05466162,1.43580070,-9.77183998,3.40374811,3.92326353,-3.99130324,-0.48935227,5.46853629
7.95312500,2.97508711,5.81799321,-8.45015044,1.12680317,9.08456371,-8.22623148,-7.42702108,9.66068095
7.95703125,-5.12168464,8.77850330,-13.28552997,-1.50121917,9.68598955,-6.41614855,-8.90593869,9.61536159
7.96093750,-10.05781215,9.20012457,-8.88352876,-2.21519464,11.69873236,-8.53007646,-8.34447828,4.46693996
7.96484375,-9.82255930,6.14606382,-11.83369092,-3.26309442,6.98981333,-10.57302262,-3.15684486,3.29006415
7.96875000,-7.44233267,6.61863028,-9.45681861,-9.96388677,2.73613291,-8.85443182,6.58888205,0.00074051
7.97265625,-6.79181513,4.21643227,-6.38607044,-5.17397155,0.48882752,-8.50494270,9.55550549,-8.25567451
7.97656250,-9.09459487,-2.00457377,-6.67321868,-7.43407836,-8.00705139,-6.67334375,6.30753731,-10.41413121
7.98046875,-11.38900646,-7.05790688,-6.80129880,-7.31163668,-8.37717026,-8.34561383,1.26744356,-9.77476685
7.98437500,-5.75016371,-12.24803369,-3.85786858,-13.34109674,-12.53127013,-0.40927889,-2.97700857,-9.86060086
7.98828125,-6.48292904,-11.56492852,-3.39661253,-6.89085942,-11.31735358,-6.79745921,-8.28603917,-9.02129793
7.99218750,-3.63346582,-8.46529914,2.57657826,-7.27166360,-3.67060792,-4.75053400,-12.61840928,-9.95222384
7.99609375,-2.16504403,-4.15557047,0.23685804,-4.24652443,-0.83994478,-7.77525979,-8.26098428,-8.72985968
8.00000000,-3.39433383,-1.73065795,0.20327237,-2.41920297,3.19215977,-3.65907222,-3.19955217,2.56122367
8.00390625,-2.04442922,5.12914843,1.72428914,4.10123378,4.37980255,4.33267395,7.20072816,7.97131501
8.00781250,4.17699809,8.53389105,-0.41491091,3.61873835,12.31428411,0.95425128,4.35886756,8.37543744
8.01171875,6.29547527,11.18235385,3.47689673,8.28368422,12.29447806,2.73807902,8.76760256,9.85871793
8.01562500,7.27308880,6.30709842,5.09491560,13.22526760,11.05135774,7.88036760,8.08693895,9.98088547
8.01953125,11.25589181,7.75163885,4.94099868,8.53304316,9.89063125,2.65030120,-6.38586310,10.44442132
8.02343750,9.24151173,2.22981905,6.90661171,11.24288966,3.34688433,8.79825763,-7.90144276,9.72858228
8.02734375,9.22001154,-3.92633600,7.17306126,7.70533021,-0.98512950,10.13003388,-10.71688653,6.53682658
8.03125000,11.59739622,-6.41039848,12.63954149,6.16775223,-1.16466503,9.53720581,-8.52124802,2.89772799
8.03515625,9.65073251,-8.38823066,5.98889260,2.86962450,-10.26832140,10.07801488,-0.51287984,-0.53226060
8.03906250,6.78422254,-11.36315627,10.40592906,-1.41049791,-9.17021458,7.80938362,6.66114598,-4.84925534
8.04296875,5.46467169,-8.59764031,10.47538012,-2.55813291,-12.28512716,9.17365654,9.48885884,-8.06977429
8.04687500,-2.49165160,-4.04041562,10.20377564,-6.79844980,-10.11589834,6.78680602,5.00686800,-11.91905386
8.05078125,0.77551544,1.56854575,8.63066234,-4.89849197,-6.09243656,6.00305534,-4.51943580,-14.01360126
8.05468750,-4.75675358,6.65386133,8.88463976,-5.29657215,-1.83658421,2.49347225,-7.47760575,-9.49346761
8.05859375,-8.15009722,7.90370507,11.40779297,-10.83414308,4.79926496,1.09012216,-8.19638260,-6.05931496
8.06250000,-7.72444563,7.88859062,5.25253747,-6.68853755,4.18440147,0.75676538,-9.96150310,-2.31207110
8.06640625,-10.43839580,7.85999203,5.12843784,-7.76087161,6.85600085,-3.53133101,0.83931728,0.76985627
8.07031250,-10.09597667,5.12434399,5.23174346,-7.89009099,12.58109890,-1.74775076,5.55104448,3.33373978
8.07421875,-10.83583033,3.14970866,1.45212970,-6.66489880,6.96890933,-3.01603605,9.72696768,7.97876082
8.07812500,-10.27515285,-1.80124133,3.34559961,-1.72396898,2.04050194,-2.95707979,11.02273564,10.03210664
8.08203125,-9.89277620,-7.90948249,2.50341699,-1.19976543,-0.67657839,-5.57825410,2.81642200,7.56319688
8.08593750,-7.11280971,-15.07739005,2.32221875,2.46609521,-2.54239266,-5.67071920,-12.24602953,7.19935029
8.08984375,-5.22667476,-9.87501063,-2.63933754,0.71364398,-8.27841053,-8.01011954,-11.47031040,8.04565571
8.09375000,-2.58731812,-8.12500417,-0.48676535,9.53478510,-6.48167332,-12.10788511,-8.02697053,3.81215676
8.09765625,-3.83087666,-4.72135279,-5.85603527,6.41542450,-15.52845456,-8.09741708,-5.14949984,1.16634124
8.10156250,-2.30364304,-1.19800661,-5.19110011,8.02809988,-12.12025959,-9.16944799,0.44061209,-1.06641136
8.10546875,1.75825891,3.32148523,-8.52351726,11.47180731,-2.13408391,-6.93804423,7.01546020,-4.70574895
8.10937500,2.39660627,7.34348354,-2.92517107,9.42382736,-2.60962198,-7.47486370,12.13595700,-11.16899560
8.11328125,7.55256229,9.28177340,-9.63612811,2.21749212,4.62833811,-8.48206296,9.94716516,-4.44325438
8.11718750,3.25021506,7.04821814,-10.55517169,4.04914169,6.52535598,-6.73549323,1.42700343,-8.30120527
8.12109375,10.83566072,7.11447667,-12.01066130,7.62115135,11.80194271,0.03495925,-4.65094976,-5.43779266
8.12500000,10.81448851,1.23188681,-12.01913554,2.07563151,9.18076212,-0.21269257,-6.07203220,-6.02726569
8.12890625,10.75636765,0.86077769,-7.26027453,-1.59623264,6.88938452,7.88857057,-4.88174500,-4.33507059
8.13281250,7.26381885,-7.54565581,-9.96459326,-10.07574168,3.91022720,2.61348045,-5.03786284,-4.14154476
8.13671875,8.23317237,-13.42584801,-7.18288640,-9.08556562,4.00770111,6.23263982,7.58513078,-0.93454851
8.14062500,5.44810298,-6.76481851,-6.26873910,-7.74890545,-5.42211889,2.60351884,5.16495885,3.44791680
8.14453125,3.90586969,-6.85867512,-6.50935920,-10.68967648,-6.26717026,5.73511596,5.70414768,3.51322958
8.14843750,-2.17899882,-0.96001068,-7.00184722,-8.11910107,-9.81959386,7.55224391,4.83739394,8.14091500
8.15234375,-7.26478357,0.53985474,-9.78631030,-11.75044589,-8.78990340,10.52752884,-5.24203203,12.41174074
8.15625000,-8.19807799,7.50310437,-3.26429944,-5.75889959,-9.39343530,9.79786063,-8.38252634,4.96831221
8.16015625,-7.33916766,8.16754075,-4.02965940,-5.02573036,-8.15076686,12.45806366,-7.94660193,8.01894463
8.16406250,-6.15911531,6.68906217,-5.28488456,-0.63500506,-2.88555341,8.19051229,-3.68339571,2.53958192
8.16796875,-10.11430245,10.69845865,-0.23177890,1.03765984,-2.63646126,7.07163511,2.27550081,-0.88066500
8.17187500,-10.17963373,1.66581215,3.93218644,6.83300429,5.06764168,3.13212995,11.24474780,-6.60674117
8.17578125,-13.05910087,1.56331394,2.47072900,4.79738140,5.69659821,7.82109391,11.88133770,-6.40439676
8.17968750,-5.22851451,-2.69186394,7.23396979,7.92338118,10.19872429,6.22310692,5.79535723,-11.35501697
8.18359375,-7.74306418,-10.50991686,6.88559371,12.15956402,7.51375215,4.48256806,-2.17709880,-10.18575192
8.18750000,-6.56435845,-13.47831904,8.12159674,6.76758616,7.84193823,0.97377221,-7.25093322,-11.00688658
8.19140625,-7.22038909,-10.42651271,14.02200213,8.47580395,6.62353857,-1.60927259,-11.18282416,-7.88300740
8.19531250,-5.61289273,-10.52445748,13.00798163,9.90624185,0.13861490,-7.12943234,-10.68097976,-6.64853700
8.19921875,-5.14810322,-1.61114087,10.57721709,3.64230399,-2.65166051,-4.82182774,-1.97092246,-3.96420923
8.20312500,-0.82649763,0.85622737,9.71585833,1.98355934,-3.05858471,-9.04734847,8.28071922,2.80157495
8.20703125,2.50915064,8.83114001,9.14701067,0.54608194,-2.69461751,-7.43230764,9.81218778,7.01461376
8.21093750,2.57048699,9.91733936,8.16617266,-0.80059902,-9.55649492,-8.83928647,11.41966244,10.23485326
8.21484375,3.00050813,8.65203899,7.41942774,-2.28113783,-3.47895325,-8.17533813,3.45213877,13.40740276
8.21875000,8.62424540,11.27778267,6.30926055,-7.91767376,-6.24552096,-8.07201941,-2.58302782,12.67693306
8.22265625,8.83785772,5.97143338,6.55178037,-6.04635569,-1.86418949,-7.58399367,-7.84959596,7.74573920
8.22656250,11.95304563,-1.27820858,3.35355666,-11.20754227,2.90778958,-7.74857747,-8.25399765,5.43402902
8.23046875,10.46922536,-0.10932163,14.11090915,-8.10291059,4.30401487,-9.73595100,-3.58177573,3.13374059
8.23437500,10.67592325,-6.22498907,2.12935049,-8.21372291,7.96589165,-7.39060919,-0.59106228,1.85634359
8.23828125,8.39395618,-13.25990593,3.68451657,-2.29206420,10.87294231,-3.64706378,9.15415892,-2.37270442
8.24218750,5.52903491,-9.82412966,5.80704739,-3.62926160,10.50962402,-3.88536507,12.29459511,-8.02524751
8.24609375,-0.05296684,-4.13845998,1.63925743,-1.32923355,4.56775519,-2.36729865,6.64727889,-9.15260439
8.25000000,-1.81360777,2.32741094,-1.35353581,-1.07793866,-1.23429068,-0.06125167,-1.97016987,-10.59562576
8.25390625,-5.43537429,3.32907360,-0.43134210,0.90528644,-2.90944782,0.45234895,-4.91929649,-9.13735685
8.25781250,-4.09275975,7.92534342,-6.83455717,4.07864765,-4.17457597,-0.56912873,-10.94259388,-9.09639300
8.26171875,-10.17079411,13.38209928,-7.43403252,8.33312425,-8.17003306,3.92509310,-4.30640805,-2.56379037
8.26562500,-10.81134196,14.09834508,-9.05187890,13.63190060,-8.30090419,8.65987593,-0.50283855,-4.66851445
8.26953125,-5.76463783,5.90528012,-6.87879107,10.16246531,-7.99593668,8.08749841,5.60560416,3.37081183
8.27343750,-3.52867540,-0.42804570,-7.47679441,14.37586712,-6.65869588,11.74022938,6.89318029,1.48291709
8.27734375,-7.60210187,-3.51501956,-7.02924003,11.34687982,-3.72051800,10.36839225,7.78877326,3.97237901
8.28125000,-5.90697274,-8.64373481,-6.51241154,9.94232231,-0.06787594,9.77478634,4.33775480,9.37842264
8.28515625,-4.20488378,-11.99193028,-9.49092439,0.60579869,6.90277701,9.25630885,-3.95897250,8.25869842
8.28906250,-4.23124313,-10.87123376,-13.31921797,0.64118822,7.52657893,7.97906772,-8.13956952,6.36822492
8.29296875,-5.87870714,-9.30948732,-9.54197304,-3.88350274,12.24217530,5.70294421,-9.07425956,5.87727704
8.29687500,-1.35848118,-5.04954571,-8.02885023,-7.19444342,8.38606974,7.73635375,-8.39817745,4.12810124
8.30078125,-1.14525951,-0.79461150,-9.46965698,-10.26765361,8.12700035,3.58577192,-1.43423401,-0.78801986
8.30468750,5.54066722,4.21049288,-7.71898337,-7.11759514,1.85886147,-0.65381044,7.22206567,-7.73374006
8.30859375,4.20409521,6.97314782,-7.76076576,-6.99955718,-1.56747212,1.10579933,9.53881943,-7.77704675
8.31250000,5.87056428,7.94676388,-4.67498910,-10.15699385,-6.46855834,2.35716734,7.61779463,-7.66443929
8.31640625,7.22409182,6.11712740,-7.83492472,-10.81081824,-7.96365922,-1.54644614,5.68355613,-10.58728929
8.32031250,4.35130123,7.31010104,-2.67578699,-6.64266750,-10.68474076,-6.64681674,-4.67310825,-5.74018744
8.32421875,7.01273277,3.47650486,-5.47153393,-5.98034439,-10.30859265,-0.93799156,-9.96891325,-3.82756313
8.32812500,13.94548285,-3.54296559,-1.04137022,-4.36899666,-7.73965801,-6.71378329,-7.75110240,-5.18046699
8.33203125,7.03738564,-6.52480271,2.75287794,-0.49159386,-2.03792931,-8.63324944,-1.72914410,-3.06040528
8.33593750,10.04651593,-9.57458417,5.87130195,-0.38367075,2.72660561,-10.88260574,7.38272996,4.43946379
8.33984375,3.99757082,-13.02556726,4.29396456,-0.91406961,7.23291940,-13.49819313,7.84950159,8.07084186
8.34375000,2.96123852,-5.58772357,6.99980249,3.56874741,9.39909487,-9.14936169,7.44075969,11.40114855
8.34765625,0.58645739,-5.58423915,1.17052284,6.24920173,12.19238445,-14.22210075,2.48605180,12.04042470
8.35156250,-4.78873676,2.30481198,5.67577370,8.52243140,10.55611951,-11.80841531,-5.40904743,12.08334931
8.35546875,-7.39998296,8.82110489,5.73670758,11.05156937,9.87004721,-4.96047757,-8.22214842,9.09369488
8.35937500,-7.53675785,10.49487918,7.46388639,7.79979864,-1.79312941,-7.48666792,-10.86044177,5.12240971
8.36328125,-7.11825324,8.41148337,8.93447978,10.15841406,0.64373161,-3.31007851,-0.81306215,6.58042080
8.36718750,-10.19824510,8.75133097,9.36636656,5.88684601,-2.81865504,-3.34383661,2.80987624,-0.23958234
8.37109375,-6.56456737,9.52242154,7.69134349,0.84440939,-6.59077012,0.54007244,8.72893015,-4.62855941
8.37500000,-11.66576693,2.20957085,6.32750460,-0.15196681,-12.81678298,0.48321763,9.35324666,-9.14383907
8.37890625,-9.11325035,-6.42254158,7.09906269,-3.23052315,-12.70093212,2.06880066,11.56393673,-9.65871775
8.38281250,-8.52850583,-7.78727774,12.66482291,-4.70358144,-9.64031814,2.11687658,-1.57963204,-9.45647131
8.38671875,-8.21948540,-10.38354111,14.81306341,-7.72482662,-3.75018054,5.70470741,-4.95913667,-11.48297600
8.39062500,-4.47381645,-8.57592384,11.75127551,-11.67381666,-4.10842401,5.55279797,-9.91973919,-7.92416683
8.39453125,-4.65058225,-7.71114002,9.70919124,-13.85490210,6.04529788,1.28535662,-9.90745006,-2.72167871
8.39843750,-6.34521024,-2.64490663,5.42360520,-12.68515600,10.60622072,5.16543197,-2.41696533,-5.37409957
8.40234375,-1.09164003,-0.71874452,4.57569477,-11.79459068,11.61407872,12.24445235,2.93507832,4.81198338
8.40625000,-1.07611452,5.73646075,3.61778410,-7.57001137,8.24836750,6.15835743,12.43885631,7.27708969
8.41015625,5.16201828,14.14103722,0.99151232,-2.55417980,9.33371604,9.22211416,12.61154610,9.31434234
8.41406250,4.73687016,12.58657127,1.39727357,1.25802343,2.28166533,11.52814474,5.22779998,8.27125563
8.41796875,11.13830368,6.16774275,-4.24158252,7.45939913,-2.03478917,3.51739543,0.76263677,10.21426582
8.42187500,6.05978328,-1.13260187,0.57270527,6.26988125,-4.44273720,6.96617577,-5.84566339,9.29629462
8.42578125,12.74876702,-3.15515875,-3.07193824,7.41935441,-9.10572792,6.92611909,-8.59444979,9.26781085
8.42968750,5.52515426,-2.53398440,-3.40228192,9.09854373,-16.27981041,6.85687001,-5.24683403,7.36052715
8.43359375,10.00351922,-5.24615243,-3.63185163,7.98034996,-8.71143898,3.39309363,-0.60116437,0.30409531
8.43750000,11.72537924,-7.45579165,-8.29332638,6.11037509,-9.51344301,1.50884367,4.93570678,-3.12967938
8.44140625,9.69675861,-10.14286490,-3.06195948,6.89965200,-2.92292836,3.99946266,10.84303249,-7.05910787
8.44531250,5.42901800,-2.25725196,-5.99442151,2.42951733,1.87691337,-3.29200325,7.28568436,-12.68452523
8.44921875,3.27571260,-2.85318221,-7.93890100,6.28387807,6.86945832,-5.61766381,-1.79205872,-13.07465279
8.45312500,-0.64102832,6.17863300,-11.28549231,5.23381436,9.73825618,-10.89808423,-4.46576915,-11.68911126
8.45703125,-9.17192418,7.80546767,-10.83590151,1.16189555,7.76990038,-9.26701322,-10.85176468,-5.19621770
8.46093750,-7.74417390,8.35073111,-8.85228583,-4.10662804,8.51129762,-9.54091964,-6.61469405,-6.44671363
8.46484375,-10.09326337,10.27471496,-12.56722633,-5.45655817,10.99875980,-9.43427187,-0.56054687,-0.91684777
8.46875000,-5.57637555,7.55216551,-8.96308987,-6.01809289,2.95966283,-9.96883289,6.06304908,4.81567360
8.47265625,-7.24208888,0.63987789,-3.19493328,-9.39132478,-4.81560373,-5.15892995,6.04694105,5.81656508
8.47656250,-6.32041588,-1.55493053,-4.28307190,-7.76912631,-5.85284353,-3.04621386,10.15356487,6.36119335
8.48046875,-8.92462515,-6.02428852,-7.41182047,-10.72785847,-11.39553915,-4.67137444,3.23995286,5.62520503
8.48437500,-8.51444069,-13.13323955,0.22754146,-11.93422625,-10.84402866,-8.96911057,-5.15186958,9.21998479
8.48828125,-3.68408815,-6.88077646,-6.02977814,-11.98820848,-10.51589872,-6.44902441,-11.29159215,7.60467295
8.49218750,-5.88960195,-9.74742027,-0.22395717,-6.01151466,-5.19284837,-1.84954737,-10.01541989,6.42604241
8.49609375,-2.14187356,-4.36690720,-3.36517035,0.56072980,-2.53317184,-5.02307654,-4.83710478,3.54514151
8.50000000,-1.34316179,-1.61704926,-2.54774413,-2.16276837,1.93310584,-0.37473828,3.59394792,-1.15349472
8.50390625,2.82926895,2.68808260,-2.19199864,-1.06777552,7.61581862,1.63188586,7.47143600,-4.50173621
8.50781250,5.72831470,7.90729979,-1.92380856,3.44274899,8.19469525,1.89253600,9.21699093,-2.88389941
8.51171875,7.21425250,10.81980903,3.01097562,3.44531145,9.49193703,4.03096110,10.50923862,-4.70297473
8.51562500,2.96658659,5.14981422,4.25029216,10.06066746,11.37319635,4.21953591,1.45172189,-7.29914355
8.51953125,7.18652867,9.54711348,1.65249550,14.16221710,6.72486344,8.84594602,-6.04181354,-7.73646170
8.52343750,10.82699745,1.77494169,3.97788447,10.31458831,1.07253837,8.31117246,-4.93721657,-5.33387665
8.52734375,10.70709457,-3.32422853,9.30310669,10.33088802,-3.02902429,11.17834038,-5.22030696,-9.42914911
8.53125000,9.16493726,-5.65080660,10.04002814,5.70324357,-0.59000323,7.84627999,-1.69145216,-3.42342249
8.53515625,13.87891410,-9.78667337,13.11406178,1.19723063,-8.60283209,12.00333642,5.48125208,0.84504706
8.53906250,4.17334589,-6.85768779,9.78692894,1.27992889,-9.14732893,12.18662227,6.42277428,0.72721517
8.54296875,1.71421098,-8.31660608,10.45090785,-3.68920615,-12.94168728,10.09731657,9.32224155,6.76958323
8.54687500,1.13295324,-3.34395297,9.90208154,-3.95333945,-8.80124763,3.74108257,2.87355704,11.02704524
8.55078125,0.48809124,0.14190965,9.37289162,-5.75890450,-5.46084454,6.32309523,-1.56775210,10.58429985
8.55468750,-2.64778666,5.43980569,6.09946503,-8.43202109,3.88258405,3.78502298,-5.97646106,8.97413908
8.55859375,-5.64026050,9.35698431,5.90167645,-10.98465522,9.53600683,5.16678625,-10.23620251,5.06135369
8.56250000,-6.07584526,12.35290096,7.80799434,-12.21561579,7.46925493,-0.96817871,-8.17757041,2.76236725
8.56640625,-7.77185685,13.41512041,1.28971965,-6.78444354,9.61561492,4.91296378,1.69859332,2.78309126
8.57031250,-9.81218639,8.95960789,6.87073119,-5.57911932,10.92185510,-4.05546703,6.21165123,-4.29784721
8.57421875,-4.05531068,3.96644787,4.17814625,0.64224376,10.33743860,-7.62956588,15.64977866,-4.06466542
8.57812500,-6.37806335,-5.06709379,0.06959156,-1.71631263,2.33681536,-8.09717766,8.98058430,-11.05181116
8.58203125,-2.93911665,-5.53252970,4.82207418,-0.05836868,1.50366147,-5.21637650,-1.06568732,-11.10160283
8.58593750,-5.87940872,-7.06023778,-1.51156176,2.71679573,0.69967155,-8.12124689,-9.96073101,-9.93358242
8.58984375,-3.33525335,-10.23006275,-3.04421086,2.41065720,-8.76132776,-8.81117638,-6.85421597,-7.94861556
8.59375000,-7.43828897,-9.32046315,-1.86367932,6.98688716,-5.47580101,-14.45174298,-9.20873814,-8.70331067
8.59765625,-3.54903473,-3.63143990,-2.15060913,6.82690470,-9.46690676,-12.21300470,-4.42103258,-1.66427051
8.60156250,0.12260561,1.10431613,-8.94759683,6.78211914,-6.56226635,-11.64990870,1.71130169,2.57436923
8.60546875,1.93579292,6.89814222,-7.83198907,7.91552206,-2.87282905,-9.44496653,6.14721252,4.52596182
8.60937500,1.95838651,6.09732721,-11.57332274,5.16393044,1.25228741,-7.45600884,12.47265928,10.08067015
8.61328125,7.08281998,9.86209529,-12.54101391,9.28876680,4.72273073,-8.54391388,8.11217661,9.46276178
8.61718750,7.95783023,10.53206020,-11.82625278,7.76343116,4.94967777,-0.95430082,1.03755977,10.37553350
8.62109375,6.29186747,4.40418742,-14.73564366,2.41775661,9.69023398,-0.01103373,-2.00762066,7.00951862
8.62500000,14.36430897,1.28740125,-10.83609423,-1.15649284,9.79341755,2.90788573,-6.89836338,6.72960484
8.62890625,9.90473535,-1.89448634,-9.99652454,-3.94952150,9.51828371,0.87001989,-4.37341383,3.94539269
8.63281250,9.56406223,-7.25675050,-12.19454847,-6.96571940,7.34676946,3.62078899,-3.82561991,2.77114292
8.63671875,8.52679111,-7.58717790,-6.50219175,-7.09555512,2.97044641,3.27503733,4.04274679,-5.36138698
8.64062500,5.53141638,-7.65936564,-6.02633423,-7.25795508,-1.86730341,9.76016100,12.95948662,-8.84884129
8.64453125,4.26396333,-7.45577784,-3.76346573,-9.79116202,-7.96835457,12.50722775,4.89238769,-8.53044052
8.64843750,1.52002328,-3.77967622,-7.71642133,-10.92700900,-8.98268358,5.00464179,0.55188031,-9.91483924
8.65234375,-1.92425033,3.90932769,-1.24510090,-8.45863288,-2.16831042,8.97121998,-6.13078412,-7.50704126
8.65625000,0.41988168,6.28407207,-3.36677226,-6.88167128,-6.52854873,7.48832967,-11.64536228,-12.65955828
8.66015625,-5.60525923,7.90045559,-4.89927047,-0.62801739,-4.49698373,6.74823272,-8.22381258,-5.54649725
8.66406250,-7.42879696,11.32769635,-4.53213248,-1.54526874,-4.71963016,9.04047330,-0.97379816,-1.68922328
8.66796875,-8.94859130,10.48962790,0.81409619,3.64429111,3.35842157,9.40215157,4.71996200,2.02785847
8.67187500,-5.27364600,7.06732181,-1.53877629,9.37760131,2.69991007,9.96155228,9.98449237,7.80266909
8.67578125,-7.62644825,-1.24564860,6.00734498,7.83562554,4.08289486,4.28516572,6.28252775,6.87459746
8.67968750,-7.88997981,-5.99621137,7.73429661,6.68198130,11.33449210,3.51671983,3.27300794,8.02281234
8.68359375,-13.01539998,-11.14786163,4.65551841,5.41884139,6.35524467,1.29689359,2.59338369,7.22846894
8.68750000,-5.85078840,-12.58900744,7.28314840,8.08610509,7.29047955,2.23336700,-11.44522399,6.18175550
8.69140625,-6.71538373,-11.03154950,6.74425577,8.29824261,1.81842790,-1.51454037,-10.55589168,6.02815587
8.69531250,-5.99758873,-5.32337026,7.50475582,6.67304831,-0.38029672,-6.29182803,-8.00245013,5.81390918
8.69921875,-2.49247128,-2.38922342,9.89344013,7.49186096,-6.15078121,-5.90991178,-0.54786568,0.38641608
8.70312500,2.81654705,4.01158558,9.04618617,2.32039410,-5.70909048,-7.33907607,3.16376161,-1.85153486
8.70703125,5.59674741,5.33565184,9.92237314,-2.99143645,-9.43116169,-6.78067752,6.47274698,-3.80600002
8.71093750,3.84267125,5.17413818,7.89146358,-0.59861745,-6.84903023,-11.80037338,11.65862583,-9.76047097
8.71484375,7.19492058,11.38080624,8.68452225,-1.03184614,-4.65444359,-8.97811514,5.43490624,-11.13927214
8.71875000,8.26475914,8.42970293,7.94156850,-4.49409510,-4.72015427,-10.99251293,0.78122381,-9.78278931
8.72265625,10.76831596,4.70458299,8.04544232,-6.49162179,2.03216456,-8.45880986,-6.10171265,-7.45427564
8.72656250,9.74184998,2.11595986,7.03259598,-4.90670398,5.47059568,-11.46863373,-10.31161721,-0.33750886
8.73046875,12.80490186,-5.25624480,7.63781149,-7.45870632,9.43899492,-8.47148623,-5.41245825,0.33630779
8.73437500,9.71011990,-8.11279817,4.59005145,-7.96520231,10.90198444,-5.91648967,3.23798414,1.81328674
8.73828125,4.48359770,-9.69233365,4.93650014,-10.89715487,9.41599252,-3.79828611,3.57068891,6.12283030
8.74218750,3.50169542,-8.09454451,2.55856548,-5.65585666,8.35536712,-2.75062715,6.76147038,6.34224819
8.74609375,1.00188710,-8.04954275,2.53265465,-2.10490362,4.32875607,-0.64885445,4.32822021,9.21027365
8.75000000,1.10904854,-1.80051732,-3.30666114,2.94969102,1.36586169,-0.65467254,0.09621293,16.20741602
8.75390625,-5.74032668,6.66039728,0.22453798,3.31430756,-3.18591006,5.01849442,-5.19445224,9.08657011
8.75781250,-2.10481013,8.18687653,-7.36346906,2.22137896,-8.78983688,5.50672131,-10.86549679,9.28121369
8.76171875,-4.44241593,13.62170021,-6.76490201,8.13047637,-12.18911872,3.92099165,-9.40809659,3.53608819
8.76562500,-9.36292013,8.78786506,-4.88639939,6.44787878,-12.87130153,10.18552024,0.23243787,-2.01948735
8.76953125,-6.65718784,6.54165474,-6.00015915,9.88706777,-9.80357243,7.07425193,3.39262689,-6.13949369
8.77343750,-7.25595243,-0.08098341,-8.75699753,8.03383762,-4.52524032,8.36784058,9.20357995,-7.14462303
8.77734375,-9.51236184,-4.95235123,-5.85145412,8.76311217,1.40362192,7.24565477,8.61993149,-7.61076105
8.78125000,-9.09297950,-5.70751670,-11.50917133,11.76935077,5.36121539,12.50876948,2.78900540,-8.32427020
8.78515625,-4.38571963,-7.38946073,-9.82511400,6.24664662,7.05192304,10.74473345,-4.06569396,-9.43771861
8.78906250,-7.85663177,-6.78895351,-8.01269196,1.65174508,6.92030393,10.34887318,-7.85388990,-8.09210108
8.79296875,-1.75108989,-9.80835184,-9.09844539,-3.25622821,11.28568247,5.82278161,-14.29078130,-6.60592783
8.79687500,-1.42741954,-8.46866703,-4.35363056,-1.47337041,10.40663805,7.45292452,-4.88825294,-4.86109346
8.80078125,-1.76637082,-2.10484151,-9.96861492,-10.85561447,6.00924081,0.20617357,-2.26777796,-2.77868050
8.80468750,-3.83884423,6.34476028,-10.46476649,-11.90870484,1.46796954,4.56543445,7.54726086,2.09313741
8.80859375,5.63058625,7.70194066,-8.14220269,-10.04195933,-1.16601238,-0.76363020,10.38197562,9.72877372
8.81250000,4.97522789,11.77633947,-7.49575077,-8.60790879,-8.86934694,0.98398279,7.19683970,10.38007588
8.81640625,7.28523535,10.93348133,-6.60777908,-9.86198735,-12.28489139,-0.43132398,-0.47643292,8.38383194
8.82031250,10.26557121,1.86111341,-2.07776520,-6.46471815,-8.49164496,-3.86767505,-6.12058669,4.62845036
8.82421875,13.89969422,0.00714542,-2.32524353,-7.94634287,-12.46851297,-4.54564220,-8.25719673,7.71010475
8.82812500,10.68797654,-1.69597233,-1.82360933,-2.97918464,-5.00427655,-4.71574269,-9.33409088,3.74362708
8.83203125,5.36186611,-8.01002459,-3.95693172,-1.97298951,-1.17819417,-12.46312133,-1.96291585,0.22023973
8.83593750,7.12413961,-7.93601836,0.38530305,3.20439665,2.71917359,-8.58439829,4.86966810,-6.02438084
8.83984375,3.50345742,-7.98678446,4.39346281,4.08527016,8.91864863,-9.55205954,7.77512670,-8.85432556
8.84375000,5.69952135,-5.96516584,4.50219798,2.36863261,6.68731548,-9.24602571,8.59153091,-10.87201039
8.84765625,-2.64629786,-5.60028403,2.89161176,5.04157953,7.76764406,-12.79434778,3.96626176,-13.62899605
8.85156250,-2.60762041,1.49633204,6.83608695,10.06244556,4.27660250,-10.96614336,-3.88040067,-8.96439723
8.85546875,-5.36176707,3.74774588,4.49189050,9.37601913,9.44311068,-9.24379506,-10.30854882,-7.10003974
8.85937500,-4.84626300,8.22875269,5.07552530,10.61071023,3.99422976,-7.22969087,-9.72505788,-5.53039777
8.86328125,-8.86956301,11.48255554,8.16284961,4.07858205,-3.40480706,-4.20331029,-2.16848230,-0.57136055
8.86718750,-9.53353279,9.79269114,9.96546389,9.29708688,-1.68785898,-2.91797356,4.85296601,2.41770004
8.87109375,-6.30526082,7.08882582,10.61339893,3.21776137,-11.79356281,-1.16751318,8.86995601,4.61720801
8.87500000,-10.60327109,3.50195866,9.17006409,1.69144872,-14.04764865,2.45515517,6.14701350,6.05772223
8.87890625,-7.64591569,-1.24469810,14.21374825,-0.20914266,-12.32319017,-0.35388795,5.11684671,7.49644225
8.88281250,-8.05982009,-9.70858477,11.05736858,-5.02353500,-10.46224866,1.83686515,-1.99151733,6.93525442
8.88671875,-5.19641253,-12.75786615,11.79552093,-8.02630232,-2.02335890,0.88424501,-9.63906596,8.08033470
8.89062500,-10.65949265,-12.45197396,13.09952073,-10.16474251,5.15500712,6.33041598,-8.99254522,7.02077880
8.89453125,-2.65208720,-9.06450334,10.86065523,-11.27952190,6.95972713,7.20864203,-6.82720427,6.97689404
8.89843750,-4.31589904,-3.20868530,9.01653709,-10.40615566,9.24058053,6.21336920,-2.93871171,2.50571916
8.90234375,-1.13067522,2.86282881,5.43668752,-9.67961584,9.17397777,7.38827809,5.01917844,0.94133470
8.90625000,2.76361105,7.81545609,3.56491852,-4.42684781,8.70187660,4.70866235,12.14441246,-3.37048893
8.91015625,4.15829020,6.84608571,1.64502427,-5.33126483,7.05153710,7.41395956,8.62787164,-5.41173857
8.91406250,2.90312758,9.12794002,-1.93255611,-1.96509977,1.09153180,7.07763226,6.25205674,-7.83988752
8.91796875,8.98405280,8.17601133,-2.39025527,1.81840456,-1.31431192,10.52893596,-0.87475719,-8.94108858
8.92187500,9.52782247,2.05985530,-2.11744064,5.79878588,-5.63689978,6.81271892,-4.34484828,-4.50541838
8.92578125,13.14671564,0.34004709,-5.08119631,6.90902966,-12.49885151,3.47022679,-7.86845574,-4.44737339
8.92968750,13.92071674,-2.00356579,0.22560296,9.90827384,-11.37304658,3.04034418,-8.90122790,-3.91920613
8.93359375,10.38700978,-7.32275372,-5.90992467,9.37484611,-12.63211134,-0.31021669,1.90021844,-3.35505258
8.93750000,7.89542536,-11.91199151,-3.17454727,9.41136049,-8.41505454,2.28505037,4.52281196,3.51033924
8.94140625,5.48191370,-10.03807697,-3.50288664,8.12760601,-3.78821739,1.59600326,10.32923357,5.09467942
8.94531250,2.92222391,-4.86957182,-7.69057529,11.83511210,5.84313248,-2.38550361,7.12537846,8.63279055
8.94921875,1.06843795,3.91312442,-9.50602886,3.27415089,7.37364574,-6.06399073,-1.90851151,10.83806565
8.95312500,-2.46552576,3.11158127,-10.03072308,5.41528717,7.96747955,-6.00024478,-3.12465354,7.91982079
8.95703125,-3.29816848,7.46672941,-10.10084345,2.16344481,10.53703611,-5.24210545,-10.40799547,7.91843270
8.96093750,-8.03107278,7.96018344,-9.19050769,0.50947433,7.14219914,-7.47345148,-5.68202331,5.47696825
8.96484375,-6.68381165,7.66362037,-14.29876307,-4.51646907,3.51515998,-11.19092450,0.42955323,1.35412895
8.96875000,-9.16881348,6.52319204,-10.42110380,-7.22547872,1.44972997,-9.88765014,4.91335187,-5.66137469
8.97265625,-10.11105418,-0.45354166,-11.01992847,-6.60894804,-3.58620427,-8.68531507,10.66838812,-5.13300681
8.97656250,-7.90289287,-3.30256387,-7.44811157,-8.45614143,-5.52929363,-9.34782665,10.41911213,-7.32416256
8.98046875,-10.94989798,-3.89048920,-7.70136784,-10.62711420,-6.37271409,-9.09160075,6.52989015,-11.46147507
8.98437500,-5.71665409,-5.98661061,-5.42224158,-7.04273834,-12.38370828,-7.14485439,-1.17625470,-9.40367561
8.98828125,-4.67211869,-12.43913567,-4.44139648,-4.48434990,-8.41988801,-4.15564597,-6.95222817,-9.01646953
8.99218750,-4.72695790,-9.49976119,2.94732782,-8.61482323,-8.69863722,-4.71314278,-12.80809932,-9.77430611
8.99609375,-3.60314325,-7.22616561,4.01679307,-5.76676172,-2.28322379,-4.59440182,-8.59634224,-6.62795018
9.00000000,-3.58633674,-3.90039942,2.70910746,-3.43275197,2.63333423,-2.36444222,-1.91723950,0.43062110
9.00390625,3.34399137,5.25793170,0.44936525,4.69204587,8.08298785,0.95394068,8.21458195,8.37480733
9.00781250,3.55094044,6.03720199,3.65733680,5.85727636,8.06529180,0.93463940,9.88615207,9.23904035
9.01171875,3.21878617,2.36650409,0.82237619,8.82092604,12.01468363,6.16628868,7.38788251,12.53261128
9.01562500,4.32604711,10.40997478,3.12558954,10.07272179,10.64036378,8.40221066,5.20862979,9.52206575
9.01953125,8.64631864,8.31992644,2.69318107,11.67569090,7.11055601,9.26783798,-2.07021584,15.77585903
9.02343750,6.14646187,4.53909523,3.10068456,8.92469285,3.92618080,9.69428046,-8.67822863,10.12368047
9.02734375,13.12799388,-2.06997458,6.71497476,8.48729010,0.37611765,10.47123477,-9.96590139,4.26077522
9.03125000,6.56752785,-3.04362439,6.38824173,7.00462194,-5.64506581,9.06095745,-3.43388991,2.90674616
9.03515625,6.82191627,-11.04210229,10.18547469,3.98778171,-8.10317095,13.49692569,5.36999874,-2.31430291
9.03906250,5.76479775,-9.84382995,10.10466012,3.73058517,-10.16644683,9.43530033,6.37892699,-7.99340477
9.04296875,4.81558521,-5.18435002,10.61057057,1.25015889,-9.29068519,9.39055716,12.48539897,-7.45512752
9.04687500,4.89776080,-2.96897542,12.11753186,-5.73053569,-8.71608978,6.45817133,7.20097315,-7.24658328
9.05078125,3.14339023,0.97790562,13.23496795,-5.15715242,-4.66069347,4.50212872,-2.64312335,-13.62507477
9.05468750,-1.30444011,2.70543330,3.71849454,-10.59198360,-4.42420763,4.60088449,-7.67276375,-8.41317731
9.05859375,-6.25413618,5.50309649,8.32839274,-8.45496071,8.12848293,4.25485273,-6.31254241,-8.58207820
9.06250000,-6.90316082,8.52310305,4.44296741,-8.58755774,7.70742921,2.74639410,-5.58322972,-3.05883048
9.06640625,-11.09892036,10.74751407,7.93354096,-11.51542563,12.00389354,0.71412778,0.46115347,3.14386522
9.07031250,-9.68308788,6.98910838,5.84724822,-4.96508030,11.62172974,2.14719609,9.36743769,5.14804990
9.07421875,-11.18336995,5.37480701,6.36277303,-4.64495549,9.38879872,1.22013767,10.60601340,5.60312424
9.07812500,-10.18105286,-2.10776796,2.50205552,-3.92417050,1.66022217,-5.62197385,8.66152870,8.13329133
9.08203125,-10.96783250,-5.65975679,3.25895642,-1.18002570,-0.86266787,-3.59413109,2.67396032,8.74395357
9.08593750,-4.28868807,-9.08817667,-3.05505072,4.11397306,-6.51022207,-6.29839777,-7.69752430,8.40086946
9.08984375,-8.14769460,-7.44887182,-0.31498198,3.63752782,-5.18026333,-10.55918445,-11.76256419,9.27804560
9.09375000,-4.71640573,-6.67434554,-3.26315906,4.76010146,-5.51081377,-9.41601556,-9.06650867,8.23641236
9.09765625,-1.23549228,-0.93275706,-4.46988804,5.79520430,-10.01966112,-9.43867673,-6.41361148,1.80833886
9.10156250,1.04521327,-0.68265936,-1.02679067,11.03793652,-5.83658656,-11.22815694,2.06417441,-0.82253573
9.10546875,1.67513173,6.27186391,-6.69333321,10.37420140,-5.71266934,-12.54105896,6.05065247,-4.21273918
9.10937500,0.40956300,7.48400623,-9.75641621,9.63917962,0.23095641,-10.41584570,12.79527788,-5.45272047
9.11328125,5.20235586,9.41346040,-10.00168893,12.31329819,4.62249325,-6.06725793,8.41369527,-8.35189888
9.11718750,3.94089026,10.75034053,-6.20803797,3.57131416,10.69144430,-1.41367447,-2.43715097,-6.83988568
9.12109375,7.18478310,8.89617116,-14.78115986,3.73420259,10.58100969,0.11888213,-4.18205176,-6.73265410
9.12500000,7.07992004,1.30867049,-12.20082037,1.58992912,10.04425456,1.95626844,-7.97826884,-8.77632575
9.12890625,14.55904160,-2.39665350,-4.18703744,1.58167910,8.49678932,5.02153461,-5.90992114,-0.03754245
9.13281250,10.57192743,-8.80496961,-10.25409732,-5.70300185,6.76581266,0.02074666,-5.61510679,0.59652624
9.13671875,9.60633294,-8.39436579,-8.88428269,-6.03685007,0.96444399,3.66129480,5.49426728,0.41028265
9.14062500,4.73381253,-9.90275081,-9.47217516,-10.49735661,-3.75015691,6.73901928,7.30350557,4.34617175
9.14453125,2.60128619,-8.63518522,-5.96473112,-11.66982830,-3.62625905,10.26113392,7.90287845,8.83318032
9.14843750,-3.19151120,-2.74884800,-11.36246257,-10.26321873,-6.23307131,7.98272494,0.31129833,8.74404883
9.15234375,-3.93537712,1.13958305,-3.42915106,-9.71983102,-6.83978649,12.42172058,-6.15154525,11.00646417
9.15625000,-3.51407232,7.02154760,-6.56937655,-7.25787228,-10.88253376,10.17126612,-11.91455035,11.23617077
9.16015625,-4.19272666,12.37634206,-0.72345272,-2.07357127,-3.02915666,9.94283416,-10.05313191,9.70367812
9.16406250,-7.47005800,6.66627815,2.36900385,-0.53994125,-3.25649964,11.52126416,-3.02139703,4.75942167
9.16796875,-5.60597176,8.91647869,-3.03437474,4.17631940,0.87459215,9.11126799,0.58112835,-0.27393250
9.17187500,-5.71641401,0.97918314,1.25423749,5.41920805,5.64587738,6.14251391,6.49309011,0.94643209
9.17578125,-8.65318686,-0.67123122,5.57549898,10.58866976,10.05494753,6.21964066,9.36524771,-4.01414827
9.17968750,-7.46205754,-6.24940038,2.51008279,8.13267945,10.45860988,3.39357080,5.82256798,-9.16615993
9.18359375,-8.33136681,-4.91823424,7.24095722,9.11340423,9.81312564,0.79812911,0.30093216,-12.36497140
9.18750000,-9.12796616,-7.09469521,9.82273607,9.93357544,1.14621085,1.84782316,-6.25844019,-11.12078069
9.19140625,-6.15255229,-10.86117099,13.93529852,8.21237542,4.31452095,-3.42747669,-12.17700629,-12.96860476
9.19531250,-4.94550924,-9.74980343,10.08169985,6.09520585,1.94916850,-7.54974050,-9.47628148,-0.57887591
9.19921875,-3.59811900,-6.50952159,14.07168991,2.42749476,-0.84872295,-7.88685500,-4.10176666,-1.32039454
9.20312500,1.08558963,0.18691043,7.72876090,-0.09582174,-3.76245463,-9.99065640,2.57914390,0.69707319
9.20703125,0.53704735,10.52251291,9.29386536,-1.50667237,-7.00598207,-12.77386894,10.80619328,7.10028833
9.21093750,6.52208468,10.54314787,10.28862313,-0.28357296,-9.91435526,-8.13832198,13.71799741,10.36608634
9.21484375,5.28855190,13.41119209,9.31592048,-4.73066737,-6.33752331,-6.48966519,7.42567828,11.20169648
9.21875000,7.13939275,9.46552853,5.37853503,-4.82060987,-1.83025114,-6.00077529,1.01641285,9.26941324
9.22265625,9.16497916,4.36017412,10.37804478,-7.07349870,1.64967353,-7.46499384,-10.26165991,7.15775785
9.22656250,8.04269290,-0.89223354,4.97589719,-10.42766457,2.54928029,-9.26555013,-9.94186033,7.53832183
9.23046875,12.04400956,-2.10880804,9.03116240,-10.94581098,5.18100701,-8.90078615,-9.94958276,1.12289797
9.23437500,9.59531452,-6.89101606,6.37363635,-9.59179992,9.09816774,-5.96645968,1.38274746,-0.62223078
9.23828125,5.16256949,-10.73919714,3.47598075,-4.97226618,8.11245811,-1.62393375,4.48900447,-3.59267218
9.24218750,6.41610829,-4.84545692,1.56039073,-5.53544233,4.83960154,-4.11548748,10.25912286,-7.20311889
9.24609375,4.89749460,-8.40212323,-1.76968225,-1.83283733,5.69942200,-2.87975777,5.94044917,-13.79070423
9.25000000,2.29679211,0.78859015,0.04530660,-5.38603115,-4.41491570,-1.74436929,-1.79404682,-9.98940426
9.25390625,-5.48052492,5.84381695,-2.11883104,4.88132296,1.01767705,0.57696167,-10.56509473,-8.42288341
9.25781250,-8.03038455,6.84282697,-0.99063660,6.81296308,-5.22780181,1.77045214,-8.54916778,-3.89262275
9.26171875,-7.50336733,11.75462702,-7.79423980,8.21668429,-10.10914461,8.05207568,-6.90658394,-3.92847698
9.26562500,-4.73016820,8.73621190,-9.15389402,12.83701123,-11.83903552,5.80463301,4.08468361,1.53410060
9.26953125,-8.99638510,4.91415356,-9.65929740,14.58097934,-11.86168813,8.81899451,4.47723411,1.83586065
9.27343750,-7.21900051,-0.84555572,-7.31604254,12.44635104,-7.12712880,12.42562801,15.24364951,4.56375224
9.27734375,-5.38233346,-5.40389495,-11.04612415,7.21149020,-3.78458883,7.74529534,11.60311929,3.70332079
9.28125000,-4.77338989,-9.56942132,-10.40912338,6.57739249,5.04366626,10.51047652,-1.48746558,8.12394509
9.28515625,-10.35462964,-12.56204794,-2.72866788,4.24457028,8.02152729,10.41079096,-6.52952537,10.74037892
9.28906250,-8.15914508,-9.71736936,-7.47054016,-1.49630498,11.96768919,6.27944667,-6.46836777,7.03303669
9.29296875,-8.73646860,-8.12016720,-8.91972409,-4.24710832,7.60980276,9.26681582,-10.45742823,7.08326962
9.29687500,-2.70147908,-2.94864418,-9.43841093,-4.33109543,6.99218329,6.03020025,-4.05476640,-0.02847175
9.30078125,-1.23680855,1.15485822,-8.87184877,-10.12928183,4.52755224,6.38016345,1.27624319,0.27319796
9.30468750,1.41659695,5.06695973,-8.65081793,-10.65462220,0.65740877,1.26189294,6.27300060,-5.99850310
9.30859375,4.19483125,7.48298911,-12.08330064,-11.76063899,-5.59466648,2.19843658,6.23391054,-7.44618535
9.31250000,6.06936074,8.80213345,-7.34006411,-12.95245532,-1.47354584,-0.11158468,6.55246777,-8.42795340
9.31640625,5.03991106,7.05649076,-10.88574658,-7.92984310,-11.25129937,-2.61569841,0.92865671,-5.40692164
9.32031250,12.00249716,4.00013123,-7.87999306,-8.44279457,-10.88031021,-2.59331572,-5.50133509,-6.17537900
9.32421875,10.91326304,1.58778893,-5.37741927,-6.57431063,-9.10520123,-3.77405815,-8.82439205,-9.60759894
9.32812500,12.28448781,-2.49961772,1.60703783,-2.42572065,-7.99808678,-4.39434753,-9.48323438,-4.11754836
9.33203125,8.87745767,-6.12594737,-0.06521823,-3.10302949,-4.80984917,-7.17385458,-3.53114547,-0.65633889
9.33593750,11.44186510,-10.78008431,1.45499047,0.78301850,5.08026327,-10.42342344,1.38075817,0.15778860
9.33984375,8.77132836,-7.75966571,4.67176948,3.70386522,4.27699706,-9.75844245,11.31343394,10.62541535
9.34375000,5.55056349,-10.63139304,5.96071628,5.15116322,11.50996391,-10.07298765,9.73850304,7.73655632
9.34765625,4.94974988,-4.88980861,4.32010097,5.77203768,7.93700223,-7.76507558,5.09271349,8.45399362
9.35156250,-8.31541255,6.23419722,6.63632238,9.51020437,11.50495747,-7.70700247,-3.93736323,10.23997505
9.35546875,-3.34165139,8.71197679,7.52200302,11.12447851,6.94992669,-4.38687255,-8.64282019,8.21377134
9.35937500,-8.04229727,11.97088834,6.37458548,7.92443985,0.04039621,-5.55324812,-11.58265506,3.70500375
9.36328125,-6.56508587,11.59626610,7.06790383,7.89985828,-2.58444961,-3.27670284,-7.82799177,7.71369855
9.36718750,-8.93781366,6.98727278,10.41222045,4.34989921,-5.06495723,-7.15267798,0.68532380,2.37022527
9.37109375,-8.75247882,4.62088643,9.60970117,5.54902684,-7.70065817,-4.94643030,8.22846458,-2.92945385
9.37500000,-10.21198497,-0.69470141,9.31123536,-1.90456590,-12.20471880,-0.98261693,10.19423192,-3.48641029
9.37890625,-7.69101648,-2.97215863,8.87244401,-4.20517336,-9.06994289,0.20206322,9.30854940,-10.98816339
9.38281250,-8.68496212,-7.35932627,12.69999734,-7.32870401,-9.41057430,5.70539747,4.17252356,-9.32933538
9.38671875,-3.73880629,-11.88491925,12.13122560,-6.38843874,-4.10030689,5.62722602,-8.54517280,-7.54409597
9.39062500,-5.55602854,-10.98966046,10.67723553,-9.79865126,2.35970780,7.76635850,-9.60505535,-11.11916130
9.39453125,-4.78657004,-6.19620826,8.52446421,-12.47879230,4.81243498,6.92565303,-9.91315145,-6.92848236
9.39843750,-2.94909990,0.20445567,4.77813125,-12.92325941,14.05239655,8.85616707,-3.54558537,-0.52366252
9.40234375,-2.37282992,0.67053191,7.79050067,-9.93592709,12.56587210,9.57817635,3.48067621,2.86658858
9.40625000,1.66564077,6.42130355,2.89827176,-8.04620229,11.91304125,6.67515802,12.53498612,8.10701847
9.41015625,3.10108380,7.40228085,-5.03584413,-7.01811270,7.66694717,9.34837733,13.58137523,10.22285687
9.41406250,10.21210429,10.26494811,0.93635811,0.87268253,4.27020143,10.02256308,8.19300936,12.67775744
9.41796875,7.30376018,7.36430919,-1.27468625,-1.06013812,-0.80767832,9.34705508,-1.37222583,11.69593164
9.42187500,11.88448827,-0.33150892,0.15765935,6.76777116,-5.26066788,9.35624352,-8.95120728,4.56134258
9.42578125,11.48051622,1.50968878,-5.85785960,7.55085424,-8.91635343,5.69820733,-10.92934461,12.72197454
9.42968750,10.57296962,-4.86866080,-6.17315806,4.71737730,-12.98333291,3.45369874,-4.49143703,2.62173589
9.43359375,6.43789268,-5.27520607,-2.85472931,11.05387682,-7.98639044,4.80343732,-2.35313029,0.54795685
9.43750000,6.96327484,-9.85957988,-5.70261821,4.83532041,-3.23637513,-0.61134975,6.73589221,-2.15746280
9.44140625,5.17613268,-12.38890409,-8.54452226,9.05906753,-5.76561121,-1.28121084,7.81260298,-9.04123230
9.44531250,1.69565043,-9.09050934,-9.13743795,7.52965085,-0.75478871,-4.32959546,7.73738536,-10.69350900
9.44921875,0.75226040,0.24413534,-8.83293961,6.47979124,7.75615157,-3.28097320,2.11408685,-10.54775655
9.45312500,-1.82208310,3.36012213,-7.00956439,4.27096286,7.97235865,-8.22144377,-5.40827033,-11.11713499
9.45703125,-2.35340584,5.35889163,-6.47792325,-1.27836987,13.14216480,-12.16102432,-10.70739598,-10.80191078
9.46093750,-4.35128899,11.02717319,-9.52403604,-2.21568627,9.78708029,-10.35379470,-7.11109926,-6.10581019
9.46484375,-11.06388232,6.99484860,-14.44816489,-4.13995440,7.74039394,-5.41453918,0.69134409,0.98124301
9.46875000,-7.57383557,11.40748721,-9.56373739,-7.10145059,1.91199829,-8.36570212,5.16067579,-4.15916174
9.47265625,-7.59596090,2.74711531,-11.52555599,-8.16525021,-4.67359461,-6.25033860,9.23855694,1.80349691
9.47656250,-5.43786623,-1.33552101,-4.98780943,-12.29313856,-10.07495023,-11.88420381,7.48028195,3.97009829
9.48046875,-7.20622694,-5.19684924,-3.86282039,-13.05371145,-7.79662479,-6.06382739,-1.43733694,5.63190549
9.48437500,-8.95259461,-9.77410493,-9.47984290,-9.31144352,-6.27374923,-4.08321492,-3.15105855,4.56288823
9.48828125,-5.12269151,-12.25990863,-3.58259790,-8.65190584,-8.23679565,-10.16585113,-8.12270132,8.54623958
9.49218750,-3.07098917,-6.75125332,-1.80165385,-9.22612570,-6.35036282,-10.54822833,-15.20264764,4.67978793
9.49609375,-1.82951157,-6.01902583,-1.00803870,-8.80335627,-1.74255993,-1.88028778,-7.07155765,3.07864153
9.50000000,-1.41539910,1.03527503,-0.33025939,0.02510790,-0.49685364,-2.17332341,-1.86210271,4.61420092
9.50390625,-0.03492683,3.11678275,1.30667583,-0.90490119,4.92811316,1.37935962,6.26840984,-4.20609506
9.50781250,1.43182649,5.38639766,-0.58453239,3.30903804,9.75960431,3.87543983,8.94637229,-6.22430908
9.51171875,5.83865190,10.91318917,1.49418604,5.74387405,9.54486210,3.24568258,7.03576871,-4.22327741
9.51562500,5.82342711,9.02792906,3.32072914,11.67010654,14.17525911,6.41069007,3.09631132,-6.38724938
9.51953125,11.94659510,6.61074093,3.53491937,8.67493425,6.01660811,7.44976781,-5.22941180,-6.94461385
9.52343750,8.86848524,4.28451633,7.58019925,15.45276810,4.18456896,7.91521173,-12.97381094,-6.39680030
9.52734375,11.54932722,2.08077181,6.30069514,11.50142692,3.35681522,14.70981480,-7.44900496,-3.33701535
9.53125000,6.84187794,-6.80975427,8.31415893,6.59398763,-6.14945285,8.98480525,-4.31801192,-1.63731160
9.53515625,6.03563244,-5.74370541,13.13054964,4.90011113,-7.27933929,13.16047730,-0.85874096,0.69787688
9.53906250,8.09771434,-10.46035609,13.42968034,-0.32246489,-5.75590176,10.76952201,8.36163357,-4.30695525
9.54296875,2.93199525,-10.73644522,10.65287360,-3.05060333,-7.53944853,7.18832226,9.67814697,7.56669097
9.54687500,1.69821300,-6.35026171,8.71471515,-3.02564911,-6.96680839,2.59235035,5.10532165,13.76698648
9.55078125,0.46745775,-3.38361737,7.37300091,-3.75491374,-4.69506107,4.40450673,-3.71576003,9.55796131
9.55468750,-7.09127210,7.10632480,7.44599513,-5.80810877,0.59527945,4.52817939,-5.07730091,10.02725064
9.55859375,-0.79262684,9.63147701,5.73400161,-2.63340414,0.23658429,4.55817922,-10.03446810,7.99334622
9.56250000,-2.80091368,7.82009497,7.36885239,-4.41813457,7.83277918,0.57470657,-7.35731129,3.12904957
9.56640625,-7.86516423,9.14810494,6.19830419,-8.79721557,6.70364992,2.33863069,-2.13461970,2.01147186
9.57031250,-6.00642014,6.50586168,6.58177916,-9.30761696,13.52551921,-3.74555242,3.31577803,0.40118349
9.57421875,-9.83770435,2.62346989,7.08710422,-7.34706862,5.91741269,-3.44832736,9.04945020,-6.71708782
9.57812500,-6.13941288,-1.74060652,1.84448188,-4.14250223,3.62465015,-8.50258060,12.65900460,-8.62764206
9.58203125,-6.37395641,-9.14338357,2.19468929,0.04982423,-4.56807417,-6.82615000,3.40511418,-12.51698325
9.58593750,-4.09046334,-8.53955328,1.08612072,3.44059592,-6.30634533,-6.09410874,-5.10250368,-9.99371760
9.58984375,-5.74716296,-12.39538260,1.16755962,4.63102113,-8.07335529,-7.98659299,-9.17242360,-7.98200856
9.59375000,-4.99046810,-4.94121603,1.12222315,6.74432330,-7.70055125,-11.58154430,-9.99047357,-7.79617645
9.59765625,2.40549764,-4.13361601,-1.55806381,6.72344662,-8.22193365,-11.86256102,-4.22839693,-2.92980838
9.60156250,-1.39785186,0.28711901,-5.70184063,11.16898475,-8.23521129,-11.30238731,-0.38488302,0.92121120
9.60546875,0.22469656,4.36431100,-11.50528933,10.73044936,-5.87938992,-11.77352741,14.63021155,4.52553581
9.60937500,6.08720787,8.37512566,-8.89047594,11.51216322,2.42001673,-6.71722718,11.83800993,9.72390570
9.61328125,6.43741088,10.91253582,-11.46145033,12.05122847,3.36485648,-4.61292151,9.50476827,12.38042969
9.61718750,7.38262255,8.38130994,-10.00084613,3.95388380,4.91004267,0.42520427,0.90915236,8.57897356
9.62109375,7.91377465,5.85212605,-10.63333494,8.03143348,5.08177282,-1.24541050,-6.61582809,9.75264286
9.62500000,9.64938198,2.91739428,-13.18484242,0.52318148,12.96521080,-1.65602438,-11.95807711,4.69735747
9.62890625,10.93382993,-4.09642661,-12.17221076,0.12614213,7.11251894,0.89254717,-10.05274921,1.59757677
9.63281250,10.05226381,-5.98253958,-13.40355600,-5.76226287,4.38515615,1.29819088,-3.84058496,-1.94556600
9.63671875,12.13487671,-11.52487374,-7.46855687,-6.91767960,-0.82328307,8.42770459,5.97091040,-7.82139380
9.64062500,4.91827442,-10.25213022,-10.33543092,-8.98186199,-2.75598363,10.74093524,6.66594680,-6.61805760
9.64453125,1.50166562,-5.81099236,-5.70013665,-6.27857476,-4.69438012,11.59499102,6.21783573,-9.19613719
9.64843750,2.83544853,-2.40473608,-0.66660974,-10.73478470,-9.06295372,10.16736873,3.47103847,-13.19425834
9.65234375,-1.66725050,-0.31595526,0.15949865,-8.49018803,-10.58014422,9.70817291,-6.42952878,-10.20379052
9.65625000,-6.30084562,8.26965207,-4.19232741,-8.46479196,-8.84678144,5.91626943,-10.93905327,-6.09154006
9.66015625,-2.41442673,10.84800760,-2.50225713,-6.95448721,-4.59568604,8.68527538,-8.73892299,-4.67196295
9.66406250,-8.97992038,11.53171532,-0.33685468,-1.03308829,-4.40363048,8.29144670,0.20926700,-1.68701768
9.66796875,-8.34639248,10.96952252,4.96880465,1.89886370,-1.47933851,7.92040937,2.28230497,-1.94794284
9.67187500,-6.40937728,1.57760843,0.10355092,7.28436861,-0.17520322,10.71346554,7.99868423,6.13062995
9.67578125,-7.55641912,-6.94908597,2.87096374,6.47113147,7.70671892,6.99009153,12.15737940,6.87598756
9.67968750,-8.76051259,-5.45287836,5.72030034,8.66651527,9.94790569,5.15004679,5.98918321,5.50418134
9.68359375,-8.95980717,-11.14063848,8.13163000,8.61468185,5.48693196,1.71921888,-5.71886688,7.98030813
9.68750000,-6.62633277,-13.89796578,8.30233266,8.08837503,9.42144193,-1.50871064,-6.79383155,9.49066871
9.69140625,-6.03941256,-9.54762896,6.88632472,5.96893237,3.33960744,-3.82316165,-9.93468587,8.94279774
9.69531250,-3.72037630,-6.10093872,9.57099727,8.12709058,-2.28583958,-9.50082108,-9.40620857,5.49094089
9.69921875,0.29388363,2.72378355,8.57465435,3.07146778,-3.32249931,-12.11197198,-1.10653307,0.99151014
9.70312500,1.79122370,0.93248577,8.72857975,-2.39113150,-9.80987109,-8.12295906,7.82187911,-2.50989142
9.70703125,2.97091876,4.48374684,8.68261163,3.56955114,-3.54585956,-7.04250170,10.13510627,-4.73520483
9.71093750,2.97895130,8.63903247,9.26074325,-0.52774375,-9.82647745,-10.81117394,12.72429452,-2.77134474
9.71484375,8.86706405,11.35901324,8.35114075,-3.68673690,-6.58547552,-9.06493791,3.85753746,-7.58111215
9.71875000,11.83954691,7.73381108,11.02809230,-4.21930457,-3.52159848,-10.42418139,-2.70176464,-5.74034023
9.72265625,12.27812817,6.31805779,7.59131978,-7.45979079,-0.13147929,-10.50117627,-7.18319101,-4.49500483
9.72656250,6.66806740,-1.37810392,7.64579743,-7.92444424,5.10550417,-9.80723734,-11.10115268,-7.51652246
9.73046875,9.31610146,-8.65022129,4.76516047,-7.83352322,5.37856761,-3.74899209,-6.00054326,-3.86772642
9.73437500,9.16841496,-10.08439550,2.54101690,-8.12365947,6.71933053,-4.49443755,4.03513169,-0.35394052
9.73828125,4.60535122,-9.20799721,7.22572166,-5.20863129,12.46436327,-5.35934358,7.06703653,3.84598741
9.74218750,4.94080366,-12.53811703,0.67266751,-4.07027378,6.07422217,-2.84429035,7.80469014,6.06090899
9.74609375,0.32394666,-1.94822052,-0.16400720,-1.42831431,1.76254974,-7.83502274,5.26224900,12.54067110
9.75000000,-0.53172433,0.30128098,-0.20597842,2.05723204,2.68786559,-3.10008495,-1.26191140,10.34655806
9.75390625,-2.58693339,5.30949282,0.92262080,3.69527854,-3.15019278,5.60664388,-4.04523524,8.37199266
9.75781250,-4.57963460,4.88641449,-3.03588185,4.57726407,-7.83948204,4.34062543,-10.92923132,7.34802760
9.76171875,-10.12793029,12.34722571,-6.44523344,7.45238762,-12.64699197,4.55919314,-7.03435727,4.57323424
9.76562500,-2.21660528,8.82804303,-5.34476954,13.24665670,-11.93220842,6.09966375,-5.36435559,0.88600750
9.76953125,-4.33320254,7.69802772,-5.20198135,11.15415472,-10.92605374,10.47952689,6.51036720,0.00080274
9.77343750,-10.27339869,2.66691222,-6.43451581,8.10750130,-4.68884818,9.01212214,7.92507619,-4.76348333
9.77734375,-6.35112118,-3.36153939,-6.82785757,9.23457201,-2.51174745,13.58802655,10.12948297,-10.07622120
9.78125000,-8.81118455,-4.74445257,-6.09754244,6.79810548,2.44415131,10.75729955,3.08792263,-9.00122580
9.78515625,-3.78989834,-8.89136007,-4.57068672,4.13450995,10.25975062,12.24605378,-0.69816468,-10.58271999
9.78906250,-3.71815537,-8.23340755,-5.07850671,5.10046530,8.16646447,11.22979280,-9.01361132,-14.19793051
9.79296875,-2.43446461,-11.24415197,-5.34396129,-4.31809200,10.61035999,9.70685343,-14.80661860,-6.19766891
9.79687500,-0.71580908,-4.94380353,-9.33943518,-9.06388026,10.14607246,6.19326011,-9.58629792,-5.62759461
9.80078125,1.47278574,0.45852444,-10.48681665,-8.57903662,9.84897069,3.43184860,0.03917174,0.41835140
9.80468750,3.90923158,5.35258595,-6.96890141,-8.50592315,1.21820889,3.43076362,8.09695748,2.33097076
9.80859375,5.90664423,7.99693733,-3.76241960,-9.76760528,-5.92864522,-1.16040637,7.74630128,5.96535962
9.81250000,5.15850998,9.09150321,-11.27358184,-7.62294461,-7.95897046,-0.85048403,10.44345910,11.90438454
9.81640625,6.62883988,11.23220691,-6.61045161,-1.87027825,-10.46203095,1.48300561,3.54661101,9.60910844
9.82031250,10.12312482,7.55704640,-6.71504498,-5.53478387,-8.21842533,-2.86907448,-3.60767119,10.12674134
9.82421875,12.26224684,0.76136669,-3.84020910,-4.85190932,-12.00403324,-6.91570187,-10.58454945,7.52584894
9.82812500,9.45119351,-5.01123778,-4.08261655,-4.51516028,-3.12525124,-6.94967931,-3.84227331,6.29695337
9.83203125,10.55582184,-9.24115864,-0.08384268,2.10223748,2.67709400,-7.70891938,-4.32609876,3.60763607
9.83593750,5.00697354,-11.38697522,-0.68959099,4.38364117,-0.75145125,-9.21677894,5.45989668,-2.23965031
9.83984375,3.22645278,-12.75316347,-0.63389970,3.66335767,5.64364322,-8.49529110,10.56087064,-4.93231904
9.84375000,2.56167604,-7.85601580,5.20885345,6.52487240,10.05229532,-12.23108347,11.24822662,-10.90840438
9.84765625,0.76498722,-4.18176015,4.07619744,7.31398343,10.27757685,-12.83976198,1.65621270,-12.35657676
9.85156250,-2.99879229,1.16120529,10.41905877,8.83719423,11.05209811,-10.78449027,-2.86371542,-7.89126718
9.85546875,-3.06958352,5.35528250,8.10366526,7.17428894,7.58855112,-10.96484192,-7.32615633,-7.91085237
9.85937500,-8.14835273,9.37363873,8.15125643,8.00112986,5.90402502,-7.51235884,-8.22577776,-3.04220778
9.86328125,-7.70915363,14.26060060,4.09882496,12.17811500,-2.60871491,-7.72932233,-1.82231459,-0.46152870
9.86718750,-9.35432951,8.43784581,6.08452303,5.49379019,-2.74401486,-3.03397868,3.44994678,-0.63229147
9.87109375,-8.52613673,6.44554224,7.23053535,-0.80328522,-5.57499781,-0.06348946,9.07293674,0.58887912
9.87500000,-8.64680337,0.79530946,12.12167974,1.65777844,-14.10245616,1.24350977,8.53811600,2.47166732
9.87890625,-7.59828417,-2.91111828,15.03265215,-2.06488035,-11.26539110,3.42503181,6.47234162,7.04137386
9.88281250,-5.57661599,-11.98512636,11.78630344,-9.49108912,-9.32558075,2.67179684,-0.23194678,11.68453541
9.88671875,-5.40468112,-7.93438769,11.31279307,-3.58756724,-2.49456952,3.31914700,-8.69716419,5.91125496
9.89062500,-10.33223251,-8.23490397,11.50468480,-9.18857515,3.90098420,3.86673172,-7.78417534,8.08645225
9.89453125,-2.08793199,-7.40389816,7.70301395,-11.47081115,7.81098600,2.71406101,-8.22506914,3.82411539
9.89843750,-4.32501024,-3.12601879,7.90991466,-9.66707160,9.59796134,12.20353030,-2.36104621,2.00783659
9.90234375,0.74392555,-1.27548471,5.84383888,-8.41118899,12.55002149,6.74956494,3.83481037,-3.07753450
9.90625000,-1.16466846,1.77589199,5.45230173,-6.77095037,9.19461765,9.71110624,8.18871227,-6.69916547
9.91015625,2.16296091,8.28349020,4.19495231,-7.55172173,8.70966880,10.62703892,9.53319838,-6.31795591
9.91406250,4.59210312,6.77066109,-2.64509133,-0.54335017,4.38247638,11.91707013,7.12414501,-6.52843028
9.91796875,9.96579276,9.27754778,-2.55637461,0.36659471,1.16679186,8.24302170,0.37765904,-10.00493883
9.92187500,10.03632611,4.25918994,-3.78646108,7.23294125,-5.31989969,8.66152321,-7.86942648,-11.84658968
9.92578125,14.00750064,3.57315706,-4.40781741,7.20766984,-11.29084644,11.50406138,-5.94579380,-5.68601795
9.92968750,10.99602142,-2.67366495,-6.67579414,9.86765079,-11.06969049,3.06221185,-5.18739714,-4.93591614
9.93359375,9.06880606,-9.15144900,-2.93183584,11.63005194,-11.80707177,1.31519319,-0.35448368,-2.32267294
9.93750000,2.24880218,-7.48894303,-2.21533531,13.43771580,-6.45577120,-0.01208686,7.37388595,2.95553604
9.94140625,4.21533131,-13.83454563,-7.19270083,8.58969301,-3.95469646,-2.05754912,7.88473273,8.73207896
9.94531250,1.72908004,-8.36074043,-2.74084749,6.41659569,0.40554255,-6.99398490,3.88523850,12.20468900
9.94921875,1.32569993,-1.64858568,-7.94332153,10.00509439,8.57051999,-7.14207679,-0.83800782,13.04734190
9.95312500,-3.81237936,3.95050498,-8.06702723,6.70385525,7.92417909,-8.17105302,-3.33913834,11.22171007
9.95703125,-2.54389219,10.06467043,-11.75304070,5.61288971,12.09620310,-6.04902534,-2.96791499,5.09131726
9.96093750,-6.58770411,10.23063059,-8.76168084,2.31242519,12.45191189,-4.22805167,-8.66534335,6.75525039
9.96484375,-9.59200900,10.20790310,-10.25583780,-5.64899931,8.10826926,-8.87456224,-1.06581646,0.57748182
9.96875000,-6.12424589,9.08570219,-8.80959321,-6.96477829,4.72955423,-4.36331177,5.27322908,0.13372043
9.97265625,-8.69130947,3.34765797,-6.66021875,-11.10423994,5.77594506,-12.28739053,8.70792654,-1.68053766
9.97656250,-8.92268350,-1.06390483,-5.50826314,-10.27541563,-3.82404164,-7.83642378,11.62125288,-4.13350691
9.98046875,-6.06597053,-6.51786086,-3.72105247,-6.05377311,-9.37474412,-5.54293407,1.42377668,-8.00995729
9.98437500,-8.42057408,-7.09889335,-6.25864256,-11.51282841,-13.58983780,-6.89434778,-0.99940000,-10.85809601
9.98828125,-5.00855262,-10.57413504,0.42555566,-7.76289419,-13.41426445,-6.07831229,-8.67458315,-5.15379015
9.99218750,-6.34079913,-11.59911564,-0.04525722,-1.83189630,-9.81462602,-4.60957323,-9.40337731,-7.96799599
9.99609375,-1.72654582,-7.36071536,0.47739382,-3.48630804,-4.40436584,-4.88930360,-8.91625374,-6.47226489
10.00000000,-4.33503072,-1.16105062,0.61714751,-4.35039465,0.26120921,-3.06186920,-3.69826331,-0.53656639
10.00390625,0.42689412,3.48064827,-1.67986972,1.39117231,7.63613509,0.76410237,7.60636822,5.77613580
10.00781250,1.40034566,7.69822335,6.68644429,3.92805830,7.86613056,7.44477300,7.01426213,7.80864538
10.01171875,5.57427596,9.77046056,3.24009692,7.11949314,10.59688678,4.76562596,12.02906456,11.78237056
10.01562500,5.85535297,9.24730366,1.94084054,10.76512714,11.51854582,5.26551583,3.84595426,12.27805883
10.01953125,7.62604049,9.27446175,4.74735456,12.34456728,10.13677195,7.59391694,-4.20530892,15.18509959
10.02343750,11.98057532,5.49368009,8.05422398,12.27827584,4.08954640,6.90549643,-10.44554255,7.83026668
10.02734375,11.06007421,0.20499385,11.09413715,10.13095709,1.61070900,10.85133735,-6.14927274,5.67452495
10.03125000,10.99697125,-8.40754195,9.42339652,9.29683969,-5.46935895,11.69936772,-7.00084600,0.80521435
10.03515625,6.79992480,-7.77714168,9.60111469,4.79562574,-4.57275425,10.55201214,-0.99753942,-0.42852520
10.03906250,5.96768620,-8.00054787,12.26535560,1.49588957,-11.31728109,8.12411598,8.97037631,-3.83344244
10.04296875,6.93111866,-9.45434094,7.45089940,-0.70739895,-10.45325289,5.19955646,11.16902980,-10.81709202
10.04687500,0.45381935,-4.04110641,12.24088689,-3.13838129,-14.08416470,4.81859985,2.90251995,-9.87832823
10.05078125,-1.71755721,-0.05605630,12.30114643,-7.26981404,-4.44387404,5.66650366,-3.76746266,-13.21294218
10.05468750,-1.57467715,4.04248655,8.64074163,-8.76064875,-1.71861183,-0.40456522,-8.90291455,-10.96059777
10.05859375,-9.17593527,5.40102423,5.41978782,-6.09088558,2.10952404,1.37294795,-9.70278540,-5.41562340
10.06250000,-7.81984141,10.43469988,3.24743125,-11.31850482,4.92183957,-3.49559621,-3.32778377,0.34506087
10.06640625,-9.25825526,11.11695578,0.45465222,-6.21318157,11.45684581,-0.34091918,3.16552185,1.82459761
10.07031250,-10.21038256,8.95601375,3.41428166,-6.80084846,9.12336228,1.80859716,6.42254980,6.00081116
10.07421875,-2.57383423,0.15269920,4.88734477,-5.34099618,9.46854980,-0.43118773,9.53860181,6.62349300
10.07812500,-7.62360492,-4.56439589,5.31173916,-0.23420213,4.40776562,-5.64700592,7.77154919,7.34472172
10.08203125,-6.11873404,-8.15945179,-0.58536706,-0.31085517,-1.38173711,-9.35953132,-0.93583434,5.96270324
10.08593750,-8.25262556,-11.97450015,2.43577977,-0.55299186,-6.70721389,-8.43846598,-5.57225171,7.97850259
10.08984375,-3.85852350,-9.90560056,-0.04909002,0.33056057,-9.80744527,-11.03234925,-13.29921594,5.28080938
10.09375000,-3.18385094,-8.22153703,-3.32468869,8.47853526,-8.14504925,-10.96087120,-11.09381326,5.72953741
10.09765625,-5.67577642,-6.01374159,-4.79743037,10.40282937,-10.10413722,-11.86493584,-5.01914487,0.71162282
10.10156250,-1.07117506,-1.09298815,-2.61008639,9.84040385,-7.93858586,-9.24326208,4.41965312,-2.39787287
10.10546875,3.46191015,4.05171345,-13.27498365,7.02545288,-4.21026146,-12.14373333,7.82740819,-10.34289071
10.10937500,4.78791116,10.23122005,-8.90663762,12.27610793,1.57342957,-6.68878600,11.41586191,-5.77576476
10.11328125,8.14641077,10.55786149,-11.95904558,6.59148693,0.41512688,-6.67573182,8.89251802,-7.35404647
10.11718750,6.70665518,9.11671938,-11.59221084,7.26361285,6.37278709,-3.65668143,3.23143495,-9.10301601
10.12109375,11.47380525,5.66910183,-9.89847441,-0.17077971,10.76921841,-2.42213623,-3.04794175,-4.57051118
10.12500000,11.76572446,0.47517667,-11.32442761,2.48292622,7.27877530,1.48152137,-9.28769455,-4.37891819
10.12890625,11.74710388,-2.40800423,-13.55986050,-3.69516199,7.34499101,1.75105646,-6.04693237,-7.46533992
10.13281250,8.04418404,-6.92181466,-6.51801190,-5.06386729,9.18154707,5.52760791,-4.03083506,0.13486671
10.13671875,6.68895406,-9.89960696,-7.32589647,-5.36831322,-1.53727243,5.26038997,2.76210860,-1.80705661
10.14062500,5.71006256,-8.46916361,-8.00467733,-9.59700887,-0.95648563,12.25887705,5.24505778,3.86995497
10.14453125,2.16722602,-8.40401894,-8.73426578,-5.46663058,-9.07123254,7.36791233,8.86115821,7.90066294
10.14843750,-1.60082384,-3.13299486,-8.18539373,-11.32433207,-7.45178349,2.24178484,8.35512653,6.53697688
10.15234375,-2.03812364,5.00474998,-5.60917586,-7.27649079,-12.00222573,9.77522511,-4.38246214,11.88508355
10.15625000,-6.30324140,5.59058614,-4.41557895,-7.84437528,-9.24986096,7.95420601,-5.84154258,8.74669364
10.16015625,-5.68905885,9.72869217,-4.30095716,-4.34966999,-11.86403373,10.46901705,-8.76544596,4.88055406
10.16406250,-6.09421602,7.19420492,-4.31727440,-2.07004462,-4.81307019,7.19078777,-5.63164877,4.54804054
10.16796875,-12.72438927,7.98711464,2.31817656,-0.89665883,4.17387610,6.49020442,4.70031568,-2.81976965
10.17187500,-8.77699030,7.21369291,3.56386817,4.71078926,5.77875127,9.79967529,12.68610483,-7.25777390
10.17578125,-8.72909201,-1.26240891,4.82160208,3.75884739,7.07262936,2.30763329,14.48301389,-8.28317122
10.17968750,-8.09133668,-7.47669063,2.67441200,8.23993749,11.77210292,3.88597902,7.24910064,-8.67820258
10.18359375,-2.55374000,-8.81477546,6.67077487,6.10716513,6.13668372,5.87659926,-3.75699851,-10.77147432
10.18750000,-2.65082024,-11.92021937,11.30419254,9.12048077,4.41251597,7.58324712,-10.56091407,-11.75089791
10.19140625,-6.23179413,-5.10996408,12.59235963,3.68195585,2.65111203,1.12852583,-10.48718247,-8.93071837
10.19531250,-8.04140063,-3.67803220,9.52293818,5.52739663,0.39132008,-4.55592982,-9.40249058,-7.42210925
10.19921875,-7.01833578,-3.48021031,11.31221988,0.17000308,-3.35474695,-8.49258475,-2.44199334,-3.76055797
10.20312500,-2.03657022,3.62800922,9.17574765,5.82690450,-6.73196191,-8.95297496,5.61887124,7.38492182
10.20703125,2.45365937,6.68203987,6.84142828,-1.48674303,-7.34915841,-8.82780282,10.43483886,7.70876895
10.21093750,2.36704156,11.65764196,8.95735914,-1.52341720,-6.40653268,-7.57667472,11.73719849,11.07168159
10.21484375,3.35232658,10.58925581,8.85332141,-8.54538662,-4.95784248,-9.22102846,9.21856181,12.34089348
10.21875000,14.19222278,5.75338505,4.20442094,-2.72452435,-4.02362384,-7.21300483,-4.11033302,13.41456800
10.22265625,10.52559412,6.17511883,8.73716619,-5.87289458,-0.57387210,-8.18205156,-8.31230136,12.57674154
10.22656250,12.38460254,1.80386987,7.95450125,-7.85319486,3.37758136,-9.43592448,-8.37442546,5.66026042
10.23046875,6.47581046,-5.78254811,4.58869009,-6.35926603,3.33288844,-8.84501178,-2.76129105,2.68443919
10.23437500,9.03679837,-11.64586715,7.95957877,-9.35594315,9.22853296,-5.19346761,1.80708596,-1.32421816
10.23828125,4.83361646,-6.57171072,1.78023287,-7.17015043,5.50081504,-4.47154061,8.09773707,-3.70900789
10.24218750,4.03285954,-11.09588753,2.13179770,-6.09884276,3.68902326,-3.62192096,11.38447513,-10.17455504
10.24609375,4.75831091,-5.25953240,5.88315869,-3.56613316,0.00735645,-1.72949445,6.42668009,-14.27258092
10.25000000,-1.51514481,-2.25552371,0.90757191,-1.56566963,-2.23796937,0.87290598,-3.32818569,-9.59663891
10.25390625,-2.62241692,7.51102597,0.25023142,-3.09866972,0.18107762,1.82014256,-8.04102402,-6.72292007
10.25781250,0.17763091,9.67718765,-5.22288575,5.92606826,-5.66519529,1.42146217,-9.37319366,-4.39787475
10.26171875,-8.28422225,9.20796449,-10.29608529,9.02529233,-7.30372976,7.38812915,-4.79262283,-0.54587961
10.26562500,-6.56280778,11.20310612,-7.29590065,12.98521273,-11.12117685,8.72299370,2.91359720,-0.09173450
10.26953125,-7.47334759,8.24352562,-9.61654831,6.80754308,-10.97598852,9.88949802,8.76915750,6.56137190
10.27343750,-8.93314760,6.93239394,-6.91165267,12.47056973,-3.75153725,10.08928545,8.27044721,6.99629935
10.27734375,-11.72496914,-1.61467893,-8.25554278,7.35939037,-0.94813088,12.60374013,7.19240960,4.83311738
10.28125000,-8.55169476,-8.25347770,-7.51804878,6.76869474,2.58387796,9.20669661,-1.52400066,6.59774027
10.28515625,-6.58011446,-9.77909550,-11.48279888,5.23420007,5.75766305,9.64598809,-2.55153176,6.28906901
10.28906250,-2.14108965,-7.53056311,-9.65158338,1.47154531,6.91916188,7.19839251,-7.90628558,8.35718838
10.29296875,-4.20834861,-5.10038243,-7.82165416,-5.69047267,9.37519101,5.27512242,-9.76192540,6.67024513
10.29687500,-0.67122633,-1.20988982,-7.06231049,-4.55925763,12.44356788,6.14772543,-2.75971690,2.50682486
10.30078125,3.52061291,-2.07809990,-7.69566058,-8.11928621,8.87661333,4.27009440,3.08035485,-1.00757275
10.30468750,4.35798108,7.80388808,-11.08932393,-8.68953360,3.19460860,2.84191066,4.95130175,-4.66709212
10.30859375,7.18394583,5.35901959,-8.61850924,-6.47973185,1.67177647,1.21596058,11.69935941,-4.79769929
10.31250000,7.21543863,8.60790483,-8.31150771,-8.52935788,-4.83542302,-2.31896108,9.01698767,-5.48469679
10.31640625,6.07754782,4.47640606,-10.75093676,-13.38003194,-7.93432918,-4.65753032,3.74264714,-5.84136602
10.32031250,9.59019128,6.31979735,-6.52227938,-6.34519103,-10.01959155,-5.08247981,-4.89034328,-8.07515962
10.32421875,14.19076247,2.51125317,-8.38616603,-2.81877864,-9.39029653,-2.58571493,-8.11644417,-4.52990052
10.32812500,7.85862998,-3.04086784,1.52054932,-3.51012159,-6.00520355,-7.16603203,-6.94000569,-7.34898722
10.33203125,11.45412066,-3.92328213,3.49983464,-1.84052490,-3.25175555,-6.78552419,-1.70484338,-2.54021284
10.33593750,9.26003969,-12.90815202,4.42639982,4.22319420,1.86300220,-5.57982303,2.66052552,-0.26641545
10.33984375,5.58601227,-9.12711768,3.73638514,2.11171875,2.22253110,-5.65489208,5.06516230,3.84812521
10.34375000,1.59570995,-9.11462668,8.29876261,8.04372309,9.07283396,-8.47447897,10.39914071,7.16802029
10.34765625,-1.89807125,-4.81298191,5.41379338,8.57461907,12.30693916,-12.09370600,2.04567620,8.94442772
10.35156250,-1.47708902,2.33085348,6.54508509,9.43777632,10.63664714,-10.23994128,-0.71374217,13.05175735
10.35546875,-6.11138653,9.45469208,5.83731503,9.80644318,3.85810404,-9.64403622,-7.11249174,12.82350663
10.35937500,-3.78222779,7.66235154,9.59072058,8.76135720,5.64911167,-7.47734835,-10.81001615,8.53018785
10.36328125,-3.35378972,8.28454389,3.31075210,6.64776723,0.08245207,-1.25057032,-3.88423635,4.00185724
10.36718750,-7.49649235,9.56720475,8.20377251,7.42331713,-7.65696451,-7.47000838,2.92227429,0.93216652
10.37109375,-10.92509762,3.42990576,12.56555024,4.77466016,-5.77132066,-0.76626991,4.36284412,-1.14849293
10.37500000,-9.92455667,-0.01590297,6.92869972,2.81835698,-8.04829464,0.61474935,9.69798382,-6.76649163
10.37890625,-7.61272951,-1.40575315,9.17519154,2.50749952,-5.80832791,3.66480397,7.88595167,-6.09382481
10.38281250,-7.19012590,-7.68160960,9.82512426,-6.06890346,-6.13649852,4.22339638,3.38129068,-10.52229639
10.38671875,-7.98706638,-9.99180384,11.91305907,-7.92572222,-4.57352057,9.16500287,-7.02560387,-9.69591208
10.39062500,-3.98188665,-9.29846094,9.79193219,-12.18481602,3.00614258,6.29646624,-10.12814091,-9.78659275
10.39453125,-7.42865910,-11.03797502,8.56895460,-10.53834280,3.60338903,8.08846230,-8.83587417,-10.10349577
10.39843750,-3.66660398,-4.64243726,9.86998757,-11.67125743,11.46847140,4.99092138,-2.89838107,1.31090244
10.40234375,-4.22626880,0.72545892,3.98197254,-7.37049496,12.75494807,6.95773625,11.67738617,1.43665243
10.40625000,2.45078103,9.81315519,2.39261410,-7.20333373,10.47232702,10.55276210,11.79756137,8.05260015
10.41015625,7.22152157,6.48189612,1.99752291,-2.94963255,9.67101531,13.57875501,10.91157362,11.03313856
10.41406250,5.98246879,10.24619106,-2.43235365,-1.23292350,1.71069487,7.94581839,7.02301776,12.08844555
10.41796875,8.47065663,7.51135968,-1.67825237,0.95198973,-0.33293387,8.39885523,-0.54278810,14.05409498
10.42187500,6.47614974,5.25844845,-2.26679778,4.83837113,-3.61610349,7.09854580,-11.56719653,12.23402307
10.42578125,11.85693528,0.97521890,-3.83340446,9.48717972,-9.45852689,4.70929058,-6.36086000,5.71750654
10.42968750,9.01824506,-5.36613127,-5.06787281,10.12015933,-9.37200953,5.75844689,-2.69467957,1.42162594
10.43359375,8.14335467,-10.11066777,-6.28095703,13.30488490,-8.11842365,1.38359012,4.89047909,-1.97469399
10.43750000,9.50948392,-11.75506663,-4.53989983,8.74603231,-8.47407057,0.08093270,4.86424670,-2.41553931
10.44140625,6.07431538,-11.47630611,-6.36677254,11.57040093,-1.15797334,0.27789498,8.71783322,-9.96830323
10.44531250,1.02691791,-5.19378619,-7.54184149,4.64194066,-3.21009941,-7.99222584,5.72171073,-11.86781402
10.44921875,3.38101655,-7.31336113,-7.16940206,6.51331426,6.26656705,-4.82264876,-1.60339944,-6.71554501
10.45312500,-2.62098346,-1.38262306,-11.40206445,2.47456517,7.89757375,-11.95896350,-6.42695398,-5.56638686
10.45703125,-3.34110873,5.92836891,-6.77464914,4.31454723,12.29358299,-6.19969923,-10.62673562,-10.30834191
10.46093750,-6.35446495,6.18049797,-10.11743432,-2.08223175,10.61765662,-7.83535852,-9.97664404,-4.07147496
10.46484375,-5.04037816,7.03753812,-12.69104339,-6.88768989,6.62512135,-9.59030969,-1.45119760,-5.58182555
10.46875000,-7.70070539,10.94308410,-12.09062596,-6.86069159,2.73254945,-9.87145916,6.76768353,-1.43450225
10.47265625,-6.70838163,3.24934907,-7.79766960,-7.81916729,-5.52882605,-11.21195391,10.21120184,0.98383002
10.47656250,-8.45908490,-0.90518934,-6.43794431,-10.24602808,-6.94323808,-3.73899178,7.92337658,8.48726145
10.48046875,-3.06421481,-6.72191311,-2.88517510,-6.77564598,-6.79258764,-16.33455215,5.14492266,5.08559433
10.48437500,-4.27117589,-13.74753426,-2.42683273,-9.24435628,-11.32951339,-4.94215895,-1.38476133,5.49023456
10.48828125,-7.62982611,-9.01121199,-3.66961675,-12.50469677,-10.38027069,-6.22781372,-9.90355560,5.41012812
10.49218750,-2.60629454,-9.75208150,-0.11297430,-3.79974819,-3.12659922,-7.19112593,-12.96349316,1.99780797
10.49609375,-4.06766260,-8.98204200,-1.54056942,-3.68342458,-2.71900525,-2.31133233,-2.64724821,2.27620744
10.50000000,-1.19449467,0.74140892,0.29220809,-0.92499969,2.99464904,2.29689503,-0.27396191,-0.56729769
10.50390625,-0.68065447,7.60169250,1.98238986,-1.01382505,7.69928008,-0.56212741,3.69084985,-6.14995611
10.50781250,1.12128883,3.26324638,4.48559996,8.61107704,9.18752057,2.12758892,7.79432339,-3.20443775
10.51171875,-0.37835728,5.14092986,2.38611379,4.17268942,13.58615128,1.92886039,7.10364798,-6.78277450
10.51562500,7.21127533,5.47136050,5.39071682,9.96897680,9.67438407,4.91801539,1.92210902,-8.87988737
10.51953125,8.79663616,5.55637718,7.12104450,11.49051273,7.38652943,9.74350520,-5.65814232,-3.39735695
10.52343750,8.73985308,3.03160405,5.74413180,13.87522184,5.59854872,9.44713289,-8.92738269,-8.98190599
10.52734375,10.36775264,0.38243783,5.83370219,11.67072091,-3.60424566,9.61619288,-7.47789912,-2.38300043
10.53125000,10.70213569,0.69390707,13.41874298,6.10737076,-5.49719831,10.19682010,-4.16380116,-1.01163827
10.53515625,7.65925669,-11.50774860,11.01771050,5.48812645,-9.17010452,13.54635440,5.91216583,0.62773193
10.53906250,6.57124016,-14.26566274,15.44737781,0.41994523,-8.94806968,7.49659853,5.40202941,2.99364293
10.54296875,2.17234693,-8.41827084,9.29234423,-3.05915700,-8.64149304,5.62232299,6.59420729,5.52245159
10.54687500,1.68178268,-1.43821163,8.58919037,-7.64857498,-10.26879978,2.29462012,8.43512943,6.62981888
10.55078125,1.72399301,1.46860626,5.08735789,-7.48090393,-6.31022031,5.83193380,-1.53466680,12.25898791
10.55468750,-0.02900104,5.16464229,9.82290231,-7.31394557,-0.65852167,5.06632534,-2.98479561,10.94771244
10.55859375,-4.64212090,8.66629428,8.12846676,-5.20897069,2.10890955,2.75000702,-10.48576873,6.46072932
10.56250000,-3.07254231,12.36275372,8.12387458,-5.28391439,7.64987666,-0.39710053,-5.89128143,5.43598678
10.56640625,-9.79516656,7.80154445,10.22430286,-8.08178952,13.58501670,-1.24990653,0.85121192,2.31574219
10.57031250,-9.38005735,6.23217224,1.97108172,-5.59635090,11.79140346,-1.99598365,5.64048918,-2.14800427
10.57421875,-13.03538453,3.79931893,3.52119407,-4.99008482,7.55387236,-6.33352650,10.81681453,-6.99988067
10.57812500,-8.20498124,-1.33052123,3.66763583,-1.69034454,5.94420100,-5.30629226,6.81113352,-13.44533176
10.58203125,-5.58204012,-7.51764939,-0.18290950,-3.43157996,-0.30347925,-10.54978572,6.23233229,-10.88308134
10.58593750,-3.54287516,-9.40954816,0.76995187,2.82372124,-3.56357710,-8.88857899,-6.15907583,-13.78756335
10.58984375,-2.92707748,-10.84409153,1.63442073,1.21753360,-8.73642850,-7.26640482,-12.36430812,-11.55001528
10.59375000,-1.55211836,-10.60275791,1.42332765,4.07853934,-6.03439807,-10.77514223,-11.08115921,-4.44216172
10.59765625,-3.42951528,-6.86820772,-2.97883136,5.33984808,-5.18076748,-10.20913913,-4.79511866,-2.41833411
10.60156250,-3.91038327,1.22930442,-8.13570141,11.32236682,-9.59751585,-13.28328207,0.47635316,2.82953044
10.60546875,0.91888696,7.12276756,-7.62506829,5.90056856,-5.31520963,-11.18072791,7.03395023,5.77830125
10.60937500,6.28254354,11.05860631,-8.30356418,8.67844778,-5.61207150,-1.33101516,13.88783882,9.19145441
10.61328125,6.12132905,6.71324611,-8.43775416,6.50807340,1.01176819,-3.75566060,6.81596544,11.04577426
10.61718750,11.01326490,4.13486126,-12.82048938,8.49086804,6.06187018,-3.77823157,-2.69807170,6.75109898
10.62109375,8.39004328,5.18179990,-8.72043084,3.65862746,9.27882408,1.69371275,-4.68866773,10.17572239
10.62500000,9.32832300,0.80657360,-7.26910279,2.12667365,14.15291056,-2.02272877,-10.78253291,9.46021351
10.62890625,11.35036441,-4.25552850,-7.06259958,-5.77224676,8.54396391,2.37047904,-13.53643699,0.27418523
10.63281250,6.31190177,-11.36536070,-11.33592034,-5.01063407,4.27714337,5.74415902,-2.13619645,-0.18445421
10.63671875,12.28415668,-7.67686690,-10.25367309,-3.57033947,1.14097564,8.24259302,1.83247471,-1.80027340
10.64062500,6.46348181,-7.06901308,-9.25166191,-5.32301415,-3.73832313,6.99569380,10.53858345,-6.50862937
10.64453125,3.38058791,-4.96797480,-6.34415959,-9.59820771,-9.56865220,8.27138657,6.99841053,-11.95143610
10.64843750,1.86322507,-5.42561892,-5.73474932,-11.53080262,-8.28612055,4.15325130,1.17857839,-10.52082145
10.65234375,-3.14238903,-1.02599167,-3.70788827,-8.36050946,-8.05868678,9.31812929,-3.80672747,-12.27835148
10.65625000,-3.12452659,3.23474627,-1.24863715,-7.31178183,-9.17134423,5.70374254,-10.84963275,-8.58204057
10.66015625,-4.14141166,7.56951585,-0.60269192,-5.53949799,-5.61868992,5.85963435,-5.74026017,-6.01564686
10.66406250,-6.39762641,9.14652303,-2.80746964,-1.01954184,-3.33356518,8.59385864,-0.77938227,1.78963604
10.66796875,-8.81006190,9.57277018,-1.09841747,4.47256546,-1.21251572,10.00447130,5.02802290,-1.54697650
10.67187500,-4.30173198,4.49709185,-0.66688721,2.48351922,3.30204820,6.84857696,11.05883105,5.77855159
10.67578125,-7.22645281,2.18488032,2.66317131,7.67337831,6.47955030,4.72990038,8.14369430,5.83624255
10.67968750,-6.00234468,-8.96531358,10.92265326,10.22736494,6.34478316,4.87906067,1.29007759,11.53780419
10.68359375,-5.54020797,-9.02545702,10.85349090,8.82659909,6.39052846,3.85782302,-1.17656997,8.58906836
10.68750000,-7.16623228,-9.60638558,6.33229421,11.36908665,9.96880220,-1.36401707,-8.90775717,8.98006065
10.69140625,-8.01985289,-7.71891083,6.48277769,10.81230978,6.11146923,-2.96705424,-13.30952599,3.15102960
10.69531250,-1.46360027,-0.39852701,6.29634838,5.22153993,-0.99838207,-6.66242055,-7.44745794,6.31624462
10.69921875,-4.11666060,-3.80001213,9.31927783,3.75134046,-4.69413740,-6.69336264,-0.52558389,0.89417778
10.70312500,-0.50302441,4.82317759,8.40670136,4.05487389,-3.95016725,-6.71756779,9.36999007,-1.71746589
10.70703125,-2.68766398,4.68405503,10.22850912,2.85123078,-5.77708107,-12.00237325,11.64642214,-5.88573665
10.71093750,4.96295944,10.99169794,4.53195307,-0.69667888,-4.99033966,-13.31261869,6.95650958,-9.86582741
10.71484375,5.64225074,6.29194711,7.58515677,-4.44247273,-3.13567181,-11.81556388,6.64761955,-6.75404961
10.71875000,8.26972948,11.19275061,6.53515616,-3.23544224,-2.25002232,-10.93861097,-2.69087039,-8.92790413
10.72265625,12.87595930,4.35474030,5.24187191,-7.54171402,3.16669153,-14.37626386,-3.83120592,-8.97849000
10.72656250,11.26440201,1.58466902,9.58832677,-8.26070345,4.45461189,-7.34192812,-12.39384566,-5.94260866
10.73046875,8.97789538,-7.18554859,7.05269532,-11.16035046,5.23824425,-7.61043509,-4.29555623,-2.95698691
10.73437500,9.70237816,-9.43088961,4.23618739,-6.43282111,4.20678989,-6.01086299,-0.11569310,-0.62856471
10.73828125,7.81773498,-14.85805666,2.36742202,-3.77523681,8.89443004,-2.99237380,7.81249697,6.14899153
10.74218750,8.34124170,-10.63667607,3.59640035,-6.87029298,10.05779205,-4.38662113,9.03974768,10.56674406
10.74609375,-0.77025622,-5.23302898,0.44672384,-2.33546672,7.21179686,-6.62080408,8.08908037,10.84393386
10.75000000,2.03474600,-1.53905979,-0.68312373,-0.48440749,0.27173528,0.52722255,-1.86771551,8.63997031
10.75390625,0.30259816,4.14153122,-3.22452184,1.84412673,-5.01628182,2.19556095,-6.87342311,10.51430468
10.75781250,-10.34164462,5.47154048,-2.08381628,3.92579059,-8.77083414,5.17212298,-6.43667819,9.18927602
10.76171875,-5.46672318,11.56198096,-5.74744073,7.97277269,-10.95172464,6.25472337,-8.44090982,6.48616421
10.76562500,-6.27757817,10.57064649,-3.96905095,7.46141997,-6.22937424,10.47685065,0.36761967,0.86795257
10.76953125,-11.50657603,9.49842214,-7.62136674,12.12293637,-9.71586283,7.83159341,3.79153341,-4.47570279
10.77343750,-10.94870028,6.81874466,-6.14979471,8.85563614,-5.28435350,6.19036600,10.25602486,-8.80318986
10.77734375,-8.47048573,-3.98170658,-10.87473414,9.05585211,2.08216911,9.42269858,10.47110792,-6.95726169
10.78125000,-7.68169702,-6.77652148,-7.08075938,9.65866112,4.39082159,13.66385246,1.05922689,-12.68342594
10.78515625,-6.09738306,-9.39215089,-11.28789780,5.59144184,6.66960434,12.25805854,-5.78089053,-10.30461728
10.78906250,-4.92081699,-11.23846429,-4.95433384,3.59282124,10.09051904,5.37397352,-9.98559127,-9.85444930
10.79296875,-4.73778982,-9.28408191,-5.28246948,-7.14710583,8.37156866,8.22341206,-13.19405750,-5.47695823
10.79687500,-0.60291783,-7.26727766,-7.92978052,-6.10499439,8.88507604,6.28517708,-7.14453294,-5.72445374
10.80078125,2.09133325,-1.65611958,-9.34102281,-12.25779801,4.97702317,-0.30463724,1.01345630,4.83492348
10.80468750,1.04079838,0.03551757,-13.67076886,-7.23336437,4.00443873,-0.29104281,6.33234018,6.27361872
10.80859375,7.09294871,7.61838485,-8.54422835,-13.07666658,0.21872527,2.40492783,12.81091440,11.48745982
10.81250000,5.48471844,6.08824236,-9.76984757,-8.51661683,-10.76180772,-1.95199644,7.72833301,7.73215807
10.81640625,10.57486735,8.32413068,-9.30104742,-7.84399037,-7.71146250,-2.46715726,3.13789547,9.19674293
10.82031250,13.32232246,3.89878353,-6.51692361,-13.65896681,-12.56929473,-4.02891139,2.27087085,9.28896272
10.82421875,10.14054900,5.09601289,-3.16471038,-6.48951364,-9.08276388,-6.24537425,-9.30630322,4.06849278
10.82812500,11.37412276,-0.75335076,-2.30425245,-0.14764704,-6.22230407,-6.00624374,-9.28186390,4.37794252
10.83203125,7.29873438,-8.33416833,-0.59448793,-1.77108983,-2.83403412,-9.67814244,-3.99156351,2.41429850
10.83593750,7.78149483,-8.86756767,2.21976767,4.85573267,4.68519083,-10.56212906,0.29907374,-2.21141573
10.83984375,7.81753587,-10.75412902,0.03032930,5.49368047,6.74453052,-9.39587034,8.58813588,-5.78662457
10.84375000,2.47798100,-5.99388807,6.06204395,8.44007858,10.18789101,-8.53802340,12.86330410,-8.87403440
10.84765625,-0.30234882,-5.80393972,5.51545103,9.25100382,9.44513572,-12.64763887,2.40364592,-10.86642788
10.85156250,-1.93772419,2.36492103,5.76549966,9.57955146,5.23778424,-11.12645402,-5.10096918,-9.63557318
10.85546875,-7.31611939,5.50162437,6.35156504,8.45568268,7.39652298,-9.70216777,-11.29250116,-7.08695418
10.85937500,-9.21281119,5.24981611,8.11993734,5.96312905,1.43501610,-10.46899376,-11.21227768,-4.32902680
10.86328125,-7.77613383,8.72643523,4.98585420,12.57093483,-0.94593960,-8.10529651,-4.46257507,-6.37062311
10.86718750,-8.34679058,9.85344518,9.27301469,8.25606402,-9.08936025,-0.27017521,2.66475152,3.49892891
10.87109375,-6.03366231,2.84957866,7.45813004,0.10157230,-8.50111611,-1.43060183,5.36467723,3.57699266
10.87500000,-8.79961586,-0.88419025,10.97183227,0.19571755,-12.95392724,3.15245663,9.01058500,6.08362742
10.87890625,-10.11529273,-7.49908884,10.29123326,1.21487444,-10.48682062,2.20102008,6.82831500,5.46988953
10.88281250,-5.07036395,-7.86803654,12.16703967,-4.25500147,-6.91820571,2.14608568,-2.12827235,7.67978532
10.88671875,-3.62441770,-12.14740527,7.56551928,-7.31625120,-3.63649451,9.50059267,-4.58587274,7.90161356
10.89062500,-7.88196928,-9.22027587,4.85990481,-12.57998659,3.42107053,6.49517268,-12.25439365,3.91229017
10.89453125,-3.18417397,-8.65640404,8.18559641,-8.58262537,2.48687602,10.20653825,-11.19851691,3.94261447
10.89843750,-0.64214386,-0.39766354,4.61637405,-7.81965918,13.58045768,9.35243738,-5.67809497,1.55766103
10.90234375,0.70501559,0.54550535,5.52552582,-9.65994452,15.32549712,11.16677767,4.57546456,2.77984978
10.90625000,3.18490191,5.53786269,6.61410725,-5.32435069,9.23693744,11.96189120,9.69419778,-3.29907687
10.91015625,1.71319058,8.45252712,-2.06488671,-5.66318209,8.75316086,7.92198182,7.78804564,-4.98853916
10.91406250,6.66448235,10.97103188,3.01728999,0.09848710,7.47958838,8.93179093,9.26597913,-9.60417482
10.91796875,6.59079597,8.81010799,-6.13354437,0.36762904,-1.91246545,8.06578548,-3.50490670,-6.86820266
10.92187500,12.23617938,6.73188465,-6.21166324,3.49638870,-4.04898096,7.01054285,-5.80711811,-5.69815534
10.92578125,10.90901917,1.45553984,-2.94043859,5.92932886,-9.03899494,9.39128452,-7.03525703,-2.40298761
10.92968750,12.68116486,-7.96495850,-5.12439507,11.39219382,-12.96890523,9.49797921,-7.88232668,-4.25585624
10.93359375,8.66961194,-7.44110613,-3.28300078,8.41630257,-10.22594275,4.69964035,2.26904161,-1.16200830
10.93750000,7.33112314,-9.50632348,-6.11691507,9.38382989,-8.50018156,-0.08565815,11.71902581,2.22834437
10.94140625,4.42898867,-10.40912267,-6.19532810,8.04224174,-1.64767447,-2.99295023,7.65398953,2.40069274
10.94531250,1.67348423,-3.74540612,-8.20608677,6.24606828,3.90744825,-5.30223991,4.15148847,6.73933331
10.94921875,1.56118337,-0.24581933,-7.40251301,7.27902899,2.23908465,-5.92995099,1.69133878,6.66471465
10.95312500,-2.29106811,2.86776155,-7.46959473,4.76301704,9.46763438,-8.00908623,-3.10443497,11.25251560
10.95703125,-2.24110864,7.36786487,-10.46205050,0.37717756,7.12307871,-6.40212946,-9.46259130,7.09325372
10.96093750,-8.43016801,7.47810845,-7.22311225,-0.41319566,10.02350685,-7.55475268,-8.29593048,8.02593084
10.96484375,-8.04084033,9.86982390,-14.97805514,-4.29312178,4.13267865,-6.00386502,-0.79657339,1.38170109
10.96875000,-9.28150879,7.05033277,-8.78107092,-6.22691783,2.06042177,-13.63017188,3.43728867,0.66292774
10.97265625,-7.76104956,0.79968206,-13.40406675,-11.78258694,-1.20861278,-10.03387480,7.70104254,-5.15152181
10.97656250,-7.24083755,-2.15635256,-4.60743823,-9.29851839,-6.67907309,-6.27294495,9.37269166,-8.93006868
10.98046875,-11.57984328,-9.85199941,-8.03147302,-13.58203330,-5.74937781,-5.60621176,5.76824538,-9.40141528
10.98437500,-7.84629173,-10.10515377,-3.66516030,-8.16013735,-8.42206071,-7.37145147,-1.25527226,-10.98371446
10.98828125,-3.95932833,-10.84861674,-5.00671391,-6.24876030,-15.75485817,-5.94083937,-9.48322462,-6.65658845
10.99218750,-4.46110432,-8.78568791,4.01088172,-6.56568298,-10.10462280,-1.26580611,-15.49715417,-13.98156545
10.99609375,-3.21471280,-8.82821644,1.09558592,-1.99513853,-3.81878346,3.40546167,-11.97829692,-6.68862440
11.00000000,-1.04701410,-6.25473646,0.18068907,-4.05071426,3.20231124,-1.19841188,-1.65626575,0.55159866
11.00390625,-3.31207344,4.35401632,-2.75465247,-0.16002420,5.60497964,-2.44081207,5.78690271,1.75483435
11.00781250,4.15662184,8.45924407,2.06334039,11.11125042,10.41195210,2.86314880,9.19945177,9.72578905
11.01171875,6.85812413,11.53243600,-1.11164775,9.90799495,9.87755834,7.28138108,9.12076654,9.13439076
11.01562500,10.74724925,9.10549789,4.15563103,13.40975632,11.01452030,7.78069510,8.65134151,12.55876389
11.01953125,12.95490700,7.43087240,6.90940376,10.62965571,9.21470214,13.21125038,-8.04485896,10.85076811
11.02343750,13.13994404,4.27940261,6.88674999,8.25738966,9.63240478,9.12004154,-8.22913529,9.41649938
11.02734375,6.81094471,-1.29425703,10.18977330,11.11029944,-0.32964739,7.07424669,-6.79183879,5.96825534
11.03125000,8.71922582,-5.50006793,8.37034451,3.87093928,-2.26882321,11.87789411,-2.50056550,5.24611939
11.03515625,8.66959583,-12.80531589,13.51899238,5.26887594,-7.09056360,9.10107335,5.34944308,-2.10848191
11.03906250,6.02105164,-9.79349473,10.20165491,3.11502484,-5.86083741,11.08697139,8.64886964,-8.63450944
11.04296875,1.78933188,-9.18006874,13.53696151,1.40605219,-12.52642363,7.76636946,11.55479780,-10.93913318
11.04687500,4.09785868,-2.96781095,9.98236345,-6.53695993,-8.46254720,7.32872574,2.52501636,-10.88292292
11.05078125,-2.13220195,-1.63777215,12.80126348,-5.12038817,-3.60330563,5.81452206,0.36192725,-8.25253914
11.05468750,-5.84848491,6.97985116,8.30073351,-9.28851790,-2.43464434,1.46332934,-9.68561025,-6.40762193
11.05859375,-1.66875044,10.81333997,6.11836554,-8.12836706,4.47397174,2.21034672,-7.92960701,-6.03727176
11.06250000,-5.63701228,11.65851311,4.55628854,-4.84104293,6.92762747,-0.25408823,-5.26852985,0.35477039
11.06640625,-7.39879245,7.57214268,0.28807166,-10.50892415,7.28498605,-0.33137513,-0.06480405,-2.55431390
11.07031250,-8.79666225,6.52321620,3.84809366,-3.92050835,9.22378220,-2.67976992,11.30526271,7.01745497
11.07421875,-7.87896108,2.93422924,3.04625406,-5.58967843,5.09961868,0.23819401,11.24862095,7.61095008
11.07812500,-6.23662548,-3.39344832,4.04070403,-5.03502828,5.86844575,-4.57945417,7.85721700,8.24630668
11.08203125,-5.69465341,-6.40510547,2.16443063,-4.91766108,1.02271093,-4.81145753,4.20478783,7.63378881
11.08593750,-6.71563456,-8.24940644,1.94201469,0.23948569,-3.46031073,-10.12428801,-7.51004630,6.77384923
11.08984375,-4.89465817,-10.67088208,-1.02640391,2.60942539,-8.26697050,-9.78018627,-11.53929829,6.15539913
11.09375000,-4.49402754,-10.68871932,-4.83239880,3.99687399,-8.44857199,-10.14744178,-10.95014604,4.51788645
11.09765625,-1.61665881,-3.18041740,-2.55717572,8.36077682,-8.07008323,-9.55748140,-4.64552733,5.02383909
11.10156250,3.09590663,0.23507351,-5.53927714,11.41600794,-10.75848734,-10.38895490,1.55854920,-0.92120405
11.10546875,-2.13147943,2.57645470,-7.60312595,5.34374300,-8.85771685,-9.45716812,10.37564404,-5.63610598
11.10937500,3.58821457,7.91617607,-7.50364838,10.20982677,-3.72731580,-10.61703703,10.09795653,-7.70915678
11.11328125,2.49698176,8.09951996,-6.08843004,4.89935151,1.74360225,-9.16097406,7.68862117,-9.57071955
11.11718750,9.28918227,6.08388894,-10.44636550,7.69341450,8.63502290,-5.52642656,0.04672620,-11.42672257
11.12109375,5.67328925,3.94329964,-10.51576923,6.14881851,10.68215922,-1.74278089,-6.34915314,-4.86076240
11.12500000,9.20645822,3.57688268,-7.90125070,0.93122800,11.02649082,-0.82849648,-9.18891964,-6.27020842
11.12890625,11.17367594,-2.02324972,-9.90793964,0.23745337,7.60550443,2.12485273,-6.33323098,-5.74041498
11.13281250,8.41887174,-6.65753601,-7.90805580,-4.50982499,4.41076560,3.60607364,-1.64888510,1.66088456
11.13671875,8.58000706,-10.80842289,-5.48692537,-7.51161495,3.52657460,6.22399920,4.15303115,0.95152323
11.14062500,2.38449667,-11.13141029,-4.90479018,-7.33100374,-3.20270997,4.37709020,4.08401283,5.35275918
11.14453125,2.32266745,-4.07914207,-3.09705389,-9.35539506,-5.98768881,8.19937858,8.95740882,10.34621241
11.14843750,0.23229102,-3.52751039,-1.91634690,-7.45224645,-11.16999797,8.17463560,-2.26396116,9.80717506
11.15234375,1.27641129,2.54042677,-4.73005432,-5.38210478,-11.36061250,10.15613877,-1.44167408,15.04145275
11.15625000,-0.82479285,6.66514405,-5.76714141,-8.37283808,-5.48012038,8.73825350,-8.87638093,8.07596910
11.16015625,-5.77212224,8.24695615,-4.40035128,-5.03268473,-3.08781742,13.98820508,-10.78593428,4.14884532
11.16406250,-8.28785159,8.30410635,-4.84807640,-1.53387507,-3.06981171,10.91593069,-11.20415032,2.07222978
11.16796875,-10.30842843,8.70146185,-4.80509204,1.64881005,2.34338637,8.42707307,1.52147113,-3.35769765
11.17187500,-11.59321233,2.96254927,1.68035206,6.66178671,7.72310191,7.63179450,8.32392080,-4.30351270
11.17578125,-7.39669494,0.46663820,3.68057979,6.74487743,5.01191236,5.81256333,9.43725250,-8.58764465
11.17968750,-11.23948867,-6.38605130,5.45322009,6.78017506,10.39872070,3.05671859,6.94665821,-8.99204243
11.18359375,-7.17948141,-4.51043302,7.68271896,4.28619718,7.01570486,3.75127457,2.09844706,-13.59348052
11.18750000,-4.76547634,-10.17557115,11.99510097,10.93160533,4.09453094,-2.82529698,-7.93810153,-11.38245045
11.19140625,-9.54716427,-5.62719385,10.96234355,6.74864136,3.88002209,-4.32099648,-13.08370641,-14.51351505
11.19531250,-5.07804003,-6.60728649,11.38900806,1.07408168,1.95234916,-2.38366540,-10.86994525,-4.91467844
11.19921875,-2.68249065,-2.06846336,10.62477106,0.30623847,-5.51801963,-7.79109147,0.33958807,-3.99768878
11.20312500,2.22416339,1.71384577,8.76182071,3.65024665,-5.81621707,-7.63589349,5.07079521,7.87015234
11.20703125,4.54014144,6.58344830,7.10788521,0.82145899,-4.62670992,-14.94710744,13.26085230,9.75745710
11.21093750,6.45302706,11.94003500,11.73695100,1.16072468,-7.90973332,-7.84426586,9.48455328,12.48417956
11.21484375,7.99791942,9.23571675,5.48363336,-0.34827048,-7.80013756,-8.28664389,8.17236450,9.85596134
11.21875000,10.90423704,7.56946458,5.30471507,-5.22075888,-4.08988430,-10.75005604,-3.45941473,9.53231813
11.22265625,12.94908657,1.56896633,6.98394460,-4.78083499,-3.26700814,-8.54349885,-7.85666099,7.52247208
11.22656250,9.88982086,-1.16580307,10.77450338,-7.12886197,4.82189337,-5.60515018,-10.06871929,7.37722693
11.23046875,13.93081022,-3.21107049,10.27873022,-12.23000004,7.48057700,-6.62378776,-5.28835387,-2.32708053
11.23437500,4.51998079,-11.52157470,4.94900219,-3.60963281,12.30617096,-5.97913144,1.66830684,-3.90328075
11.23828125,8.12305338,-9.10486602,0.26598636,-8.08769023,9.98293339,-7.95774449,6.22980268,-5.17299262
11.24218750,7.31880288,-4.96987549,3.02548103,-3.08199284,7.28357827,-4.25821587,9.25308674,-5.10899559
11.24609375,4.02377373,-6.23695086,1.68327917,-2.00675899,4.11123046,-2.60146156,6.22089642,-9.07011838
11.25000000,3.95913632,2.77150472,-2.38493656,1.42300762,-1.85014559,0.57639280,-0.45581804,-9.84390238
11.25390625,-4.66135842,2.59651322,-1.62290935,4.81415305,-0.63229956,0.42785735,-5.80680607,-9.00190136
11.25781250,-3.23289363,8.03400244,-3.41343055,1.93944425,-8.05130078,5.99736674,-10.96428001,-8.90036378
11.26171875,-8.84696522,10.76457829,-4.33443901,9.84080411,-8.57516741,8.87520212,-6.27832158,-1.66853080
11.26562500,-9.30088830,11.31085756,-3.15668070,9.60617038,-8.05099976,7.24034803,-5.36811426,-0.27459058
11.26953125,-6.00198838,7.75870531,-9.55021722,10.66976947,-12.02324374,8.55415977,2.36633129,3.77654902
11.27343750,-9.69647499,3.37040507,-6.92797059,17.84369500,-3.74331548,11.93181866,7.41197464,5.72541788
11.27734375,-9.95265779,-2.24978659,-8.76154650,7.03816328,0.05609504,9.44492816,7.57455080,1.73025743
11.28125000,-4.05804278,-7.98253404,-6.35799277,6.33237970,-1.45349794,11.73923262,2.72139359,4.86643740
11.28515625,-8.68828936,-10.70217725,-6.93144219,3.34305313,5.93693131,10.51528572,-5.33018872,10.29185369
11.28906250,-5.24552438,-14.46710984,-11.74394730,4.44152678,8.20252562,14.20597886,-12.68877512,9.93227286
11.29296875,-6.06346562,-10.57478122,-10.86067137,-4.60847677,8.18727366,8.30046616,-6.86664776,8.71655329
11.29687500,-0.18045959,-7.92016474,-7.84115470,-4.70470511,5.61527875,7.34681954,-6.31796268,3.43787998
11.30078125,1.70600318,-0.61020308,-10.54913736,-8.79040789,3.43474508,5.28459265,0.97049468,-5.79740057
11.30468750,2.58862647,6.52518778,-5.63830636,-10.87248766,6.61651390,-0.46337534,10.05082158,-7.34792157
11.30859375,4.81448574,11.40184308,-3.55507759,-12.20885083,-1.79427896,0.75330547,9.45968950,-7.90332370
11.31250000,4.36831075,8.71818453,-8.77944303,-9.10181081,-7.86410414,-3.48607451,12.00317526,-7.62222507
11.31640625,5.59109618,4.25127603,-10.33253388,-4.60369762,-7.72935063,-5.63887298,4.44410098,-8.77737779
11.32031250,11.30899955,8.74704891,-2.55430218,-5.70707364,-7.62729857,-2.61882428,-2.14762542,-9.52709564
11.32421875,7.60053716,4.62094654,-7.74314672,-3.55852377,-10.63389266,-3.97963746,-7.31884643,-7.00765664
11.32812500,7.34129488,-2.21000840,3.90754531,-3.07109959,-6.33319075,-2.73891549,-9.50506198,-5.41479079
11.33203125,8.84378166,-7.98194643,1.32795470,0.13188163,-1.58995572,-6.44260175,-2.28117171,-4.18212582
11.33593750,9.48762736,-10.02701220,3.31437203,-1.90475021,3.68875696,-5.79861612,2.75173120,2.85950638
11.33984375,3.13387471,-11.31479119,2.37340330,4.29296010,4.42633493,-8.47068407,3.38632212,4.75459540
11.34375000,7.66350459,-7.34273263,-2.41944406,4.28048240,8.00372203,-12.30831694,7.69151820,7.20887912
11.34765625,0.65350985,-2.95411502,5.96671185,7.56401664,14.98289973,-10.71473522,3.70570958,10.08784660
11.35156250,-4.75264069,-0.37398845,6.89712111,8.57292836,10.73056351,-7.37379168,-3.99388322,9.24624821
11.35546875,-4.62184902,4.66769836,7.05116984,5.68944152,7.52589167,-4.85286173,-6.47462818,10.34879672
11.35937500,-5.26096195,11.03131635,7.52456521,7.48123412,5.13420901,-8.13458659,-6.23549047,3.96784048
11.36328125,-7.00985330,7.01014583,10.03261752,8.96861153,0.23781542,-5.83053164,-5.47410693,2.06337868
11.36718750,-5.56447060,6.29818471,11.07676504,1.72138177,-9.54745841,-4.45530699,3.18589500,-0.18086453
11.37109375,-4.24433963,4.73045983,9.17582516,3.20974457,-6.56531300,1.00706984,8.68338881,-3.41831090
11.37500000,-12.25389531,1.87953941,8.05002249,0.38824617,-10.67551330,0.47415200,8.75478026,-5.99206043
11.37890625,-10.20161595,-2.38408331,6.20862497,-4.20561628,-11.22197323,3.21985488,6.60001998,-5.56017309
11.38281250,-6.71942474,-5.25415675,12.88833194,-0.46832819,-4.41911699,4.68175349,-2.98418124,-9.99187092
11.38671875,-5.83681476,-9.92184001,7.72122710,-7.85908808,-4.26900757,9.98609776,-6.55357166,-12.56880118
11.39062500,-6.75957876,-10.18387805,5.93669346,-10.55484261,-0.64732651,6.92232503,-9.99704453,-7.93901057
11.39453125,-0.95149286,-8.50133576,8.54177466,-11.79326831,7.52151822,7.44949143,-9.71293886,-4.41396456
11.39843750,-3.41348451,-2.03779167,5.63703825,-10.06070765,7.91272992,5.17644755,-1.36132427,-1.26154146
11.40234375,-0.42030093,3.51456276,3.76874979,-11.03416221,13.34961000,10.82666643,3.58543261,2.45925660
11.40625000,0.96685354,7.05083765,1.32136502,-11.20371395,10.53968160,9.24193978,11.35459474,7.08828965
11.41015625,4.66445013,10.79239666,2.78193238,-5.24023088,7.25906858,12.42088752,8.79709905,8.05778340
11.41406250,10.77244511,9.37617066,0.30151001,-0.37291989,3.74905607,8.79907209,5.21224397,11.90324909
11.41796875,6.73654431,7.70291819,-0.70543581,-0.21205038,-2.14913062,7.25471396,-0.91332321,10.15312029
11.42187500,9.41677133,2.84740256,-1.75925214,7.49461824,-4.49682574,10.63568540,-11.47985233,8.58220750
11.42578125,11.04290273,-1.74133114,-8.61271487,7.09463019,-14.25617322,6.70845332,-6.37266687,7.40556828
11.42968750,12.32114500,-6.81416063,-5.23389032,10.52723468,-11.49822255,3.79576120,-2.75037406,1.88444741
11.43359375,6.76519446,-5.89119421,-3.85698495,8.33244064,-6.84019038,2.76731835,-1.52858897,-1.80547485
11.43750000,4.01039739,-7.65819630,-9.22363748,14.71138567,-6.12733970,1.48334526,9.91521537,-5.42837195
11.44140625,3.26312059,-8.47415201,-8.72935453,12.63599169,-3.62391490,-5.21403598,8.99107313,-6.88891684
11.44531250,2.83759782,-5.24594166,-10.81699432,7.76818272,1.78639034,-4.28944724,8.61516657,-11.06769942
11.44921875,0.42898639,-1.24673678,-8.17171721,-0.09577972,9.69798644,-7.48912423,-0.78541366,-11.64567321
11.45312500,-2.03637939,0.39879824,-6.44518499,3.01354616,6.24880041,-7.71220685,-7.03305777,-9.87799332
11.45703125,-4.37770043,8.61337323,-4.71865992,-3.88883263,8.33858840,-7.85375200,-9.75611441,-8.11781402
11.46093750,-6.51109941,8.37799031,-15.15544383,-5.35779909,7.76366888,-11.64404682,-7.53128628,-5.96060691
11.46484375,-10.24850187,9.97282124,-15.01546936,-3.61777558,5.13331544,-5.35665558,-4.86619323,-3.32498227
11.46875000,-9.80624567,7.80534411,-13.21346962,-1.88804487,-0.04522865,-9.27889283,4.89804378,4.56200157
11.47265625,-8.78806162,4.17753797,-11.43854574,-7.47079172,-0.80189986,-9.20884476,8.30732229,2.63699311
11.47656250,-9.86657780,-2.56397501,-10.94914711,-7.43366305,-5.65643887,-7.15291696,6.94758716,9.23690480
11.48046875,-7.04119589,-4.58737611,-6.63266903,-10.29995737,-8.34338798,-5.31975448,3.46937106,5.41579146
11.48437500,-3.49341000,-10.70285761,-3.06619255,-8.10990919,-8.33735317,-7.51908533,-7.62342295,9.75165407
11.48828125,-4.51846740,-10.94857838,0.52026336,-8.87832867,-8.42133786,-1.23527523,-11.05790937,11.07484524
11.49218750,-5.33727837,-10.22605235,0.90295667,-3.06890494,-2.14735084,-4.23233521,-9.80248690,6.19632398
11.49609375,-2.69772737,-3.43756791,1.01044564,-0.10236182,-1.20965977,-2.88615065,-8.20803190,2.48686356
11.50000000,-1.61946992,-2.16541808,-1.63828907,-1.45712584,-0.59788963,0.53324271,-1.16394751,-1.36439844
11.50390625,0.53435778,3.55801684,3.38389168,-0.56953542,4.31358001,2.78519866,7.87811786,-3.21191989
11.50781250,5.32299026,4.58896330,4.06468593,1.58477159,4.09922438,1.98367121,7.43263177,-6.73561265
11.51171875,4.56036664,8.97177365,-1.42983553,7.38389619,10.32864697,1.72039925,6.78115126,-6.41842232
11.51562500,5.26517470,9.86074890,4.67965891,6.54606290,9.53746826,4.02541701,5.72333790,-9.45046444
11.51953125,2.35267278,6.26847938,4.63713161,11.14372434,4.53893955,5.00495217,-5.17241487,-8.32083286
11.52343750,8.04237460,5.78985560,5.21491333,9.46774724,2.54103514,8.20490727,-7.99076155,-8.69382021
11.52734375,11.69378858,-1.25460273,9.50851022,10.85514300,0.25633300,9.96367001,-2.87393104,-3.33122803
11.53125000,9.69840991,-5.64847698,10.16363932,6.54001184,-5.72784077,13.11123633,-4.57064487,-1.11930769
11.53515625,10.64064484,-10.06554015,9.43881366,5.11141416,-9.18841675,9.36015963,-1.82744852,0.54029245
11.53906250,4.14476272,-9.24991631,13.97713501,2.07618015,-10.35997676,11.01790133,6.32690058,1.05625481
11.54296875,4.34926992,-7.92479982,10.52294815,-1.97848648,-10.12734741,3.45811798,4.87053479,6.40782149
11.54687500,4.24190886,-5.50182416,13.43172486,-0.58959097,-5.15448117,5.78473529,7.19856093,9.55138936
11.55078125,-4.14755592,-5.20631727,6.34722077,-7.00932659,-4.97864874,5.01946467,-1.74258622,10.78579459
11.55468750,-6.12437830,7.72540697,6.29644585,-6.02919949,0.57555323,3.88913722,-7.15525009,8.26735777
11.55859375,-3.00673326,7.83150418,3.22886081,-11.31616966,5.06596790,6.62048850,-11.56464357,9.03637424
11.56250000,-8.85126718,12.82937302,4.08497359,-6.56146755,9.27884167,1.50398671,-3.83405888,3.62078817
11.56640625,-8.32549466,9.70128419,6.99314765,-7.20401641,7.83298554,-0.58365065,-0.39942112,-0.64604162
11.57031250,-11.79754822,3.01279226,2.65093197,-7.69885531,9.47034535,-4.58018590,9.58616670,-3.58792192
11.57421875,-8.28556668,-0.79419842,3.61120504,-7.53455942,6.32143652,-10.23779558,12.58907826,-6.45950413
11.57812500,-9.23911115,-5.30309193,4.61573751,-0.92301317,5.49575726,-11.72179470,8.54089420,-7.98571485
11.58203125,-3.81326756,-8.51324086,3.08294674,-0.12150060,-1.13941194,-8.13078891,1.39988485,-10.26616051
11.58593750,-6.40032050,-10.80406543,-0.85983908,4.16115969,-7.46532683,-8.27911572,-4.43351258,-7.37639776
11.58984375,-2.41707943,-7.59822711,0.65639423,-0.15637574,-7.91481609,-9.48133858,-9.24091918,-7.71037837
11.59375000,-4.09316021,-8.00030129,-4.17007081,2.60727652,-11.07853617,-8.18618712,-12.71382539,-8.86113130
11.59765625,-0.16462472,-5.24885054,-3.28194784,6.49991360,-9.50317895,-9.88566534,-8.56714755,-0.91060326
11.60156250,-0.83457986,1.58223414,-4.03952168,10.58185996,-8.09904191,-8.76053820,3.72324291,1.54562881
11.60546875,0.79355814,3.92549459,-1.91822681,4.18738278,-2.28399225,-9.73801601,9.43729554,6.58264473
11.60937500,3.58066959,7.68288461,-8.61130530,13.04325417,-1.99682937,-9.98028053,12.41002116,9.65664356
11.61328125,10.42015452,9.45202703,-8.95349645,10.60349331,0.15415934,-2.87597930,5.62447543,11.15603116
11.61718750,8.36363624,8.98366450,-13.65738177,9.68336919,5.74788668,-4.48649298,3.10876312,8.02048067
11.62109375,9.07074848,6.84718915,-9.62294244,7.32517265,11.92549761,0.06587836,-6.96681113,9.91371643
11.62500000,9.70762050,2.35604182,-12.59589394,2.97157242,11.54899788,-1.77747202,-12.35503844,5.22897502
11.62890625,16.04893116,-4.65145519,-8.33143088,-1.98908292,10.04307498,3.70904934,-7.82539926,4.45329325
11.63281250,6.81893476,-9.31136919,-8.46396557,-2.10375989,5.73493344,1.96791008,4.18698395,-0.00274431
11.63671875,9.22438828,-12.85460923,-5.56013164,-11.68602215,0.01086744,6.69463872,2.73236258,-5.01097052
11.64062500,2.40775991,-8.48048299,-7.64114421,-7.17760496,-4.01204637,7.87516869,9.45211481,-8.64195577
11.64453125,0.34862371,-8.38242097,-5.91523464,-10.52436439,-8.65659349,5.50759917,8.81370716,-6.04972752
11.64843750,1.10090315,-4.37089799,-5.88023077,-10.83756936,-8.36798794,12.72580822,0.09953190,-10.23671685
11.65234375,-2.15984417,1.54883083,-7.71107054,-10.05049741,-12.21560310,4.72201428,-4.96283679,-11.71568794
11.65625000,-2.83904744,4.11680022,-5.12920656,-3.48331351,-5.24718830,8.72415028,-8.66120950,-7.90086665
11.66015625,-6.36427421,10.66626537,-3.83248016,-3.94271394,-3.60303075,8.47508258,-10.15202249,-5.86805719
11.66406250,-13.10195843,13.03777685,-2.28811630,-1.92511000,-0.33961146,6.41078914,-5.14220001,-0.64555212
11.66796875,-2.98593882,8.76430569,0.39567932,2.75828919,0.18389712,11.10955845,2.96720474,2.80330401
11.67187500,-9.11349554,5.80179699,0.86692345,6.40900330,-0.03571320,8.83148848,7.71735476,1.58993683
11.67578125,-6.32432980,-1.37185804,7.70033584,2.76452287,6.40556307,7.61578767,9.47569661,6.96766790
11.67968750,-5.70254863,-3.84950869,3.76010411,6.43747140,8.73394092,3.00403361,5.27542676,6.91029287
11.68359375,-8.08619747,-11.61330306,11.60831442,6.27532639,10.46816103,0.72165275,-1.47433038,10.68226053
11.68750000,-7.67531846,-12.28627464,8.14093643,10.32671076,7.11019989,1.26459009,-5.58546794,9.47122448
11.69140625,-6.47488717,-11.95138410,7.75108167,4.39806292,3.91863594,-3.17184431,-10.07787226,6.40416674
11.69531250,-5.49463169,-5.44110339,14.51904645,6.56015330,0.37234675,-2.59744357,-11.20856190,5.30048663
11.69921875,-1.33461803,3.06368632,8.82873419,3.71537754,-5.47193173,-8.81156052,2.03283334,1.69592474
11.70312500,1.54947872,3.31374800,14.12628786,4.38492741,-6.68973241,-5.18875230,1.47181259,-4.00999584
11.70703125,4.29216957,8.33889155,7.19311579,1.28320430,-8.78010275,-10.66427464,8.03124844,-5.39904972
11.71093750,6.19588758,8.93630470,8.02136373,-5.24129160,-4.64149597,-12.49199902,8.51473627,-8.80441659
11.71484375,3.49981920,9.28159781,10.54340444,-4.05319336,-1.67701166,-9.99814842,6.46835545,-10.20217465
11.71875000,8.24064934,7.41562227,8.41061102,-7.13942156,-1.89811680,-10.04339717,1.38746222,-3.15728321
11.72265625,5.56975208,4.75680191,6.72316205,-6.81909965,5.41754778,-7.98369059,-7.02166453,-6.76531284
11.72656250,8.44434226,0.23377325,6.68616943,-7.55046522,4.78834577,-6.32568024,-8.10231825,-6.75707237
11.73046875,12.66519642,-7.54404691,4.10848846,-9.46277509,6.20480500,-6.80803686,-4.47758812,0.91106054
11.73437500,11.33893699,-10.73452462,5.88669355,-7.19747279,7.10305749,-4.73365665,4.76210024,0.05477563
11.73828125,9.17743930,-4.88910549,7.44961508,-3.11162812,5.85729274,-4.61109684,7.76517533,2.21997209
11.74218750,3.55910719,-7.01112371,7.81481109,-2.31609071,8.47450182,-3.81307178,10.18747938,6.99212457
11.74609375,-0.11127926,-7.23991887,2.11707782,-1.77428412,3.10905285,-1.72495138,6.30001660,10.07854097
11.75000000,-1.37441856,3.99187358,-0.39643813,-0.49717850,3.19361878,-1.28844347,-2.04621893,11.05509010
11.75390625,-4.79739943,3.84108984,-0.79078047,0.18622485,-0.92290032,0.10920595,-9.12250798,10.76361243
11.75781250,-1.41255820,8.51421953,-3.14373319,4.00100578,-6.34104502,6.09858613,-7.79655607,9.10418089
11.76171875,-7.46790898,15.08858838,-2.16431865,8.27360451,-7.74585854,8.10949744,-9.35967776,1.32253441
11.76562500,-8.50847318,9.85673250,-9.15499235,6.45879910,-12.00843504,13.01303022,-1.56634345,-1.84974732
11.76953125,-7.98928732,8.52159502,-6.74586866,13.76055247,-8.97803586,6.66974268,2.47410129,-1.29411045
11.77343750,-10.22614750,0.51562845,-7.18663645,14.37131772,-6.97065496,10.19747816,9.80357290,-5.69091411
11.77734375,-9.89832001,-4.72266911,-10.10710930,9.05927273,-1.31170104,12.44730235,7.24000202,-11.83408573
11.78125000,-5.31671018,-5.74300915,-8.13000286,9.11982866,7.96258296,13.38758105,4.43505272,-10.20172371
11.78515625,-8.11793223,-9.75007568,-5.47480514,4.29381990,4.60109245,13.25832961,-5.53047143,-8.47190141
11.78906250,-1.94937422,-10.65278154,-9.60186481,-1.17050544,5.40189087,7.54730427,-15.67804016,-9.40618662
11.79296875,-6.79556009,-9.37738550,-7.36975490,-4.40427043,9.34510459,6.18748118,-11.15808886,-8.10264021
11.79687500,-3.09459980,-6.69464227,-8.31931456,-6.83953352,8.82637309,8.46692956,-7.55598525,-0.90155287
11.80078125,1.51083231,-2.41603977,-7.78885716,-9.28486282,8.73249271,2.61615604,-3.17277673,-0.57100582
11.80468750,2.55953358,5.04111562,-10.13503662,-9.13255442,2.06497312,0.08291353,6.70283949,5.87790261
11.80859375,2.66162193,8.95495557,-13.46546223,-11.97936814,-0.62311640,2.19537567,6.49514493,4.69019677
11.81250000,4.85536164,8.63775618,-9.20119359,-12.40995457,-8.68804206,1.68572450,11.28336581,6.75471328
11.81640625,10.24523191,7.22502262,-8.23991712,-9.44180353,-9.11169898,-2.06558556,-1.68897098,10.44576821
11.82031250,9.99973929,6.47586317,-5.22897932,-6.11247563,-10.65492942,-5.90698896,-4.33206329,11.69205602
11.82421875,9.82272869,-1.30204189,-3.94261460,-6.66565883,-14.19790241,-6.78468930,-10.96035813,6.17562797
11.82812500,10.23406582,-4.25297236,-1.51063993,-7.50498218,-5.13931529,-10.31556056,-9.28769285,6.50822195
11.83203125,12.27352662,-6.32373755,1.08823419,1.06493731,-3.74768898,-10.47802373,-4.45753002,-1.38584916
11.83593750,9.86595285,-10.80768313,1.45247153,0.99610110,5.43222687,-8.11485766,4.92770859,-4.07666385
11.83984375,7.22257487,-6.39036874,2.65762982,4.12750691,6.57801317,-8.45855805,10.00102407,-8.22644457
11.84375000,3.72921947,-9.45380367,4.66824818,10.45314480,10.58922676,-8.43697109,9.67254108,-6.88270807
11.84765625,6.91393734,-5.70597094,5.10178963,2.65996083,10.19460304,-10.82600079,4.91708549,-12.67401685
11.85156250,-3.09484704,-0.51065935,3.33473513,10.73480479,10.44674511,-10.61222743,-5.42220954,-9.17966314
11.85546875,-5.44756027,2.15674779,3.98373918,9.64723711,9.38010717,-12.59525164,-10.27041705,-6.42405672
11.85937500,-6.37344764,10.67923139,5.78963294,9.49711541,3.99834296,-11.06546000,-12.24720029,-3.89439158
11.86328125,-10.57063839,9.56007315,5.57880142,4.77250463,-2.65290039,-5.68427072,-5.44911250,-0.34539729
11.86718750,-12.13661803,9.28736380,4.61962171,7.67089239,-2.63311589,-2.08919547,3.25570456,0.91742538
11.87109375,-9.43930148,8.54146268,11.62778655,3.27139598,-13.58563029,-0.43325480,6.25856304,8.79350699
11.87500000,-7.37665563,1.48733326,10.44877041,1.95994891,-12.37817660,3.74764788,10.15623769,6.03049647
11.87890625,-8.26874672,-6.43830926,8.09054289,-1.61704445,-11.99830586,4.49039503,6.03821693,9.20765387
11.88281250,-5.13751013,-8.25123981,10.53884890,-5.06819992,-9.66489086,4.80622135,-3.43210137,8.22808566
11.88671875,-6.69912589,-8.64727107,12.46697745,-10.17731267,-1.48786345,7.32452603,-9.60477106,7.28015446
11.89062500,-5.64174687,-14.07406928,9.91768060,-7.86876545,1.53966321,7.22593366,-10.96150244,7.62180252
11.89453125,-5.61029015,-7.57550916,7.11978046,-8.27527337,6.41212063,6.61546291,-8.92398605,4.98049688
11.89843750,-3.26248106,0.21146316,4.65061008,-10.89601963,8.22704053,10.25500584,-3.51402652,2.44393010
11.90234375,-2.00016913,3.26169471,6.58879328,-10.50216147,7.86842689,11.62269436,-0.69247551,-3.11362538
11.90625000,1.36694877,1.68867907,1.36432390,-9.44212966,9.90083947,6.55273058,8.91003972,-6.21488365
11.91015625,0.65851257,7.56964360,0.45197035,-2.47494921,12.64443133,11.16295550,6.57299184,-8.47721471
11.91406250,3.98258665,11.67189102,1.98114831,-1.27366855,5.40571991,6.14864111,1.66597818,-8.49911726
11.91796875,9.20487696,8.53443028,-2.20103908,1.23362899,-0.68201112,7.44866735,-0.31135732,-5.93076488
11.92187500,13.22315455,6.90935776,-5.23498958,5.92844258,-5.06875367,10.03546090,-5.26967757,-6.25339374
11.92578125,11.46977622,1.47274041,-4.17630684,8.58340309,-12.80616615,9.27518344,-10.24566770,-5.33667216
11.92968750,11.15215426,-4.76169145,-8.61271055,9.57034717,-12.51304558,2.53492344,-5.17982367,-3.01553663
11.93359375,6.19588402,-3.18860888,-9.14991136,9.83714836,-14.12078501,1.52769221,1.48312206,-0.74417597
11.93750000,11.61777866,-11.50968694,-1.92340722,8.55527929,-9.96881101,-2.37994361,6.62593322,0.81837892
11.94140625,-0.70733722,-7.47925902,-4.20327414,9.24234457,-1.60102169,-1.42673021,8.59035887,2.69693658
11.94531250,1.05148896,-5.87477370,-7.64823128,8.90564393,0.56518652,-3.92719892,6.54194414,9.28874819
11.94921875,-1.34967695,-2.15378761,-13.26385128,6.40516327,5.17270684,-6.21114924,0.64252019,11.57129668
11.95312500,-2.16553494,2.10691961,-11.79133242,4.89094072,12.38067479,-8.76573950,-5.26623854,8.47896602
11.95703125,-3.03133585,3.54032010,-8.97080398,1.27675162,8.50647709,-10.08261226,-9.31047153,12.29585644
11.96093750,-5.75259556,11.00085801,-12.73121246,-1.59445927,11.58474766,-7.90252694,-6.76308083,3.85402106
11.96484375,-6.61939192,6.59256919,-6.59157163,-1.20419396,6.91818749,-7.25181923,-3.59273120,1.75846451
11.96875000,-6.59129737,8.49905503,-11.62943657,-8.76493729,1.66104893,-8.67457603,3.18012847,-0.12554988
11.97265625,-7.47597428,4.46235084,-5.04147264,-10.04356300,0.98872963,-7.60063897,9.29321242,-7.90343173
11.97656250,-11.47870301,-3.69541531,-4.97494308,-7.42890760,-4.65396899,-12.00478400,5.66391998,-4.99038317
11.98046875,-7.92142238,-5.50705825,-7.04472241,-8.59150261,-8.75144769,-5.92045191,3.82163045,-10.32502049
11.98437500,-4.25793969,-9.88721086,-3.29298145,-9.71758766,-12.05771035,-5.92155653,-2.33796988,-10.40452180
11.98828125,-2.42640942,-9.82129013,-2.32240024,-6.18328055,-13.59349919,-4.89617720,-6.92854129,-13.18096556
11.99218750,-6.23874961,-9.54207347,-1.41037977,-4.27920009,-4.43508265,-2.67047165,-13.15871789,-7.46732232
11.99609375,-3.66569255,-4.69424021,-2.64514352,-8.84854809,-2.66988633,-5.64659155,-12.18917617,-3.57436257
12.00000000,-1.00066706,-4.25786054,3.01494982,-0.05417771,3.48348523,-4.88442294,-2.51578477,-1.36776256
12.00390625,0.86328660,1.86268997,4.05632697,-0.31809585,7.78912850,0.31858634,6.30704462,6.01253960
12.00781250,1.78614034,8.48027571,1.53551224,5.14916828,8.61412669,-0.98172109,12.05090557,8.71366393
12.01171875,5.13601412,7.65046581,1.73209682,10.55791161,8.72600580,3.18758785,13.84510175,10.85307979
12.01562500,8.60228514,11.00866667,5.96435583,7.73971522,11.04405958,6.04167509,5.56405216,10.93106642
12.01953125,11.13381612,8.76842501,2.39175008,14.12265146,10.04216426,6.55457311,-1.47490398,15.32650138
12.02343750,8.20243149,-0.65636848,8.18837644,11.42008252,3.62032930,13.78092732,-9.66066797,4.95511193
12.02734375,12.26552757,-3.33390614,9.46834638,10.74750578,-1.34446324,14.61766737,-6.85935085,7.71709701
12.03125000,13.21095579,-6.35596185,7.79402880,7.36886519,-4.82041364,9.02939332,-4.63129224,3.07809567
12.03515625,7.65903615,-10.24432733,10.84876898,3.66662847,-8.49552271,14.67307610,3.13157624,1.51720506
12.03906250,6.84798576,-5.62142161,10.87343483,2.89043180,-9.75345267,12.29806128,8.25338647,-4.71799190
12.04296875,2.94715513,-10.19022324,10.96383343,-1.91823274,-9.58327556,9.39697292,4.90316832,-6.21144724
12.04687500,3.99423410,-4.59274103,12.09322472,-3.65121083,-7.10698961,10.23494323,5.90624230,-11.18468823
12.05078125,-0.56822688,0.20284289,9.78196184,-7.38987746,-5.59821498,0.81030416,0.32734827,-13.44714417
12.05468750,-4.61631591,6.17898609,9.88375135,-11.64308999,1.66722200,3.12172474,-6.66657550,-11.66035987
12.05859375,-2.94934649,9.29903838,6.86439724,-8.97760366,1.79676111,-0.58219590,-7.61730108,-5.38206221
12.06250000,-9.18182150,10.96072300,1.45944773,-6.82286215,7.60126487,-0.82090054,-3.44770783,-3.97117850
12.06640625,-7.87952023,13.65954119,1.09919636,-5.64638931,10.21223647,1.05820152,3.14548283,2.19409441
12.07031250,-9.30904998,7.26657995,0.53440351,-8.19030595,7.22954087,-1.53887040,10.14099453,2.64368636
12.07421875,-7.52265528,2.08637311,2.52331329,-5.62533057,4.31360978,-5.35327580,8.02240067,6.98360898
12.07812500,-6.51325245,-4.11670101,0.32724970,-4.54439089,1.76072560,-2.59535989,7.47434303,6.30611560
12.08203125,-6.99378047,-11.86603792,1.34894037,-4.56445460,-4.13888139,-6.27120108,2.87032351,12.54108904
12.08593750,-9.39069323,-8.31029789,1.13249845,-1.48301032,-0.61184174,-9.57986240,-7.11643028,13.71443982
12.08984375,-3.50197153,-7.88431611,-1.46354556,3.65145394,-9.30056754,-9.54261351,-12.67167001,7.28040207
12.09375000,-3.38241872,-8.52933849,-0.51252774,0.71012404,-7.36908270,-11.02404265,-11.58631070,5.81492052
12.09765625,0.07142755,-5.94335770,-6.11141827,3.67307741,-8.29313858,-10.92706597,-1.48963225,2.21585371
12.10156250,1.18712956,0.93369762,-5.95807239,5.16503017,-9.35517747,-9.56371836,1.03835825,-1.36766261
12.10546875,1.67770445,3.37495919,-7.54146886,10.03940166,-4.93391449,-8.10419179,9.74194788,-4.70397092
12.10937500,2.63831855,3.76881633,-6.93143533,9.16019004,-2.17946485,-8.19613486,5.89139431,-4.16933950
12.11328125,1.43302118,10.77068804,-14.36415869,1.73455542,1.31518553,-6.23649763,5.47238656,-9.83795340
12.11718750,6.30847287,9.29100252,-16.00534996,5.84112333,11.44190506,-1.61495358,2.21962161,-10.10066614
12.12109375,11.27629180,4.32715727,-10.69329929,2.24123645,8.05363602,-0.82855820,-0.97090382,-7.59857527
12.12500000,14.70709603,2.33833041,-8.46689564,3.30499168,9.50099447,-0.89996839,-11.93383285,-4.62749339
12.12890625,11.56959900,-4.81525362,-15.27148422,-1.38865753,6.64268660,4.50348303,-6.59007977,-3.29096682
12.13281250,9.85415235,-9.10002335,-9.00062035,-6.87519652,6.52410415,3.30283301,-3.14834273,0.50758234
12.13671875,12.45142766,-8.51480044,-11.68687571,-8.94850485,-1.90299111,4.94827995,4.69588466,2.72410488
12.14062500,6.87022419,-9.17060648,-6.65690607,-14.78291022,-1.40415082,3.36063873,3.63356005,5.43244547
12.14453125,3.28549438,-2.19126121,-5.61128231,-11.78274180,-6.93646568,10.36814292,5.28523051,4.18516375
12.14843750,-4.87110276,-0.57788543,-6.32389920,-11.53921206,-10.07780083,8.83161059,5.47277765,13.03039237
12.15234375,-3.74516815,2.21941552,-7.93554952,-11.81385159,-10.71248140,6.97953718,-7.66275151,10.17198194
12.15625000,-4.78253180,7.49214483,-0.06128139,-9.71966638,-5.81087899,9.52029331,-10.51524880,11.34662806
12.16015625,-2.78405104,6.78789032,-6.45263324,-2.30758593,-6.28530576,8.57571380,-9.65769387,6.03329004
12.16406250,-7.37429489,12.93849098,-0.63635735,-4.76138101,-4.60673176,8.26993529,-2.03844708,3.99098609
12.16796875,-12.82888160,3.90660894,-1.31857478,4.82303896,1.25752585,8.92388222,3.53181157,0.61754998
12.17187500,-7.42322806,3.50017978,0.31197011,4.60503096,6.63782451,6.41348817,9.46675351,-5.51884974
12.17578125,-9.62153898,-0.58704381,-0.58562836,6.08436478,8.04196911,2.14615612,10.01279321,-3.71403620
12.17968750,-8.27321659,-5.08286625,10.12891928,7.49917750,8.51480955,3.48048300,4.38649979,-11.62997203
12.18359375,-6.83659870,-6.01893553,10.13919701,8.20861366,5.91292918,0.92459894,-3.77232103,-10.02750894
12.18750000,-9.46110512,-10.90270588,8.35933647,11.61584241,5.30555668,0.21701661,-6.02041985,-12.13869173
12.19140625,-3.84333869,-10.96026918,6.18584326,4.40202107,2.90794787,-6.38102318,-11.65043463,-5.06789519
12.19531250,0.35037190,-7.92437325,10.24130795,3.94442586,2.81775652,-7.64436375,-11.24769282,-5.11655679
12.19921875,-4.21523411,-3.45500060,6.97260287,3.21815422,-2.66492494,-4.33247626,1.39427752,-0.22939478
12.20312500,-1.82302515,2.38095053,10.72516434,0.11551679,-7.51309179,-9.66033651,5.85654212,7.50370264
12.20703125,0.16024365,9.98814294,6.02092768,2.07421361,-8.62674375,-10.20589656,7.92281904,5.97352790
12.21093750,-0.58874075,8.65464226,7.97875372,-1.52759086,-6.42104195,-9.46874124,9.43888355,9.10556050
12.21484375,6.43372279,11.84438731,9.81237169,-3.78406596,-4.82064294,-4.90903491,5.34052485,13.01620547
12.21875000,7.09506558,10.38261363,8.74190335,-4.36531474,-2.78574550,-8.86132166,-3.61291667,7.16607298
12.22265625,11.02075431,4.32814868,12.00247220,-7.32506451,-2.83670945,-11.32708609,-4.37277551,11.88101524
12.22656250,7.50428213,-0.53334562,4.57597738,-6.63232630,0.74605894,-4.87676567,-13.07650545,3.08807720
12.23046875,8.40979316,-3.76013765,8.23924519,-10.65351075,8.24528353,-9.31313481,-4.59364960,3.45665289
12.23437500,12.85736498,-5.95578991,6.87953683,-9.70145906,7.48141493,-4.05277156,2.29502397,-5.10216250
12.23828125,6.58409979,-7.63305540,6.64391199,-6.77828777,9.66178585,-3.00165137,9.44264901,-2.50751738
12.24218750,7.41011043,-4.94705746,1.73034299,-6.20336288,6.70384563,-3.70465919,7.43127378,-5.37136208
12.24609375,2.80800812,-5.48678625,-0.70506322,-3.37507893,5.13268670,-4.53202780,7.96606998,-7.88978259
12.25000000,3.10708321,-4.57967491,-1.87714631,0.64946508,-0.62404458,-1.02429289,-1.98181942,-10.84094895
12.25390625,-4.55334457,3.64644794,-2.15432048,5.55728996,-3.65613019,1.15527205,-6.61084162,-12.97733064
12.25781250,-10.50896228,11.00796212,-1.82097933,2.28080985,-5.57174127,1.01770499,-10.82070623,-8.16579788
12.26171875,-5.43317940,12.83789427,-3.72826774,7.25759532,-5.46114848,3.60204541,-7.63841406,-8.25135156
12.26562500,-14.57699502,9.21377277,-6.05961656,15.07403539,-9.34055340,6.98365501,-1.94923653,1.39713291
12.26953125,-7.96705656,7.80306751,-8.53982410,9.79244960,-12.86732862,11.61951888,9.39825112,4.05983701
12.27343750,-8.50019575,1.14269482,-9.54655399,9.72077376,-5.93994198,13.39705570,9.01681735,7.35665470
12.27734375,-6.85868757,1.08062424,-8.18875593,9.13557438,-2.46825685,14.94904456,9.28256651,5.78820245
12.28125000,-6.72561155,-9.16946688,-3.60872692,6.07277149,2.43882186,9.59609388,4.16830411,9.62502090
12.28515625,-10.11429661,-9.56476151,-8.19946749,3.99083700,5.69889331,12.90383606,-2.35582093,3.20807638
12.28906250,-5.45506165,-8.79285206,-9.65454835,1.91941521,11.28693492,7.20984391,-7.63453622,4.75382083
12.29296875,-4.50081125,-6.12111802,-9.61072511,-1.56213465,10.54450598,7.47642656,-12.24075424,2.87036084
12.29687500,-0.96536037,-3.91062417,-9.83752023,-8.35856206,5.87921125,2.52095533,-6.68926005,-0.29908400
12.30078125,4.17706891,-1.70284700,-5.48031915,-7.07013140,4.21070798,7.44097935,3.09052856,4.54225977
12.30468750,2.19244393,4.93576703,-7.12234706,-9.35733554,4.16463338,4.00145989,3.72848562,-7.75965096
12.30859375,4.54995112,7.95832305,-8.21583767,-14.13460084,-5.73993793,2.66343066,11.08184625,-9.72788050
12.31250000,6.35182275,9.60516526,-8.15533847,-12.28953445,-6.74040555,1.10498230,6.10464740,-5.83207413
12.31640625,6.67275173,7.59929152,-5.25821331,-9.03809153,-14.89722472,-1.28423624,0.03957302,-9.83537695
12.32031250,9.18101907,6.27784940,-6.35241807,-7.32986508,-9.45504714,-4.33030042,-2.89164097,-5.12100509
12.32421875,10.09320677,0.97942286,-4.11691090,-5.35911809,-7.41895527,-6.71370131,-8.02036558,-9.76599753
12.32812500,10.69143506,2.86892507,-3.37728753,-1.96209437,-6.80243189,-2.54058762,-4.87289182,-6.49737888
12.33203125,11.03122836,-8.58246500,1.15614822,2.39430069,-0.43115665,-6.84248151,-6.36388300,-4.85797001
12.33593750,9.07796585,-10.55160758,0.23015382,3.35732237,6.09128296,-10.18654870,3.32770380,2.21018911
12.33984375,5.26582547,-9.74889978,5.04303799,4.83057066,7.41336784,-12.70036265,9.07659547,5.92766557
12.34375000,2.90289946,-9.86678431,4.40703617,6.99325683,8.60777174,-10.00444323,4.15341543,7.04002946
12.34765625,2.30778930,-2.88431176,3.08330990,4.71369698,10.30758560,-11.07066202,-0.26588557,9.72511188
12.35156250,-3.79919399,3.47832083,5.83133282,9.62032268,8.72581941,-8.04066887,-7.44111825,9.77267876
12.35546875,-3.77634134,5.84885322,8.60550264,13.37774016,9.65275497,-10.07180302,-5.56812774,8.90652734
12.35937500,-4.20006198,7.78173737,7.03841892,7.68760235,2.97891850,-3.84644846,-8.26628131,5.98061143
12.36328125,-6.39955293,10.14367758,10.85043446,10.86145008,-0.11469660,-6.25500156,-9.70848521,6.58914311
12.36718750,-11.02111141,6.99845206,10.82943145,7.84001660,-5.71965685,-4.01254076,-0.43556327,-0.88359458
12.37109375,-6.82257120,5.69107521,6.68643407,4.83870068,-12.26984226,-1.78521439,7.78086172,-2.37635402
12.37500000,-11.70118569,-2.92149279,7.20817114,0.52237399,-7.86958574,0.78263810,9.95984146,-6.11062956
12.37890625,-7.27599340,-4.07600951,9.56157513,-1.85265101,-10.79499208,2.15516550,5.93270201,-10.66665331
12.38281250,-3.51693254,-7.09977294,11.23060116,-4.26777497,-7.91847463,2.38123052,-0.27366371,-10.41253083
12.38671875,-9.82292282,-11.18419693,12.13410850,-9.62522797,-4.89569046,3.63750449,-3.68605922,-11.54742139
12.39062500,-4.29933215,-12.47486168,10.55122301,-12.66846425,0.02721913,9.21094154,-9.79981545,-9.40561093
12.39453125,-3.07309916,-9.53597531,11.35409081,-11.05694534,7.04153497,4.73503289,-11.31277778,-3.06592970
12.39843750,-2.72635289,-7.54662721,8.25677911,-10.33661177,8.03780144,8.79803713,-1.31344512,1.99819136
12.40234375,-3.25566848,-0.63662986,3.33102965,-11.87238082,15.02000066,10.86771667,7.88935429,0.32317017
12.40625000,2.25791994,8.54458794,1.52618426,-9.30071882,11.08362508,8.75124334,10.66320467,8.74498347
12.41015625,2.95738979,11.68552755,-2.46018343,1.38515952,6.53125048,3.50582455,11.19238802,12.59476773
12.41406250,6.51806747,10.37964096,0.41973366,1.25924656,-0.05033050,10.36561708,6.09028189,11.83124911
12.41796875,10.35682933,4.10851825,-5.05917668,0.28698909,-2.67956621,10.22975906,-3.14464243,10.48848080
12.42187500,9.39031685,0.31991453,-6.07904795,6.25569619,-7.68224482,8.03323851,-8.99834841,10.19867554
12.42578125,11.98434026,-1.64282826,-8.38076540,4.75595675,-8.90139482,5.45997202,-10.07767966,9.50306436
12.42968750,9.21026538,-5.26025461,-2.79042513,9.21284273,-9.09085113,4.23428491,-0.05832366,4.12562363
12.43359375,12.94936286,-9.56555250,-9.80384940,8.56289234,-10.22898517,5.77177950,3.45115360,-1.81025835
12.43750000,9.43028537,-7.71714519,-7.48552412,12.46261140,-7.98040112,-3.88515716,6.73730351,-4.50875719
12.44140625,4.48163876,-3.20061546,-3.87632414,10.36857439,-4.45550878,-1.74715186,8.76562152,-7.47641242
12.44531250,4.06323428,-5.85778527,-7.59813555,6.71570314,-0.90173835,-3.25836255,8.86670467,-13.23652631
12.44921875,-0.14125612,-3.87117571,-9.17673167,3.05183595,6.22816231,-4.69196533,-1.38982745,-10.40850509
12.45312500,-2.29853250,2.67220733,-8.48800787,4.42825515,8.67410116,-8.68433144,-9.98010741,-11.69238601
12.45703125,-8.80406347,6.19667374,-8.32418944,-0.05581174,13.35193789,-13.09318064,-9.02909896,-9.70300819
12.46093750,-8.10122918,13.12054049,-11.14849592,-1.34899389,8.64535123,-10.17268606,-5.45768600,-2.25668120
12.46484375,-7.38629752,8.35700988,-11.72663844,-3.71619704,7.47429424,-9.35605165,2.42045486,-2.32571141
12.46875000,-8.19821699,6.58304610,-7.77468874,-1.40604381,2.24200842,-9.75440352,4.02061225,3.99662891
12.47265625,-9.68965742,4.14849076,-9.19936833,-5.94846925,0.35337634,-9.00464660,7.13907419,5.40955612
12.47656250,-3.59350788,-3.31678823,-5.48338375,-6.92956493,-8.71284123,-8.09341096,12.09580181,5.85093163
12.48046875,-9.43869806,-7.08468704,-5.71489535,-11.73852510,-6.45721064,-9.12362222,4.00930160,5.77743693
12.48437500,-8.71223375,-9.15867522,-2.15470813,-9.57282126,-9.43519761,-6.52971543,-3.08990003,7.44564862
12.48828125,-7.10828658,-13.86629585,-2.82899343,-11.90070207,-11.18450901,-8.33138779,-9.81082683,8.18767227
12.49218750,-6.24393967,-10.90433371,-0.63547264,-3.96222617,-7.36676415,-6.79717221,-10.49277466,4.99466455
12.49609375,-5.40385212,-6.77790194,1.23675902,-3.40663856,-2.74963934,-5.00442242,-6.78165529,3.93337283
12.50000000,-1.36495561,-0.49596965,-1.73176670,4.65103734,1.84181391,-1.58285449,-1.34136577,-0.74619739
12.50390625,2.12104649,1.46102104,3.15231219,0.19742300,4.98003207,1.44528180,9.03005502,0.05552739
12.50781250,3.69396841,6.10734956,5.01003548,3.17517691,7.38227469,4.72266777,7.48356850,-10.77742903
12.51171875,3.59292793,6.82018169,6.61434729,5.26954341,10.06230907,6.88918164,9.28705795,-11.24340119
12.51562500,7.77772286,5.03560022,3.49812126,7.25818650,13.55342508,5.35550407,2.70117937,-12.09814612
12.51953125,7.32727966,3.46109959,-1.18854612,9.32435720,7.50279940,9.08651320,-4.06078596,-4.51885374
12.52343750,10.71168904,2.22469794,9.26376312,10.63381255,3.53508566,11.70092362,-6.70035557,-6.04595391
12.52734375,10.17851869,-3.17604999,7.89914986,9.06118886,2.95607034,9.19521320,-11.10409858,-5.54921958
12.53125000,11.58815106,-1.67684712,6.61200853,6.29979649,-6.30336236,15.19371437,-7.79027622,-2.58483785
12.53515625,8.92713477,-6.52223123,7.63628108,5.54351154,-7.99516599,10.99608358,0.73905580,-3.94691222
12.53906250,5.20733202,-8.10257893,10.43950247,0.76599440,-10.37884198,9.44671757,3.44883708,1.89690515
12.54296875,4.63673480,-6.16738262,15.01721511,-0.10231516,-14.28742436,9.10521176,10.43529960,9.62569545
12.54687500,-2.13579590,-3.06383706,14.20881430,-8.37681573,-8.33586915,3.45951884,9.35973339,10.07419910
12.55078125,0.19529352,0.59600176,10.57329064,-4.50229837,-5.17055628,0.56920478,-5.36718882,13.15520028
12.55468750,-1.65333839,6.43679084,6.02354211,-9.36346885,-0.80170266,3.61366629,-5.06277113,8.99213024
12.55859375,-5.43853844,5.38103193,7.27509091,-4.85973137,3.43374721,4.24885817,-10.51045009,9.72174502
12.56250000,-4.55449508,9.38576810,3.81493807,-4.45942229,6.75744425,-0.90486750,-4.76141051,5.63870447
12.56640625,-6.59589611,7.41967885,6.20634309,-7.97803731,7.30145957,0.94930361,-0.30111608,0.49725940
12.57031250,-5.90355515,6.01751503,3.65346119,-8.20880763,7.62597950,-5.96431715,8.60776304,-1.41357933
12.57421875,-12.55488986,1.63102257,1.26899118,-5.28722558,6.81900523,-6.92879628,12.15008904,-2.50417279
12.57812500,-8.70935971,-1.52739530,3.77642903,-7.33433630,4.47615063,-8.76916051,9.37244998,-12.07339775
12.58203125,-7.04145912,-5.94900333,2.58755557,0.81544365,-0.26842742,-3.34785821,4.12203899,-9.53696641
12.58593750,-7.05024407,-12.19484737,4.67206246,0.16682742,-2.84016020,-7.76006185,-6.66815304,-11.84773316
12.58984375,-5.92712955,-8.98707075,-0.37470836,4.13480448,-7.81697377,-6.92144212,-14.68740109,-10.87399260
12.59375000,-6.38092691,-7.07981573,2.25924695,4.97554390,-7.46748586,-8.60624608,-10.86666868,-9.50265829
12.59765625,-0.80049895,-5.45834786,-4.08438798,6.08483436,-6.81647266,-10.30939060,-6.75725938,-6.55741495
12.60156250,-1.64761893,1.49201308,-2.73448273,7.76429161,-3.98229588,-11.74790566,2.09281394,2.74675027
12.60546875,3.09544509,7.22278202,-8.82257432,13.24866077,-4.58473845,-12.61098434,7.53809728,3.73152755
12.60937500,4.44111523,11.62527370,-13.80532826,11.39246284,1.70252593,-8.81227048,12.77598317,12.60011172
12.61328125,8.47711975,10.58387207,-9.25659555,8.08479346,2.39695524,-8.23044134,9.29003290,9.12973451
12.61718750,8.81816036,8.03501770,-11.61877300,5.02357366,10.55749316,-2.69186887,0.88395602,9.44311186
12.62109375,9.78450716,5.09506694,-11.77365879,2.91180983,6.57847241,-2.71134478,-7.33802458,10.82672220
12.62500000,10.09889421,-0.03043400,-12.38967883,-2.00001028,12.69132437,1.32799437,-9.86035972,7.71158444
12.62890625,12.15119596,-4.72819182,-6.94109190,-6.20249669,11.97661326,1.06723709,-13.03013732,4.17989414
12.63281250,10.31114862,-9.82611200,-12.98875749,-4.02862701,4.68608396,5.02789773,-0.81362948,1.11218376
12.63671875,9.92571246,-7.14892778,-12.41983116,-4.74975932,-2.26753697,9.46833806,6.76311510,-2.87507025
12.64062500,4.47987106,-9.76031196,-9.60278890,-6.57935415,-1.58990352,8.13587749,10.10069894,-11.32435581
12.64453125,3.83756791,-5.94472635,-8.00278518,-13.22466662,-4.68944706,7.32952284,4.61817268,-9.45826487
12.64843750,-0.73384929,-0.62339146,-7.87532989,-9.37464462,-11.88817704,8.18925597,4.15090147,-11.92736197
12.65234375,-1.41557367,2.85579542,-5.96237879,-10.59214767,-11.07496904,12.55992729,-8.23499485,-8.39795939
12.65625000,-5.71145030,6.64990191,-2.23634632,-11.46343818,-6.69236771,5.91405839,-8.04559427,-3.65785000
12.66015625,-7.88279316,8.34749405,-1.08002306,-1.89001923,-3.32990151,7.19170108,-10.21745372,-5.70534650
12.66406250,-8.62920479,9.86169451,-1.87722083,-2.08563533,-3.56019941,10.07709629,-2.25511990,-5.78678904
12.66796875,-9.23678678,5.86635350,-0.37706894,4.64848405,-1.53150449,9.49136394,4.37859957,3.53146574
12.67187500,-10.80299476,7.39176196,0.10988605,4.19504272,5.55983732,6.70340251,11.33653928,1.81831541
12.67578125,-7.96498114,-0.60216299,-0.20011992,8.41931864,9.09169049,1.48565757,11.86513882,6.47477596
12.67968750,-7.63260202,-4.14629118,6.85707205,5.00307504,7.40864254,7.33829745,6.44740943,7.47206160
12.68359375,-10.27111936,-12.86816732,7.31169727,8.45923775,8.01942751,2.33246046,-1.98512860,8.74230463
12.68750000,-7.51271658,-9.28200301,10.17834643,8.79407234,6.63639141,1.54717857,-10.90326387,9.15986445
12.69140625,-4.18711004,-8.58212969,7.00328691,5.84052406,2.83833460,2.10606728,-10.23103505,10.10573210
12.69531250,1.06940918,-4.07878930,7.10827102,7.31285584,0.48126352,-5.48015911,-6.14754862,3.69669864
12.69921875,2.13863658,-2.27526586,9.99459892,4.29530922,-0.42385734,-4.14558484,0.68108139,-0.47866017
12.70312500,0.97716827,0.79564792,9.56184068,1.47932447,-5.12782920,-5.09860167,3.73646218,-0.37953126
12.70703125,4.15734949,7.16967458,9.90144582,-4.38901193,-8.06019821,-9.71252345,13.27985994,-2.23382632
12.71093750,5.44261012,7.05291995,9.86087351,-4.19025198,-6.42374016,-8.24129330,10.50677562,-11.16056685
12.71484375,2.00238727,6.79139201,7.42946051,-5.07573297,-6.44292403,-9.31024747,1.60572607,-5.39024461
12.71875000,7.80752394,7.29579288,8.00690695,-6.40174843,-0.84203153,-5.84266321,-0.93823297,-8.50882125
12.72265625,11.11615532,4.37793477,5.80249029,-6.60060918,-2.35423533,-8.26412471,-5.80082884,-5.85395933
12.72656250,10.75142365,0.08238701,6.82142472,-9.63524648,1.77152955,-4.91033693,-7.15995956,-3.84068935
12.73046875,13.48272132,-5.20856261,2.57173306,-10.17101331,8.10105194,-2.47692272,-4.96990323,-4.62229298
12.73437500,5.87599540,-12.80589216,7.10635868,-10.87857980,8.30390240,-6.65378175,3.38214809,-0.17175597
12.73828125,6.96754696,-12.42878677,3.00033363,-9.37715957,8.11741676,-5.36481811,9.43157719,4.78646789
12.74218750,3.41495992,-8.72849993,6.69806040,-6.68337508,5.95909632,-8.31402223,10.89681369,7.63148645
12.74609375,1.61521481,-3.29951885,-1.57112083,-3.28471713,3.82930079,-5.74158340,5.21895660,9.37315321
12.75000000,1.92650872,-1.33012405,-3.73134120,-0.18080710,0.30967182,-3.77692938,-2.33321811,10.03409919
12.75390625,-1.99482362,6.24514191,-3.29244214,1.51867982,-2.36994995,-0.84221749,-2.97016198,9.04717838
12.75781250,-5.17960026,8.85560993,-1.59210434,6.72307761,-9.99972834,2.62265936,-9.31979412,6.79269102
12.76171875,-4.17672596,10.87849545,-6.99626074,10.64186687,-10.56194183,6.79859338,-6.35621671,1.01490341
12.76562500,-6.76408009,7.74097611,-5.74931058,10.62614265,-9.74881507,8.56921740,-0.83333155,2.89319623
12.76953125,-10.17570949,7.90743135,-3.71504101,11.32140680,-5.99379239,11.62326196,2.55608628,-3.02995755
12.77343750,-8.63435786,2.94520120,-8.40073131,9.17642672,-8.05848556,10.22303906,9.30207719,-5.77378950
12.77734375,-9.31221220,2.17754376,-7.77449524,8.57666622,0.55542790,9.89423133,7.98369099,-9.78672394
12.78125000,-6.37282843,-7.45824972,-6.17895931,6.55348998,0.90495516,7.45531946,4.22329279,-9.80389009
12.78515625,-5.66340916,-5.90942322,-9.69461825,0.89095057,7.10811738,10.73694443,-6.55350192,-12.10320091
12.78906250,-9.60619664,-8.39068147,-8.77921691,3.47613745,9.00880408,6.65984648,-9.78764020,-10.60670039
12.79296875,-6.39122707,-7.23157133,-10.37272444,-2.31429928,8.69330279,8.78005330,-10.21831218,-9.15680518
12.79687500,-7.30659079,-3.66219649,-6.21779839,-6.83993195,9.34592142,4.17867943,-3.77481174,-6.79560043
12.80078125,-3.95901333,-1.00084780,-10.50021015,-8.70296850,6.26763367,2.10531689,3.09470639,0.38240424
12.80468750,-0.00241224,-0.70099459,-9.73144160,-8.22167831,3.28961507,-0.73742032,4.97887848,4.41975471
12.80859375,3.18343533,7.62631999,-12.50441413,-9.64862344,-2.23612122,-0.52860024,11.39856104,9.55485664
12.81250000,5.44972917,10.55060211,-7.20148748,-12.98583108,-7.13055813,-1.43456181,7.02064213,13.50110485
12.81640625,7.18305249,9.85833385,-2.54734617,-12.15561778,-6.80939193,-0.63757341,3.97257829,12.23645203
12.82031250,8.54541291,6.48229174,-8.64331313,-7.04113018,-11.41635320,-4.45946703,-8.21134328,10.47272229
12.82421875,11.40971746,7.35258660,-3.60062283,-7.02121926,-8.67310633,-0.93634307,-9.01909693,6.40486979
12.82812500,11.05578634,-2.19179737,-0.01020516,-2.60534256,-9.12760771,-7.06406962,-10.40038927,6.62426107
12.83203125,6.80816524,-9.26245655,-0.36228070,-0.53120315,-1.73437953,-6.02481285,-0.19661491,2.02082810
12.83593750,12.41980966,-7.17982465,2.07948653,3.25691966,2.45963834,-9.39865915,6.89307752,-0.87954131
12.83984375,7.37409107,-13.69113450,5.02644658,4.60920683,6.78308681,-8.75595448,10.79521102,-9.20929615
12.84375000,4.41882402,-7.30172610,3.88607027,5.04439106,7.29727000,-12.71257021,6.95841171,-10.66257919
12.84765625,2.86853959,-0.65019465,5.71420005,12.45877349,10.05105655,-7.13656900,1.54502589,-8.50656625
12.85156250,-5.20611411,4.18262295,7.50586448,3.23776604,8.68010209,-14.58618216,-4.38884170,-12.56603566
12.85546875,-4.31945648,4.77485187,9.21192499,13.25192176,5.10100790,-7.61146720,-9.24789524,-8.18547816
12.85937500,-6.65595776,8.28273503,7.20638130,12.02137809,4.84220037,-11.39946223,-9.84312039,-1.46864658
12.86328125,-9.27475854,10.40792366,7.99453164,9.95761548,-0.22631050,-6.47194724,-5.34121069,-0.96706025
12.86718750,-9.35094536,12.00287824,10.28873387,10.40544065,-8.99482186,-3.38364085,4.32166165,6.34217065
12.87109375,-10.45122127,6.40740559,9.02362295,5.82761601,-16.38224155,1.64793817,8.16382820,4.48767038
12.87500000,-8.68871666,3.49739414,6.72784927,3.71576482,-9.60361529,0.25018452,7.20178906,8.48237963
12.87890625,-10.82286626,-5.47146929,11.53061031,0.77451478,-11.38275606,2.93728392,5.68424762,5.45737727
12.88281250,-8.78505776,-10.96256634,9.07312533,-5.77445295,-3.42103354,3.63303046,2.59375918,5.58213780
12.88671875,-4.31307169,-7.68557237,7.41570786,-7.40639831,-2.06459262,5.16918707,-8.76012495,7.59222966
12.89062500,-6.04188668,-9.41142197,12.40910030,-13.08314463,0.88579109,5.21838999,-12.26065291,4.17552939
12.89453125,-2.51445783,-8.25103574,10.90686061,-9.95997127,8.86283379,9.17303585,-11.27799587,3.68015776
12.89843750,-4.53602682,-2.35149285,12.73919615,-9.53041930,7.33765591,7.57531570,-2.47161095,1.99605144
12.90234375,0.42592372,-0.51402607,6.55148266,-5.47178114,9.63946306,9.77224032,-0.10020690,-1.44112705
12.90625000,2.56404382,7.71504961,2.21183624,-8.54445964,11.29049277,10.74823331,5.73182746,-4.82589808
12.91015625,4.03626144,8.25165772,3.51162188,-2.32666950,9.90937328,6.62569765,10.26228760,-8.37426512
12.91406250,4.27950586,10.50498935,0.44321457,-0.46813798,4.20949074,10.54263404,9.25859641,-5.24931117
12.91796875,7.89721085,9.99548536,-6.31452150,1.66207667,2.77835998,5.50513403,-1.07781384,-10.18615249
12.92187500,10.07612298,7.90594710,-5.57079926,11.72222758,-2.15086532,7.16797842,-2.62012617,-7.23968258
12.92578125,10.29607335,-1.37087958,-3.78505458,7.90750297,-9.70139147,4.99405033,-5.79202113,-5.12803836
12.92968750,14.45299287,-6.06896275,-4.55526820,9.48012312,-13.30236487,7.35156581,-8.28202761,-6.35876257
12.93359375,10.57729956,-6.95943687,-5.91648373,13.28021283,-9.83787722,2.87315313,1.24007985,-0.83021158
12.93750000,7.76517532,-8.28514949,-4.87751009,10.72380469,-8.98320448,1.14387497,1.66558841,5.53785924
12.94140625,5.40376726,-11.80913234,-11.43167001,9.71012631,-4.43483797,-2.50982387,11.23461602,6.23840207
12.94531250,6.77040568,-7.94473019,-6.36086160,6.99863067,2.44822049,-0.74468560,3.35403615,9.47330282
12.94921875,0.02890549,1.24475303,-11.57882714,6.62173738,4.12333375,-6.41119454,2.89453305,9.54956853
12.95312500,-0.13992557,1.61612778,-9.96294823,5.41679448,4.73331671,-8.16375960,-2.20706655,10.94014512
12.95703125,-7.23081327,3.98455727,-11.17230605,0.89166669,9.74735728,-7.88660945,-13.64631576,8.70951914
12.96093750,-9.11565954,13.47011427,-10.85597353,0.44820880,10.74409836,-7.86926976,-8.12758276,2.85006026
12.96484375,-7.97646646,5.75043973,-3.99710701,-5.02686847,7.68225244,-8.89398497,-3.83334642,-2.34377649
12.96875000,-7.25499470,2.95422086,-8.14771443,-4.87767776,4.09540332,-10.56954290,6.79245068,-2.41364620
12.97265625,-11.98640085,4.62462727,-3.59496171,-6.17173311,0.17742782,-8.03942837,7.42307650,-7.52514052
12.97656250,-9.40873871,-0.87649073,-5.03791476,-7.50772614,-7.11740033,-10.40228480,8.79344911,-11.80981010
12.98046875,-10.07746897,-6.08360374,-3.84051593,-6.36390325,-8.54266057,-5.90081498,4.54893101,-10.40113300
12.98437500,-10.08845521,-10.24497138,-1.81680667,-8.42068065,-9.28735183,-7.75322838,-2.41112422,-12.15853813
12.98828125,-5.71684505,-12.30836982,-0.05517236,-8.49857842,-9.11008035,-3.05575514,-9.40888691,-7.36247318
12.99218750,-3.47849765,-8.77634248,-2.54552987,-5.03394518,-7.43934077,-4.27261923,-13.28652925,-7.67753754
12.99609375,-2.67145756,-5.71059708,2.94934945,-6.28949308,-3.12950477,0.83357935,-10.02942847,-2.81374012
13.00000000,-5.03450329,0.32660658,1.52999410,-0.37112545,0.33299720,-6.14999454,-1.45059365,0.24425404
13.00390625,-4.39911861,3.04298742,1.93688113,4.69722638,6.25307828,-2.95762020,5.59000639,4.66268777
13.00781250,-1.66072316,5.49985091,-0.25523257,6.85836262,6.06280068,0.45640182,9.80696506,10.72810530
13.01171875,5.91322034,14.14063722,4.38816843,9.90778297,8.45510323,4.45578909,10.72788722,13.90922113
13.01562500,6.54741084,10.46782763,7.30033820,6.62026187,13.06111778,6.05155285,1.29822994,10.51173537
13.01953125,5.82079517,12.68832849,5.92540013,12.05007087,6.89749584,5.44759191,-1.39311580,9.58899128
13.02343750,10.38522676,6.10554672,8.56202484,9.91694959,3.81289223,9.29053912,-6.05930056,7.71842506
13.02734375,10.50008948,-3.71068444,8.81268945,13.21152857,3.19040083,7.61158925,-10.95603135,8.84292252
13.03125000,9.29034228,-4.62362208,5.67150987,3.85780267,-1.74079854,11.78413721,-4.63430684,2.13093992
13.03515625,8.74290942,-9.46742290,8.27630805,2.36384624,-10.27332583,14.48137876,4.68989987,1.65200466
13.03906250,6.76873181,-8.43233896,7.85495369,3.24494792,-13.19564596,7.68804631,4.92712037,-6.05301048
13.04296875,6.39252697,-3.15382180,10.63661220,0.26492098,-11.57470198,12.20990773,9.22276668,-10.97225169
13.04687500,5.72930833,-3.46410372,12.93953106,-6.37885675,-6.16001964,8.12387256,7.14993820,-6.99695136
13.05078125,-3.24879860,-0.97445422,12.88040080,-8.30673629,1.87141137,2.83148074,0.10309965,-9.77439326
13.05468750,-5.85085613,2.83498240,8.69810266,-6.45370201,-1.57040173,6.08333209,-7.09183864,-12.17945127
13.05859375,-6.07853693,10.50521113,10.72975721,-11.52026373,3.58761872,3.53346855,-8.45690565,-5.15658638
13.06250000,-7.85021772,9.26630607,6.71107896,-10.83335781,4.92771344,-1.35903940,-0.75509156,-0.24111546
13.06640625,-7.93745719,8.67330448,5.86002990,-3.66923585,6.50808738,1.58972767,0.95798616,-0.21092093
13.07031250,-8.23448526,5.91984396,5.68589230,-1.57684053,5.95368362,0.58021689,7.60190290,5.17926689
13.07421875,-8.99633459,2.41675161,2.40628369,-4.69413045,4.16478328,0.32344798,8.40052101,7.38085232
13.07812500,-9.08399832,-3.00026782,2.84900665,-2.32409858,7.42991764,-5.77286535,6.61659280,8.18166493
13.08203125,-4.03190500,-7.96839039,4.40519232,-1.00286847,0.63216236,-9.78742929,-2.96499191,7.60153376
13.08593750,-10.21740162,-10.48792219,2.90321993,0.14313282,-3.59885827,-10.13860537,-5.13251633,9.00304455
13.08984375,-5.13275728,-7.13598225,0.06159318,5.06273594,-8.24359648,-12.60933875,-8.44393011,5.31451945
13.09375000,-4.42940582,-5.48165151,-6.04356331,8.72729487,-2.34113410,-8.93847002,-11.58734591,4.01777831
13.09765625,2.17983711,-4.95040341,-1.08617387,13.25360850,-8.86104370,-7.62406235,-4.48450862,3.59682362
13.10156250,5.25235178,-0.11039494,-4.52732758,11.14836727,-7.10531609,-10.26829465,2.77459239,0.77404059
13.10546875,1.46751396,5.93871428,-10.50461796,4.47624258,-5.61553399,-8.43276864,7.46370741,-8.39278722
13.10937500,4.65200278,9.50595233,-6.41791138,7.79573730,1.05440881,-8.99639005,14.90096101,-5.51811592
13.11328125,5.68751750,12.53819551,-14.74332898,7.37626139,0.48120755,-6.27901831,2.95079864,-9.38143195
13.11718750,6.81790528,7.62859399,-7.66925651,5.30403904,5.22945456,-4.90484540,3.65169930,-8.14556038
13.12109375,10.91283559,3.30438452,-10.78240028,1.46567988,7.18558312,-0.78970315,-6.37096012,-7.09306297
13.12500000,12.89220526,3.95331163,-10.92526924,-0.24877615,10.85676582,0.00636339,-6.63361198,-4.14141151
13.12890625,13.14294839,-3.88321298,-6.33717415,-1.06851512,8.50097075,5.57580375,-9.28411235,-3.67470752
13.13281250,11.20749729,-5.75275180,-7.36771038,-4.98349518,3.21508558,7.80320886,-2.53906790,1.14848296
13.13671875,8.36754081,-10.27008715,-7.18983461,-13.84115427,2.36709637,7.23750960,4.89144169,2.81239118
13.14062500,5.86256195,-5.97042978,-0.85263307,-12.40639504,-3.14424816,9.84104915,9.08861662,6.38663378
13.14453125,2.79924101,-5.29475486,-6.88928500,-15.55793687,-4.37288366,8.23987115,6.65073804,10.40737694
13.14843750,0.70469528,-4.13641175,-6.71916037,-12.38259274,-7.80267149,6.85532095,0.22204665,12.86981119
13.15234375,-1.03691722,5.39552667,-8.95463981,-11.45785929,-7.25786387,11.47646007,-6.00933154,11.56823385
13.15625000,-2.51802634,8.70352674,-0.37868571,-4.69985154,-9.25282413,9.24225901,-9.27616577,6.22682986
13.16015625,-4.50183990,9.93719155,-2.42142246,-1.76938878,-3.92249379,9.46609100,-8.18070905,-0.85442744
13.16406250,-4.47639958,9.14572150,0.71947351,-2.83373339,-7.40068979,6.52250080,-7.03063291,0.66743566
13.16796875,-10.29799583,7.82195516,2.12071482,0.62002223,-0.73552443,8.96166433,2.44319357,1.42518600
13.17187500,-8.76106120,6.36168350,2.42308896,6.00047082,2.63686188,6.33454107,7.39943104,-2.70044642
13.17578125,-7.82132271,2.72749097,1.12409711,7.12698135,9.08393082,8.16491667,9.65206933,-6.14334495
13.17968750,-9.53058730,-6.14917082,4.29115923,13.40305694,7.91392809,2.89180948,7.44492742,-10.49682194
13.18359375,-10.50503193,-7.11688388,6.29285192,10.27170456,9.44042632,3.57503634,-2.72356554,-9.08376300
13.18750000,-5.64972120,-9.43889791,9.11270681,5.55212806,6.79516165,2.40784682,-5.62219387,-9.96912061
13.19140625,0.06784493,-13.04571551,10.89127263,8.07947314,0.17379638,0.09118777,-11.47107681,-9.54707000
13.19531250,-2.24081960,-8.69988579,7.21598621,2.80745969,-0.88768642,-7.69899865,-15.75940731,-6.26889262
13.19921875,1.53862006,-5.65537864,10.96919997,6.15280633,-2.41769108,-6.67375865,-4.26006452,-2.22475970
13.20312500,2.48917553,1.94307424,11.35698740,1.55560896,-4.06712815,-7.28196076,6.22408806,2.08237317
13.20703125,4.15482488,6.05746161,8.25069405,3.25765423,-8.25571605,-10.34879772,11.77714262,8.84293882
13.21093750,2.68720182,10.63895654,6.92364887,1.73317673,-6.99336650,-9.48444824,9.01924203,10.44982323
13.21484375,7.35771020,9.34830752,7.28969327,-2.63849082,-8.74419941,-8.55976473,6.05796926,11.89467199
13.21875000,11.27890317,3.37800348,9.92922797,-7.92154613,-3.17842050,-6.33112273,-3.69552560,11.38165179
13.22265625,11.54593988,3.97170343,8.69819224,-10.34457931,-2.09770618,-9.77959096,-9.15804712,11.52739021
13.22656250,10.62716859,-0.71050257,6.24425790,-6.90114653,2.03762221,-9.15614685,-7.96976914,2.44391227
13.23046875,7.96862407,-6.10852494,6.52849967,-11.85513658,5.35119922,-11.00084714,-4.94152588,3.56384743
13.23437500,8.44680918,-7.18185376,1.19846765,-4.94096388,9.28762538,-5.97415447,0.40735987,-4.83584600
13.23828125,10.90737845,-10.01280747,5.07455829,-2.12655094,10.20945822,-0.34139940,6.63441704,-4.96318425
13.24218750,4.75855940,-2.53023247,3.06868462,-5.49714242,6.16311179,-0.05285589,12.39216188,-5.45191193
13.24609375,3.19496137,-2.79946094,1.17007953,-5.09098484,4.30091665,-2.09666838,3.86011259,-11.82126594
13.25000000,2.70457398,-2.17458997,-1.77043751,-1.96570341,-0.58773176,-3.39175219,-1.06468460,-13.08358544
13.25390625,-2.74069339,6.34321706,0.31215415,0.83339235,-4.01550110,-0.46722517,-4.84767327,-13.36872960
13.25781250,-7.57819173,8.43500982,-3.44484511,5.44590486,-11.03052367,2.53979426,-11.23547254,-5.96010807
13.26171875,-8.56208595,4.78098624,-5.49931954,8.36795995,-10.85804595,5.70303052,-5.19890156,-4.23571446
13.26562500,-7.42550499,9.09575497,-8.46307444,11.08790593,-4.04878147,7.23406282,-1.19965430,3.61706948
13.26953125,-10.21960958,8.62181461,-10.22888808,9.82650954,-6.06818283,10.17019116,1.37524917,4.37637671
13.27343750,-4.31123296,3.87396195,-7.89843697,9.47244676,-6.06558134,10.25505781,10.90163135,2.12275001
13.27734375,-9.53851741,0.26199033,-3.36241072,9.94275460,-0.99205192,11.99622114,6.37478575,9.58882514
13.28125000,-8.31473173,-3.86742300,-6.87727691,6.26006154,3.30416225,11.30439216,4.32866557,6.92658562
13.28515625,-6.45275251,-8.72179213,-8.30725007,4.41559127,9.35915700,11.86999868,-4.71038210,10.24170851
13.28906250,-7.56468442,-8.84622058,-10.77736817,-1.99462298,11.63478721,9.87130368,-9.40973499,3.89654163
13.29296875,-4.99694043,-7.09785818,-6.33945194,-6.12935344,8.13417793,7.93635808,-10.91421323,3.89240533
13.29687500,-5.77617829,-2.87389978,-3.89575326,-9.65828917,10.07915216,2.69326327,-8.75099542,2.96007987
13.30078125,-1.38303851,3.07152264,-10.35506878,-6.02294307,6.17994360,5.64675842,-1.81222649,-4.58627417
13.30468750,5.77898581,1.52888063,-7.55285372,-14.21370334,8.11532519,3.70921013,10.34876285,-1.97771974
13.30859375,4.94379178,8.14949159,-7.45243544,-11.20142182,-2.76824755,-0.91593423,11.67410313,-6.32296646
13.31250000,3.88038056,7.60163709,-6.14874386,-13.83778199,-0.09487368,-1.94973371,8.62238135,-5.88857581
13.31640625,5.39179325,6.90733551,-8.63616209,-6.83516531,-7.19177569,-3.94958352,3.85766713,-5.16722889
13.32031250,10.39713100,4.25719456,-7.11594532,-6.48280308,-12.19859977,-3.52159032,-4.43802240,-9.98445490
13.32421875,10.73775133,1.78282888,-8.47992304,-2.20833929,-5.26472362,0.41597131,-7.81484127,-4.73389969
13.32812500,11.57092911,-1.02217194,-8.14120006,-3.34329616,-6.62698470,-5.37568041,-6.75960601,-3.04899224
13.33203125,11.59372025,-8.14606516,-0.53553316,-1.35515966,-0.19878459,-6.88301018,-2.84339625,-3.89403854
13.33593750,12.63660121,-6.38477408,0.60662290,3.57101096,2.23766142,-9.86341446,2.45942384,0.69486016
13.33984375,5.99835539,-7.39254630,-1.03233609,1.79203610,7.46159576,-7.12692250,7.06682280,5.79740933
13.34375000,4.37412400,-10.36615547,5.20574923,4.90687017,11.78441662,-10.61187165,7.81993996,6.73876056
13.34765625,0.52961235,-4.77187210,4.41416562,8.73132537,10.26401506,-9.31112739,5.93266814,7.76870056
13.35156250,-2.70583295,5.51992124,2.76546775,8.83803838,8.15683280,-11.11828779,-0.35143016,10.35614532
13.35546875,-2.89668386,5.30665945,9.13155921,8.12674998,9.16171240,-1.99289046,-9.71583670,10.05530152
13.35937500,-3.95517183,10.75315343,10.30743145,8.27033364,0.58481500,-5.77463069,-6.28934925,3.50875912
13.36328125,-2.90461397,10.91644265,9.86190210,9.41668776,-1.42074010,-6.07753028,-6.69960680,5.91157104
13.36718750,-9.89095594,9.88779637,5.92368916,9.41394009,-6.07283454,-2.87204956,1.73010749,-2.15104266
13.37109375,-9.40983891,7.56494521,7.39105050,5.99247925,-10.55962355,-1.92989861,7.71508164,-3.24629920
13.37500000,-5.91775336,-2.54707650,7.90892260,0.37967382,-9.70225208,1.78192338,12.97356377,-4.66912995
13.37890625,-7.78884184,-5.26775757,11.80034188,-2.22748313,-7.71239277,4.88102254,8.75901709,-8.11207484
13.38281250,-7.63264150,-7.04217719,10.57485404,-8.24560577,-5.92822157,5.22983647,3.10928262,-8.06005945
13.38671875,-9.58744947,-9.81863393,12.86633997,-3.83947918,-4.44848559,8.09934417,-5.81388508,-11.36383234
13.39062500,-8.09412897,-9.31758131,8.27914587,-10.77651086,3.99711855,5.62077039,-12.70177012,-9.47566021
13.39453125,-6.54526672,-7.37479710,6.82130434,-11.27088893,1.82611520,5.63026583,-13.40674159,-10.27725823
13.39843750,-1.78981412,-3.98518053,6.33159190,-10.65094191,12.66064966,4.89024288,-1.64301409,-2.75016390
13.40234375,2.08930573,3.57279002,5.63915424,-13.68325170,10.98710038,9.35291198,1.62167188,2.99631222
13.40625000,1.35437313,5.44902713,1.37430063,-8.32741782,12.57796558,7.07613088,9.63772046,4.82701611
13.41015625,6.05463260,7.14525762,-1.52234927,-0.19581845,7.94245095,10.07201552,13.95204578,8.79472182
13.41406250,6.42750790,10.24491305,-2.68511923,-3.57047196,4.48956457,7.11541876,5.77917995,11.44873160
13.41796875,7.55122604,10.61606689,-1.97698780,-2.03057857,-0.97057236,8.54941404,4.29674225,11.12525452
13.42187500,9.21786601,3.41193989,-1.76810976,4.36963112,-6.38956747,9.49729441,-6.18304217,11.27540967
13.42578125,10.89143597,-2.15584637,-3.87407890,10.10061832,-9.37841932,5.26885885,-6.73922330,1.08679276
13.42968750,9.48075025,-9.95553877,-4.92693336,12.10653125,-10.39931348,5.15495578,-3.31608154,4.71112382
13.43359375,10.32292283,-8.43552879,-6.07892135,7.57890747,-9.40256732,0.21745232,3.99273071,1.00108540
13.43750000,5.82813940,-9.07888463,-6.30977216,13.05832937,-11.34007079,3.62686732,5.03289779,-2.93405559
13.44140625,10.75453837,-9.22095864,-4.96067900,14.73826402,-3.70145032,2.55933191,9.41857199,-4.36176523
13.44531250,5.98242034,-3.88978175,-9.87974563,6.87113863,-0.66638621,-2.59489444,7.18089008,-14.13763864
13.44921875,4.77485230,0.49506383,-9.59995722,7.13589496,2.40652273,-3.28373942,-2.57237580,-10.07370005
13.45312500,-2.17258191,2.30786955,-6.97512895,2.58436875,8.55530402,-10.92384179,-1.76418929,-11.83200575
13.45703125,-5.17578537,7.57749683,-13.29148295,-0.61794278,5.85613365,-9.36828405,-9.72134150,-9.67797804
13.46093750,-7.41721442,10.95679120,-9.11212743,-6.63882258,5.56594215,-8.06659116,-7.69890969,-3.04286698
13.46484375,-9.11226106,7.60866606,-10.04199249,-3.87923815,9.90987869,-8.14443333,-0.26875517,-3.30845036
13.46875000,-9.51151154,9.21836976,-8.98560892,-2.21866258,4.06776975,-6.24045642,6.08595220,3.31564285
13.47265625,-12.04167793,2.49531784,-6.75711767,-8.54655669,-3.51535872,-10.51563759,9.88563715,4.24489455
13.47656250,-12.79109768,-1.04661557,-6.89258030,-8.46218498,-5.89164223,-10.75860714,6.62579459,6.79787378
13.48046875,-7.51204475,-10.37850108,-1.79244218,-8.31210253,-9.88135829,-8.76942213,4.53893481,8.35058009
13.48437500,-8.49731738,-8.05685899,-2.74915156,-10.10072915,-7.18633522,-6.82178048,-2.65897737,10.85976429
13.48828125,-2.23667769,-17.23374204,-2.95837088,-7.32731939,-8.93108911,-6.68869303,-9.18240893,8.08306024
13.49218750,-2.73661035,-10.23686144,-2.56015118,-7.77477420,-7.95184823,-4.83168451,-12.26937947,11.26177938
13.49609375,1.93441542,-6.45778408,-1.85977989,-1.88511654,0.76677639,-2.44554356,-7.06682173,1.08439992
13.50000000,-1.49158411,-3.72889407,4.87964241,-1.41720793,0.25888425,-2.74920487,-1.71980691,-5.05500417
13.50390625,0.64243308,-2.10040530,2.71567360,2.46799910,7.32700921,3.48449673,8.39351439,-7.05612002
13.50781250,4.72270687,7.48388464,5.11778756,1.06578855,9.59756850,-1.89775844,12.04542066,-7.63753229
13.51171875,5.11387625,6.56272927,6.45668517,5.01082103,12.29721374,2.15853248,6.98098971,-6.66609798
13.51562500,6.75410372,10.37426395,1.67119979,9.49348601,13.14457559,4.26785601,3.23918156,-6.67304103
13.51953125,9.44406797,6.76534807,4.04238290,13.03418624,11.95580684,4.98996123,-4.10702357,-9.69392410
13.52343750,13.84516366,6.45411582,4.85453272,6.41825393,2.57739167,11.51758122,-7.98675895,-3.77221566
13.52734375,9.81517591,-1.95586688,6.78692334,11.38538133,1.26523637,15.56249543,-8.18656491,-3.24110840
13.53125000,11.71719240,-3.72961548,8.23072195,9.35495292,-3.68744508,13.04744923,-3.77898659,-0.14571375
13.53515625,7.07460102,-8.36751170,8.35345264,2.56144975,-9.41000448,9.08992671,7.67428754,-3.31014637
13.53906250,6.79430787,-11.44748353,9.51566902,3.41741145,-12.51408701,5.75452579,8.48946492,4.13884605
13.54296875,1.51434985,-12.08248073,9.11602502,-2.18701773,-9.08090444,9.70971438,7.94705151,7.61620182
13.54687500,1.74693182,-5.61369618,8.66515153,-5.36184690,-9.03526811,4.70701000,3.46136862,5.05706810
13.55078125,-2.68423592,1.32927048,7.98317919,-5.38621431,-4.16260881,6.77481621,-2.18594555,12.22708897
13.55468750,-3.60551236,3.22721474,7.33411862,-9.36235650,-0.49606173,2.32626645,-6.21128758,3.52256939
13.55859375,-4.22374818,7.64235231,10.37562312,-8.05554465,6.52223291,3.94625690,-10.70090118,8.10415236
13.56250000,-3.11301016,7.71007611,7.26995673,-10.40521540,4.84941500,4.66215041,-3.01761682,8.23492854
13.56640625,-9.74157913,6.55324795,3.78864175,-6.06208011,11.71065689,-0.95216399,1.84368536,1.30480639
13.57031250,-6.90303211,3.59577919,4.32867826,-7.33675984,13.85815677,1.04952748,6.72772923,-3.51511458
13.57421875,-12.01323939,1.98263565,-1.44909577,-6.58501870,9.40001138,-6.09532242,7.27393480,-6.11190840
13.57812500,-5.05975831,-4.04269327,-1.27130821,-3.49189017,3.62891136,-5.45041749,10.47305027,-10.25502262
13.58203125,-6.32375105,-2.39845168,3.08606841,1.79919875,-3.06289941,-7.74759786,3.97373230,-8.34258531
13.58593750,-6.65185797,-7.86980157,1.46724801,1.94102315,-4.79134225,-9.48815397,-6.43297268,-11.40473824
13.58984375,-7.31664085,-11.09148967,-1.34401786,2.70693306,-9.24033610,-7.96338541,-9.00407254,-9.40396876
13.59375000,-0.42348245,-9.53042082,-0.43953324,2.56996401,-8.79862325,-3.51374607,-9.96992142,-8.58097346
13.59765625,-2.30278339,-2.47051712,-4.48016997,7.78305543,-9.02845210,-12.16999483,-2.93579354,-3.42021679
13.60156250,-3.52220594,-1.94942414,-7.26845270,5.15467579,-7.27617908,-16.11542701,-0.93127068,0.96208979
13.60546875,0.85508652,3.55947735,-6.63052452,5.78832119,-0.99223226,-7.82453504,12.72785782,4.17917266
13.60937500,4.31471263,4.88833559,-9.92168904,12.24737777,-4.46013727,-6.88858749,11.76144788,6.09492382
13.61328125,9.56099760,14.24011559,-13.62665983,9.03171150,3.56426964,-8.52485418,9.42945672,10.92972483
13.61718750,9.10661744,7.35449783,-9.73471128,4.77663718,7.40295391,-6.94629618,-1.38437099,9.09744222
13.62109375,8.51980555,3.83088522,-8.45393923,3.74546699,7.32312037,-0.87943856,-3.18609910,7.38009882
13.62500000,6.07392523,3.09499238,-11.53733037,4.57441882,8.36862246,0.62386833,-10.60920053,9.74933442
13.62890625,6.52494891,-1.65552416,-8.43592077,-3.83372374,6.69039969,5.01203945,-10.41218987,4.61267047
13.63281250,9.49696950,-10.04384104,-10.20278625,-6.64235032,7.20122485,5.00580647,-3.99759390,-1.77628788
13.63671875,8.44440047,-8.41850544,-6.36506058,-6.18444391,2.99210188,7.41964682,6.35532494,-4.85158182
13.64062500,6.64669721,-7.35081601,-7.74185834,-8.65673318,-6.54169183,7.87541750,10.78301849,-9.98743470
13.64453125,4.39453623,-4.13807796,-4.08917455,-9.97954342,-7.45349307,7.52996464,6.72112952,-7.61540390
13.64843750,2.67673074,-0.68097105,-4.50560485,-10.69468920,-7.01427203,7.11457891,0.10233239,-11.38208731
13.65234375,-3.14043707,0.90700167,-5.82614585,-9.79859756,-6.89721204,10.30036462,-5.81820911,-8.87130602
13.65625000,-4.45581292,5.28455368,-2.29423756,-13.00334841,-6.37906021,7.43965564,-7.48746979,-13.61661929
13.66015625,-7.09579958,7.09791251,-0.86631551,-5.99524102,-6.63685008,8.69313805,-7.53113074,-0.74037021
13.66406250,-8.61000509,9.10891667,-0.26697755,-0.56241074,-1.89982786,6.42927286,-3.29261339,-0.18556574
13.66796875,-8.46453844,7.55087130,3.04750032,0.94558663,1.10516389,9.45238366,5.98937610,2.99690560
13.67187500,-9.85015275,2.19886142,0.94214549,7.33002195,0.78115648,11.23735424,5.54436390,6.65523165
13.67578125,-11.56052343,1.72032211,2.40462536,8.98834535,5.99740126,9.84275577,5.88131517,8.14016931
13.67968750,-7.44104287,-3.94382370,6.51956168,8.93997310,6.78217367,6.98945723,6.77268324,5.34753974
13.68359375,-6.13702965,-8.61461315,6.22097137,8.33356159,7.13803753,2.00313904,-3.42649412,9.23503528
13.68750000,-5.21513173,-10.37079325,10.44682921,8.46058961,9.64373450,-1.76016239,-6.92063951,4.07439678
13.69140625,-5.52470709,-10.85945476,11.39450984,7.24737421,6.32428595,-1.24801169,-7.29492724,9.37401091
13.69531250,-3.45266112,-7.14933112,10.98837259,5.04147574,2.38136234,-4.91852460,-7.84496308,3.17025426
13.69921875,-0.12745613,-5.10951362,10.75063780,6.68294392,-7.43826815,-8.88137419,-2.62082087,-0.78546793
13.70312500,-0.41772317,1.99973076,9.70986298,2.16567040,-8.37270892,-7.76146582,6.00714645,-1.50066529
13.70703125,1.78983747,2.08508893,8.20364947,1.16245825,-9.90093782,-12.28045508,8.07147393,-6.03261910
13.71093750,3.70157570,5.55828381,11.42676894,0.25668016,-10.85505614,-7.47950302,6.75909390,-7.64766347
13.71484375,8.47750711,10.05370085,7.95661058,-1.15999604,-7.37346788,-12.25868910,4.06291602,-7.42310951
13.71875000,8.39936826,8.04618822,5.03321421,-5.54536573,-2.24391675,-9.65311025,-2.62419961,-6.23347674
13.72265625,10.71639428,6.74718770,8.89656622,-7.80909099,3.26977520,-7.18980606,-3.70250537,-7.81777028
13.72656250,12.29724957,-1.89691206,6.66088355,-8.30928810,3.19512771,-5.19860799,-9.99875921,-4.20848284
13.73046875,7.38519795,-2.72371583,8.76213120,-10.90356859,5.81244110,-6.33743315,-3.25607106,-2.17578766
13.73437500,8.53703137,-9.36211898,5.73694457,-10.13586363,9.74663325,-3.82897732,2.29490710,0.73849969
13.73828125,10.68111799,-7.68772874,4.72141910,-5.55078115,6.56710752,-7.22012754,8.17614906,3.58010086
13.74218750,5.02410689,-10.92234453,4.98055289,-7.20624602,6.38244235,-6.29001117,9.70661749,10.42382116
13.74609375,2.00921531,-2.90628089,2.25357661,-6.52940767,7.92633573,-6.92355212,9.62025328,10.82789327
13.75000000,-4.43404531,2.54640867,-1.32017562,-1.05506417,2.03382044,0.60375127,-1.14135445,10.60998908
13.75390625,-0.92921503,2.07287706,-5.87392692,-0.05594855,-4.18662632,5.72032060,-5.09810318,11.27658129
13.75781250,-3.78736004,9.87881945,-1.90757449,1.73018706,-5.45936181,-0.39042430,-10.49605119,7.72717175
13.76171875,-3.47653254,8.54301793,-8.15173963,6.35375678,-13.18546301,8.88843613,-8.98793608,5.83709078
13.76562500,-10.92540933,7.50276895,-5.98283643,15.86332126,-10.03009566,9.27388932,-3.19223085,-2.24236529
13.76953125,-7.57343565,0.34934533,-6.88010513,9.15364040,-9.60138775,13.18976019,1.86508896,-1.26561281
13.77343750,-9.92944850,1.26100933,-7.84682483,6.73121820,-5.51413469,8.93808027,8.11837829,-3.65852804
13.77734375,-5.68031593,-1.44211919,-4.47894107,9.30870109,-0.86938255,11.26579568,9.26821387,-8.37967211
13.78125000,-6.23666645,-5.66726166,-9.08531907,3.27020377,5.18689797,7.57898319,5.34296188,-11.23380667
13.78515625,-7.66069938,-9.26728265,-7.10752386,5.77559322,4.48951691,8.43295214,-6.03546004,-11.77575347
13.78906250,-3.66208246,-8.63373266,-9.51776718,6.40240457,5.45327549,11.26397427,-12.74489702,-9.42748770
13.79296875,-3.35430932,-10.55755131,-4.48573026,-1.87760557,5.93457292,5.48366936,-7.61654166,-5.56035746
13.79687500,-4.41155759,-6.48100234,-8.29129146,-7.55033073,9.75971764,7.77543094,-8.61653494,-1.74059481
13.80078125,-2.00251274,1.19401927,-8.88660123,-11.81019014,4.84649502,3.05130263,1.47281796,-0.42108572
13.80468750,-0.13630035,3.90427048,-8.84892791,-8.71835598,1.21026923,1.03031624,10.10105218,7.30346420
13.80859375,3.74622379,10.68618119,-11.41513297,-11.04635103,-1.57447709,2.88222155,11.97714969,9.27016296
13.81250000,-0.74509326,9.92611051,-13.68172113,-11.46612603,-8.43112706,-2.47145985,6.45691964,10.79707616
13.81640625,4.42182816,9.54078943,-6.03555041,-11.13925015,-10.96328543,-4.38921470,-1.04536237,15.61710427
13.82031250,10.32563337,5.91517836,-4.51858670,-12.09710159,-9.76781252,-0.85643367,-8.03169178,9.20142205
13.82421875,13.21307309,1.02938367,-9.96224092,-6.01992670,-10.13184935,-3.86500817,-11.16608172,4.25758592
13.82812500,9.77576923,-1.81274229,-4.93862952,-3.83950136,-5.17638708,-9.70339525,-10.81587058,5.09320227
13.83203125,13.10143395,-4.36537817,-1.21543435,-0.40496656,0.01645681,-8.58934246,-1.42415776,-0.01181151
13.83593750,7.61386722,-11.51582551,-0.31612749,1.11529143,0.87348973,-7.32388793,7.33686966,-2.01456892
13.83984375,6.72578085,-9.65466363,4.04227331,3.18316419,8.51955680,-4.20898591,7.20196096,-6.09813633
13.84375000,6.77860824,-3.99869373,1.06258246,7.55971066,7.81593698,-9.10903017,8.25430226,-5.05681840
13.84765625,3.20634726,-8.58142125,10.36466896,5.74882088,14.03911584,-11.41967250,4.08594293,-10.51272898
13.85156250,-2.34362698,2.44642451,8.60237019,10.15509708,9.15628050,-11.21505328,-6.92889646,-8.78765255
13.85546875,-2.10783727,6.67826896,0.64931671,10.68426183,6.64991335,-10.83898385,-11.69019403,-10.12296280
13.85937500,-8.82693457,10.14943219,3.32174835,9.00993983,1.72588379,-5.00981432,-8.30631071,-5.42587827
13.86328125,-7.02161843,8.59940617,11.51791892,9.40149807,-3.54615603,-1.46187439,-0.21566807,-3.61045841
13.86718750,-8.01397571,6.24639765,8.07590165,1.78150161,-6.32343573,0.14623455,3.03023324,-1.14883499
13.87109375,-12.16952130,5.94172400,12.11684589,6.71388052,-11.48604258,1.89307677,6.55865024,5.16018016
13.87500000,-8.67190714,-1.58043349,11.09925525,-0.14056129,-9.14582459,6.60255499,7.75677149,6.18552721
13.87890625,-7.94856115,-5.23362872,11.30948632,-8.16257588,-9.16336224,3.20111413,7.39144597,7.08915951
13.88281250,-7.53557359,-8.54952377,12.00408358,-6.83956171,-9.65793409,4.96416905,2.42004257,11.49417098
13.88671875,-7.65501467,-10.86076891,11.40229262,-7.12149424,-1.11514761,1.83258578,-9.62668047,5.40400539
13.89062500,-7.90402470,-13.13850243,9.71981585,-8.94699735,2.59917686,7.72361034,-7.72617523,6.70174418
13.89453125,-5.70888722,-9.04065396,9.46777418,-13.69701927,4.44881238,12.44010156,-5.98206919,7.21161498
13.89843750,-3.06007073,-0.15034364,8.56047277,-12.56623547,6.05761514,8.98377296,-1.78931745,1.21537899
13.90234375,1.04855261,2.16096737,6.18163625,-6.63623070,12.72035500,9.96017489,5.33338373,4.66787400
13.90625000,5.94634901,10.68979791,2.07317072,-3.42167406,8.73665659,7.98156075,10.65099394,-6.06290693
13.91015625,2.72560796,8.20016602,3.41265831,-2.76115473,5.32821251,7.69711192,12.38650733,-5.95419521
13.91406250,7.77256732,10.79350145,-3.20378353,-2.94813412,2.28720192,13.23649930,8.27438382,-9.42072572
13.91796875,7.82984343,10.40752325,-1.62302551,0.45635144,0.39566447,4.51164749,-1.33201874,-11.99993137
13.92187500,12.27045872,5.04929674,-3.39477156,5.78692966,-5.61500054,7.57657209,-6.66831611,-5.71978930
13.92578125,10.22633762,-1.20445810,-6.56575645,6.57655668,-5.99306813,10.61470380,-9.53405358,-4.64310426
13.92968750,13.55040163,-4.99548385,-5.50699755,9.77346380,-9.52989858,7.03842993,-10.34573998,-0.18276120
13.93359375,10.22547011,-7.30445270,-3.10577903,10.51637354,-16.50727152,1.89328794,-1.80679767,0.85788927
13.93750000,7.06731550,-11.49306101,-3.35234932,10.56986659,-6.76445508,1.60123408,2.84194481,4.05855004
13.94140625,4.38140336,-10.55997237,-7.41715560,7.51498822,-3.38577833,-5.84603960,11.19562329,3.21326662
13.94531250,5.14859301,-7.58453033,-8.43701457,7.43103075,2.51749383,-4.72296243,8.62062592,9.19490364
13.94921875,-1.31498981,-3.49671999,-9.92940764,5.42626587,9.34722173,-8.25502434,2.15259850,5.50373819
13.95312500,0.10461204,5.31400999,-8.36642503,4.45585325,6.43267435,-8.07620321,-2.94837762,6.96527983
13.95703125,-7.30843978,9.28968363,-12.16580585,4.14267990,11.02182294,-4.64916180,-8.68446537,6.43458590
13.96093750,-3.68484114,10.88377990,-10.61759103,1.35148531,9.86575077,-10.53027740,-6.35123727,4.29857076
13.96484375,-8.46594740,12.15831129,-9.68445322,-4.40967084,7.95971389,-11.29949867,-0.87286275,-1.38157289
13.96875000,-9.38413499,4.94379571,-6.92076257,-6.98873164,6.55953492,-11.21501462,5.34912507,-1.97888395
13.97265625,-10.83881988,8.95193924,-5.20016790,-9.62697538,-4.77938495,-11.38102987,7.04835189,-7.29242048
13.97656250,-10.57172403,-2.76258745,-7.28026622,-10.64057909,-6.65408568,-6.70470759,10.06023358,-10.20535830
13.98046875,-3.23482912,-4.19724841,-7.73383792,-13.63633838,-8.14429199,-9.50704942,5.27111564,-7.06352061
13.98437500,-5.73424107,-10.55332499,-5.67963717,-11.13029595,-12.91587767,-3.71238848,-5.49445168,-9.91533972
13.98828125,-7.22536552,-11.40769456,-2.80117421,-5.33724571,-15.78094558,-6.11128129,-9.29205615,-14.42581458
13.99218750,-5.90588934,-10.33466815,2.46161333,-9.09174049,-7.84556572,-6.11140984,-10.96354210,-13.29047473
13.99609375,-2.89160686,-7.90586433,0.68563306,-5.46824459,-3.63219565,-4.46214688,-7.73737394,-6.11249271
14.00000000,-3.21985696,-2.23754912,-1.41869465,-2.01090955,4.40760433,-0.62899748,-3.76799095,1.61788641
14.00390625,-2.10233140,1.17436751,1.95364729,-1.12675043,11.93241047,-2.12571356,6.35592806,6.57045150
14.00781250,4.77466733,10.16987134,1.25882988,6.11114615,7.03153707,5.43395108,8.70378752,8.77533710
14.01171875,2.72471547,9.00787693,-2.97688441,10.32481920,8.36598771,6.12376847,7.90471228,9.92024895
14.01562500,9.74319846,10.18138218,5.28470401,12.67112749,7.53777534,6.88341393,2.00435634,10.05821566
14.01953125,8.83053794,5.69689402,9.40867159,9.02816481,4.17399046,8.93822393,-3.12220923,10.96133228
14.02343750,11.48421848,4.65996755,9.43364756,11.81117919,4.32858873,11.00034589,-6.93654677,9.14023905
14.02734375,6.18057618,-0.54241121,6.42379224,9.03097290,0.06487963,10.77455453,-7.12280411,9.09495066
14.03125000,7.25252875,-4.58503693,8.95209408,3.93382641,-2.23908892,10.68745345,-8.17859171,4.68857578
14.03515625,4.54539794,-6.12181401,5.92592056,2.84308946,-7.97102321,8.02122789,6.88252082,0.75057784
14.03906250,7.29655990,-9.33809778,10.27805752,5.84173960,-9.81140166,10.28282452,8.97293041,-5.88582201
14.04296875,6.32864058,-6.60096496,10.08028694,-3.20992901,-9.76900606,5.89317280,10.17052758,-8.79978225
14.04687500,3.75051649,-1.82627613,8.50103792,-5.58866116,-9.31465894,4.83290722,5.68422530,-9.64201568
14.05078125,-5.12218837,-4.97578068,8.82209775,-4.35504472,-3.66743769,3.37584497,-1.91221680,-12.21079185
14.05468750,1.10245538,3.01660459,10.65214715,-7.03946164,-2.57938308,6.19997097,-9.45195427,-10.76622206
14.05859375,-8.09502171,9.37695389,6.00219636,-9.96133521,9.68140594,-0.12874665,-6.39258293,-6.15125451
14.06250000,-5.06388889,9.52449222,3.08222653,-12.50438382,7.23427063,0.78079838,-4.63294168,0.32948949
14.06640625,-2.44760922,10.52815240,3.75421856,-5.85726406,9.16544736,-3.02968292,1.69066580,-1.31281669
14.07031250,-7.12840051,9.24289161,2.22703706,-3.97582540,5.85701988,-3.76267842,6.66860096,5.16360240
14.07421875,-5.18128019,3.94226577,1.54780626,-3.79477711,3.85271128,-7.59630314,11.18649819,6.84100396
14.07812500,-7.63824254,-3.16077756,-0.12876687,-2.00642288,1.03234017,-5.16678327,11.21320199,6.28968645
14.08203125,-7.24649600,-7.65067334,2.24279824,-3.32486811,3.79478630,-5.06533986,3.73614483,10.16966061
14.08593750,-6.27446956,-6.29208151,4.10669562,-3.83885154,-5.57542584,-10.27899998,-4.51654497,6.84020066
14.08984375,-2.87182767,-9.13072326,-2.17117788,2.15237836,-6.85312506,-7.73015022,-11.70510727,5.14369175
14.09375000,-4.18457835,-4.24694831,0.01053807,5.29244463,-5.31150334,-10.96375193,-10.60669069,6.92807453
14.09765625,0.45178113,-1.27163976,-7.07991629,12.47353730,-12.46317169,-9.52647988,-6.06325602,0.13200126
14.10156250,1.58484732,-0.28664577,-10.24107251,9.03703917,-7.58683550,-6.06778938,-0.73480473,-2.28032166
14.10546875,4.94197786,7.22788079,-8.44813867,9.14530828,-5.14674134,-9.22290948,9.73538645,-5.11987074
14.10937500,1.80565919,6.77184900,-7.43642284,11.55700477,-0.71972132,-8.45007485,11.30450409,-7.18582572
14.11328125,5.01988585,8.89774469,-10.71860356,7.00460937,3.73049788,-7.01804469,10.73518535,-7.80094182
14.11718750,6.75747845,10.19626603,-12.04653398,5.68969428,7.75561358,-1.20634284,0.64322476,-7.67587640
14.12109375,13.30438029,0.13322815,-11.74791018,3.71141266,7.77752372,-1.82607997,-2.00799963,-5.52262706
14.12500000,10.96727761,-0.25156679,-8.30951226,4.28611236,10.04829089,0.85309541,-4.15943928,-6.73014218
14.12890625,9.46583095,-3.25182542,-10.46982317,-2.07332645,7.82444030,2.31033583,-6.21210390,-3.34128006
14.13281250,11.15425881,-6.17587131,-10.17866871,-7.02645258,4.61884950,5.41173502,-2.44765358,-2.14702424
14.13671875,6.50267331,-10.15198756,-7.83491349,-11.72499517,0.28754379,2.88429175,2.85355685,-2.86482902
14.14062500,5.19867856,-11.53604565,-10.55451599,-9.02339708,-2.52549163,9.64763111,9.01020101,2.90227859
14.14453125,2.86361571,-6.42961886,-7.18867722,-9.59098900,-6.08514624,8.02400470,7.48446114,7.18623835
14.14843750,2.79236681,-0.30805948,-4.88338040,-11.20528251,-9.09581717,8.94557765,1.13064104,13.94299902
14.15234375,-4.59306844,0.08946403,0.38133122,-9.73420613,-10.25593620,6.63005993,-2.01755195,9.02253207
14.15625000,-6.39356388,3.73790285,-6.68679724,-5.68511061,-6.20067493,7.35046783,-6.37248549,10.57512848
14.16015625,-6.04465038,10.89290304,-5.61035629,-4.93000416,-7.44764434,8.32331645,-12.69622317,4.85894082
14.16406250,-8.41502107,8.28297001,-3.77782076,-2.74619985,-4.78496955,9.16633565,-5.86957610,1.37998813
14.16796875,-4.89116817,4.03003462,-1.70204968,-1.19370133,-0.79357089,8.62383475,4.12039330,1.80604754
14.17187500,-6.57216937,1.95057684,4.87058261,3.07754644,4.17644934,4.59811555,6.57423889,-2.29003092
14.17578125,-9.29747737,-1.25217367,4.63604399,6.40641268,9.19281181,6.31383202,10.30995600,-7.87730205
14.17968750,-8.83010962,-4.76167985,1.25631663,6.91373213,11.04369040,5.79016873,4.35711029,-10.00294383
14.18359375,-0.89435215,-9.88706160,5.48394227,8.49168500,5.01151102,4.09436639,-0.25503589,-11.33340177
14.18750000,-5.38661252,-12.12523188,5.24329750,7.36693747,4.47188139,-0.35568129,-5.86939658,-10.54986949
14.19140625,-6.67596180,-11.27835847,9.80044844,5.94567356,2.25492706,-1.53585716,-12.64257492,-9.03784715
14.19531250,-5.64715042,-9.56183662,12.08531941,7.23564611,3.06086637,-10.63288864,-5.75786853,-7.38111384
14.19921875,0.97555850,-2.02197959,10.69879859,3.27019402,-5.87299699,-7.70843586,-3.04204098,1.48168111
14.20312500,-1.95936056,1.36648466,9.65222411,-2.63281351,-3.28057450,-11.92316879,4.61184283,0.47197393
14.20703125,4.16339166,9.16639716,10.83487299,1.31201996,-7.20419356,-10.14544664,8.74134212,8.52186457
14.21093750,5.00489499,7.04813606,10.79868954,-0.23393480,-8.76991739,-10.00873509,9.38721744,8.68534449
14.21484375,11.19248872,10.14554349,5.13757091,-0.34660138,-4.00985342,-6.16918852,8.61660628,8.77305275
14.21875000,10.58414713,9.92028961,13.05597972,-5.15352611,-3.62500192,-7.19859929,-4.09796605,10.09411855
14.22265625,11.12569977,3.72243638,6.43538474,-6.50009153,0.71575348,-6.06385763,-6.26611538,9.16706820
14.22656250,12.66496478,-0.73983032,4.86093956,-8.10341656,3.50847019,-10.28207506,-5.61379026,5.01824660
14.23046875,10.91753825,-3.61873879,4.76229356,-11.41302929,7.51332005,-5.70263574,-6.50280649,0.11817221
14.23437500,7.10422693,-8.34423135,5.82183275,-8.26705119,12.83565109,-6.37351514,-0.06141877,-2.06705085
14.23828125,7.05527483,-8.40168552,4.84731834,-6.53260888,7.73105587,-5.30773629,8.96564394,0.03385624
14.24218750,2.42240340,-9.27898096,0.68414926,-3.97063637,5.93544864,-5.12824400,11.00970347,-4.82652105
14.24609375,3.54255354,-3.62123881,1.40098700,0.95865551,3.32430364,0.65502212,3.68575586,-7.79353514
14.25000000,-4.48998023,2.20031097,-1.84699669,-1.27476543,-0.37300663,-0.32134323,-0.72437494,-11.32136017
14.25390625,-2.53583426,4.78210752,6.58997653,3.18229420,-6.95079612,1.93004313,-9.00200667,-7.28962383
14.25781250,-8.62939957,9.56786173,0.18048421,2.73697348,-5.94146634,2.86760730,-8.63950768,-5.57087580
14.26171875,-9.00643581,11.28269938,-8.67986859,11.09560114,-7.09500511,6.67596174,-7.18874916,-4.35516881
14.26562500,-4.16073663,12.76022556,-6.55964863,8.32996209,-12.40330317,6.70293906,3.58628416,3.65218883
14.26953125,-7.84268720,8.18691913,-5.42914937,11.14598428,-8.57294917,8.08738753,3.45848548,4.30843534
14.27343750,-7.90375685,-0.56390217,-4.37871641,12.27721410,-6.59595212,15.17064805,11.16165916,6.20577356
14.27734375,-6.41504700,-2.24630142,-5.32303590,9.79565448,-1.92787016,13.41657860,7.01800080,4.30497884
14.28125000,-8.99231328,-7.19809995,-4.97268758,6.32889297,3.49705920,13.78432107,1.14980887,5.67295875
14.28515625,-6.20098146,-8.44593075,-9.39742795,3.76822970,5.03715119,5.91242939,-7.85912577,5.32440266
14.28906250,-3.14614503,-10.14537631,-6.64682806,-1.48653356,8.00150222,10.39529792,-12.83380524,9.04534858
14.29296875,-3.08877101,-7.33441311,-8.33691861,0.63580440,10.89428482,6.26221099,-9.44111688,2.01098580
14.29687500,1.30347956,-8.53883702,-8.79324489,-1.44294652,6.63492698,8.66903927,-8.46189609,-1.38173868
14.30078125,-2.35718513,1.35677608,-9.45425305,-8.95536700,4.69170858,1.65367529,-0.30793871,1.55209780
14.30468750,0.99582725,4.12391945,-11.46658548,-7.96139449,5.17794584,2.07538965,2.71695409,-5.79460922
14.30859375,5.99435737,7.42161508,-2.77619986,-13.05818019,4.66308087,-5.90973053,12.81078504,-8.99611916
14.31250000,5.60064736,8.00772373,-4.81589488,-9.31176496,-9.00006385,-0.43492193,7.61933601,-11.28368881
14.31640625,9.48769546,7.03753935,-5.89713974,-9.79906925,-12.17479800,-3.67412485,2.38842413,-7.78807099
14.32031250,6.54438485,4.43690080,-5.94031509,-5.89514341,-9.04482665,-0.85359104,-3.30637149,-11.47421166
14.32421875,9.11604053,1.95544822,-2.99443223,-3.73980560,-11.94965000,-1.35716605,-8.33557219,-5.10903649
14.32812500,10.42145757,-3.90289251,-6.89764786,-2.99286130,-6.13107862,-4.92161422,-8.33359327,-6.27310273
14.33203125,12.51023289,-7.29610114,-3.67624712,-1.24210020,-5.23050232,-6.51049145,-5.01930312,-0.54442526
14.33593750,9.62660341,-6.88994287,1.77113654,-1.72583406,6.46543721,-9.23750554,4.44424279,-2.15407916
14.33984375,7.14132990,-7.05674435,4.69292898,0.36248337,4.53364466,-9.33150717,6.88343037,1.73015049
14.34375000,5.81109857,-7.56828640,5.93283431,1.86475520,9.83780311,-10.68046752,7.65609066,9.18814618
14.34765625,-0.97773220,-6.15799251,5.91313957,13.76778899,9.13613021,-4.87295812,4.13778920,8.23530998
14.35156250,-2.45355020,2.77790321,8.48657554,11.30403054,7.48949492,-9.75939784,0.86105568,12.84643699
14.35546875,-8.34787702,5.94346519,5.87473033,6.35302392,8.25942760,-8.10882899,-9.24154248,15.76908713
14.35937500,-1.85001347,9.62990248,7.75927461,14.14030464,-0.76249362,-9.53023117,-12.19074506,7.20628219
14.36328125,-6.69398372,10.04162914,6.21733874,9.16229615,-3.13499476,-6.44914102,-3.92721401,1.12681443
14.36718750,-6.22930527,10.73986035,6.92452838,7.04578331,-8.02566759,-2.06477828,-2.40296096,-1.49458301
14.37109375,-9.93782651,5.29866856,10.50309492,3.53375689,-4.14982323,-4.03018904,11.35238135,-1.60207422
14.37500000,-13.38886345,2.54525759,11.29349495,-1.28474844,-11.31388069,0.43238437,9.25393524,-4.01321549
14.37890625,-9.74084119,-2.65980501,11.95131850,-2.40332758,-13.58829765,6.24383596,5.75152525,-9.16184213
14.38281250,-9.98254294,-8.50374509,5.38970157,-4.63203980,-7.69410478,3.16406223,4.83973546,-9.12510463
14.38671875,-6.66840883,-13.43412249,8.59602569,-8.19876758,-7.57028975,4.31629468,-7.89638535,-11.83716837
14.39062500,-4.59670638,-10.58966280,13.68949950,-11.17198080,-1.44919157,9.30142516,-11.20556376,-13.18803946
14.39453125,-4.24253972,-9.48379879,12.21455477,-9.35653865,6.67237653,8.18145346,-11.52046761,-5.36098497
14.39843750,-0.98098903,-3.07437923,7.01446845,-15.74301865,11.51386529,8.67278078,-2.32676051,-0.87799117
14.40234375,3.41121433,-0.67084315,6.06408518,-8.71740341,12.53040262,10.20578707,3.07356106,4.38831751
14.40625000,3.17426493,7.07473996,6.21508250,-7.10967836,11.76197491,11.09481743,8.54084160,4.43368266
14.41015625,3.61544605,10.24231845,3.93050773,-6.50749039,10.20214406,9.48709259,17.54442269,10.62553007
14.41406250,6.76751054,12.22275733,-0.94712687,-2.47908986,2.41432234,10.20409512,5.65102060,12.93916015
14.41796875,5.24830994,9.21057816,-1.84449934,3.02499600,0.36137099,8.58121441,-0.08295752,12.42435900
14.42187500,11.18403427,4.62797458,0.95114565,3.69958383,-4.85440942,9.78048490,-6.07842080,9.63017397
14.42578125,10.84073624,0.75536664,-4.51379923,11.72628456,-10.33617850,5.70485643,-10.22118611,8.37477869
14.42968750,10.84772320,-1.40600872,-1.69137326,7.27138865,-12.55828647,5.59022773,-5.86602608,5.81355808
14.43359375,11.23584066,-7.23194679,-4.56422462,7.48686937,-7.18858565,4.67305495,3.15200317,-1.70414019
14.43750000,9.65421526,-11.28250633,-11.66916869,8.95377448,-4.51153400,3.20471849,-0.96861684,-7.03647691
14.44140625,4.81070469,-8.31852481,-8.71896671,11.15711188,-4.13813158,-1.30465734,10.11173402,-7.12620149
14.44531250,3.59581647,-5.14029737,-6.20776497,6.84656129,-2.35235947,-4.44916781,4.59516298,-10.34431903
14.44921875,0.61091216,1.40391609,-12.91394667,4.21517964,5.63025022,-9.64430733,1.47165175,-10.18327267
14.45312500,-3.55155677,2.56353436,-9.00903143,3.50968823,7.03852442,-8.81688395,-7.24130194,-8.05360532
14.45703125,-5.67532689,3.70174360,-11.83747236,0.91055157,11.06431395,-6.38726599,-9.63794165,-4.25309165
14.46093750,-4.92308764,10.74822979,-15.82310023,-2.18051832,11.02607053,-13.20074982,-11.33276587,-0.78109485
14.46484375,-5.57753493,8.15886403,-9.35513106,-3.36504823,6.37142607,-8.14375062,0.53413358,2.00815815
14.46875000,-8.91371472,4.43933909,-8.33557647,-7.82728218,1.68959013,-9.19368083,6.76709430,3.19355344
14.47265625,-5.04851567,7.17581801,-9.26921280,-5.76126853,0.89182692,-10.58060328,10.82765405,6.87867237
14.47656250,-11.19292053,-0.79172039,-6.69169747,-9.35947851,-9.49550843,-9.07331483,6.49544155,10.20311158
14.48046875,-6.67229529,-7.14281556,-6.21511214,-10.55092539,-10.68589595,-6.73955294,0.09996153,7.79635549
14.48437500,-8.61818661,-6.32292886,0.78727301,-13.35989531,-11.67055647,-3.10008876,-2.64927694,8.83660387
14.48828125,-8.18590479,-10.11106928,-5.10497072,-7.98255724,-11.54327242,-6.58087798,-7.50980604,8.22770795
14.49218750,-3.86105447,-9.72544133,-1.81619982,-7.12720352,-9.85350266,-0.15655003,-8.80303194,6.33162811
14.49609375,-4.37601813,-3.62919032,-1.19199478,-7.41794282,-4.15390793,-3.80128809,-6.79333155,1.67503133
14.50000000,-2.46936842,-2.22336333,2.14486608,-3.72463223,5.07954621,-2.44275557,2.00607396,1.88063981
14.50390625,1.38464767,3.19219666,2.75783009,5.16551674,5.33587892,-1.51513176,4.19792768,-5.46326209
14.50781250,1.02922376,8.72318309,-0.19162752,0.46210654,12.50916839,5.95948818,9.55848415,-3.96343820
14.51171875,4.70018033,9.18383950,1.71571407,7.41483747,11.63268604,5.34450362,6.22820786,-6.54918470
14.51562500,6.95156082,4.90412024,2.25211305,7.86155566,15.12467689,5.64118491,6.20630118,-9.56730256
14.51953125,8.35470834,7.06294662,1.51942869,7.74050205,9.56135880,5.24290489,-3.12001553,-6.68627065
14.52343750,5.02673891,3.88326901,3.76603355,11.29380154,3.31222071,10.49736404,-10.50141156,-7.64904277
14.52734375,11.55274433,-2.41466526,8.02252487,9.78385423,3.07435384,8.46284177,-8.89266849,-3.82208607
14.53125000,9.32532975,-6.63702100,10.08886140,7.55679372,-3.04440811,12.23157170,-0.82718396,-4.02358709
14.53515625,6.39892520,-9.64112243,13.09431977,4.11498174,-6.26059593,11.61813415,0.29383965,-1.37198720
14.53906250,8.20631683,-10.13772961,10.28990707,2.26108167,-9.84668286,6.38276698,6.52930531,3.03675872
14.54296875,1.85731948,-9.49702485,12.11132412,-0.48767132,-9.68362130,8.51357897,11.46378381,7.46585475
14.54687500,1.86220622,-7.77651337,5.57747465,-7.31700240,-4.77202296,0.79837100,4.77907012,7.55643907
14.55078125,-3.42698254,2.32347877,6.41149231,-9.42512541,-1.10967604,5.40794091,-0.58791712,9.90697768
14.55468750,-2.21106541,7.58547357,8.79846070,-7.03994618,-1.53623088,2.49108408,-6.78088220,10.02698613
14.55859375,-7.01736406,8.78729420,7.07113712,-8.78306708,2.07327391,3.99927526,-9.94973266,8.99098613
14.56250000,-9.61642525,11.66136699,8.19869348,-10.82041436,4.34884376,0.44588964,-5.26844533,3.01091538
14.56640625,-7.15100207,9.70343481,3.60709970,-6.87257845,11.15638593,-2.38349526,-0.66536225,0.64400992
14.57031250,-9.05976480,5.24438207,2.87770068,-8.16610105,9.66289060,0.63283677,5.35367157,-1.69964954
14.57421875,-7.42272515,2.56646143,6.86613902,-1.24516024,2.57314547,-4.97740482,8.90819096,-6.32866732
14.57812500,-7.74401986,-1.66586451,-2.00174970,-3.50535664,1.20597167,-4.17610882,9.73090132,-8.35187713
14.58203125,-4.53416753,-6.33826774,3.45813638,-0.58231755,-2.01543180,-1.18844292,8.26495766,-7.60083138
14.58593750,-6.78143828,-13.05657868,1.09156753,0.39095199,-8.79986157,-6.92601356,-4.69630613,-7.44163350
14.58984375,-3.56850813,-7.89455195,-2.18828880,6.57989943,-9.89557344,-8.61267778,-5.79833887,-9.43433983
14.59375000,-6.32395889,-11.28516087,-1.63749615,8.39782621,-12.22788852,-11.37681539,-5.58343273,-7.21617734
14.59765625,-3.52077948,-5.12658183,-5.20776814,2.66515704,-9.17502736,-10.33310553,-5.87520080,-3.65945526
14.60156250,-3.24669076,2.50012216,-5.22666032,9.80284622,-4.43965748,-11.60773884,1.91434679,4.82388505
14.60546875,3.57231214,4.71910746,-9.53685922,8.19455816,-5.97166491,-6.69134245,8.58558945,2.45097196
14.60937500,4.11757483,10.82255980,-10.00056928,7.96149297,1.47221672,-5.80482297,8.14482233,10.84075610
14.61328125,6.69960041,11.74816025,-11.86707123,13.13439283,1.82485641,-6.34618930,9.34678364,8.87262392
14.61718750,7.90116884,9.50098334,-10.67004606,4.64227340,3.65283124,-0.35939271,-4.98663863,12.11836721
14.62109375,7.87729560,3.07535187,-10.99525875,2.59526008,11.53870198,1.64313532,-8.07544196,11.62273204
14.62500000,12.03124860,3.89137601,-8.79644353,3.14885173,8.91438660,-1.23281406,-7.33688473,3.22847449
14.62890625,10.95165403,-3.32583174,-11.99307028,-1.63273619,11.95173262,-2.57505428,-3.67812145,1.91863153
14.63281250,6.82423235,-4.64967060,-5.19908490,-4.58916135,1.50344841,4.63910703,-0.36874904,-0.18339958
14.63671875,11.10375870,-9.47538121,-13.55739923,-9.97196317,-1.12748712,4.11512137,3.08167557,-10.70171358
14.64062500,4.76053683,-8.23539313,-8.17475724,-10.30347580,-4.18740894,8.23603191,6.63532598,-3.88388522
14.64453125,3.84737237,-4.87341458,-5.29541220,-12.81128643,-7.34618734,8.09208237,10.77299243,-9.12436010
14.64843750,4.70757335,-4.66095386,-12.34519096,-15.63580692,-8.00615700,10.51973418,0.71737870,-9.32379587
14.65234375,-4.87480248,-1.46835551,-1.67761290,-15.03622399,-12.90909415,6.85139260,-3.89413990,-8.88939790
14.65625000,-3.37539785,4.68331383,-4.83374596,-11.62693743,-11.59920471,6.30482778,-5.58086127,-7.40088973
14.66015625,-11.56140295,8.81068620,-6.45686662,-3.01253994,-4.76252286,8.19919757,-6.13858891,-3.76055626
14.66406250,-8.60974028,13.49154579,-2.63004575,-0.52081791,-2.41663844,8.71943184,-2.06922713,0.81960543
14.66796875,-10.14157758,6.48332908,0.95738592,2.42616612,0.16915827,11.21573552,4.40721723,6.55370406
14.67187500,-6.31300933,3.55715873,2.44784554,9.55654340,6.47241485,10.81104631,11.44950791,7.23636608
14.67578125,-10.00551539,-0.75588717,3.65018970,3.41415895,6.33742846,5.63873498,5.81504854,5.29556166
14.67968750,-10.99514546,-5.52299539,8.99972047,9.70266221,7.08715709,6.02307841,6.30345762,7.04652928
14.68359375,-10.44140666,-6.66839721,9.16698698,11.44730597,9.98552298,-0.20325528,0.56814172,7.52712701
14.68750000,-6.97976123,-9.36854943,9.80004966,12.54271008,9.86699441,-3.34661037,-8.89810556,9.22346927
14.69140625,-6.74365217,-10.28106518,1.91688036,8.94721350,4.11095825,-2.46788926,-10.01229998,3.95306613
14.69531250,-3.30058789,-2.93644047,11.89081668,6.10539221,2.31382942,-6.37735526,-6.78564153,4.56350159
14.69921875,-3.72366906,-2.35019356,12.10375380,3.81643791,-3.44058785,-5.96614800,-3.46519964,2.55607228
14.70312500,0.10532177,2.80500496,9.86068210,4.54847304,-4.65626299,-7.98482428,1.05800847,-2.59693001
14.70703125,4.08770507,2.92821167,10.69846656,-0.52917952,-3.45894200,-10.01203934,6.41887914,-4.21991847
14.71093750,4.64972652,10.23753015,6.71190912,-4.05471976,-6.64370837,-11.23821148,6.92438148,-9.42527722
14.71484375,1.82697741,8.50778385,13.06963266,-2.38315982,-2.72899239,-7.97699545,2.74765827,-4.88555572
14.71875000,7.71791093,9.68098842,8.85855133,-6.36157335,-2.72601102,-11.24900433,0.05530381,-9.00189614
14.72265625,9.45477716,4.95568468,6.68264477,-5.06222170,0.09652299,-9.61345305,-8.50524052,-5.91469991
14.72656250,11.60110808,1.26316409,6.79967973,-9.98665740,4.57710915,-11.25246116,-6.41122510,-6.59470357
14.73046875,13.92448963,-7.77229134,5.17257076,-10.09188354,5.56886163,-5.02706707,-4.36498147,-5.86058552
14.73437500,9.59081833,-7.19853931,8.21334441,-9.46183622,7.32081636,-3.13837361,0.25711767,0.52648746
14.73828125,6.53940712,-11.59067018,1.03961179,-8.00849841,9.55903357,-5.95608464,9.58740332,-2.88562908
14.74218750,3.98489375,-12.66700839,9.12612244,-6.62398743,7.24347647,-1.38143253,10.13094696,4.06027406
14.74609375,2.28441541,-5.69781592,3.98581434,1.81739871,5.86527769,0.07169878,7.43828680,7.61225023
14.75000000,-3.74907172,2.52237663,-0.50102965,0.76102583,-2.71484035,2.39191691,2.03991274,12.69632639
14.75390625,-5.98560518,5.03695549,-6.21077057,7.12786871,-6.35962811,0.73930368,-5.14406755,9.85886246
14.75781250,-7.93995816,9.80079374,-5.70683115,4.02878606,-4.43012033,3.44641143,-8.58594201,9.35815910
14.76171875,-7.03350803,11.07247233,-2.39040854,11.42136021,-9.44253860,4.96144124,-5.36554884,2.37841375
14.76562500,-5.23893100,9.70720867,-2.69586196,11.87933236,-8.45466323,6.16910490,-0.90321688,2.43886255
14.76953125,-6.55244420,3.62497597,-5.10047741,8.91383763,-8.72895819,9.89484768,5.44310472,-3.75106030
14.77343750,-10.42050773,1.52975841,-6.05409807,11.59344885,-5.06176814,13.46726900,10.07116020,-3.69038244
14.77734375,-10.35249087,1.61642646,-7.40282900,5.20214558,1.28334237,9.02866547,9.32895019,-9.74593361
14.78125000,-2.99185333,-8.75018902,-6.09378688,7.48382350,3.19210554,10.79775116,5.30968385,-11.25176063
14.78515625,-2.31055444,-6.96961432,-8.66024860,3.61676475,5.59060554,8.72483398,-6.35012416,-10.90423226
14.78906250,-1.29708994,-8.23293087,-4.63260658,3.50372977,6.89640637,7.69168803,-9.99061881,-8.51131160
14.79296875,-3.95838687,-8.69727498,-8.22078841,-4.67700057,6.65111111,9.38208527,-15.09495615,-6.87252895
14.79687500,-1.16937134,-5.29387965,-9.37077997,-4.34994109,9.35517438,9.13189178,-6.14667220,-2.02605586
14.80078125,0.98443434,-2.10028376,-12.36255443,-9.56284248,11.30946680,4.65523766,0.67749345,0.32093412
14.80468750,-0.19938732,0.99879229,-11.86770113,-8.39578555,3.47595116,2.16014787,7.15775891,5.94377970
14.80859375,2.75474651,4.39171240,-6.06544305,-8.58489190,-5.28161313,0.79248298,11.66616567,5.95325177
14.81250000,5.92872069,11.16335098,-8.14622259,-7.09818625,-5.00357977,0.44275284,11.19721681,11.49723176
14.81640625,10.59294942,6.85333911,-10.55941916,-7.62864580,-10.08115659,1.67577067,1.15048977,12.43862440
14.82031250,8.59881318,6.77365002,-7.02392676,-3.43616635,-10.07069876,-4.31793335,-8.04496238,9.71628895
14.82421875,9.53109577,1.44987570,-3.14490652,-7.27354072,-8.52730407,-1.99141999,-8.97363158,5.55777614
14.82812500,10.84881023,-2.13084400,-3.38614147,-4.26398962,-3.20204596,-7.46930538,-8.41253575,7.87145131
14.83203125,9.60906783,-5.71866715,-2.20769895,-0.80212815,-0.48838339,-12.55261907,-4.59887706,-2.72273067
14.83593750,7.36058754,-8.45761854,3.11809639,2.31219882,3.19065519,-9.11470879,4.59421779,-4.20723698
14.83984375,8.59038707,-8.95843198,0.04792425,3.56242460,7.77683998,-11.65710269,9.21357069,-7.10273636
14.84375000,4.70457827,-4.73814683,0.53972364,6.79957086,8.15647898,-12.32882920,6.08984612,-6.31261361
14.84765625,-0.64795692,-3.58415799,7.98437982,5.93712067,9.78123721,-15.27471901,1.67850023,-6.43890024
14.85156250,0.50145153,-1.66573579,3.79850889,8.20365947,9.51023108,-9.28719416,-2.48009609,-9.79444177
14.85546875,-1.30688437,3.57469481,8.45768093,9.17510955,10.21705086,-13.53880012,-11.83256064,-7.40802627
14.85937500,-5.68134202,7.44049420,7.93219212,10.28435722,2.93101592,-5.83032894,-12.71517286,-1.06307261
14.86328125,-6.79983124,7.80244358,9.38279581,11.41270872,1.41438967,-1.97554891,-5.94677037,-1.92287852
14.86718750,-10.36359132,10.26452691,10.69435291,3.88623124,-13.79920419,-5.63404946,2.59987076,0.57959537
14.87109375,-12.00108716,3.26564730,9.98963820,3.97510136,-9.14605286,0.68445335,11.29569955,-0.21836316
14.87500000,-8.25957579,1.87213419,6.56881640,-1.35980126,-8.48340291,-4.10423142,10.54786231,9.81957499
14.87890625,-7.42299576,-1.97536988,11.72904513,-5.58693081,-9.27670434,3.43802036,4.12813003,4.72352975
14.88281250,-7.43657077,-10.40575613,10.80455646,-6.49920383,-5.77380257,5.77167296,-3.97140085,12.03064501
14.88671875,-7.48626010,-12.37971463,10.45766619,-8.00369958,-2.78573900,0.13425287,-9.62608732,6.64691557
14.89062500,-6.54198137,-12.64398191,11.46010632,-7.93163800,7.27632484,7.32592786,-11.98973183,4.97596977
14.89453125,-5.44630322,-9.90882444,8.07364552,-6.08072177,8.36253211,5.95493623,-15.19556207,6.50413137
14.89843750,-2.56847276,-4.07758890,7.18082643,-6.19557209,10.93449642,10.72138760,-2.54477990,2.33079983
14.90234375,-1.00744228,6.06430013,8.01567597,-8.83621387,9.99038406,9.24100164,7.55697736,1.60880814
14.90625000,1.32844405,8.49198869,3.62187554,-7.59229048,5.05692115,6.99079898,10.60113144,-4.88857096
14.91015625,2.20878631,7.43057908,6.98702189,0.32357382,12.09903266,9.52039022,8.44170545,-4.47383898
14.91406250,5.27152240,12.33840004,2.39419754,-3.00104448,5.17937147,6.06625446,6.91494190,-12.04739160
14.91796875,4.74138477,5.04284126,-1.07342006,4.00077379,4.05527254,11.05553612,-2.21948223,-13.59668125
14.92187500,7.08745928,5.48994019,-2.12704080,7.37504504,-7.96534681,8.08633075,-7.10799457,-6.51498055
14.92578125,6.56774849,-3.77490433,-5.88477003,11.98487872,-9.95108758,8.49469806,-4.57829202,-3.13024790
14.92968750,11.26001931,-4.70583883,-9.20037155,9.69196270,-10.33353832,7.20146411,-8.54587530,1.71222042
14.93359375,12.15791513,-6.86244559,-3.55916200,10.64123292,-10.39958137,4.07972915,-0.25337356,-4.53449353
14.93750000,11.72018482,-9.91228694,-6.63083496,9.61379373,-8.55426320,-1.74435930,2.00042242,2.71469628
14.94140625,5.10367033,-11.13133928,-8.11786230,9.27854981,-5.93436122,-1.86878504,8.77753106,6.15537101
14.94531250,6.49227003,-7.76420451,-9.75458937,7.07513987,1.51734812,-7.16091948,9.09136608,5.88856555
14.94921875,3.15992081,0.88869884,-12.53894037,3.32787043,4.32458352,-5.88807852,-1.13450346,10.47985254
14.95312500,-2.67941434,1.66371443,-8.03980047,5.14846761,6.32407889,-3.68703517,-2.56773557,10.74774364
14.95703125,-1.47169180,10.33329004,-9.72957474,3.91633600,7.65613939,-5.68512238,-6.13207777,6.89822502
14.96093750,-5.08715643,9.19847594,-12.11513375,-2.68525234,8.59900273,-7.90737815,-8.56321923,3.46773780
14.96484375,-9.56068194,7.60327507,-15.46100523,-3.85494859,3.53003320,-10.10313592,-7.80376028,4.69184422
14.96875000,-8.70740539,3.44295221,-9.87254605,-8.73359205,3.09099466,-8.72170522,1.71308462,0.34343567
14.97265625,-10.48745416,6.28317024,-9.72916506,-7.03412882,-3.54009183,-10.79598741,9.16629241,-6.79720707
14.97656250,-5.04760424,-1.20293096,-3.23969528,-5.80113156,-8.53267038,-6.97810779,7.35924622,-10.46756452
14.98046875,-9.22949942,-3.51864928,-5.36465182,-10.02765117,-8.32490722,-6.45444579,2.50407947,-11.19809515
14.98437500,-6.95746895,-8.47841211,-4.17238740,-6.82273013,-9.92387159,-5.19961812,1.30292250,-12.96134322
14.98828125,-7.63777637,-10.40259163,-2.04617665,-8.76152403,-12.99898118,-4.94027594,-8.37975779,-7.86774374
14.99218750,-2.04738451,-8.47140953,-1.37649407,-10.12691016,-10.50931850,-4.46488497,-12.88334633,-7.62229116
14.99609375,-5.22684585,-7.45996439,-1.13843940,-5.21365529,-0.31158223,-5.31572393,-11.14501590,-4.51002140
15.00000000,-1.17060257,-3.70180491,0.58816072,-1.31430666,0.91041303,-3.15619179,-6.19656329,0.47405670
15.00390625,3.40909790,5.11411553,0.44617603,0.50015818,5.79768751,-4.09252462,7.09179008,5.12542069
15.00781250,5.65740042,3.94926653,2.15766023,4.02194864,12.17247298,2.33293015,12.88290080,6.39253647
15.01171875,4.05765369,13.65272579,6.85903638,6.91135418,14.24111117,4.37913449,7.15515794,12.87047219
15.01562500,9.50242288,9.45580512,5.36368116,9.49866395,12.57390901,11.80386190,-0.72996637,10.86600248
15.01953125,7.32566616,7.22608241,6.30649171,11.81878370,10.61455549,11.66393336,-6.55976418,9.69582746
15.02343750,6.54840158,5.64080440,9.04203063,8.41797139,5.96885341,8.39111523,-12.69885305,9.18032367
15.02734375,12.96558294,-1.79577051,5.86595717,8.62955127,0.96725720,9.83278445,-9.17079746,3.50002793
15.03125000,10.70379516,-7.45921928,8.35589925,6.57892594,-1.91468922,11.10632896,-5.44826509,0.97976518
15.03515625,9.66168811,-9.21060595,9.08039232,1.48642019,-5.98586181,11.52701865,5.20989582,-0.21121203
15.03906250,7.58746022,-10.74520553,9.69915718,3.31585139,-11.24217567,12.07344840,9.56036367,-8.12975783
15.04296875,3.71363731,-7.91747397,11.41578481,-2.32702536,-11.47735326,1.37866681,6.59308182,-8.65406143
15.04687500,4.23568421,-2.56432305,7.51192421,-4.30789229,-8.77715017,4.60236517,5.06320503,-6.72571176
15.05078125,-1.70552798,2.14954812,6.17417028,-5.98429790,-3.79975942,3.94201484,-4.46757913,-6.43045162
15.05468750,-2.75802262,2.82883274,10.41188367,-9.29288838,-2.93419204,-0.00089585,-7.65723947,-6.39907298
15.05859375,-5.37541125,5.05777037,7.71564510,-12.20962793,6.29429925,2.53604786,-4.46336528,-6.87577687
15.06250000,-11.23445436,10.42635242,8.92173840,-12.38128987,7.30867778,-5.52280921,-3.65365501,-2.09455413
15.06640625,-9.74936990,10.05697609,1.83104011,-5.00039210,6.58131444,1.70616476,-2.00091834,3.13724900
15.07031250,-9.66466929,6.04632795,0.63155289,-4.61052397,8.52652267,1.76064424,7.27922908,1.15368648
15.07421875,-8.14161107,4.49689570,5.79551799,-3.08534791,2.77128332,-1.53425860,9.20446763,3.60240313
15.07812500,-10.99580798,-3.09074853,6.54099125,-1.87966244,6.02080760,-4.18813106,3.96473608,9.59085662
15.08203125,-11.33383503,-9.35120916,-3.30205120,-0.54479313,-1.37706953,-8.23491919,2.01172323,9.85809828
15.08593750,-7.08328152,-6.85422214,2.93396425,3.65329966,-3.85961291,-7.95928853,-2.83561374,5.74863479
15.08984375,-5.48360959,-9.39748446,-3.30452810,4.62974605,-6.03787391,-10.01853172,-12.29646441,6.70479982
15.09375000,-3.46039735,-5.48546946,-0.37152244,6.60754246,-8.31269805,-14.64191599,-12.37722029,6.63048513
15.09765625,1.17063928,-3.65788428,-3.17242732,4.74705805,-12.67710222,-8.09835013,-4.16319591,5.44011183
15.10156250,-1.05073620,0.72351149,-7.02276619,8.39092682,-7.13733617,-11.49728229,6.97929467,-2.30386035
15.10546875,3.40798487,4.86040049,-6.27688589,6.00510832,-5.74409538,-10.42456648,7.39301546,-3.51927293
15.10937500,4.96281429,9.52610628,-8.16350263,9.89786169,-1.17756799,-8.16548200,8.62300489,-9.72801196
15.11328125,10.00135670,7.69850378,-11.27679263,9.57493900,-0.28977567,-6.71437172,7.28712890,-7.54585843
15.11718750,6.60014371,10.63178003,-8.50551916,6.32383822,7.54721419,-1.34964833,5.03016927,-9.56655046
15.12109375,8.52958641,5.82455413,-14.79510030,5.04045637,9.55299111,0.76263905,-6.38166747,-5.83513877
15.12500000,12.84588949,0.71196900,-13.39095723,2.18838961,8.83348330,0.98388314,-3.97596672,-7.38120842
15.12890625,8.65340580,-5.90304744,-3.55813833,-1.45511966,10.04153477,9.12949802,-6.43038421,-6.11135201
15.13281250,9.99975952,-4.95661204,-9.34122430,-1.69925518,-0.74521664,3.50457711,-3.25588101,-1.89166468
15.13671875,5.62740505,-10.12405405,-2.52807501,-7.20724158,-3.78523421,7.09750547,5.48378551,0.59617183
15.14062500,5.04371190,-12.03036923,-5.91902582,-9.65112374,-2.15465107,5.89063531,4.75807750,5.52437387
15.14453125,0.12173326,-5.81702536,-5.21270486,-9.79730895,-7.51379741,8.26513051,9.56577506,8.04829061
15.14843750,0.90996863,-2.81782399,-8.23527032,-11.92740251,-9.29701895,7.67935626,3.05156879,6.98567474
15.15234375,-1.07576231,3.74472895,-5.33160470,-9.46074983,-9.78967310,8.71279648,-3.99675843,7.62455401
15.15625000,-5.96598890,3.65377747,-7.14931562,-6.85510905,-11.20706560,9.27570274,-10.19516466,10.70946126
15.16015625,-6.25151310,10.60463968,-1.01291303,-2.85518513,-3.19058039,10.76458790,-9.39685755,4.67221566
15.16406250,-10.15331807,10.99344343,1.21540770,-0.96204740,0.03844807,8.45074360,-1.77057931,3.50800629
15.16796875,-8.42201952,8.28154522,2.45623758,2.47237966,0.52319965,6.11918646,-0.27848338,-1.05431764
15.17187500,-14.36408066,2.64662463,2.61330609,2.88531289,4.14938162,6.70352921,10.64931949,-6.27144020
15.17578125,-8.91072839,-0.15601113,5.69092368,5.59781206,7.12836187,4.66160617,12.61016137,-8.52625954
15.17968750,-6.79276534,-5.11695262,6.47253718,9.31958600,8.21764388,5.45644806,8.34124876,-9.18349517
15.18359375,-8.89879881,-7.19705381,8.29288543,8.82058031,7.06287124,5.24615655,2.18507881,-13.21157668
15.18750000,-9.62628615,-11.15251803,7.73085793,10.15250977,4.74327899,2.43021517,-9.67511593,-9.18247942
15.19140625,-6.22591283,-10.80920439,9.18823847,11.44034953,3.56749332,-1.12003823,-13.79863577,-8.75364150
15.19531250,-4.67958516,-8.09832714,9.82351434,10.81246647,-0.54327392,-1.66971855,-11.19277803,-4.80425889
15.19921875,-4.77245787,-2.95737955,15.67215689,2.56562798,-4.84085282,-5.25159043,-2.83586686,-3.40524847
15.20312500,0.50943973,2.65138922,5.99352381,3.04184045,-6.94626363,-5.75087422,5.42758744,4.31275951
15.20703125,7.09930274,8.11425938,5.81514080,1.82803928,-9.23798022,-10.97853494,11.63495248,9.20663915
15.21093750,4.25321008,11.49621545,4.35169616,-1.81893081,-3.46460849,-10.86422787,9.76471930,12.06938196
15.21484375,9.44006185,9.71823863,6.21130569,-6.21185082,-6.02523170,-13.85276647,5.65202385,10.79347014
15.21875000,7.08767140,6.71766182,7.92879189,-9.57400498,-4.31435611,-10.31798299,1.52571901,9.74717780
15.22265625,11.21531633,1.31023263,7.13273970,-7.81711122,1.65720039,-7.14323319,-8.91463830,8.83512012
15.22656250,9.21672690,-3.23447381,8.57084735,-6.42057400,3.51521126,-7.39221684,-8.32676606,6.48678455
15.23046875,6.93184145,-2.38297352,5.83200971,-4.52212768,8.68429354,-7.87640979,-4.23959041,2.01852142
15.23437500,11.61371906,-6.84607927,9.66622110,-6.57287329,5.35314323,-9.14743018,3.81848843,-1.82300466
15.23828125,4.21916127,-6.29562652,-1.13318519,-8.96415423,9.93580598,-4.67786616,6.60955728,-6.34551532
15.24218750,4.46651637,-4.48104982,3.12760256,-7.02885938,8.86631919,-1.91049802,8.84611393,-8.02143430
15.24609375,3.40735416,-8.65132366,4.23951126,-4.71135003,2.85729825,-4.01148202,6.63756319,-11.43506920
15.25000000,0.16477471,0.48883586,3.57628930,-3.34961568,1.07549521,-3.79628750,1.58535816,-12.24450830
15.25390625,-1.02183978,8.02641331,-3.58075702,2.01669154,-4.07588787,-1.61330862,-10.76411811,-9.44456264
15.25781250,-2.97793727,7.19449288,-1.73164224,6.92945545,-9.68218672,3.20064290,-9.57156697,-7.49883607
15.26171875,-6.85149621,9.64943566,-6.34793786,7.45305044,-11.09547858,7.10665215,-4.91861735,-7.68481208
15.26562500,-8.74327118,13.59886925,-8.50848697,6.59064702,-13.60359073,6.23191734,-2.59673222,-1.39594289
15.26953125,-6.43137329,9.46026018,-10.65763694,14.96618164,-7.76623586,11.80338290,4.64260265,3.24567308
15.27343750,-6.85695799,7.20889823,-9.29095227,8.36916435,-4.05169269,9.68248560,10.90591244,6.74025360
15.27734375,-9.34162325,-4.32606149,-7.08998256,10.70291438,-2.15563008,8.35946039,10.58996734,6.20692462
15.28125000,-6.99893748,-12.18562334,-5.31280440,5.09576227,2.81855739,9.44572525,4.94121107,9.61136636
15.28515625,-8.45231724,-13.22263690,-4.85507258,5.00873783,6.70194613,10.52586167,-3.49232009,6.18002211
15.28906250,-4.92312181,-9.54088027,-6.61480810,-1.01191207,10.47198482,7.49038469,-10.15188234,8.74652937
15.29296875,-5.17160025,-8.80648170,-11.21349298,-2.34111133,12.19318555,4.63788070,-10.38044653,2.57910371
15.29687500,-0.74118213,-8.64044763,-4.14255425,-3.96660864,10.02433965,8.57532347,-8.83670609,2.49788037
15.30078125,-4.72541524,1.82093300,-10.01195156,-10.72360023,1.88324713,2.10437134,-1.02172293,2.59261461
15.30468750,2.13041843,4.89359225,-10.85945798,-11.86770671,0.98337468,3.46113920,7.75328782,-1.63589497
15.30859375,1.48129345,10.10105880,-7.06979552,-7.52703406,-2.85067566,-2.55043222,7.84063213,-9.96681651
15.31250000,6.89261179,9.22474103,-6.05057247,-9.97261161,-6.75364417,-3.60504375,6.29226980,-7.82907501
15.31640625,4.38840927,6.91072569,-3.41453126,-5.51454510,-5.75304562,-2.60875549,1.49777322,-3.16668357
15.32031250,7.60188751,4.13340857,-7.99197856,-6.52042883,-9.06862205,-3.62432652,-6.66820580,-9.23094524
15.32421875,7.89829503,3.01816473,-4.87309855,-8.20400245,-11.16350439,-6.13631523,-7.07214505,-7.22797104
15.32812500,11.79287924,-1.23282682,0.90509847,-5.37567679,-3.76017781,-5.28774751,-6.33713390,-3.90032360
15.33203125,12.69037928,-10.93925301,1.09427259,-2.99831448,-3.87144681,-7.33612522,-1.42459581,-0.74481092
15.33593750,9.38039714,-13.55261428,2.79006062,4.35773786,0.99496351,-8.39616518,2.80529149,-4.15337708
15.33984375,5.69217795,-10.14549148,5.43634001,1.93247135,3.62747988,-8.20704210,8.70938421,4.05888051
15.34375000,6.39218988,-9.24808353,3.12540348,6.77506307,5.27197173,-9.76746231,9.51994619,5.92426293
15.34765625,-2.20613003,-1.19243620,1.32063933,10.19499814,11.86203862,-10.26333223,4.40447370,11.32590923
15.35156250,0.02210300,1.76996460,2.76562740,11.58501328,8.48933074,-16.16399791,-2.43313398,11.72232209
15.35546875,-0.63283463,6.05192221,2.67817494,9.98363372,8.27821429,-12.16013580,-6.37816232,6.12316635
15.35937500,-8.20144150,13.28413238,7.30709614,9.52716619,2.00672940,-3.63674478,-9.41139801,8.32401955
15.36328125,-5.18116065,11.62984443,8.95173836,4.82371095,-4.52368655,-4.97493152,-6.41450824,5.05852902
15.36718750,-8.76276387,7.60692637,11.54734853,6.31268016,-7.67645939,-1.29126861,1.07606951,1.17510566
15.37109375,-10.79722539,7.46639133,5.67524181,2.59364026,-6.62779204,-0.80713010,7.38232679,-3.03603743
15.37500000,-9.57200234,0.72886600,6.25255348,1.45266141,-9.96374911,1.65620838,12.65241925,-6.75872160
15.37890625,-2.14895159,-2.27745932,15.34449740,-3.26872476,-10.72281134,1.03976846,7.10865562,-10.40472224
15.38281250,-5.96522325,-6.80501386,6.34818592,-5.72807358,-9.30713549,0.53189059,1.13175831,-10.08050859
15.38671875,-2.90915325,-10.09113602,6.15189459,-6.85430004,-6.52008256,6.72521250,-8.28642509,-10.31154232
15.39062500,-3.97899937,-7.29861127,14.61576123,-10.69458994,1.70284571,6.65647969,-13.06775334,-10.21539815
15.39453125,-3.22121603,-8.64779040,10.17471907,-11.68675391,4.04492462,5.03263663,-9.25188804,-6.41471588
15.39843750,-1.97653056,-3.07645229,5.61495205,-8.50078581,7.43609294,2.52452478,-1.40474670,-4.75192702
15.40234375,-2.30289467,1.78520082,6.84713550,-14.54931951,14.23255792,8.73972848,6.23652178,-0.61224921
15.40625000,4.07931621,4.38859035,6.16476557,-10.30335609,9.91223195,12.30328360,10.34261524,9.42618407
15.41015625,6.53873752,11.52192443,2.76343643,-5.51948023,8.23220070,10.76841629,15.31998095,8.63365069
15.41406250,9.05702807,9.74278565,0.93734204,-0.20639593,5.58366252,13.01644956,6.71871487,12.14100859
15.41796875,11.50045567,9.99247071,-2.44319770,4.38223820,-0.99998181,8.01975875,-4.77143215,10.42407012
15.42187500,11.33768331,5.71064156,-4.91255219,6.88783298,-3.42685439,8.83039871,-7.47720832,10.33258642
15.42578125,15.09853315,-3.13087294,-3.68291246,11.00008958,-7.50301377,4.19049190,-7.86774089,5.73727546
15.42968750,10.72696389,-3.93122878,-1.18023981,9.41618619,-11.74908838,4.72198308,-7.39665039,3.89267506
15.43359375,9.13523982,-10.12847234,-7.72186182,7.21073675,-7.20363127,2.15248561,2.67832466,1.76268367
15.43750000,5.21130777,-8.72128378,-8.34974518,10.77449890,-7.96000433,-2.60214792,7.69694593,-7.51016309
15.44140625,6.47993445,-4.19805915,-8.86997219,9.71444023,-7.47263610,1.37748828,10.25337172,-7.74106720
15.44531250,1.98699048,-8.58747112,-7.63391809,5.12976459,-0.00944865,-2.56476354,8.55482470,-10.98825939
15.44921875,3.75011576,-2.98073477,-2.33674363,1.86637305,4.11638742,-5.76788128,-0.77845396,-9.71695002
15.45312500,1.10755119,1.93958680,-6.97689463,3.15186640,8.01509553,-9.01426125,-5.63426288,-8.67458909
15.45703125,-6.50553405,9.92549179,-10.92560046,-1.92583876,11.87930207,-10.85148868,-9.56896251,-7.46830051
15.46093750,-4.33594894,11.59248734,-11.28889377,-4.03281966,10.62296338,-7.89027819,-5.06309070,-5.42446765
15.46484375,-11.97326781,6.89233261,-12.49878698,-4.56127310,6.75429214,-7.83436829,0.56571395,1.41480576
15.46875000,-10.03288727,7.16187706,-13.36769298,-6.24829943,0.83266045,-7.40045540,7.49440837,2.72538106
15.47265625,-6.80391342,4.17830130,-6.57732985,-4.05009142,-2.87733472,-8.27287618,11.49175417,9.41237215
15.47656250,-6.12302495,-4.71657989,-7.98653453,-9.55038837,-8.72841141,-6.52005431,8.81367952,5.17387400
15.48046875,-8.85702159,-9.02517824,-4.40624494,-11.69257505,-9.56581191,-6.04358706,5.83550712,5.23722289
15.48437500,-6.04644349,-10.30519044,0.34070020,-8.16339999,-7.45489846,-7.12606829,-6.06094937,9.24605133
15.48828125,-4.30563314,-12.72631202,-3.31193307,-8.81247479,-11.26167019,-7.90547520,-12.77064520,7.31120036
15.49218750,-5.13595675,-6.82017116,-1.27419539,-7.36307932,-8.10641516,-7.06491768,-9.68252881,4.57707226
15.49609375,-4.63396422,-5.86515030,-2.17385826,-5.31655470,-4.53507205,-3.21550165,-8.97132730,2.85708942
15.50000000,-0.31612257,1.47455579,-2.58827520,2.59146550,0.32869317,-4.16467345,0.65788616,0.97507688
15.50390625,-4.70003134,2.84887913,3.92844041,3.86647156,3.68698226,-0.21662342,4.86057351,-5.45374998
15.50781250,3.11559569,5.00862313,2.20672849,1.43320466,5.54598190,4.52596096,11.54767157,-7.47564346
15.51171875,1.37791628,9.03545939,-0.65965956,6.75552266,10.88152855,5.60247528,9.54277251,-8.07595818
15.51562500,5.16835758,7.57970344,5.33772547,11.91092677,12.30032746,5.69776542,5.81689327,-5.71637978
15.51953125,6.46617060,6.40211042,6.35046255,9.07452409,7.41370707,10.87599826,-4.13594852,-6.18137049
15.52343750,13.12590871,3.86946434,6.89510117,12.58090211,6.39861278,8.43752591,-9.72037966,-6.61253513
15.52734375,9.97982784,-3.74267940,6.88392761,10.14749235,-6.34751530,13.12314181,-4.97266408,-2.81718058
15.53125000,11.67389178,-9.17454492,10.01164534,5.76577096,-9.66160671,11.89764212,-2.73994606,-0.48702879
15.53515625,5.82954449,-7.66756481,11.25702440,0.93345957,-10.63393413,7.08885049,2.83232380,2.64168659
15.53906250,5.13690974,-10.59169984,10.21634997,2.88794016,-6.49212856,6.61831396,7.93612074,2.15634713
15.54296875,5.72945997,-8.78179705,9.61238696,1.43510840,-7.88238467,2.43744947,9.76209836,7.05109371
15.54687500,0.07009233,-2.76284502,8.65052514,-4.53354519,-5.59686798,11.08497189,7.79892369,13.35633289
15.55078125,-0.88542189,0.84377954,8.77214252,-4.45824117,-4.63925020,3.66068109,1.26490103,12.70826325
15.55468750,-2.56574903,5.74993991,10.34884379,-6.18274077,-2.21358774,1.37173898,-6.22216668,10.13763869
15.55859375,-7.75289978,10.56526907,9.59723214,-5.95780682,0.73830034,0.90536918,-6.68140988,6.01790301
15.56250000,-9.11174911,10.78105077,5.92051789,-10.93325025,5.93507011,-1.83925942,-5.78965617,4.69559372
15.56640625,-7.86604990,5.04230392,6.65412148,-10.51462945,7.83648768,-6.09949998,0.18649703,-0.60957595
15.57031250,-8.78019074,2.79053741,3.40899026,-9.36354771,7.45697899,-3.77683038,6.47044734,-5.87133932
15.57421875,-8.61991412,0.91286100,5.98963953,-6.54728176,8.52167690,-2.07370008,8.16996309,-5.66664049
15.57812500,-7.17452609,1.04932619,4.29975982,-0.67615144,1.30539709,-8.34815214,8.41239500,-12.87387360
15.58203125,-8.18145288,-5.04043373,-0.58587251,1.01860157,2.73556217,-5.85667767,0.10833797,-10.61180147
15.58593750,-7.76258650,-11.83220280,-2.07790589,2.24981382,-6.30949381,-5.82610277,-6.79746805,-13.17726083
15.58984375,-5.03515335,-8.35931214,-1.49795020,5.09558410,-9.56436944,-8.79440135,-12.38859756,-11.10021008
15.59375000,-1.20666687,-9.35297672,-2.12959786,0.68083619,-13.30156912,-13.07901900,-10.30091271,-9.14157534
15.59765625,-4.03468629,-4.11525156,-5.27600111,5.61771186,-10.87922656,-12.68011809,-4.11745599,-2.23376382
15.60156250,-2.76498124,-2.22651447,-7.23994944,15.68552721,-6.19269002,-12.23250128,0.65617066,2.45397368
15.60546875,-1.51666239,6.76010608,-6.76846477,9.70011216,-0.76948330,-7.83133820,9.59672703,8.12062176
15.60937500,1.95370601,8.79554206,-8.71308151,8.79703203,0.84523770,-6.53119627,9.65166580,10.29625203
15.61328125,8.98662886,14.31030867,-13.73125249,12.27506121,2.52221860,-2.51843773,5.77601829,10.00256128
15.61718750,10.11333418,9.43343345,-13.11677910,5.00361331,5.87215608,-2.78773500,1.87913748,9.81043887
15.62109375,7.72414336,4.99257188,-11.85570078,2.67572236,5.77150572,0.92772267,-8.38385289,11.54934297
15.62500000,13.84404645,3.50477843,-12.18843913,-4.98946810,6.99923011,-1.92523370,-7.40011825,7.65546918
15.62890625,7.92103686,-4.51932748,-6.10642914,-0.32803002,7.92539799,4.02159626,-4.80114564,3.68554321
15.63281250,8.68462306,-5.08691001,-13.83108815,-3.10341213,3.57614500,1.84690414,-2.43413179,0.28092734
15.63671875,9.70938416,-6.75912581,-11.32080625,-7.58652875,3.05888449,9.45210683,3.73329783,-3.76558862
15.64062500,10.23826942,-12.42852818,-6.70777186,-14.11304391,-3.26263029,5.65098496,9.36502294,-10.68083751
15.64453125,6.19373841,-9.34531638,-4.28925958,-15.76826035,-9.74504469,7.21385385,6.67646191,-9.37267154
15.64843750,0.82560823,-1.43948105,-8.61525076,-6.32046972,-8.89870852,7.58334663,-1.02127544,-10.02296375
15.65234375,0.60073106,-1.54240957,-6.37971742,-11.27744780,-11.73220171,8.32652053,-9.54214226,-8.83692556
15.65625000,-5.27284581,2.74449097,-4.92781486,-5.70985920,-8.35489398,5.58400135,-10.17942158,-9.56542755
15.66015625,-4.71448006,5.08675688,-5.15257730,-2.95954628,-5.70852409,7.37356210,-11.63785126,-2.07823379
15.66406250,-7.80478351,10.82174774,-2.05527222,-4.77569587,-3.35327760,8.57313557,-3.94413976,-1.31952433
15.66796875,-1.75972515,12.62427957,1.18957205,-1.28403388,0.77702126,9.30562243,2.08087386,2.27671056
15.67187500,-7.31471880,2.27262645,2.54429640,8.83243388,3.98366932,10.58951743,8.37125816,4.22071772
15.67578125,-7.33788120,-0.28011674,4.65887996,4.65420491,4.15740854,5.93667014,9.08652716,9.30206360
15.67968750,-7.15017433,-5.72088105,7.55213346,9.44150098,12.97733787,4.94307932,3.58431762,6.79252732
15.68359375,-9.10721255,-10.64781110,6.63182359,13.01660989,8.08748360,4.27792802,-4.39289084,6.23277837
15.68750000,-5.44092697,-10.94443677,6.84589685,10.66351437,5.86705203,-3.18442430,-8.82202728,10.73195991
15.69140625,-5.21723491,-5.31152089,6.53693353,6.09343999,4.19429105,-6.57058187,-8.21822393,9.97100700
15.69531250,-5.84064477,-7.67591411,8.96070403,8.04342006,0.97866692,-3.25294824,-7.61582365,7.00365652
15.69921875,-0.61395950,-2.33269176,10.12889762,8.23976131,-0.62769912,-6.05181985,-0.72962024,0.88383023
15.70312500,2.04261605,1.60507848,9.92906097,2.32700239,-5.69941439,-5.99910962,6.17174090,-3.74344650
15.70703125,2.66073292,5.40766567,10.07346690,3.33239224,-6.58499314,-7.28223504,10.70205024,-2.64959010
15.71093750,4.94671637,9.90450064,7.77457647,-2.58833421,-4.93696426,-10.17513492,9.46913246,-7.90305990
15.71484375,6.09430456,7.31795263,5.97000353,-3.51475344,-4.95161952,-14.06581696,7.60585678,-5.13510284
15.71875000,6.19121095,9.94655295,11.15407493,-6.04659818,-0.19443504,-7.44989404,-1.99931354,-5.05683862
15.72265625,13.09150397,7.75153341,7.29266241,-5.77132524,1.84444497,-10.70621991,-3.48810580,-7.68670619
15.72656250,9.34791679,1.26829699,11.52697012,-7.78849444,1.78429588,-6.73788340,-4.68719076,-8.12370960
15.73046875,13.16973907,-3.06389502,4.19748198,-3.77164399,4.52165136,-2.23790232,-1.73356814,-0.25509850
15.73437500,11.19382762,-8.39586051,6.62909738,-10.82495585,10.11913588,-5.51585970,1.84583112,1.27647632
15.73828125,6.41542264,-7.06771673,5.58104704,-11.06201075,9.78887059,-3.51088466,5.40027172,4.33414536
15.74218750,4.65624192,-9.07556604,0.54374848,-2.98147024,5.92383879,-7.25938166,10.61104347,6.62357873
15.74609375,3.01250500,-5.28205143,-0.80160600,-5.14824888,4.62017588,-1.63056792,9.90703129,11.37743148
15.75000000,0.40314548,-0.47302762,-3.58220536,-2.47037720,3.12185848,-3.68276951,-0.36895585,12.47635302
15.75390625,-2.15922122,3.61698387,-2.38156167,3.42663369,-3.68979804,1.55046013,-7.31607027,8.74728292
15.75781250,-2.14725623,9.79376464,-5.77723013,0.85031204,-2.54021504,7.27891034,-11.92130827,6.02321534
15.76171875,-7.14235950,11.17523139,-2.38366415,6.01598473,-7.30579974,7.09556443,-4.90106604,2.73097921
15.76562500,-4.13643242,7.43655256,-9.54986436,7.78659777,-12.29842120,7.53430534,-4.01161969,4.11631137
15.76953125,-7.70375551,7.38835996,-9.50828132,10.63894352,-8.32744735,4.43202061,6.08255048,-3.03392527
15.77343750,-9.86142444,4.47125296,-7.95071965,13.36088458,-5.72695354,8.91670631,12.60619040,-3.98663768
15.77734375,-8.79540208,-4.20143556,-8.23251734,9.64956026,0.78404333,10.56254506,6.41861469,-7.24481104
15.78125000,-10.12379442,-8.62587410,-7.03002463,9.15755268,3.72536037,5.76752791,4.01287026,-10.37220331
15.78515625,-3.45395613,-13.05748072,-6.24642163,9.21770115,6.67293211,9.07199704,-4.47487377,-12.92691952
15.78906250,-1.88802249,-8.40288897,-6.05135229,2.46200581,6.58812787,7.50458401,-9.26321468,-13.88935837
15.79296875,-7.19298070,-9.20648946,-5.00428732,-2.51294762,12.76236742,5.44529247,-14.31434019,-9.31093292
15.79687500,-2.09232864,-3.03554447,-8.75079547,-8.68186813,7.31518588,9.45171603,-11.56274063,-6.29006327
15.80078125,0.44230983,1.43522922,-9.09782647,-4.16533778,2.40904079,6.43540677,3.28566134,-3.26342293
15.80468750,3.54765881,1.18371368,-7.63848256,-9.08490622,4.44200686,1.17709301,8.93129007,11.44311535
15.80859375,2.49934567,9.75450851,-10.02320106,-14.37207012,0.31907167,-0.07068392,11.73671433,7.77326578
15.81250000,8.52203317,11.76808719,-12.09671927,-12.54518142,-4.64130911,-2.80595289,8.63923937,9.58046299
15.81640625,7.09433854,11.99850865,-8.01560007,-6.30926154,-11.83651128,-5.40122888,2.99838664,7.72824568
15.82031250,11.57722344,4.77705118,-4.46990124,-5.82832870,-6.57745328,-7.82296810,-0.56527980,8.10938332
15.82421875,10.78281434,2.27691350,-3.46173064,-2.84643599,-5.41743741,-5.37737247,-9.81436475,5.37300131
15.82812500,11.05423887,-1.57303284,0.12815971,-5.67644418,-6.31329912,-5.99973126,-11.59352790,-0.03888694
15.83203125,9.81049093,-8.04192902,-0.77198373,1.10874463,-0.00611031,-10.17007751,-3.46171354,2.92865093
15.83593750,5.69472028,-9.83988447,-1.89003427,5.64065225,2.80465448,-8.75167856,4.56859901,-3.59899956
15.83984375,9.66587860,-10.29150227,2.92450735,0.56326412,5.04613560,-10.41974396,5.68453385,-4.87836588
15.84375000,1.41549779,-5.78010590,2.23462377,4.35681421,9.68415274,-14.16474552,9.36661275,-7.60856925
15.84765625,2.79812622,0.93601409,5.13594645,6.88639366,11.29202661,-6.85064856,4.14572657,-9.00037811
15.85156250,-3.40109027,-1.67687306,11.40129859,7.78406061,11.24524628,-12.91600378,-4.25371093,-7.52411126
15.85546875,-7.03640446,4.86022653,4.50591605,5.02357335,8.47406760,-9.19823419,-3.10209549,-7.31192635
15.85937500,-6.81786840,7.20303545,7.22153297,9.85811469,5.14250223,-9.21202272,-8.40515693,-5.11099855
15.86328125,-7.76766159,9.30926054,5.36853556,7.05672633,-3.75910034,-4.90234428,-2.37424377,-4.24656950
15.86718750,-8.50928824,10.74105905,7.92983385,6.28689245,-7.06406041,-3.09831284,1.43277685,-2.00920699
15.87109375,-5.10952349,6.74787439,7.86203311,5.35320057,-10.24957290,0.25089379,11.22304111,5.14823076
15.87500000,-11.22871732,3.59819522,7.55108819,0.57454061,-12.21281614,4.54989194,10.88496141,6.99514179
15.87890625,-8.50144100,-4.66614863,10.14252123,-2.17996020,-6.44808812,2.50323232,2.14108547,10.11613463
15.88281250,-5.47876286,-7.57330127,12.87843259,-5.77962117,-6.25940601,2.58823992,0.73611502,10.88265742
15.88671875,-4.90742658,-7.75816014,10.88247644,-10.00999079,-0.56326000,4.17747571,-7.93762400,9.79199064
15.89062500,-6.25145785,-11.79787006,7.43996372,-13.13823600,3.45791041,4.98122773,-13.13662771,2.66340213
15.89453125,-1.65012991,-7.12651148,11.15535324,-9.09886066,11.50260678,5.62830815,-10.96101972,4.34988817
15.89843750,-2.13919984,-2.77706451,6.01985225,-10.23160106,7.70186468,6.60898220,-3.52229550,4.49014565
15.90234375,-0.62850921,2.01117039,4.11050029,-4.39082077,13.73571067,8.38217361,4.39560005,-0.70852843
15.90625000,4.89884420,6.41511698,2.16575121,-7.53569030,11.05961322,7.27575259,10.96044470,-5.36325271
15.91015625,3.34341640,8.77091937,1.02314749,-3.19965243,6.54854323,4.07604066,11.48933432,-7.67002137
15.91406250,8.32112969,9.14218750,3.56981074,-1.78589044,5.45292174,8.84667185,6.02872870,-8.44555054
15.91796875,11.65482807,6.65878710,-0.73322106,-0.90351274,-1.93514833,12.00043931,1.56181783,-6.63462786
15.92187500,10.78182078,9.38506828,-4.13706034,3.76317871,-5.64575484,7.48909696,-9.07357433,-3.36256462
15.92578125,12.48219674,1.31265165,-4.19740928,8.73426615,-9.77235998,6.74186263,-7.30936462,-5.22212804
15.92968750,8.01355576,-6.57806169,-4.54973226,9.89402582,-16.06927062,8.65474120,-4.10770717,-3.42288495
15.93359375,7.78611190,-5.88357670,-2.33957947,10.23684803,-10.88865149,5.39539571,1.89159600,-1.12192142
15.93750000,7.19827153,-9.08895523,-4.56761114,7.22821201,-7.77914927,-0.44094966,3.31836325,-1.36140325
15.94140625,4.82223707,-8.13656247,-5.94347264,12.41277077,-6.23988062,-0.72704207,7.23410057,5.04237463
15.94531250,6.30230180,-6.09850422,-9.23136348,8.28819791,-1.30852909,-3.67881607,7.49486123,8.67919652
15.94921875,-0.07675361,0.26056308,-10.78273791,7.58667695,7.85602019,-5.52560112,-2.02875811,12.19298090
15.95312500,-3.67695881,5.26733653,-11.16282843,3.85932317,7.51076854,-8.85607977,-1.20620952,11.07170601
15.95703125,-5.19206306,6.56809955,-13.18511425,5.73552886,8.93618917,-14.11475679,-8.16886012,6.85279167
15.96093750,-4.12251326,9.29566691,-11.44872433,-1.77324175,9.71529304,-7.81789467,-10.60968338,4.98511433
15.96484375,-3.00545358,8.11928275,-4.26332770,-2.81670590,9.21659824,-7.19616160,-2.62415986,3.05327836
15.96875000,-6.76904773,8.18054387,-8.80830238,-7.11787799,3.63822160,-7.94442341,1.01510561,-1.94510214
15.97265625,-5.94442528,4.60135305,-6.96932929,-15.39913685,-3.69318635,-10.23685272,7.37272665,-2.87514839
15.97656250,-11.23784516,-0.98255532,-5.07328385,-4.41307050,-6.43705927,-8.80226365,9.51332282,-7.33126334
15.98046875,-11.58715750,-6.60705152,-5.36037369,-10.38436654,-11.80532570,-11.35348314,4.23450265,-7.79475337
15.98437500,-10.35691909,-7.27711411,-2.33508138,-12.56555331,-12.74328229,-7.55867259,-3.13398332,-10.44108513
15.98828125,-5.77004285,-11.34534484,-3.03880155,-5.68901692,-14.03112276,-4.81442731,-9.95618063,-9.84657150
15.99218750,-6.60101696,-9.21735081,0.06438994,-7.26993688,-5.31579251,-4.41601527,-11.01570271,-8.86565249
15.99609375,-2.60758907,-5.21244938,4.51971862,-7.32266932,-7.57774743,-4.35760513,-8.12612489,-7.82350799
16.00000000,-0.34332251,-5.47212031,4.51088189,-0.81020416,3.45729927,-2.33274807,-2.16089120,-1.86449801
16.00390625,0.71078327,6.23428388,1.38520387,2.62507275,2.80204681,-2.99621464,8.58730038,6.95698851
16.00781250,3.27074198,8.68042068,0.62805034,3.58420192,9.75133133,-0.56598057,7.55680105,8.67181043
16.01171875,2.95712281,5.52474061,3.23530629,8.14065501,11.05040558,6.84962136,11.44686270,10.88180445
16.01562500,5.10406044,11.13216343,7.07993786,9.95077008,8.90527402,5.12767378,3.50048628,14.43628400
16.01953125,7.76316061,7.39384027,8.64347508,11.91046013,6.46909902,9.98634694,-1.99170801,11.59874079
16.02343750,9.48800428,-1.93579423,9.38164186,13.21677214,2.40314478,5.70443701,-9.96499413,6.22947710
16.02734375,5.42273725,-3.25919148,8.15910863,10.87684875,-0.20848821,12.02082143,-8.53874138,7.36923309
16.03125000,7.98178030,-4.47193550,8.17997684,9.81512671,-6.31243496,7.92282281,-6.22832177,-1.75189351
16.03515625,8.65110213,-10.37025404,5.25511879,5.88734868,-5.62717990,6.81786884,4.84498945,-2.47934154
16.03906250,9.52673953,-9.54147721,7.10363110,1.97700530,-12.39111299,11.82045062,11.10859605,-3.48863704
16.04296875,5.99385552,-7.18357669,8.28954126,-0.97693999,-8.74412152,7.16924959,9.25369566,-8.31699546
16.04687500,3.11547989,-1.10209755,9.70136203,-7.11906603,-8.42775007,3.99427092,4.90358601,-13.51926313
16.05078125,-2.26097166,1.08493212,7.83782066,-4.63452322,-5.92588502,2.44793521,0.27662890,-10.75457147
16.05468750,-0.91144084,3.78962116,10.06652221,-8.84296215,0.04076159,-0.71422398,-7.46364629,-10.92518826
16.05859375,-8.25000622,10.09548719,10.47154428,-7.25411668,6.76523092,0.53658542,-2.54801893,-3.63033731
16.06250000,-9.68005886,11.10778774,7.72641409,-7.85033670,5.28801751,3.36008355,-9.12316374,-4.32716439
16.06640625,-8.00027618,13.44294097,2.61771465,-6.31300578,10.49715610,-3.97190976,-5.19773693,1.01252358
16.07031250,-8.19930009,7.60630516,5.25668894,-7.77901867,5.95247210,-2.60277884,7.48786972,4.65995404
16.07421875,-7.77321534,3.27024407,2.42371318,-6.23991760,6.19113795,1.42312901,10.34191716,5.59100162
16.07812500,-7.88412238,-1.51309502,4.73074552,-0.33180933,2.87195946,-6.93480526,7.89974991,8.49537020
16.08203125,-7.15653513,-9.12662078,0.88792506,-0.06446266,0.64029947,-5.32570991,1.57713770,9.49345564
16.08593750,-5.07114945,-9.45558328,3.23501888,-4.21469868,1.01506606,-7.89603219,-8.19064931,4.39844705
16.08984375,-1.27500667,-9.75598851,-3.29680023,0.69761865,-7.13661492,-10.85519908,-9.32292448,5.47166617
16.09375000,-0.63006715,-7.32453159,0.89622899,8.12197905,-8.07908589,-14.01098070,-9.44114810,5.77808707
16.09765625,-1.46527010,-3.69728083,-3.37645084,8.00496629,-9.96834013,-5.99607370,-7.68220343,1.15385664
16.10156250,2.48696392,3.22425057,-9.50442545,10.95234861,-11.77445234,-8.20002343,3.27195802,2.90801891
16.10546875,1.22298357,5.10885627,-8.98035763,11.48354433,-5.07955997,-9.39888376,6.81146029,-5.67029408
16.10937500,6.42974804,8.38243509,-6.60949286,7.90250285,0.39942054,-8.61625351,14.44069729,-8.72289823
16.11328125,4.58417206,11.98206902,-8.91483652,7.77957689,1.83018264,-5.43542966,5.68070333,-9.83033389
16.11718750,7.19505335,11.44014488,-12.21360506,9.28717071,5.58698020,-1.99776185,-3.15310588,-11.70358654
16.12109375,12.61919864,6.88643596,-5.84876257,2.57089289,10.21103576,0.95235364,-6.75916902,-13.09013477
16.12500000,9.44190478,-1.87089502,-12.48043034,-0.87793372,7.85351131,1.66651221,-7.90716364,-6.09506060
16.12890625,10.30070110,0.02866854,-8.28510027,-3.16374525,6.88907788,0.86198798,-8.66653769,-3.94045196
16.13281250,7.62338271,-6.52927263,-5.38704310,-3.54752844,6.21864531,2.41730346,0.77669028,-1.91416212
16.13671875,8.47690849,-8.21691444,-4.57376091,-9.52408751,-1.15235517,8.05077644,4.56860017,3.60429944
16.14062500,3.13654198,-14.47530480,-4.55215026,-11.83562936,-5.04064324,6.64308741,8.22781708,2.76795626
16.14453125,1.79907902,-6.90434818,-2.86804175,-10.99623961,-7.16218297,7.30605538,7.95945347,4.71921607
16.14843750,-0.68423605,-3.37855088,-8.09509901,-10.62564318,-8.28112233,9.09578339,0.71004667,9.83321971
16.15234375,-5.49633601,2.70158072,-7.38898655,-9.38039865,-8.06240482,9.28636456,-1.58269067,8.66785563
16.15625000,-0.48427733,4.15512437,-0.75348508,-6.81515002,-10.58861056,7.20137584,-8.54669742,7.53490567
16.16015625,-5.38287074,6.26489403,-1.86074105,-5.71466802,-1.48659698,8.76448075,-6.47055949,5.48998741
16.16406250,-9.16763702,14.13153291,0.89199354,1.43761451,-3.11720773,7.96658306,-7.54831348,3.05762414
16.16796875,-7.22077992,9.36021506,-0.60192051,2.65513230,0.17150290,7.99726103,3.27820304,-3.90984605
16.17187500,-13.00655721,6.04488916,3.49723483,6.37558906,6.36936669,7.17677036,11.48422736,-7.10419639
16.17578125,-10.79402625,1.18076366,4.21704347,7.16063520,6.62027484,7.65131143,11.59441192,-6.84333217
16.17968750,-11.03213635,-6.52265435,5.97329855,7.23213116,8.08109593,2.81868237,5.29083914,-11.57400404
16.18359375,-8.11463412,-8.51106590,8.41903859,9.82691584,7.89652299,-2.02798102,3.35198086,-7.66119303
16.18750000,-5.72672077,-7.95558912,10.19995816,11.28505133,6.26925645,3.05133828,-7.17211342,-12.77656201
16.19140625,-5.15950283,-10.02738240,12.78115491,9.73782617,3.86623047,-2.66522282,-12.91422497,-10.28878579
16.19531250,-4.35585519,-7.15780440,11.33285743,7.13726224,0.61840491,-6.11818882,-8.56226112,-6.35130497
16.19921875,-0.81544922,-0.20253856,11.19881256,1.09063804,-1.01345875,-11.36920265,1.00128632,-1.97706106
16.20312500,-0.83206239,-3.05048627,13.67439575,3.73757297,-3.46881033,-11.17596334,1.97715241,6.03450754
16.20703125,1.55646961,5.48041737,13.16629034,-1.95240107,-6.87867955,-12.87365660,12.08148714,9.53479187
16.21093750,8.58218087,9.84244682,10.25070533,0.37762480,-13.54619534,-10.36682797,10.00011191,11.68047253
16.21484375,6.45657341,8.53218503,8.20768492,-2.93343595,-8.15909755,-9.53328863,7.96290593,10.15717939
16.21875000,5.77515363,8.60168999,7.33769463,-2.21314676,-3.03587109,-9.99663842,-0.18638487,12.60151169
16.22265625,11.18308814,-0.14506977,2.57030268,-5.74126536,1.66351110,-5.02120762,-7.23912586,8.57030066
16.22656250,7.94092675,0.17249176,8.69141196,-7.55044018,5.08120299,-8.15833804,-9.60367760,6.04225881
16.23046875,11.73577694,-5.58444366,8.16539439,-11.28651896,9.14428643,-8.04475467,-7.51246539,1.14313742
16.23437500,6.62362113,-6.64360391,4.22195770,-9.08372399,11.55914582,-6.63735567,4.46782145,0.01273729
16.23828125,6.59767509,-4.97763302,1.61484819,-6.78044903,9.53823219,-4.71099427,8.64776439,-3.30935473
16.24218750,5.63766055,-4.66955086,5.31212771,-3.25428813,5.98549158,-4.13752487,4.80916599,-10.76642335
16.24609375,4.31972050,-4.63488283,4.72997087,-3.83992922,5.38856781,4.18263276,5.29207524,-6.65032836
16.25000000,0.62955818,-0.86127586,5.32440370,-0.18882428,4.26564618,-1.62459743,-2.66574715,-10.95364821
16.25390625,-2.82439813,1.91606119,-0.27152589,1.92825380,-3.87556962,3.15439603,-5.98183669,-7.23639279
16.25781250,-7.74378423,9.74477487,-3.95523544,6.00552315,-5.92475724,5.53796258,-8.49982985,-6.92430603
16.26171875,-8.58700900,5.58777428,-3.12220419,6.46072503,-11.96246741,2.17869788,-4.12933632,-3.44726092
16.26562500,-8.08567419,6.25078680,-5.75957901,10.93045933,-7.38921692,5.84797822,0.36284556,1.96127256
16.26953125,-4.86597645,5.96195566,-8.45783881,10.91451525,-8.27593324,10.95921594,5.34530169,5.33418704
16.27343750,-9.55802214,5.47562180,-12.28650208,9.39630203,-6.53094184,8.93628794,8.83584694,-0.64099288
16.27734375,-7.17579150,-4.25008107,-8.58504007,11.46147072,-2.25725013,9.92872915,8.96057430,7.25741227
16.28125000,-9.03802112,-5.55744207,-10.16643573,4.42461243,-0.59888293,11.40465036,5.79740832,3.85464926
16.28515625,-3.39465769,-12.96864251,-11.08282116,1.76589152,9.95309210,13.01573607,-3.02273814,6.92324451
16.28906250,-3.94685444,-11.56487443,-6.18058792,1.47419875,8.87363096,8.41568136,-10.34745604,4.81070682
16.29296875,-3.11856646,-9.03409558,-7.27270400,-5.12468612,13.02712703,6.85198103,-15.51405477,7.57707761
16.29687500,-5.50697723,0.25402862,-10.05633078,-3.32332347,5.09460457,8.39981094,-7.82710542,2.46657805
16.30078125,-0.52711252,0.68316991,-9.76706475,-9.87783830,5.74816108,5.26584915,4.82568853,-5.15848627
16.30468750,3.23425496,1.64043923,-8.95846481,-7.62312213,5.17265558,1.19283346,7.87070153,-7.22693098
16.30859375,1.72392664,12.51503034,-4.80380778,-12.39365250,-1.07853149,6.87333498,7.63865410,-8.81855248
16.31250000,4.71752553,10.15171140,-12.46314585,-9.95084995,-2.20963513,2.68096901,5.29871480,-6.74587973
16.31640625,6.57709781,9.55752400,-5.75933692,-7.51785482,-6.99918156,2.49233717,0.02451160,-6.35107563
16.32031250,11.51643967,6.52729507,-5.75215404,-3.95847718,-9.15252347,-3.92003336,-11.35470555,-8.05190277
16.32421875,8.09237153,4.29531822,-7.33009935,-2.27289097,-10.67813651,-7.58868034,-6.33738207,-7.67641303
16.32812500,11.56847600,-3.51240224,1.42801477,-1.20214512,-5.39862063,-6.57990300,-9.10545119,-1.77403500
16.33203125,15.13873899,-3.89371750,-0.94913897,0.71781943,-2.88899348,-8.82364293,-3.86492421,-0.85637353
16.33593750,6.24969421,-7.68136007,1.80285624,-0.35552766,2.36789019,-9.28673166,3.14079241,1.44995282
16.33984375,5.85451966,-13.07565260,4.02968230,5.80279539,7.60758929,-9.67163841,9.86350737,5.15288361
16.34375000,-1.52077458,-8.56660427,0.14136016,3.72133038,9.06076088,-12.67156994,5.42946957,9.62903478
16.34765625,-1.00722825,-1.27634301,3.65299222,8.22459197,10.03587642,-10.69006327,3.17498453,7.93249590
16.35156250,-1.35617447,0.63053154,9.31972182,5.27178151,11.03677126,-8.61918604,-4.77239609,10.00713451
16.35546875,-2.62436233,5.84435856,10.66780759,13.13494837,5.79226777,-9.05531276,-9.12633099,7.25519922
16.35937500,-6.07853965,12.79352403,9.55781245,10.85560491,2.64645672,-6.22896322,-12.19027167,7.72842645
16.36328125,-8.06599458,12.17904454,6.60921866,6.31117353,0.80269228,-9.99102162,-3.80261984,3.46728979
16.36718750,-8.66097906,11.26950523,5.01457605,3.66128172,-8.18861158,-3.95181389,3.51906743,1.54849903
16.37109375,-10.18069339,3.93174897,11.44905621,2.46114963,-7.83330834,-3.06143138,5.78541197,-1.70521829
16.37500000,-9.86176656,-0.66285243,9.20306689,1.21714461,-10.16299990,-1.58734077,9.99809869,-6.51111027
16.37890625,-6.78762613,-4.64831985,13.05855899,-2.64318890,-10.60188549,3.79314512,8.68761358,-10.23922566
16.38281250,-11.15131447,-8.82365385,11.54571700,-4.28023799,-4.21438666,7.97373748,-0.24285452,-8.27740219
16.38671875,-7.02477990,-8.76562967,9.79494984,-6.09897136,-3.62846090,8.60477635,-10.19107951,-13.42702736
16.39062500,-0.53954516,-10.45001893,12.71600576,-9.48153646,2.35766974,8.07124750,-14.64341068,-11.15418143
16.39453125,-4.12600647,-7.44671549,9.44312694,-8.04438947,3.49992824,3.87649878,-8.33770766,-6.78545523
16.39843750,-1.22661540,-4.61032536,7.82697453,-16.26411080,16.22543116,8.15917350,-5.14797596,-3.30631695
16.40234375,1.90543699,-0.77526258,4.84174871,-13.47407895,9.60559636,7.09969115,5.89857022,4.94237486
16.40625000,2.95769681,4.52626699,-1.88472129,-4.81701155,17.20731260,3.94358538,10.09711733,7.87053332
16.41015625,2.88371195,10.54708515,-0.75593431,-1.42066898,6.82277937,8.30591974,10.01929445,6.32508389
16.41406250,7.52929654,13.08197363,-2.20042947,0.37847970,3.57039311,10.79686573,6.02512875,10.70405881
16.41796875,8.18063251,9.22021923,-1.88226834,3.05673907,-4.35973541,11.05272519,-5.57637752,10.92834272
16.42187500,9.51964465,6.65997534,-2.75055153,3.22931474,-10.42325462,5.81910240,-5.53873733,10.95759115
16.42578125,7.90017908,2.10855413,-1.52108339,5.94463884,-7.69044668,5.83765929,-7.01520506,6.73821031
16.42968750,7.90266957,-1.46227354,-5.03304878,7.25138101,-11.00077246,7.36074206,-7.17557419,2.44219865
16.43359375,11.20154890,-4.62064300,-12.21110172,12.89112048,-12.28039717,2.39918632,3.39058318,-0.13252154
16.43750000,5.26637308,-7.62460990,-8.49586493,12.29612313,-9.30491349,-3.43055547,7.49288444,-3.71825753
16.44140625,3.51853806,-6.77888423,-10.84373065,11.73099473,-2.25227111,-1.77537523,10.03730911,-6.61358032
16.44531250,0.82593234,-6.10702310,-7.71812077,9.36878808,-2.39104168,-3.46501380,8.46508495,-10.57869176
16.44921875,-1.27467596,0.52629818,-7.11388793,6.30697935,5.91060378,-5.22886598,-1.43975016,-8.07275971
16.45312500,-3.03914207,3.59456063,-5.26293863,-0.99078445,10.48015529,-8.46645121,-7.99509479,-10.73260833
16.45703125,-7.08282726,7.17775431,-11.22784987,2.88815518,12.38940302,-11.65121296,-8.32962707,-7.17158126
16.46093750,-11.56904713,12.89051033,-10.73814588,-0.10158096,11.36804292,-9.04724026,-7.72076905,-6.19963352
16.46484375,-6.98954642,9.90581125,-13.08461363,-6.31223732,6.93603231,-9.10210069,-0.34536441,-1.34174475
16.46875000,-6.71971974,6.74904155,-8.70421664,-5.98094933,4.71773628,-10.06896056,3.31691729,-0.68826353
16.47265625,-9.24787958,5.35271189,-7.84860581,-5.67218577,-2.87483638,-5.47471302,7.54506040,4.84239741
16.47656250,-7.23315315,-0.30547529,-8.90845065,-9.26014513,-8.14167019,-9.61390795,8.35992321,5.38161270
16.48046875,-8.60178403,-3.90853054,-5.90439641,-11.50136006,-10.88633459,-6.40239673,0.79202225,8.72654743
16.48437500,-8.87816595,-8.51431100,-1.98303798,-8.03986356,-10.97944348,-6.47326514,-2.25664373,10.66446465
16.48828125,-7.05831162,-12.52585955,-3.92476162,-10.24760583,-8.51047960,-6.46316195,-6.75682392,5.91386557
16.49218750,-3.50248179,-8.29064205,-3.13930493,-7.62814788,-7.49220456,-4.50477855,-9.95035573,4.80758963
16.49609375,-1.11297493,-1.53684275,-1.24962693,-3.87793096,-5.23594101,-4.06886263,-9.85652842,1.12458049
16.50000000,-0.80391213,-0.67526790,3.55296262,-5.31832266,3.78640978,-3.18368688,0.96477377,-2.79067871
16.50390625,1.35890792,3.15388632,1.53905717,0.46021188,11.50715326,-0.18738125,4.32697927,-1.76788598
16.50781250,3.55278268,4.72272347,3.76932051,3.60330082,8.41327634,1.95165256,8.36622556,-6.64856095
16.51171875,5.02187998,8.05241470,3.23929467,7.42961822,12.10371296,2.00999069,8.59603089,-10.69637890
16.51562500,7.72306149,8.61463342,6.51222017,7.28113419,11.54238371,4.36909274,0.02511097,-6.85628232
16.51953125,9.63882172,7.80024661,4.95495504,14.32732806,8.14199745,9.67891540,-1.83494276,-8.41113930
16.52343750,10.64673239,3.26200682,7.23614548,9.94234041,1.62864123,11.39607997,-10.13680651,-9.67907068
16.52734375,13.03617165,-2.76627781,7.60725394,10.68745453,-0.92907742,6.95156749,-5.13519950,0.00437979
16.53125000,10.69752119,-4.14712342,10.09922451,9.26046460,-5.42416257,9.23469092,-4.06685516,-1.12926894
16.53515625,7.39074540,-7.48951251,10.84242564,3.78353565,-7.64691898,15.76719168,4.72034582,1.29310212
16.53906250,10.23066165,-9.99140704,11.22307722,2.30926767,-10.92070708,10.63051924,5.23532302,1.33561833
16.54296875,0.16872071,-6.80410714,10.43576410,-0.92928948,-8.02861857,6.48743743,10.39922001,10.27233635
16.54687500,0.49972151,-3.13999375,5.07675551,-3.67559722,-6.52319164,9.60332694,5.39800482,10.42247802
16.55078125,-4.91680810,4.02050771,8.93311741,-7.16890045,-3.85980006,6.30594210,-2.62138915,9.96220115
16.55468750,-4.65081050,6.03649811,10.18194546,-4.95140708,-0.88947177,4.69666593,-9.54352627,11.58618707
16.55859375,-6.47936377,11.88402952,5.84980092,-8.29531622,4.37684801,3.43723964,-7.72802897,5.59936417
16.56250000,-6.62180055,9.83818672,9.10171992,-8.90562333,7.52051389,1.29831826,-5.29985661,3.80810415
16.56640625,-6.58452493,10.12157735,5.77661949,-5.55378913,12.82952012,3.73250042,-1.58918888,0.48499494
16.57031250,-8.45761607,7.73350739,2.00363500,-7.43145240,9.55724457,-3.61817089,5.67699841,-2.03752760
16.57421875,-9.68657385,1.17050595,-1.45955546,-6.08287323,10.20271808,-6.20927908,10.93130282,-5.14867335
16.57812500,-8.86784183,-2.51036958,0.83044575,-1.90732221,5.31446927,-2.98803434,5.22863214,-8.01315458
16.58203125,-6.11952789,-4.63086928,0.76051397,-3.01186587,0.84517231,-5.58926681,6.04494673,-9.38271846
16.58593750,-6.06006782,-10.40539687,1.49772769,0.07829087,-5.12735454,-7.76723333,-9.05166046,-11.03837736
16.58984375,-5.34865778,-8.32695258,-0.15051992,1.26041956,-8.26689121,-3.79858983,-6.44742469,-8.19851605
16.59375000,-3.96006714,-6.33422654,-2.33258423,7.41720012,-13.99133131,-10.69875873,-11.53129582,-8.42153939
16.59765625,-0.08107555,0.55840199,-6.46391766,7.24242109,-7.73889738,-10.42115517,-8.70912010,-2.37259124
16.60156250,-2.96989944,-0.66501852,-4.18834465,7.22415606,-7.67306632,-11.28494729,1.29277630,1.02661571
16.60546875,3.16062701,4.65490498,-9.59125869,8.12983129,-4.16433004,-7.00115347,10.45675218,9.83529900
16.60937500,4.75800654,14.26721290,-9.42111406,4.11436999,3.83896518,-8.12809234,10.13112014,9.34418961
16.61328125,5.39540439,13.32366392,-10.89738302,8.00946681,5.27163773,-7.61534130,6.57304141,11.61089029
16.61718750,10.78109863,7.89423677,-10.11178965,4.69692357,4.54109105,-3.12036593,-3.32641333,10.91927137
16.62109375,10.25713243,2.46871492,-8.20445278,4.86358346,10.31773785,-2.19913279,-4.92247070,6.50252138
16.62500000,10.32454533,1.84261347,-8.66098717,-0.42815058,8.68723738,-1.18064614,-11.72456528,5.04949969
16.62890625,11.90568526,-7.10080093,-13.75043475,-3.80777892,8.34324735,2.11109846,-8.62546300,6.22551484
16.63281250,10.75495845,-9.06472093,-9.71564252,-2.78682118,2.71477376,6.49314510,-1.69507807,0.40288081
16.63671875,4.33220037,-8.61612967,-11.81495035,-8.76355553,6.16828825,11.06039000,4.81828707,-5.14653707
16.64062500,5.38105209,-7.94214686,-6.82059741,-8.19272946,-0.55469885,4.30101091,11.44849320,-7.87835534
16.64453125,6.89074040,-7.31455728,-1.46817222,-8.04837481,-4.60682089,4.68154257,9.05686780,-9.72217597
16.64843750,-1.21540144,-5.73023870,-6.58396916,-9.54554071,-8.82095454,10.32396590,2.48343850,-14.77816933
16.65234375,0.06840249,6.86431515,-5.32305779,-14.44546451,-10.36584532,9.41123236,-5.98498799,-9.45407341
16.65625000,-5.19614262,5.79646653,-4.40037459,-9.81413525,-11.11392868,9.17135685,-9.80608277,-7.73671798
16.66015625,-9.50511102,9.96693146,-4.17463596,-8.82722292,-6.81319626,8.48038002,-9.25715395,-4.13421317
16.66406250,-9.96333225,13.58276514,-7.01489523,-2.98712460,0.15444588,11.55681436,-2.75339726,-0.52564194
16.66796875,-7.17511164,12.04580373,-2.08919288,-0.35430612,2.23250461,6.13138489,3.94091526,4.90810233
16.67187500,-7.52272423,3.90834815,-1.07980754,7.77846363,8.33039943,10.94541094,8.28294405,6.30711954
16.67578125,-10.41621565,-4.17934108,0.88600391,8.41899297,6.94393604,6.53629095,8.92838324,4.88563987
16.67968750,-7.61747045,-8.09807646,7.65721300,10.31354980,10.59169871,7.42379993,4.87705466,6.94133123
16.68359375,-8.86948363,-8.40350576,7.91457445,10.90243536,10.24463270,5.32694071,-1.27029869,11.02763274
16.68750000,-11.80112169,-10.24027122,11.23276058,6.81043710,5.07338150,2.92710319,-12.48460728,11.34030264
16.69140625,-7.73983385,-11.74765319,10.45343104,6.90915092,6.12507406,-3.49125779,-7.35594504,2.75839804
16.69531250,-0.53450099,-4.41506883,10.50475036,8.32907238,4.58849172,-8.29039088,-11.28912718,5.37639163
16.69921875,-0.05374335,-1.99648679,11.13746476,4.02216146,-3.09029195,-4.10958973,0.08398173,1.09531136
16.70312500,0.34039550,1.50796357,8.98981395,5.72995261,-5.03528886,-12.54881879,7.72512048,-4.36399112
16.70703125,2.79476573,10.10916214,10.20947984,2.08101806,-5.27799164,-8.09916349,9.92255418,-3.98330416
16.71093750,3.26795173,10.02547132,12.81780321,-3.72345113,-2.91739378,-8.08863564,13.93745322,-5.29179166
16.71484375,5.41882890,7.66772513,9.39204717,-3.10632344,-6.15868786,-12.66516540,3.94613697,-8.66412937
16.71875000,12.21433180,7.70294918,10.97528029,-5.76594514,-1.66817507,-7.06849691,-3.69575311,-9.72947016
16.72265625,6.30494650,1.93229848,7.76659772,-10.21610526,1.46395037,-10.95444109,-7.94911101,-9.36580703
16.72656250,11.29152447,0.75362248,4.77240496,-7.85783201,5.73641124,-6.03834645,-8.30608574,-3.83547965
16.73046875,11.77600961,-3.68165701,6.17189833,-9.64767746,8.05552715,-5.34019879,-0.42489182,-4.55049684
16.73437500,7.97761049,-4.13765383,5.87662376,-10.47305843,5.06306670,-6.55027825,0.48431221,0.12820744
16.73828125,7.07474503,-11.09919723,5.23628339,-7.00925050,9.15214180,-5.04065108,4.15973678,5.24387757
16.74218750,7.06642485,-11.13963649,2.93562786,-10.86269702,7.66198561,-4.10423437,10.67611667,6.56558014
16.74609375,-2.37549298,-4.01496146,1.54192566,-5.91192046,5.04644804,0.35447704,1.83099495,9.68173686
16.75000000,1.44640586,0.37981041,2.11478353,-2.12600275,3.29370040,-0.88946658,2.22071300,9.31693626
16.75390625,-1.31506890,5.57497677,-1.04351141,3.79949900,-4.77848229,2.02935396,-7.11582385,9.35181296
16.75781250,-0.56305806,5.84210783,-4.06629293,7.25236093,-9.74089353,3.38507578,-10.39813000,10.15947396
16.76171875,-7.59800837,11.75361808,-1.42998516,7.43672025,-8.45581595,6.34607793,-6.97338089,7.94736884
16.76562500,-10.50958299,8.50582196,-6.79955722,12.48113029,-10.45835077,7.50042544,0.41684898,1.37287005
16.76953125,-11.82310024,3.25868245,-9.91569967,7.98737678,-7.51555517,8.91598714,7.25212273,-2.15628963
16.77343750,-8.28820782,3.75194346,-9.79381343,11.18998978,-7.60671977,14.40848844,7.17180845,-5.89435016
16.77734375,-9.64096492,-2.00724638,-5.86699873,12.03078869,-1.97682217,11.87109535,7.97168564,-11.83068990
16.78125000,-6.36737866,-8.81519345,-9.53876349,9.17461488,1.43961117,6.69851064,7.42218186,-12.63016920
16.78515625,-4.99737668,-9.45983061,-7.92163808,0.17327033,0.64550019,8.64284274,-5.71431011,-14.52524282
16.78906250,-1.70835252,-8.98758992,-8.61401436,2.95500761,7.21354960,11.18152881,-8.33814395,-13.52358380
16.79296875,-4.47682856,-7.82924190,-10.10071587,-2.38757967,8.70787328,4.95471065,-10.43645591,-8.02651447
16.79687500,-2.56758452,-6.20055787,-9.13441890,-4.82724991,6.10714951,3.58986720,-8.97399721,-5.38686836
16.80078125,-0.71255415,-2.42363335,-6.87567463,-12.31477805,7.80953488,2.30490850,-2.00125647,-0.33087585
16.80468750,-0.87078146,4.68523895,-10.08225509,-10.88907643,0.75912370,0.98411153,11.58837179,5.76650572
16.80859375,0.94768537,7.73732274,-9.49848236,-9.39000149,-2.16586178,-1.31234390,11.86562416,10.07419126
16.81250000,5.67963935,11.39480801,-11.63669850,-10.95824338,-8.35289629,-4.33649563,8.44813205,10.53420185
16.81640625,7.32707378,10.58236818,-9.60878803,-9.85172836,-13.32019111,-1.97593551,4.50002372,14.69435277
16.82031250,8.53355773,6.92850323,-7.41176731,-8.67355562,-10.21215325,-4.68417411,-5.72905792,12.49343701
16.82421875,6.30988365,-0.19913897,-7.27475177,-6.49746284,-11.39649181,-3.54532153,-8.72418740,7.81284733
16.82812500,9.33764898,-4.93312048,-3.61457061,-3.83077669,-6.81654743,-5.17702252,-9.32856859,4.78825149
16.83203125,10.20316835,-7.53811421,-3.75394956,-0.34486328,-2.89473514,-6.96444237,-1.37492443,2.54642528
16.83593750,9.68869565,-10.74676996,-0.95815018,-0.39275068,4.35834804,-8.63124516,4.67649585,-2.14871056
16.83984375,5.74046205,-9.21606331,2.08099405,3.19806824,5.67261876,-11.42645989,12.38509711,-5.60213613
16.84375000,3.00681745,-4.97292849,5.93047344,5.96317603,8.67394053,-11.83600912,12.90814112,-5.63331389
16.84765625,4.52010056,-1.98739330,7.09328736,10.72026447,12.96210940,-11.45624483,1.94290442,-12.41329917
16.85156250,-2.00937852,-0.04185126,8.23926146,10.78381524,9.73292255,-9.58496035,-1.75010410,-12.51016644
16.85546875,-5.24330538,3.63926624,6.84793460,11.81669637,8.94721917,-7.25949265,-7.99487645,-8.35290694
16.85937500,-6.45363330,10.37686044,6.10237740,10.14969017,4.30282324,-13.58049798,-13.44094726,-2.39843293
16.86328125,-10.27145758,9.70661277,5.41304408,4.76258144,-6.18158909,-6.55848216,-3.22729647,-1.52641775
16.86718750,-10.76212460,8.39805865,8.69087508,7.49634671,-5.21587339,-8.57233446,0.72406003,0.65855959
16.87109375,-8.01814139,3.36592705,4.89503268,7.23725942,-8.45653916,3.38645113,11.60607373,2.37681015
16.87500000,-6.61055212,1.70977560,9.13765979,2.03171832,-12.48929098,0.74694936,13.48619556,7.22535120
16.87890625,-8.34185662,-3.30534959,10.94392137,-3.31192708,-11.44957630,4.96384264,8.60927785,7.11396478
16.88281250,-9.04626067,-5.87835814,13.80480660,-6.01910966,-8.82313836,4.20413733,2.43926616,5.99553817
16.88671875,-8.34854019,-10.18555097,9.42203483,-6.79071549,-3.79994285,3.16373868,-8.49139961,7.73104824
16.89062500,-8.49906637,-10.86446096,6.78355467,-11.07915402,6.02816215,5.93399629,-13.81238178,9.78477316
16.89453125,-3.58513572,-3.34114608,4.73544821,-11.49982641,8.20112929,5.69247359,-8.35048276,5.01458330
16.89843750,-1.42551847,0.38257999,7.63335560,-15.20501246,8.82249227,9.19219108,-4.13971744,4.73428365
16.90234375,0.28325503,3.08076453,5.37367225,-7.02498010,7.98182021,11.13230387,1.58363367,1.30785808
16.90625000,2.09101948,11.32027116,1.97233650,-7.27695280,11.45108907,9.75873119,11.57136162,-6.63430673
16.91015625,4.13268928,7.75781879,-0.64357875,-6.18565102,3.74048566,5.39452709,7.92284382,-5.91295581
16.91406250,6.12809662,10.21563457,0.02575394,-2.69641127,3.33241929,11.45815395,6.86862044,-9.53895616
16.91796875,5.92092354,11.00587520,-2.58444916,2.79130589,0.17019939,8.39798942,-0.28043887,-8.93650436
16.92187500,9.73611632,7.20516741,-3.81691022,6.28255122,-6.46125598,7.20692010,-8.17991899,-6.76461910
16.92578125,12.01139656,1.32635626,-8.77912701,5.15006179,-10.56038355,6.31115809,-5.95448016,-6.35154755
16.92968750,15.54765046,-4.47012901,-8.92372330,12.77529503,-10.50277011,5.38606841,-8.32281570,-1.67188787
16.93359375,9.50042476,-9.00476240,-5.64441809,10.98078556,-8.74955416,-0.88279814,-0.15689580,-3.18428222
16.93750000,3.97194098,-9.03307450,-6.26700723,6.63870766,-6.39517834,0.80930330,2.57552125,0.86650715
16.94140625,5.54174823,-10.10830825,-5.15749356,6.16308424,-1.36784652,-4.40379145,11.80405873,4.60272400
16.94531250,2.77352050,-3.13467171,-9.97142209,7.08150193,-1.12368961,-6.51445357,5.27354837,10.04077372
16.94921875,-0.81222367,0.33422745,-10.48979051,4.78038505,3.94447742,-6.19203192,1.55800658,9.01274822
16.95312500,0.53820983,4.10702188,-8.82722450,1.96290416,8.54357602,-6.06088952,-4.35261712,10.44632670
16.95703125,-4.65226375,8.97450543,-9.84362099,-1.58128034,6.37692116,-8.26501617,-7.55525655,8.79730606
16.96093750,-7.71059091,12.77888643,-4.84490446,-1.89854149,9.61451538,-8.68093142,-13.63675061,2.22242290
16.96484375,-6.43766898,10.57413864,-7.88597047,-3.27314964,2.63105869,-10.79583901,-2.88088886,1.40912998
16.96875000,-9.14218336,9.66960348,-8.81105090,-5.48720689,3.95586152,-9.39489094,5.60792947,2.02440270
16.97265625,-11.16698978,2.23841094,-10.97694634,-12.93493673,-0.69201424,-10.40602910,11.06566985,-5.44052310
16.97656250,-6.98272351,-1.63917663,-8.38407499,-8.55385027,-6.27056840,-8.47808705,15.26012438,-5.41002011
16.98046875,-6.63488322,-6.01921371,-5.40360197,-15.02740044,-11.83334180,-4.26178148,4.65018509,-9.08090750
16.98437500,-7.12151088,-10.99219250,-3.13669879,-8.80641618,-11.21968981,-3.45496738,-2.81522737,-9.45171866
16.98828125,-4.64132338,-10.90982635,-3.08535231,-11.39495483,-14.87609268,-3.41018089,-6.70879337,-7.79225987
16.99218750,-2.81629872,-8.85866807,3.49506249,-4.84500565,-10.38685183,-5.38791044,-6.80265408,-13.53859133
16.99609375,-5.05769118,-8.45311240,-0.82425160,-6.10503948,-2.70255800,-6.02286576,-9.37121572,-5.57257924
17.00000000,-3.20092428,-3.91473364,1.20289352,-3.57597059,0.56933799,-0.03102730,2.55213467,-1.09273575
17.00390625,-5.33865257,4.96359286,-1.58093764,3.81832308,7.47558527,2.69282456,4.89019040,-0.52396481
17.00781250,1.93971532,8.06186955,4.37693831,2.64650917,6.10593584,2.13438052,10.25539619,8.10968472
17.01171875,3.03172700,13.68979340,4.26137460,12.01492552,18.16924574,1.14641114,7.24441228,10.78127519
17.01562500,8.14459919,12.24058798,0.00539570,8.67386997,6.67883444,9.40114527,2.90884751,9.66125926
17.01953125,6.85039061,10.99721939,5.16248528,9.48358738,10.04871175,3.95341458,-3.35088801,11.88298801
17.02343750,11.13970896,1.64768349,5.76743472,12.14967443,3.78912794,6.38560431,-7.38001942,9.00746139
17.02734375,12.67473753,0.31869414,9.81927048,11.30691181,-2.33611555,6.73503545,-7.46608977,6.63993786
17.03125000,10.36847942,-7.62761342,10.28514620,9.57717530,-3.17509736,9.16520121,-7.30970558,1.04740052
17.03515625,6.18940424,-6.91409233,13.58565720,6.24497902,-7.03580623,11.07112592,1.70577915,-3.29670838
17.03906250,3.54118447,-11.20342858,11.38636890,-0.23747125,-10.87387598,5.22985233,8.09566218,-5.61588366
17.04296875,7.61991731,-6.34728940,11.76125430,-3.54959372,-8.25121582,9.48360352,9.11687161,-7.05216806
17.04687500,1.41372018,-3.78287996,11.38906739,-5.80111635,-9.91613591,8.20326690,6.81012578,-6.12757205
17.05078125,5.22260379,-2.84948252,13.70837604,-6.93010627,-3.20840253,4.62148936,-0.48886028,-13.06435609
17.05468750,-5.42146395,4.98787490,7.39924291,-11.66914883,1.56830859,2.77809355,-5.09147645,-12.03185375
17.05859375,-5.01726209,12.34193317,8.65365103,-11.71562166,2.47869667,-0.78008097,-7.96880931,-10.61125709
17.06250000,-3.62040178,13.70445159,3.19574734,-8.87562478,7.33689814,2.75886342,-6.08089460,-0.87270450
17.06640625,-9.62479042,10.88307975,1.55585996,-7.42187888,12.56079246,-2.94400569,4.23735290,1.54251035
17.07031250,-7.68876511,9.79336956,2.39010927,-4.44971662,12.68070844,-0.16640588,12.99917776,5.78160164
17.07421875,-3.25199959,3.88884659,4.76770929,-2.06726975,5.24994889,-3.33823619,11.30180629,6.04122023
17.07812500,-7.33985042,-2.91855189,0.76558111,-5.01029761,7.17622613,-3.52153087,10.08923650,7.94796317
17.08203125,-8.19970714,-4.56891249,2.75663538,-0.37705065,-1.02168548,-9.12880754,-2.66956102,11.31226811
17.08593750,-4.84656866,-10.45623181,2.99340738,-3.20702512,-0.35252658,-8.48643278,-4.87088214,11.68880768
17.08984375,-6.02320487,-10.10260321,-2.04024741,6.26971298,-6.60916833,-10.13991230,-11.77233108,7.00668553
17.09375000,-2.41857947,-3.87733030,-2.90205388,3.29716072,-7.73227237,-9.48406262,-9.03205481,6.83947991
17.09765625,-3.69837735,-5.59648506,-4.71068201,2.51493880,-9.38050850,-8.26525250,-6.37449333,4.33319148
17.10156250,1.78236378,-2.08998427,-6.56483054,4.09677880,-9.06594800,-11.80429500,2.76704593,-0.32699132
17.10546875,-0.14854449,5.35929395,-10.34364767,10.02874262,-4.31656542,-12.74804861,10.69636156,-4.58745376
17.10937500,2.38543259,10.02004673,-7.36496882,9.72473615,-0.56277614,-7.66780688,11.43658033,-9.27795863
17.11328125,6.40195035,9.73319207,-8.65930540,7.29634823,5.07029492,-2.24823280,6.90375336,-4.45352269
17.11718750,7.76627678,7.45869858,-10.22250187,6.84269515,6.37838764,-4.40297631,-2.91622886,-7.82171456
17.12109375,6.16344066,6.89296936,-10.35581350,1.77041715,9.78428398,-5.65665992,-5.71030380,-10.29201615
17.12500000,10.48477871,1.59438393,-10.96937533,4.75055970,9.86569363,2.55321175,-8.50943862,-6.75897957
17.12890625,10.42034881,-6.81273818,-12.89027526,-3.62528377,6.97880601,-0.11706434,-5.77239897,-4.26684658
17.13281250,12.74287174,-5.67455636,-10.71718608,-6.43566815,4.77561029,2.60926919,-1.17556074,-0.49900945
17.13671875,9.29791610,-4.98601407,-6.65886552,-6.42470088,5.87849553,6.32657936,7.82782066,-0.82370604
17.14062500,6.98596717,-11.67967851,-5.16383817,-13.57571248,-3.55598305,2.93755460,4.80830822,3.33659576
17.14453125,2.74157806,-6.50553979,-3.53212814,-12.85038797,-2.79426104,6.24479466,8.77471650,6.53695835
17.14843750,0.37593172,0.22249024,-5.11025884,-9.01225854,-10.10577412,7.25571654,3.48954207,13.08104138
17.15234375,-1.90982888,-0.93823585,-2.49221892,-10.63501175,-10.66282804,10.22126854,-3.38034604,9.37626439
17.15625000,-4.01707911,10.96164685,-9.27184479,-4.80661083,-8.13606366,6.08097407,-4.98328025,8.52770903
17.16015625,-9.86346067,10.26073483,-1.59693934,-4.92159831,-3.74234937,11.95439911,-11.26244439,6.11770345
17.16406250,-5.78863151,8.59417604,0.33995521,-2.06465022,-0.60644958,10.72348395,-5.58605920,1.51719556
17.16796875,-8.52515942,8.58724857,1.19258671,3.08505209,1.30729298,15.73062428,3.19692839,0.98675681
17.17187500,-8.68920976,3.42746537,2.23813936,1.60950697,8.25819124,9.34425622,11.95945951,-4.13607399
17.17578125,-10.46491524,-0.46520062,1.15760019,6.88677235,11.28746130,5.70259447,16.10664744,-6.65447269
17.17968750,-8.87835156,-4.00198569,4.83669818,8.43706492,10.71155514,8.07892483,9.91974184,-7.92581410
17.18359375,-4.06040234,-7.15836598,7.12487508,13.25070015,9.05815452,5.54148171,-0.46107268,-10.80661497
17.18750000,-9.72838094,-7.47549601,12.44690345,12.42421774,6.90120052,2.64787584,-7.11876060,-8.78835223
17.19140625,-3.94252866,-7.95698195,11.20211719,7.96025922,6.00041407,-2.02526870,-12.78258176,-7.04807103
17.19531250,-1.60740967,-9.32098180,9.89085033,9.05313085,-3.63615014,-8.66980899,-9.96751355,-6.05663978
17.19921875,-4.47719876,-3.81322722,8.66064163,2.27574775,-5.17423248,-10.61159309,-3.50946092,2.74020020
17.20312500,-0.26319221,1.45653469,9.51629380,6.02189191,-5.54481600,-9.18781295,5.72368728,2.38374359
17.20703125,0.16334266,5.19658574,4.15570504,3.21244468,-5.54663369,-9.07517482,11.80553770,6.99746756
17.21093750,2.70177707,12.19938368,7.79219214,-4.95860814,-8.58294396,-13.84529312,12.63830379,10.16779964
17.21484375,6.15202697,9.84910632,3.82786669,-3.18278727,-5.89194038,-8.62862509,5.39252329,9.60110135
17.21875000,4.75994501,7.81415644,6.63231356,-3.53649359,-3.49503269,-8.42116796,-3.19718994,8.49744836
17.22265625,10.03972951,8.60453804,5.64465705,-7.58591652,-3.39122775,-8.41554157,-9.32295752,13.49743352
17.22656250,11.78717483,-0.66594043,7.92784125,-12.52001019,3.14464113,-6.44951263,-8.11750577,7.77183910
17.23046875,12.18380355,-5.67428706,7.49713391,-11.47321361,5.11286826,-4.60554904,-5.02755230,3.22284920
17.23437500,11.23173650,-10.87837480,4.94076338,-7.76765916,8.93632086,-5.43382640,4.00976809,-4.40884771
17.23828125,10.36986397,-8.97444484,3.14960846,-7.62214182,11.00166341,1.47848013,8.54688876,-5.11394501
17.24218750,5.49690428,-6.01628411,4.66975215,-4.14785013,5.33643120,-0.59041670,6.27488227,-9.98615501
17.24609375,1.65137988,-4.26266488,0.51920333,-4.23821057,4.06666408,-4.11412007,8.21278046,-9.53875378
17.25000000,-3.26526158,-1.37365512,3.08108296,2.93725878,-1.32516004,2.70027675,0.06313637,-9.82538764
17.25390625,-5.49031342,4.91579425,-4.75885773,0.86365556,-6.88965044,0.77647008,-8.60050786,-8.19868409
17.25781250,-8.03153952,6.40826977,-4.98918509,5.00015875,-7.62037891,6.69374219,-8.98446771,-6.80568809
17.26171875,-8.93541759,8.17437714,-3.22888847,5.25394555,-8.53521516,5.44555791,-5.33496641,-4.29600723
17.26562500,-7.32115691,11.93124566,-6.52559764,11.58110734,-8.09296061,8.16107488,2.68657633,-0.87565984
17.26953125,-8.45225718,9.10935301,-7.65670537,12.64234353,-7.00297284,8.54180485,3.81321144,4.42768907
17.27343750,-7.36897304,2.48296909,-8.70304380,8.65334914,-3.07166519,11.96059267,8.59257931,1.61473093
17.27734375,-10.33931261,-2.43725071,-7.53250890,9.43391464,-1.36412772,12.44307575,7.29603381,4.97058645
17.28125000,-7.88023214,-7.83436118,-7.69139014,7.05620385,0.73261197,9.92956407,1.53265034,9.10709757
17.28515625,-10.45437251,-8.49305692,-9.01501000,4.91852088,4.82069553,7.83750984,-9.67506304,8.99594175
17.28906250,-9.06221925,-12.21523235,-6.55517632,2.61653761,7.37700565,8.19815512,-9.76252124,7.27478115
17.29296875,-5.37033484,-9.39402211,-5.86713397,-0.04507802,11.47078218,8.95845846,-11.48958636,7.18044421
17.29687500,-1.75269337,-2.50908680,-9.61052674,-4.82634299,9.02613983,6.05241179,-2.80833570,1.56467193
17.30078125,-0.38935815,1.56237608,-4.43897983,-8.34030661,4.78867864,1.23741909,-0.47451437,2.29903094
17.30468750,5.79513407,6.24909036,-13.45868259,-13.15050420,2.31581021,2.16912730,9.27593600,-7.80362724
17.30859375,3.82400025,8.36924586,-12.61054748,-9.89993228,-0.72616112,1.26469276,8.62602983,-12.05883333
17.31250000,2.75844199,10.89923378,-10.98414923,-14.50440831,-4.73511237,3.96540448,11.55130934,-6.89030568
17.31640625,5.28577865,4.95870360,-9.29713074,-5.26047062,-3.40663080,-2.67185983,1.53376688,-6.85073076
17.32031250,5.06761835,7.00422405,-1.59615125,-8.51041526,-8.04103388,-4.19094465,-3.71792567,-9.14613452
17.32421875,10.27190205,0.52208575,-4.37647826,-6.58410722,-12.19524588,-2.49282717,-7.01643915,-6.67027749
17.32812500,11.29884207,0.00901755,-0.09255257,-4.19773248,-7.23919142,-6.46966071,-10.52967484,-3.71488730
17.33203125,8.63620775,-2.61083063,2.30670728,-0.71552011,0.00895467,-6.61606918,-3.56932447,-3.66258145
17.33593750,9.23401099,-8.56766944,3.62878989,5.55339894,0.60157926,-6.53678203,1.73071675,2.68287181
17.33984375,5.85745379,-10.42490277,1.67912238,4.08429244,8.56912773,-14.18270848,3.11697608,4.34087455
17.34375000,2.35961811,-8.65415804,5.41716088,4.61206309,11.49343770,-8.95868393,6.61814415,10.62473295
17.34765625,0.07621862,-0.79049079,8.58329888,7.50550734,8.41906200,-12.98389275,5.83745727,9.21249555
17.35156250,-0.78769041,2.17143040,4.66599509,7.71306213,11.84783099,-9.44328782,-3.93743167,11.46426578
17.35546875,-5.79776244,8.55451910,4.33349138,8.41148321,10.42624164,-7.59034005,-9.69421780,9.17919962
17.35937500,-0.38219279,8.05295122,8.41341660,10.58818566,4.32396711,-6.34614450,-6.13045205,9.35319676
17.36328125,-5.77412485,11.62620747,12.41856597,6.30209575,-2.00717283,-4.82178068,-2.88459853,3.78378491
17.36718750,-9.23325172,7.74699626,9.56886356,3.04200016,-6.75186053,-1.82752816,4.88933020,1.64079404
17.37109375,-7.90434106,6.76685660,11.37843967,4.35251904,-4.62281856,-0.31226488,5.28467337,-1.63647681
17.37500000,-11.83630489,-0.60924327,5.72602139,0.19235938,-12.96168949,3.30742416,14.36604256,-4.76531636
17.37890625,-9.78610427,-4.89724581,9.28336698,-0.92143640,-9.81796048,-0.80213866,7.77924099,-9.33019138
17.38281250,-11.50278151,-9.38283739,10.96011153,-5.88886324,-7.92796276,3.64391970,-2.67940416,-11.53533641
17.38671875,-7.49733770,-10.39691111,8.04106495,-4.50214178,-1.90849168,9.78553879,-3.14075963,-10.30922554
17.39062500,-7.26312918,-8.80074537,5.55258838,-7.43258594,2.05868672,10.08840144,-10.77281381,-9.71381008
17.39453125,-7.02883324,-8.42942988,7.46087148,-10.76557940,6.35346263,8.76145071,-8.12180565,-5.72456675
17.39843750,-6.43709455,-4.47777867,6.40550579,-9.94881391,6.52504690,6.82819090,-4.22505822,-8.77876907
17.40234375,-2.00966117,0.53080190,3.87481738,-11.65128972,11.31782653,9.16689114,4.62151594,1.26046012
17.40625000,-0.91219705,5.74185031,4.75575355,-8.14031728,9.15124515,10.80692827,16.20686335,5.59704341
17.41015625,5.39723088,10.31502830,4.12727181,-5.31971832,6.53719500,7.30415265,13.20234640,12.27130723
17.41406250,7.15289013,11.85437703,2.98339666,-2.59699687,0.71001898,5.49039982,1.18645261,8.57705812
17.41796875,8.28634675,9.31115283,-3.50249689,1.65673304,-2.65124123,11.57016313,-5.14116247,12.04446704
17.42187500,11.00283898,6.91653948,0.74063506,4.47907706,-5.37580997,2.23298205,-5.36355413,10.40056548
17.42578125,9.56262433,0.62224641,-3.28619170,6.30415564,-9.52107507,5.44617569,-10.65642276,8.33405095
17.42968750,11.39489468,-2.08437986,-2.69591376,7.97832984,-9.15240275,1.91104780,-7.17714679,5.74727688
17.43359375,5.84321267,-7.80449351,-4.41005142,13.40160393,-12.56749274,3.37045336,1.86741764,-3.40440152
17.43750000,4.87798551,-8.97171145,-1.65957216,8.26204867,-8.69695900,0.27997498,5.05293362,-3.45991107
17.44140625,4.28202799,-8.91215407,-9.34203860,6.92199596,-6.27893987,-1.69477490,6.27869614,-5.70737350
17.44531250,2.94310778,-5.90216123,-7.82161331,4.41182620,2.83345019,-1.97643686,7.44462239,-12.86397149
17.44921875,1.83397828,-1.12153595,-5.82884803,3.63907261,3.32926526,-4.99074006,0.79533404,-7.42163793
17.45312500,-1.59818230,3.14594830,-7.37071064,2.05818774,8.38010835,-7.93464682,-8.88491294,-7.60570101
17.45703125,-2.46195509,7.93082918,-9.51683287,-1.44541831,11.23566250,-10.17289953,-11.01852936,-8.05530189
17.46093750,-5.45984515,11.91202703,-9.72306246,-2.16631163,8.45181112,-10.31209267,-11.73456835,-2.86004562
17.46484375,-10.72808462,9.65033827,-8.74795936,-5.52234928,4.91228206,-10.47206575,-3.48914308,-0.07888257
17.46875000,-5.38049422,10.86150927,-9.42986633,-4.60272064,4.30302685,-9.92192690,8.14377266,3.50201959
17.47265625,-9.80651431,6.51717962,-9.89413397,-1.72883487,-0.48968024,-9.71209411,8.19943948,2.54634223
17.47656250,-6.20677622,-0.37143150,-8.26439033,-12.02559545,-8.11885162,-7.25478012,7.40968848,9.59253378
17.48046875,-8.05967573,-6.23002028,-7.01114299,-6.50704043,-12.24650702,-9.16066919,1.13717981,10.39687044
17.48437500,-8.18836233,-9.92199953,-3.09532307,-9.47683169,-11.99168539,-8.42583732,-2.42114722,6.88666497
17.48828125,-5.71118314,-11.07741782,-5.03678031,-7.02820077,-12.48764690,-9.00779133,-10.81361317,7.16005935
17.49218750,-6.38164793,-7.38624049,-1.73081112,-4.21420922,-9.86181676,-5.06747679,-11.43504584,7.72020312
17.49609375,-3.04588527,-6.74003492,-0.47354070,-1.43252820,-3.19173947,-2.29891203,-7.40938487,7.48721167
17.50000000,-1.32127855,-1.85995272,-0.79678723,0.53301284,3.64237469,-1.30937620,0.30256686,0.11867204
17.50390625,2.80007171,1.62475248,-1.01149541,-0.24497731,4.44161335,3.67226572,6.17710122,-5.46583532
17.50781250,3.78565755,8.18378031,2.59132129,2.55600592,10.14031831,1.03137109,8.05255521,-6.97813784
17.51171875,6.75235312,13.14980149,6.79128739,4.54162626,10.16616916,4.06697757,8.66239413,-7.46932838
17.51562500,5.80150816,6.51791292,4.86429327,10.05437482,8.72999837,9.57354749,1.28885459,-9.84106710
17.51953125,9.82377642,4.60117402,2.04751380,10.00223298,11.34949302,9.77305169,-1.16836350,-6.00526974
17.52343750,8.46420025,3.89217444,8.01305288,10.24619837,4.02431154,8.84410907,-7.23264786,-6.22555640
17.52734375,13.75521998,0.05678147,11.80003229,9.92068632,-0.58063570,13.48477430,-9.26086025,0.59355252
17.53125000,10.07401596,-8.73637770,7.32567525,8.91707609,-6.31475475,10.07834225,-3.01455648,-2.36182522
17.53515625,11.66379392,-11.57559882,8.56000906,1.83572636,-6.89766072,10.86802682,4.77427197,3.76412408
17.53906250,6.59740952,-5.87722690,12.42243376,1.16074242,-5.35175892,9.44756960,12.88966828,-0.57146030
17.54296875,3.77322930,-9.55867190,10.57485313,-2.43277181,-9.41350249,7.91975336,9.98766766,6.04430800
17.54687500,2.73373266,-4.18021491,9.03834310,-5.71853011,-1.69792651,4.94424274,2.06912722,10.51968943
17.55078125,-2.30870005,3.58180530,11.38952967,-8.50183263,-2.36041374,3.97357905,1.18854221,10.98283437
17.55468750,-5.43799571,5.76045296,9.44214761,-6.53010234,-0.92851680,3.81887455,-2.30349661,11.09937898
17.55859375,-5.78007345,10.06030034,6.58514778,-10.66915355,3.29583235,0.80336721,-10.09036748,11.44969250
17.56250000,-10.30704078,9.49213048,7.94527222,-11.40961584,6.09197358,1.77364735,-8.13070207,4.46791068
17.56640625,-8.36365070,9.25616604,6.36186311,-5.94177297,7.56693565,3.53424030,-1.66500995,4.37646276
17.57031250,-10.56336854,5.95690256,2.35723716,-5.21623411,8.57129106,-2.15367336,6.49183466,0.02728159
17.57421875,-4.90863715,3.60387846,-1.43442664,-3.47055717,7.73821069,-5.73881856,11.81348297,-1.57864770
17.57812500,-7.24315958,-1.57677060,5.25584451,-3.88126364,5.73775790,-1.95455168,4.33919801,-7.69481405
17.58203125,-6.44658287,-5.87480001,2.05946663,3.46138352,-1.59481092,-7.56982623,1.00714620,-9.07430522
17.58593750,-8.27227560,-8.33371033,1.55225742,2.25676930,-2.84550284,-6.11433441,-4.13307533,-12.77384492
17.58984375,78.35959171,-9.30266944,-1.08622415,0.63014723,-10.42385583,-7.76531761,-11.23092644,-11.42068163
17.59375000,78.45705355,-7.11394042,-0.29634640,4.15738121,-7.23768584,-13.35915654,-7.01138491,-3.70330758
17.59765625,76.84527416,-3.47204135,-4.08754310,7.62481478,-9.14172630,-10.52573914,-8.56491054,-2.70563221
17.60156250,76.73914181,-0.13418406,-9.76420459,9.21038582,-9.75190914,-10.45094113,-1.81329773,-1.05624452
17.60546875,76.29815310,8.02900202,-8.41290760,9.93013417,-4.36983379,-13.08377617,7.42640101,7.27524618
17.60937500,5.59461903,13.56872244,-10.45294324,10.63808389,-2.19874801,-6.91442528,13.03453536,8.37682496
17.61328125,7.20077191,11.72694630,-9.27973788,9.36449179,4.28553329,-6.14543483,9.37916170,6.03042259
17.61718750,8.00388919,8.82741728,-11.64236043,5.42794698,4.05030009,-3.89346983,-2.20141180,8.63894708
17.62109375,11.45021586,5.37712888,-11.72708854,0.17479845,5.71530389,3.63669287,-7.53641798,7.93550754
17.62500000,10.86649874,-0.53896331,-10.08535249,2.90089200,9.26718914,-0.34648584,-5.92250684,7.37112665
17.62890625,9.31865430,-4.17172406,-9.44123333,-1.15363023,9.17508722,4.81338297,-7.18097685,4.67764772
17.63281250,9.04127987,-3.99593300,-10.61186270,-3.40469463,5.20500181,1.68547518,-4.63030465,-4.57899239
17.63671875,8.81215012,-8.61644133,-10.59356810,-8.37661407,1.86803213,2.94607924,1.84607588,-3.96780270
17.64062500,7.20499027,-6.69627954,-7.14226709,-10.15487391,-5.57581554,6.68673533,13.57619089,-8.40318906
17.64453125,3.19036869,-7.12816242,-10.26664766,-8.83159219,-3.81320299,5.63387526,2.71795749,-9.36093914
17.64843750,2.08656386,-1.56524908,-4.94610599,-9.10622698,-9.56458676,4.30122683,0.48897298,-9.04652240
17.65234375,-3.64190338,3.09066021,-2.03664524,-11.84418106,-10.48648783,8.34069956,-5.85806961,-13.21101782
17.65625000,-8.01876398,9.19383285,-8.05679695,-9.60230997,-7.72962871,11.06634677,-8.17824497,-9.81005325
17.66015625,-6.12521354,12.35958395,-8.44959030,-5.05186058,-8.95634627,10.21614157,-6.27950026,-4.64515335
17.66406250,-6.49992131,10.16283772,1.44118369,0.16115847,-3.33541909,11.36644782,-3.48160692,-1.69744115
17.66796875,-7.98229968,7.26126205,-6.05749817,7.21852840,3.26885740,7.93226820,3.59762447,3.69751576
17.67187500,-6.99613799,4.14477515,-1.13009034,6.43929408,3.89940919,13.24367544,11.20400830,1.68220638
17.67578125,-8.22816040,-3.06221023,5.48266050,10.88548348,4.77277698,7.94459675,12.40360897,1.39772500
17.67968750,-8.49216231,-5.94545383,6.61825470,4.03945418,9.11101470,2.78703111,0.22097395,8.29430127
17.68359375,-5.15870387,-12.54947987,8.89669066,13.01369606,7.90669602,1.27265146,-10.09695683,10.12772758
17.68750000,-6.53104090,-10.10176327,11.38719446,5.65024484,8.17522193,-2.55111645,-7.91194476,3.39875411
17.69140625,-7.01681271,-9.90643311,12.35667586,8.13094613,2.36819457,-5.02166556,-8.89076939,3.37791133
17.69531250,-5.62403493,-7.03221294,8.08479940,7.10373441,-1.11187059,-5.99819690,-10.79802874,5.57217019
17.69921875,0.96280609,-2.43877021,9.34077296,1.13606270,-7.03032966,-6.19008197,-4.94478692,0.62043941
17.70312500,-3.56030360,2.57922058,12.06655968,-1.53072655,-7.05980617,-9.42239773,3.06708135,-3.29498172
17.70703125,4.92615361,7.95323594,11.57289294,-2.30263421,-10.69585730,-7.73673809,9.19956500,-3.47472197
17.71093750,8.19549947,7.15674125,11.46006615,-4.34281096,-7.60316984,-11.11197524,8.08993027,-7.17258360
17.71484375,4.14284653,9.06282703,3.51429698,-2.71603248,-4.48064362,-13.14589841,5.63743987,-6.13382157
17.71875000,7.23971088,7.57092816,3.07812131,-6.55908536,-0.43677472,-9.28844480,-0.63275872,-6.16195907
17.72265625,6.71957558,3.47339656,8.16483592,-5.08454874,-2.81793760,-6.30326923,-4.49997207,-7.49622579
17.72656250,9.90927975,2.57008223,4.90100356,-6.95580998,2.69672393,-5.78911383,-7.37309463,-5.53033097
17.73046875,8.87193901,-2.89929422,5.44928154,-9.61827997,10.07252571,-4.00095829,-6.46749633,-1.16473825
17.73437500,10.16783198,-7.30708934,3.95928095,-8.90281824,8.98121305,-7.10643217,-0.79457229,0.47159114
17.73828125,9.89312978,-7.55717349,8.75659628,-7.50239347,9.39798165,-5.60649593,7.77378581,2.87608317
17.74218750,5.06068480,-7.83365217,4.68841625,-6.83120816,4.72476857,0.01267301,8.45546816,2.55381269
17.74609375,-3.13450436,-7.14888633,2.07072420,-1.87923963,1.64926080,-1.82860458,4.69858255,10.56752117
17.75000000,-2.77684319,0.53506494,-2.21893732,0.90523558,-1.53995899,-1.63820138,1.01192098,8.78072443
17.75390625,-6.16351578,4.51401288,-0.06666439,4.69282462,-5.17994780,2.12026727,-5.61217318,10.08444005
17.75781250,-7.39145507,6.93546216,2.11522421,6.64435306,-9.84153410,5.49017874,-7.75417926,10.96770784
17.76171875,-5.52012443,9.84089703,-2.68202174,10.39850905,-13.23319929,4.37830780,-7.99404544,6.46216781
17.76562500,-6.75724297,10.52429181,-9.13117808,12.29864965,-8.80177364,6.47794737,-1.35666477,-0.93228704
17.76953125,-7.81665257,7.12040136,-6.34856979,10.06870192,-11.33174704,11.49929618,5.01643070,-1.26098754
17.77343750,-13.38022221,2.41288283,-9.93268705,12.30684229,-7.63878879,12.96970170,11.48159554,-6.05510882
17.77734375,-8.33692583,-2.73480590,-5.39656643,9.84009670,-2.42923071,10.22923395,8.58159100,-7.01132750
17.78125000,-7.66331371,-4.74653225,-13.40983800,7.98269347,-0.40588179,8.94628198,8.35439725,-9.58185080
17.78515625,-8.31985922,-8.70680921,-5.14876490,4.84708322,9.26242451,9.57892267,-6.04856797,-12.36353579
17.78906250,-5.26681058,-14.57348106,-2.70589740,3.26804632,9.92693012,9.92359882,-10.59247618,-11.64496746
17.79296875,-3.45803895,-10.91078287,-4.43616083,-0.35472167,8.59978002,8.92851175,-13.25642464,-7.41406088
17.79687500,-4.49728659,-8.45004534,-7.65158265,-4.06126241,11.95301224,3.27146857,-10.70382798,-4.85209126
17.80078125,-3.44578154,-1.31030179,-9.96107564,-9.03692850,2.64076706,6.04033902,-0.98391156,0.87821495
17.80468750,2.04191893,5.91780077,-8.11244833,-9.90513429,-1.88842620,1.85568863,12.36359225,6.04854435
17.80859375,2.12619544,10.13668213,-7.71257835,-6.44563351,-0.33747653,-0.57746188,13.33257339,7.31839085
17.81250000,7.21851037,12.41882176,-6.47343662,-9.38033781,-8.84555383,-2.41389513,7.92661170,9.51351337
17.81640625,10.14076523,8.15727132,-4.92960676,-8.76109814,-8.99568624,-3.90170116,3.66618473,12.26077601
17.82031250,9.97052644,2.04791902,-4.82750122,-13.43757862,-8.73310011,-6.38025904,-9.47562632,11.14239040
17.82421875,11.99065574,3.03187971,-1.32780161,-7.25882314,-7.89896767,-8.25193797,-6.26670461,0.67780739
17.82812500,11.59372622,-1.41931845,1.16007884,-3.27398158,-4.78723345,-8.92763537,-10.59932608,6.95295108
17.83203125,7.40200094,-5.47339215,-1.23206868,-0.86763899,-1.26135942,-8.25714620,-1.55694484,1.58147955
17.83593750,10.31662506,-11.93889302,-1.95563902,1.27079279,2.07786121,-6.81612754,5.55107884,-3.91356811
17.83984375,4.69402393,-11.70321193,1.11873703,6.47422572,7.56977137,-11.06799080,7.63695726,-8.02077967
17.84375000,3.46734242,-9.12732376,4.47954789,5.80947778,8.49360158,-12.45774173,6.46167029,-6.50078493
17.84765625,0.81344500,-0.59453098,7.61954902,8.65206137,11.43826175,-8.73129196,3.12644750,-8.25616261
17.85156250,-1.17806528,2.39341913,7.10407370,7.16578418,7.53659552,-9.17186449,-2.21466446,-9.74178268
17.85546875,-7.46721566,1.20177446,2.48948203,6.33099830,2.65016071,-11.47695877,-10.51774446,-3.25992142
17.85937500,-7.66271736,9.16220297,5.00492012,7.91304514,2.10521136,-5.34139059,-9.75694570,-6.50914443
17.86328125,-10.62998236,13.96270182,11.50746863,9.73648482,-1.07511302,-3.65164009,-6.11972706,-1.18200433
17.86718750,-7.77720175,8.82612525,8.40560549,6.56249587,-7.01054562,-2.28801751,4.43477102,4.13624748
17.87109375,-7.10633007,6.66493373,12.16069576,4.99596538,-12.77462691,0.56506795,11.75129464,4.36926395
17.87500000,-9.77367405,-0.54156871,13.43708773,-0.04658905,-12.70695756,1.69664749,9.91661055,4.98855973
17.87890625,-6.82658076,0.26408144,8.98820110,-1.23328239,-10.92512501,4.21340544,8.47759775,6.88140039
17.88281250,-8.36177664,-11.72227199,16.17854764,-7.96535188,-4.84935130,5.83688510,3.71401574,7.85758046
17.88671875,-8.59749027,-8.49390905,7.62975164,-7.33628648,-2.12042050,5.00154243,-9.90916091,8.30941927
17.89062500,-9.16387564,-9.78150911,11.82698955,-11.65084067,3.89482298,6.98372464,-13.89993394,8.36647358
17.89453125,-1.76109554,-5.30376018,4.17789899,-9.44888751,4.73380397,3.70936236,-8.02818571,6.39897832
17.89843750,-3.68471889,-3.27883960,5.91770444,-8.26721349,8.94609579,9.01254830,-4.36342548,2.82629094
17.90234375,2.29192438,-0.90809642,2.99691996,-8.86790908,7.13762608,12.50735194,4.95944856,-5.03231090
17.90625000,5.81943626,5.90280020,5.28199970,-8.79606441,11.64835963,7.00470612,7.72485558,-3.88269914
17.91015625,5.19400448,10.49637719,2.60406085,-1.28669336,6.27102284,8.58750345,9.65065340,-8.21906322
17.91406250,3.45853225,9.43107624,-0.45056724,-2.21729888,6.49237148,5.21391240,9.55828381,-10.38612181
17.91796875,7.52626885,7.50248991,-3.62679304,2.82123086,-0.35590076,9.02757563,-2.08965225,-6.54164142
17.92187500,12.42809780,8.18455065,-6.19133204,5.46671952,-7.97870199,10.58901655,-5.90777738,-3.94879379
17.92578125,12.43523940,-1.93659635,-2.65611464,5.68818144,-7.45480830,8.23220624,-10.52562542,-4.33122994
17.92968750,10.86084780,-4.94625029,-3.68725259,11.85799708,-14.56551980,9.47951201,-2.37650656,-6.58074514
17.93359375,10.97894857,-7.99381909,-5.62910205,10.02814836,-9.62643943,-0.06374348,2.66992261,-1.55040972
17.93750000,3.44815546,-11.99072443,-5.76872144,11.90520314,-8.64320528,-1.24669481,5.33194187,1.67376869
17.94140625,3.31156941,-7.06852362,-6.93107948,8.81763749,-4.80340788,2.82448276,9.00721270,6.76781074
17.94531250,2.30547489,-7.72136064,-11.48832232,9.83716113,2.52713369,-4.05090012,6.13143955,9.66618290
17.94921875,-2.63387121,0.59344649,-10.48748646,2.79830879,10.10855370,-8.31039038,2.44121420,11.86153188
17.95312500,3.24589997,4.37815064,-7.35423326,6.25121410,10.88402178,-9.18904850,-1.90015399,11.58315275
17.95703125,-7.58235576,6.43914368,-7.65905229,0.42179950,6.93271651,-6.07367901,-6.09459877,4.48023020
17.96093750,-6.77767265,6.22659068,-11.42963075,-1.49182165,7.59041989,-6.89045501,-7.75273826,1.66892289
17.96484375,-10.83437473,9.35412885,-10.71051753,-4.37316466,2.64078043,-13.13012829,-6.84769248,4.67628598
17.96875000,-6.60029621,6.64542529,-11.20725441,-8.37474694,5.57235035,-10.38100618,2.06757234,-5.72486435
17.97265625,-10.87486021,4.89518169,-8.73458803,-6.93589133,-1.94807602,-9.16324518,9.91866687,-4.78350884
17.97656250,-7.50345253,-3.90707521,-6.66912535,-7.42363263,-7.17008086,-5.43493950,9.23916777,-7.10245355
17.98046875,-11.15221822,-5.54889025,-3.99703739,-8.64847393,-7.80152720,-6.57916561,5.69711068,-8.32227060
17.98437500,-7.48600503,-4.61579872,-6.20007156,-9.22559487,-12.64069452,-4.29093055,-7.20019043,-14.32322096
17.98828125,-6.18427357,-10.23425236,-2.33164821,-8.84703466,-13.90194431,-7.60365464,-8.18932052,-10.44216280
17.99218750,-6.46632658,-13.21956012,1.75180705,-3.21819295,-10.37404054,-4.69425688,-13.46096459,-9.20318479
17.99609375,-5.97734475,-9.50546255,3.05929708,-2.76654818,-4.31140172,-6.25033701,-10.83567450,-6.85907169
18.00000000,0.23368039,-2.75644139,1.30839641,-2.99122588,2.31835813,-2.85617116,1.66562704,1.91294023
18.00390625,-1.47586197,2.38413316,-3.73240702,1.35740600,6.48399537,1.02214088,5.50245083,6.35803171
18.00781250,0.81297550,5.66601457,-3.66178377,5.20846440,10.51856152,3.64187970,13.09866252,11.72104944
18.01171875,9.45644842,12.18962956,1.32006530,7.95652436,10.79078093,3.64435770,9.93501996,9.84125196
18.01562500,3.85931599,12.75421894,7.91185946,8.04564005,5.37289803,5.15397375,3.26492159,9.95066449
18.01953125,9.87528607,11.15436108,3.83247485,8.25511609,8.09605011,8.45226221,-2.71986120,10.96678769
18.02343750,9.53665838,1.11139308,4.47900856,9.24054082,5.24317039,11.88509375,-11.70292094,7.98425324
18.02734375,9.07626266,-2.41706437,8.74849877,9.56960206,1.55054815,7.84768166,-8.87959070,3.82764657
18.03125000,8.33260416,-5.90596734,7.19585739,6.26269998,-7.62119186,10.79901149,1.03967125,2.66497865
18.03515625,10.21398898,-7.93436652,11.28061485,4.59655847,-6.92167252,10.17443274,0.96344364,-2.94564405
18.03906250,9.34626958,-9.73786537,10.72511868,1.74859543,-8.60709562,9.15075008,10.93067545,-7.48938675
18.04296875,1.50355354,-6.30619533,6.55192917,0.89751169,-9.26484456,5.68414379,5.98099039,-5.43675646
18.04687500,2.46987544,-6.48124696,9.64753255,-3.36469712,-7.10271821,6.04134132,6.80241286,-6.60854628
18.05078125,1.61225536,-2.12847416,9.01735160,-10.75094059,-0.88006077,1.19986024,-2.75569996,-10.65118215
18.05468750,-4.75767485,5.40946722,8.61188015,-8.73063204,0.29799318,1.39904347,-4.45266096,-8.08853089
18.05859375,-8.36226938,8.01623035,13.20058535,-10.78604407,3.99743093,1.29079126,-11.45267094,-4.16478219
18.06250000,-3.64392878,7.49240314,4.75199696,-9.71915304,10.74158432,3.42425730,-5.88382770,-1.02943877
18.06640625,-8.24018520,8.13740025,6.65955519,-7.18180797,4.26067948,-0.97487690,2.74205265,1.53830507
18.07031250,-4.40543659,5.41076391,4.76079126,-5.30619080,5.38824548,-3.32722554,7.56130932,1.54190274
18.07421875,-8.84897231,0.36060477,2.95744896,-6.91918809,6.95548951,-6.99774201,14.72592316,2.68485699
18.07812500,-7.24930761,-1.20213503,0.50072798,-3.53156023,1.35201548,-5.62089042,4.92203275,3.40610854
18.08203125,-9.94213615,-9.51430430,3.82305512,-2.97920959,1.38569908,-8.72446496,0.38449218,10.88089802
18.08593750,-8.69248252,-10.38905960,1.11036796,2.72553773,-1.91478245,-8.80463352,-7.03662394,6.40204144
18.08984375,-5.69933480,-9.68370482,6.08856094,5.88218069,-4.94072670,-8.80509272,-8.44755689,11.01436427
18.09375000,-3.23011589,-3.72786421,-0.97049171,5.59940213,-9.57492748,-8.77956561,-8.25520018,5.53061286
18.09765625,-2.23560669,-1.06724675,-5.35052781,5.31513769,-9.64515644,-6.50140658,-7.15561725,-1.03292919
18.10156250,0.36497575,3.59500689,-5.59913171,5.90627962,-3.76853179,-9.93051358,-0.20305165,2.59209842
18.10546875,2.59360008,5.88469484,-3.70785240,4.71619116,-5.82957674,-7.11651413,7.23970896,-3.78206668
18.10937500,6.77707232,8.98413116,-7.61359366,6.83320099,1.11596481,-6.66360916,8.73982250,-9.51877752
18.11328125,2.70958518,5.24147052,-13.12974323,5.87190701,6.52970533,-5.99563121,5.27859152,-8.01735482
18.11718750,8.92439354,7.55519385,-10.75209023,6.18398698,9.09577387,-4.42777339,-1.06077250,-9.36921054
18.12109375,8.08837494,8.76307387,-12.66661408,3.95290282,9.26194548,-0.04527403,-6.12175983,-3.18120125
18.12500000,9.33471209,1.61531789,-12.80029901,1.76758490,5.14390055,2.91147324,-9.13997388,-6.34712352
18.12890625,11.43593256,-4.19803913,-13.67198497,0.78723628,10.19348036,4.41915392,-6.13491517,-3.19781139
18.13281250,13.87744577,-9.30346427,-11.71072422,-6.42618152,8.26115905,5.22211709,2.75711620,3.78714852
18.13671875,9.81849851,-10.47123195,-8.34874257,-6.07753285,1.13004859,4.65135963,6.58213130,1.91227102
18.14062500,4.94479662,-6.14903142,-7.49589650,-9.14496074,-6.21548850,10.59462974,8.01780857,2.99734737
18.14453125,-1.56979461,-4.34928509,-4.93789338,-14.71227535,-9.33327293,4.64231618,6.49351834,8.75108629
18.14843750,-0.41111573,-1.22474970,-5.72796970,-10.33871966,-7.40986849,7.65340949,4.52804090,9.31021286
18.15234375,-2.31326942,0.83259918,-10.50602270,-10.26547576,-6.40512828,9.30784574,-3.58147269,11.25121665
18.15625000,-3.51620444,7.71041917,-4.25489417,-3.69435899,-9.26151659,14.00639800,-11.06178238,8.36856450
18.16015625,-3.23249473,10.10885471,0.33758627,-4.55959089,-7.08294477,9.37507809,-9.57943109,2.93475332
18.16406250,-4.29071660,8.41886307,-1.28731880,-1.87088854,-0.92297557,5.76097981,-3.96120834,0.35541569
18.16796875,-8.85560779,8.54699684,5.04474821,2.64501036,1.79671113,5.12362007,4.68628843,-1.25769107
18.17187500,-12.05725081,4.87874355,2.07308917,0.85145604,8.14392876,8.07472819,8.17937499,-5.47524053
18.17578125,-7.36089648,-1.12940640,0.93332397,9.42287153,10.26760695,2.82385876,7.96920713,-10.10623937
18.17968750,-11.75038463,-5.29145726,10.14447256,10.00816698,10.66665304,9.17219766,6.26842390,-7.94658048
18.18359375,-6.09603194,-6.95696064,6.98467386,11.26712878,6.76000890,5.93381036,-3.79679351,-10.25528340
18.18750000,-7.95294171,-8.00816531,9.94574874,8.91957919,6.78499934,-1.61998173,-8.23492339,-10.68944414
18.19140625,-3.63960309,-6.11526571,10.98010571,5.81845959,5.37201752,-0.86001557,-11.10153425,-4.74089989
18.19531250,-0.63394432,-8.73067002,9.34166846,7.24605906,-0.08853659,-6.51853835,-9.86408906,-6.91935074
18.19921875,-2.45255624,-3.32167075,13.50107380,2.80590161,-5.45223738,-6.73016411,-1.20133501,-0.00615213
18.20312500,-1.69259385,3.82640359,7.32645849,3.90649374,-5.15080629,-10.37698455,5.00365494,4.87881538
18.20703125,0.71618080,11.16887139,8.01541224,-0.58753893,-6.47112342,-10.42308641,10.35752528,5.52719380
18.21093750,-0.39381421,10.00437058,5.55104679,-1.84926812,-7.87793852,-8.71650886,10.24369267,11.22358269
18.21484375,9.47686468,9.66371921,7.68872383,-2.51875672,-5.23234454,-10.47471497,6.07012742,10.83828058
18.21875000,7.90307359,9.24436147,7.53063962,-5.57948462,-4.17930016,-9.51724507,-1.01815984,9.39563512
18.22265625,13.55128867,2.41482280,9.13702215,-8.63932037,4.68358782,-6.40052467,-7.85765765,8.78355411
18.22656250,8.33581850,0.26282445,4.61292060,-4.91253764,2.07693822,-5.57913956,-12.36023894,9.68670563
18.23046875,11.95977349,-4.29556856,9.43478352,-8.41259542,11.76403585,-7.94309191,-7.92692740,-2.01245291
18.23437500,10.59951447,-7.86786274,4.79476910,-7.10809630,12.31147363,-8.31664990,3.03092163,-0.83584380
18.23828125,10.80270936,-8.54716667,8.22966228,-8.73386146,7.26778675,1.41229740,8.95649260,-1.35792513
18.24218750,5.73652116,-4.94479638,5.61469749,-4.37375003,9.46923460,0.56541817,8.87909298,-6.13387983
18.24609375,1.99106501,-3.46233053,4.36478079,-6.98461276,0.55489556,-1.78058333,3.65031518,-13.32760522
18.25000000,-1.96548914,-1.93327647,-1.75891934,2.65569672,-3.72913681,-1.23068174,-0.93768666,-10.04483859
18.25390625,-3.47531202,1.80559897,-2.28432878,-2.59685977,-3.18970142,2.78629452,-8.17904517,-10.62069271
18.25781250,-6.09073474,6.89968690,-5.71950001,1.74943301,-4.79828376,1.33770823,-11.25788282,-9.75190702
18.26171875,-9.44356688,7.44644054,-8.00034374,9.95287454,-8.70373238,5.74622967,-8.21798192,-3.50095051
18.26562500,-7.25077389,10.04522271,-9.30848591,7.50913362,-9.85760743,4.68887498,-6.19036786,2.36999405
18.26953125,-4.62256095,7.44438484,-6.30446577,9.80073390,-8.83535915,10.59218467,5.42570093,7.12885461
18.27343750,-6.14274966,-0.01512941,-6.29370813,12.34379354,-10.08990598,11.08308053,8.43204073,6.33086675
18.27734375,-8.58981468,-0.76934345,-12.68212422,9.44357224,-4.16979122,7.91064421,7.15024784,10.23123412
18.28125000,-10.20169482,-6.31073946,-5.51055011,8.42793495,0.91226657,6.53900778,0.18000684,8.05911513
18.28515625,-5.76222855,-11.96408721,-8.73003361,1.84086567,7.93170425,7.03823992,-8.58880080,10.79441317
18.28906250,-5.70834649,-8.32460720,-8.01502469,-1.02047538,5.25506032,9.70494996,-15.13779833,6.74514336
18.29296875,-5.01529780,-8.47382972,-5.50013882,-5.40347298,9.73124987,7.48755276,-8.28023692,3.20368449
18.29687500,-3.91841094,-2.73096213,-11.51331919,-5.93989758,9.42690603,5.05492243,-7.72705477,3.99794512
18.30078125,-3.91146245,2.67872774,-7.29378502,-8.54024868,5.81534449,4.32052133,2.50632691,0.26241266
18.30468750,2.90223089,3.67428527,-6.08800082,-11.98913509,3.79596977,2.52018528,7.76575432,-5.71482886
18.30859375,2.35691985,6.19916535,-5.86651396,-8.62288802,-1.99635570,-1.31105533,10.88287437,-6.03927875
18.31250000,6.09045316,6.09658919,-0.15792821,-10.98440727,-7.28577862,-6.63025068,5.96038938,-9.42412519
18.31640625,2.64643167,6.03306455,-5.79845685,-10.13194663,-8.42782702,-1.44258548,3.93112966,-4.59007858
18.32031250,5.68160826,4.39379487,-7.92357854,-6.16276073,-9.09117338,0.82765167,-1.46261153,-9.32460798
18.32421875,7.30195346,-0.49935392,-3.70091677,-7.65317688,-13.22955314,-4.46937819,-8.22434724,-7.22839720
18.32812500,14.41708550,-1.67854199,-4.71037206,0.13062303,-5.31693718,-7.29073990,-4.57660651,-3.46544637
18.33203125,10.72717291,-5.78909348,2.59972173,-0.73518166,-3.16542170,-6.99142721,-3.50486886,-2.15012385
18.33593750,8.34927399,-9.85806176,3.15220456,-0.15883475,3.82879831,-11.64882601,-0.31332737,-0.03981397
18.33984375,7.67409214,-6.40037225,4.94162565,4.49519354,4.14071086,-11.27418025,10.38352502,7.80588930
18.34375000,4.44914274,-9.14939679,2.36001687,4.10289903,11.56553297,-10.23455787,7.44128096,6.08961752
18.34765625,-0.77574053,-5.30747168,-0.32402053,9.11576643,11.21097363,-12.37015422,4.14481864,4.41645576
18.35156250,-1.50732124,2.98334537,5.89700206,7.05886875,11.87389449,-7.75733256,-4.84470908,11.08936969
18.35546875,-3.44558608,7.33413395,8.07009776,8.82724867,2.03049422,-10.56618576,-5.76555448,9.36499489
18.35937500,-6.81427154,10.98330180,11.18350942,7.91363477,2.44596927,-5.07385916,-9.10671174,5.19953665
18.36328125,-6.01602626,10.77727260,9.84539384,8.13452230,-5.72274473,-9.21347951,-1.00978892,4.01801149
18.36718750,-6.91216350,7.06645496,9.94856161,0.32948631,-3.93021787,-2.88717141,2.35960860,-0.45753690
18.37109375,-10.32817462,2.75646822,10.59566588,4.35785904,-10.87933074,-1.21345706,7.04236551,-3.48369429
18.37500000,-7.78645179,1.40213257,11.37979049,0.93669684,-7.33729286,-0.88196735,9.77436192,-7.28920808
18.37890625,-8.70408165,0.77521262,11.46897507,-2.93314732,-11.07930532,7.75756072,8.16723099,-10.57180453
18.38281250,-8.13100703,-9.47948632,10.59764414,-6.83267110,-7.10026120,6.55864607,5.81604647,-7.60635173
18.38671875,-7.85365438,-11.53856859,12.86786267,-7.72482217,-0.38796281,8.65115304,-5.48947738,-13.06592479
18.39062500,-3.96159841,-11.94074039,15.06906482,-15.41617839,5.28413987,4.79243410,-11.67442575,-6.90603430
18.39453125,-1.12084736,-6.56317818,8.76913245,-10.89438868,6.86109675,7.69857506,-12.07655828,-4.30954492
18.39843750,-4.41779503,-2.38825030,8.00781566,-12.02368345,7.89640360,6.38769280,-6.00262911,-6.58719649
18.40234375,-2.24707872,1.95633349,5.66703933,-11.46926811,11.99025043,5.61412400,0.62310079,6.40081872
18.40625000,2.18601374,8.40658964,3.80078124,-4.81502496,10.32790823,4.78815910,11.65857096,6.11470169
18.41015625,5.18258643,10.47015116,0.97240051,-3.84040522,3.31169258,12.22765792,14.63143534,14.65110934
18.41406250,5.40173826,7.93291383,2.34289466,-1.77419358,7.47871631,9.78166362,6.06783595,14.88418497
18.41796875,11.64517067,8.33565067,-4.26456262,2.10194550,-2.24903897,9.56756054,-3.55034152,8.64795565
18.42187500,5.66496654,3.71412700,-2.21777716,7.57551379,-9.14789906,8.35987028,-4.14928937,11.91377187
18.42578125,8.00792210,-1.17370696,-4.72467124,9.00563824,-5.44172992,4.85799334,-10.69528448,5.79908241
18.42968750,13.97128914,-7.94831099,-2.04638115,9.59105707,-9.47281053,3.10899654,-3.33529553,5.50605374
18.43359375,9.92400552,-7.47185495,-6.20679618,9.81777154,-6.09080292,3.77381002,-0.52221133,0.73228653
18.43750000,6.23309531,-5.19553006,-5.56420543,6.86038575,-12.12438627,5.12083267,6.97308638,-7.86803270
18.44140625,7.08881164,-7.64040632,-8.98551270,8.00162688,-4.70772059,0.33209680,7.29445113,-7.14453573
18.44531250,2.03083807,-8.23994878,-8.42489856,6.46869602,-0.48810072,-1.33912388,5.99423313,-10.22276291
18.44921875,-3.22842243,-4.71090473,-3.80404949,4.00188907,2.19780948,-8.73075776,2.03625460,-10.51212120
18.45312500,-1.79958951,1.00796946,-9.94777715,5.14644429,7.19370769,-8.40055044,-5.72036748,-11.67683514
18.45703125,-4.69789443,4.45856282,-15.21161570,-0.48450562,11.59396359,-10.45925892,-10.23990183,-6.98386157
18.46093750,-8.83587438,10.18368886,-6.49964476,-0.30843606,8.95179725,-7.79249408,-9.10772171,-6.91434931
18.46484375,-10.60769662,8.86334246,-12.81574091,-2.80118966,7.53921261,-4.74292208,-4.15245679,2.09945919
18.46875000,-9.91642956,6.73580654,-8.14532682,-7.72433585,3.36750183,-11.91643742,3.25088581,3.40557753
18.47265625,-9.60726991,0.04241424,-8.95163751,-10.31348566,-0.12212716,-7.96837283,9.23493988,4.60650947
18.47656250,-11.68020011,-3.21641254,-1.55740943,-11.81412689,-6.11176160,-6.87853367,9.84824791,9.59310563
18.48046875,-8.25446169,-7.42471925,-8.91709515,-9.45008834,-9.29212832,-11.02300705,2.25332729,8.96089439
18.48437500,-6.98414728,-11.13024127,-8.16919652,-9.56488043,-10.26889472,-11.02010346,-2.57005999,10.63758668
18.48828125,-4.72534300,-8.89518284,-4.26480350,-9.83407871,-12.01501207,-6.20445022,-8.99067981,6.61256727
18.49218750,-3.67992519,-9.87093261,-3.08646611,-5.94944022,-7.36546489,-6.39898294,-8.67295624,3.59996280
18.49609375,-1.50712972,-4.96259520,-1.64727123,-7.04635405,-3.58220006,-1.67796423,-9.71079670,1.24381096
18.50000000,-2.87826664,-0.11128378,0.94746935,1.49282998,4.47290063,-2.24252327,0.53989690,1.98722320
18.50390625,-0.61829699,1.67456985,4.24014348,3.76957196,7.22507888,-1.56761998,4.68859537,-2.75121034
18.50781250,1.36017696,8.51602431,3.39866127,3.31223355,10.36350928,0.78245293,7.51288747,-8.57339147
18.51171875,2.72149451,7.91161521,5.43035214,3.01304459,9.22932720,4.60908941,7.77614606,-9.42154914
18.51562500,7.20145997,8.32455379,4.09444030,6.25386723,9.35036861,8.06622837,4.66075770,-7.26034577
18.51953125,10.68209646,3.41063499,4.93197443,10.79342999,6.20052145,6.35994678,-0.23710136,-2.94811736
18.52343750,6.17122715,3.74913471,7.32385083,11.40507535,7.32406742,15.11609926,-8.29869330,-5.82281833
18.52734375,10.83526198,-2.57405080,10.53473629,9.73103144,0.04709260,8.20251764,-6.09390594,-2.25244379
18.53125000,8.97425743,-5.30821090,7.99745804,11.36909025,-5.93703313,12.07886725,-2.20365731,-1.67619998
18.53515625,7.89604313,-9.78701780,8.22575453,3.51729198,-7.34193572,8.18092266,3.83625124,-0.04228149
18.53906250,6.61842731,-7.61826699,11.27493873,-2.13554662,-10.92733949,9.43401924,5.41527062,6.77704516
18.54296875,2.84142690,-9.11892699,8.42658576,3.20589714,-9.84681757,3.50783133,8.56209460,8.02864687
18.54687500,0.37779235,-1.79574433,8.80588679,-4.36913206,-7.05890461,9.18997566,4.71102144,10.46231256
18.55078125,-0.61344024,2.75907615,10.66961906,-4.44464643,-3.08955786,4.86639046,-0.53652197,8.89069893
18.55468750,-3.23148722,7.21797507,6.98420146,-8.56132936,1.98951376,5.01727685,-5.64884636,9.63127723
18.55859375,-7.98304965,13.48030184,6.54577646,-9.00054519,4.82400739,0.81185236,-10.50828009,5.11343783
18.56250000,-5.39656398,7.83301006,8.43104601,-9.16144665,8.44827827,-0.51571501,-6.57637943,7.70908812
18.56640625,-7.69649156,8.96434180,5.44793033,-9.70181922,13.68610254,-1.02559915,0.19622492,-1.15244300
18.57031250,-8.34172867,4.17458408,3.78829789,-3.87746732,7.51727394,-5.38329694,2.37769424,0.31004159
18.57421875,-9.23607527,-0.49184714,6.37956250,-8.66305783,7.28946697,-5.28611464,10.44762473,-7.82814320
18.57812500,-5.21337627,-3.97547695,2.61831419,-6.78098005,5.46438375,-6.99153899,3.67500500,-8.85405745
18.58203125,-5.63215244,-2.70006918,1.50185907,2.61481193,3.95998768,-8.14174140,0.15963748,-6.21691356
18.58593750,-2.42434112,-11.17868483,0.69775593,2.54628063,-9.38572683,-10.73265112,-6.43840232,-12.28555366
18.58984375,-7.01502982,-11.04617525,-3.94867465,5.41203917,-6.40538223,-10.55617064,-14.26341165,-4.41868650
18.59375000,-0.66655055,-8.09264556,-2.78261875,3.64667191,-9.45625951,-8.08495382,-10.22581839,-8.87935237
18.59765625,-1.92070089,-7.50482925,-4.17509988,6.19089969,-7.99583698,-11.52189734,-8.44315330,-5.30848317
18.60156250,-4.47653936,0.45848473,-6.53766063,5.37465939,-4.46492251,-14.57301240,1.31120981,1.92428748
18.60546875,2.03338730,7.64818521,-6.91397038,10.22967928,-4.39810228,-9.37564529,9.21282341,6.46426156
18.60937500,6.01357751,7.67302826,-10.20629488,7.33952414,0.41254227,-6.56742526,10.74391761,7.66586889
18.61328125,4.52584891,6.11796098,-7.98452824,5.92256304,2.70640224,-3.98694078,6.51151587,15.63986573
18.61718750,6.53461538,7.73694266,-8.30625277,8.32770192,6.59467711,-2.03208737,-1.20552650,12.56689815
18.62109375,9.03187508,6.80068472,-10.27998309,0.57943389,8.26554256,-0.84353418,-10.66292051,8.17268635
18.62500000,8.69302289,2.86344940,-7.35422216,1.87931647,9.64559574,1.74366265,-7.39543505,4.47835769
18.62890625,13.99223141,-5.65922724,-7.30503768,-1.18501395,9.13125572,1.24350692,-2.07485480,0.83972691
18.63281250,10.10183140,-6.37704698,-9.92342864,-6.87293777,4.04751614,8.66422589,-1.58537138,-0.47259565
18.63671875,4.31806554,-10.27939262,-8.61344920,-6.48499083,-1.32836261,7.74277238,1.46660402,-3.69986727
18.64062500,4.53984437,-8.58944966,-5.66075446,-9.56922790,-0.60762954,11.81324820,9.44943752,-5.82397490
18.64453125,2.21876021,-4.87484911,-6.04286263,-12.06244241,-6.23301367,10.39897247,7.10023992,-9.42263072
18.64843750,-0.32955567,-1.30994844,0.49187954,-8.83486554,-10.74463728,9.14421080,-0.36656284,-8.69750556
18.65234375,-3.80465767,1.94607065,-0.15047267,-13.81241766,-12.10098812,5.64753028,-5.72331983,-8.15957541
18.65625000,-5.90657411,3.54312416,-2.99580605,-11.95774799,-7.51011685,8.44789093,-10.07424522,-4.78863593
18.66015625,-6.63924952,10.11340910,-8.54203272,-5.19725362,-7.90196613,10.49190849,-6.25532560,-4.46134207
18.66406250,-7.61149838,10.79889451,-6.05900008,-2.58744192,-4.20500600,6.67106220,-2.63681070,2.03375594
18.66796875,-6.87189733,6.40264076,1.76124379,-1.10656745,2.92201357,8.08526697,5.93440506,0.05851077
18.67187500,-12.63345191,8.11693850,4.11386085,3.53286258,3.33352254,8.36620361,8.77052104,8.19875731
18.67578125,-6.54424380,-0.53709824,3.60119005,8.58760275,8.46987035,8.29329886,10.37985169,5.73633413
18.67968750,-7.37944757,-4.41464338,6.90751143,8.87646021,8.57708027,7.07961320,8.53046804,8.79822152
18.68359375,-6.38430314,-7.19116733,9.37280237,8.47370594,8.14785139,-1.02430309,-5.80043724,8.49843722
18.68750000,-6.74013268,-8.70595483,7.00273039,5.19554472,6.37821441,-3.21460466,-5.97400662,6.79523648
18.69140625,-2.83000868,-9.83182325,11.87502947,8.25807169,3.87025362,-4.00437834,-17.12819626,7.61009287
18.69531250,-4.50553490,-5.41127543,6.99114647,5.11662928,-0.59708621,-3.34405651,-3.45551298,5.81186170
18.69921875,-2.77438007,0.46126505,4.24333047,5.97484653,-5.87186151,-8.94659652,-5.95254982,4.72123019
18.70312500,-0.79053801,2.69178255,11.65866201,1.18968990,-7.11768205,-11.54881589,3.53582221,2.08625093
18.70703125,0.55845132,6.53731457,6.54929354,-0.76166991,-8.68392113,-9.92265209,9.09563065,-1.18101954
18.71093750,1.75590730,6.52829745,5.95243904,-3.75793322,-7.67693200,-12.40241846,10.09812051,-10.23980320
18.71484375,8.33669266,11.57528178,7.74675860,-5.82533859,-4.88290930,-9.44002212,4.77385005,-6.58636348
18.71875000,9.53728835,8.14817504,5.44595873,-3.78137232,-1.35252784,-7.02380722,-1.35864638,-7.35182377
18.72265625,13.06276040,3.72874290,4.69664853,-5.26266237,0.36123058,-6.83047265,-5.59854954,-7.20552234
18.72656250,8.48807261,-0.06752754,8.53288764,-5.82585178,1.61954087,-9.22840896,-14.41052920,-5.91536704
18.73046875,10.81295069,-4.73459829,8.59555896,-12.27060371,9.19842807,-7.94568027,-7.18896784,-2.41476471
18.73437500,13.39014432,-11.07568323,8.60635204,-8.26247309,8.72779905,-2.71227748,2.27806887,-2.63256127
18.73828125,11.43153004,-7.18313118,0.69674361,-6.45835587,7.13878191,-9.17931574,9.32841988,3.66522522
18.74218750,7.02544147,-7.01921818,7.41228475,-9.26904050,6.45399671,-2.13879297,9.03565288,5.87450926
18.74609375,0.94514505,-3.19526347,3.19325814,-2.68427074,4.01634318,-2.10576999,5.67210878,8.92054619
18.75000000,-3.62810668,0.19848741,-1.47491983,-3.11265247,1.81071939,-1.14803863,0.30708157,11.93858424
18.75390625,-4.35307819,5.77343389,-3.54841776,2.48784224,-5.82427331,3.10859951,-6.47971012,8.37998655
18.75781250,-3.78575019,11.23163627,-6.16128145,9.16155065,-7.60953790,3.89387480,-11.82826280,13.84135343
18.76171875,-4.86505331,10.15770409,-1.93587143,7.47034730,-8.22498627,7.86631652,-5.64979813,2.68232807
18.76562500,-5.96564858,8.73434694,-1.86560609,7.10851605,-8.53638983,6.44042982,-0.18280492,0.32785096
18.76953125,-10.03552331,6.96150222,-5.19952658,9.12892813,-3.72229369,4.31486135,6.34110971,-2.35777670
18.77343750,-8.23000419,2.88279340,-5.33868399,6.97153159,-2.35986633,11.32901864,6.53327621,-7.44098577
18.77734375,-9.19378865,-2.43226680,-5.63042227,12.21099283,-2.09335747,10.04283545,6.98328853,-8.02752677
18.78125000,-6.01367337,-4.64139439,-7.76035477,8.98953015,3.91754287,15.13178907,4.90817834,-13.15766517
18.78515625,-3.85375347,-8.81720423,-12.57174392,4.70590700,4.82664679,15.36751128,-3.31815005,-11.40050423
18.78906250,-7.31394793,-12.02803761,-7.62667389,1.04026753,6.76883605,6.62865313,-7.83478376,-9.53228444
18.79296875,-3.69752147,-5.60397856,-5.38282313,-3.43222171,11.60512615,9.84605331,-10.49037721,-9.94358098
18.79687500,-4.90049182,-7.55123150,-7.90677985,-8.18751154,10.36288874,5.27272583,-7.44802330,-2.34650778
18.80078125,-3.21069901,0.87447431,-9.18645367,-11.47680391,6.53022568,3.09735764,1.93806260,3.73867958
18.80468750,-1.82041143,1.60165319,-7.69971431,-6.03204497,6.69754161,3.29879902,6.35164306,5.66494280
18.80859375,7.64095804,8.12721860,-9.96621940,-12.40977830,-0.83114754,2.16723240,11.58382022,8.59414001
18.81250000,4.94218957,9.88001338,-7.63351418,-6.71117369,-4.71830426,1.63198984,7.89542841,13.68112399
18.81640625,8.44991572,10.44414522,-11.25336492,-4.82291872,-8.25041438,-5.29139172,1.81914236,14.27848888
18.82031250,9.06463237,3.46816750,-6.66706144,-10.68812961,-5.87871424,0.18659328,-8.44729134,9.95936185
18.82421875,9.92972365,0.75535739,-4.40716084,-4.39510417,-10.88069879,-2.86716308,-5.49812115,4.67791414
18.82812500,6.06332673,-3.01313473,-0.65572442,-2.29839423,-5.07216673,-8.18279672,-5.09207913,6.11977882
18.83203125,9.57238913,-5.60820982,-2.34503002,-0.81849441,-1.76188861,-4.71007208,-4.25944880,3.09957316
18.83593750,10.33374227,-10.16989085,0.40071813,5.95961345,-0.53990946,-11.36180192,6.20193757,-1.46704070
18.83984375,6.73993565,-8.40276814,1.57073186,3.69352757,4.82076653,-6.58648470,12.61373977,-4.81220414
18.84375000,3.22858571,-7.54749909,6.10144918,6.91063259,6.81376314,-10.56760206,9.75299142,-5.73497777
18.84765625,-1.30218016,-6.57508383,9.10700591,11.53809053,10.93727582,-8.07220167,3.93219101,-8.02051797
18.85156250,-2.92254960,0.08558098,10.36227850,8.45385005,6.40416457,-7.15637508,-6.28115965,-8.94660885
18.85546875,-4.35444386,6.93119088,9.93882294,8.60303721,6.44094393,-10.08337642,-7.27070389,-11.26415072
18.85937500,-5.00618565,7.71006148,7.53600280,7.73903491,3.84543318,-6.44772538,-10.63060587,-4.78727905
18.86328125,-10.15633932,8.41192572,7.68094373,4.86762645,-3.39053582,-6.57954964,-3.66848590,0.03956918
18.86718750,-5.10892126,7.90180339,5.42519156,8.39225470,-3.14295150,-1.71375280,2.80610934,3.32233725
18.87109375,-8.09572718,4.33352867,5.98975693,5.53880101,-8.98041891,-1.20707161,7.83277319,5.25321297
18.87500000,-6.22568331,0.61081401,11.76502111,-1.49711038,-12.42587695,0.40416625,10.31786944,8.09525731
18.87890625,-4.74230872,-5.85892599,11.99417808,-2.83642759,-14.40954465,1.67331275,8.70913925,6.15614456
18.88281250,-9.73981744,-6.34718786,8.75140475,-7.33788009,-7.67687382,5.39921547,-1.40777609,7.01605724
18.88671875,-7.09906687,-8.68979799,11.83213529,-9.21151052,0.94342770,3.77177842,-6.05754566,6.80570420
18.89062500,-7.52676042,-12.03585022,10.84524211,-12.65463127,3.10041531,5.56963007,-10.35725865,2.50521981
18.89453125,-3.27507590,-4.13939468,7.16761257,-10.03746959,6.72122906,6.28732775,-8.43797337,7.47249359
18.89843750,2.65332650,-0.51861972,7.99401818,-11.60861392,8.56567770,8.75979208,0.18948802,2.99668142
18.90234375,0.58269779,3.53464357,2.00415787,-10.27048842,13.80212805,11.84009769,5.68535634,-4.17234687
18.90625000,4.84456597,8.04908054,2.56880643,-7.98436432,10.20090619,11.45967539,12.15486853,-3.97500433
18.91015625,5.09741718,7.19167637,2.44299766,-2.93708635,6.27640147,7.74480267,9.15602778,-9.17022963
18.91406250,6.31244565,13.66329729,-1.42495257,-0.93870821,3.58591229,8.51181898,4.99364265,-9.73482186
18.91796875,10.54983520,5.77080891,1.02228594,2.31506354,-1.69959734,8.17717787,0.88221330,-9.92286127
18.92187500,8.52864898,3.82975337,-2.91940420,7.26603685,-4.28275010,5.88092104,-4.53905613,-8.01321405
18.92578125,10.67771584,-0.36724537,-5.78987407,10.38238361,-12.56358828,2.91479576,-5.86161127,-6.08540617
18.92968750,11.56873097,-2.37943480,-8.18355473,12.92436785,-13.00855295,6.71757528,-8.33004299,-5.31944614
18.93359375,10.02266473,-4.08650663,-7.54369614,9.94856253,-12.71372572,4.12695570,-0.37342482,3.44604292
18.93750000,7.37985858,-8.66528608,-2.04334273,10.49760153,-6.69371158,2.01808034,9.36669397,0.58171945
18.94140625,2.75228231,-6.24541306,-4.20623852,6.01362771,-4.39457196,-5.70372869,7.03034398,1.64599829
18.94531250,0.19980705,-6.97725252,-10.90573422,4.78929023,-0.46860543,-4.57403396,7.53255690,8.51038677
18.94921875,-1.52759217,-1.12762832,-10.76895214,3.38149153,4.13865286,-2.57093908,-2.70618499,11.83945952
18.95312500,-2.80450812,7.65778636,-8.33023999,2.55494848,9.67991332,-6.46490305,-4.79408402,8.00381630
18.95703125,-2.32763494,8.40554364,-9.35122496,8.41442917,8.53369944,-6.38283205,-7.55710367,9.27829586
18.96093750,-4.87306029,9.55292848,-9.96446412,-2.24165854,10.86355251,-6.55920915,-6.95067172,7.49600812
18.96484375,-8.10552382,7.64061680,-10.71966091,-4.28051795,9.75942685,-9.55555448,-7.30813996,-0.11896599
18.96875000,-12.42386768,4.13341961,-12.69405753,-9.49184393,2.40656016,-9.19940309,4.24612139,-3.87067996
18.97265625,-8.24029265,6.08530280,-11.18238023,-8.76684726,-0.30455596,-11.82905479,8.11276791,-10.40925497
18.97656250,-9.31617862,-3.51203466,-4.88396305,-10.53295107,-3.69159701,-5.79382724,9.43720929,-12.00212556
18.98046875,-8.12534281,-3.95175583,-6.12279202,-9.47140018,-5.67665489,-4.74526445,5.70022069,-10.84287870
18.98437500,-4.64249754,-8.37677245,-3.48013026,-8.40515442,-11.52102103,-5.87374658,-4.46228227,-8.31464955
18.98828125,-4.02777383,-12.88930516,-0.65017225,-6.78578538,-10.68929546,-7.10539723,-9.76913143,-12.78560169
18.99218750,-1.63863184,-8.63325647,2.05398718,0.57621605,-6.22742974,-4.46014674,-8.55661998,-7.99409387
18.99609375,-1.99958328,-10.27221552,-0.79703536,-2.62319927,-0.91731935,-2.00994715,-9.17895812,-2.49806213
19.00000000,-4.12712463,-4.28183456,1.43533999,-2.63539825,3.77539735,-1.66241521,-2.65493617,-2.56523799
19.00390625,-0.46993051,-1.32089357,4.15968630,1.94447336,10.16789594,-2.64039911,8.57242447,5.48740898
19.00781250,1.80936115,8.21793923,1.22649969,7.05403413,11.36745579,0.14106514,14.34945855,8.25021937
19.01171875,2.68737509,11.37959375,-0.48354606,8.00513853,12.30485245,7.84977887,12.90308371,8.88956184
19.01562500,6.40963123,10.09557267,4.27480373,7.69339334,14.65585754,6.18189593,4.70641356,9.43513483
19.01953125,11.01246624,7.71139126,9.27322768,8.24210491,11.13367761,5.38552049,-2.57453482,13.26811519
19.02343750,7.24928393,3.27107185,5.99077559,9.16018469,5.17148421,10.09584078,-9.96475858,8.46922952
19.02734375,5.73942641,-1.96221522,4.56138690,8.99177258,-1.09931409,11.62292883,-7.03060861,7.79832603
19.03125000,10.19312361,-4.09882468,6.63828287,7.59608283,-5.77441130,12.35096831,-5.77277169,2.79697357
19.03515625,5.30459822,-6.14598232,7.70150741,5.65720104,-6.76034819,10.26591857,3.66264072,0.79731953
19.03906250,8.82657923,-8.20779602,6.62711571,2.90859386,-12.56621190,7.79878173,9.39994681,-0.96022495
19.04296875,6.16974943,-6.38367523,9.32722959,0.33600506,-9.37697932,4.63123261,10.01885285,-8.97703344
19.04687500,0.19147550,-3.83275763,6.24857586,-5.28901114,-8.59237374,4.67938442,4.70011983,-10.73616660
19.05078125,-2.87159452,-0.42466093,9.68971525,-3.69029772,-6.13489692,3.00991467,-3.02227082,-10.66921143
19.05468750,-3.71801710,3.96884909,7.73548857,-6.64721534,-1.46994404,2.08348467,-7.77640439,-7.16232472
19.05859375,-4.41081967,7.44367086,4.85411284,-11.68318156,2.53183106,-1.59601782,-9.42595444,-5.55790854
19.06250000,-4.37034509,12.46735005,3.13380678,-12.82182907,9.02266902,1.74919640,-10.31839909,-0.49040583
19.06640625,-7.04254953,9.04238854,5.88282994,-6.63734087,11.61586708,-0.41744545,4.37448881,2.22355239
19.07031250,-8.67490501,6.09539818,2.50361566,-3.92964745,7.80461554,-4.48284632,10.87149303,2.26399536
19.07421875,-7.61652340,2.89888175,5.83248985,-5.49140436,5.94709876,-3.59595339,9.46393758,8.77749668
19.07812500,-6.14763933,-2.65781777,2.54510790,-4.89196749,4.25750896,-4.73168489,9.09186337,7.15640596
19.08203125,-8.13740638,-8.54220067,2.98587600,-3.81067084,0.99872911,-9.28412310,0.69577346,9.05991337
19.08593750,-6.41777135,-11.18174332,1.83761091,0.79431337,-3.30921350,-7.12299466,-4.48619614,7.53213272
19.08984375,-5.82630190,-13.97353739,-2.52592554,3.72022284,-7.45069541,-10.22941177,-6.90060244,4.00820637
19.09375000,-3.74553843,-7.20957025,-2.76687596,5.63620393,-10.15811720,-10.55190616,-7.10582722,2.18139485
19.09765625,-4.08671371,-1.78555719,-6.37827845,6.64069662,-9.49019233,-8.94367216,-8.44295162,1.36895745
19.10156250,1.20972695,-0.29179867,-5.44937543,11.95088030,-7.18745854,-10.94117054,1.10970153,-0.66813391
19.10546875,1.25246411,7.03889726,-7.01602864,8.83280902,-5.17310353,-8.98694220,4.84569906,-4.44159110
19.10937500,2.84181446,7.62953690,-6.32105973,9.49629518,-4.74055981,-6.92075409,12.82537698,-7.66342217
19.11328125,6.53174588,8.37053486,-9.51700689,4.66231749,1.39535073,-10.39279718,4.58119682,-9.54801047
19.11718750,6.34002387,9.91792960,-7.53291170,3.89755094,9.62349649,-4.47852065,0.15911066,-7.27115970
19.12109375,8.04089801,8.93849714,-8.75762910,0.82144008,11.30633739,-2.62199441,-5.15203011,-5.54914905
19.12500000,12.92534206,0.16491566,-11.94215404,3.55053305,4.42519331,1.84031780,-7.71114733,-2.76916031
19.12890625,11.39035442,-3.45748230,-11.53483419,-1.75686837,8.03730468,5.51725097,-9.36332522,-4.62536541
19.13281250,13.65856852,-5.62812105,-10.85648053,-7.04206929,6.09375710,4.64593423,1.63760345,0.97026196
19.13671875,9.09945579,-6.87484458,-6.39792042,-6.55077230,2.95812395,7.61668156,4.38381436,-0.20736103
19.14062500,6.30784464,-9.22749221,-6.89893933,-11.06873182,-4.03878048,5.69912356,9.40885533,7.96152860
19.14453125,0.39163027,-8.59475935,-4.14785934,-12.65450932,-6.47883901,5.81974084,7.63279065,9.64652622
19.14843750,3.49530954,-4.78332631,-6.40093398,-8.11586116,-7.32656046,11.28152803,4.20856284,9.26413934
19.15234375,-5.45686721,-0.67745628,-7.65354656,-7.90496408,-6.45342630,12.01830194,-1.97562373,9.66033354
19.15625000,-0.26235618,7.76805106,-5.36686438,-8.77052144,-6.84482214,8.63510741,-12.46491639,8.71756029
19.16015625,-6.00633393,7.85643474,-4.28192546,-0.55054571,-5.31819311,9.47901958,-7.99924552,6.83512548
19.16406250,-9.09423844,8.03024533,-0.41615194,-1.22877991,-3.41521788,8.07143931,-1.40841043,-2.75911758
19.16796875,-9.65116894,6.70765732,0.79550622,-1.72048695,-2.08653018,8.72975549,1.38193364,-3.27442944
19.17187500,-10.66994833,6.11520083,-4.24764745,6.27289516,6.66789937,8.51560038,3.78786651,-5.17948368
19.17578125,-8.51365841,-0.63730353,2.87050237,2.88325957,7.87231243,8.21592273,11.46019267,-5.25372185
19.17968750,-7.48274311,-6.82527391,5.23176332,12.36061899,8.99318184,1.29678417,5.68859377,-7.71060977
19.18359375,-9.58076566,-7.53752584,5.74647591,5.60154397,7.29900907,3.16092234,0.80762197,-12.28978841
19.18750000,-7.55485006,-9.22569873,7.64622436,10.17567795,1.71823078,2.61378746,-10.44239602,-11.10747063
19.19140625,-6.69729096,-11.65250927,12.91013881,6.78662674,3.16947196,0.48854628,-11.20960048,-9.70747850
19.19531250,-3.94426535,-7.77082308,11.88300260,4.92864396,-0.65902510,-4.49289617,-8.51853071,-1.86162078
19.19921875,-2.94342039,-2.09391328,8.23338184,2.86030407,-1.85579356,-7.88761342,-3.38540898,1.79466122
19.20312500,2.35593769,-0.16268457,6.15685531,1.38583068,-4.53518194,-10.64082275,4.85907354,3.02557224
19.20703125,0.42859070,9.80066869,6.11152937,-1.69273659,-11.09394196,-12.40973746,9.57684343,5.55783587
19.21093750,-0.90888902,10.68281471,4.52493620,1.31560451,-5.79520212,-8.46600569,9.83203504,10.09358278
19.21484375,8.22461609,8.31715697,6.37117625,-5.54376876,-6.68002518,-11.62968757,6.59333425,10.47060339
19.21875000,10.92519003,7.67581915,10.18959490,-5.80178083,-2.36028020,-10.66293420,-3.57178589,14.48012465
19.22265625,8.15134831,8.16013093,13.33079999,-10.90381632,3.53112062,-6.57545960,-6.06017015,12.21372297
19.22656250,6.27578540,0.40780089,5.72581104,-10.13947872,6.28425018,-3.71171008,-8.04103163,5.54376945
19.23046875,10.08442987,-2.31681077,9.03144676,-6.05403630,8.48015526,-5.75879985,-6.30162186,2.59730759
19.23437500,7.07201124,-6.11902077,6.23019849,-10.33462603,10.60842700,-2.97516819,3.71080673,-2.12124985
19.23828125,4.37307311,-10.27256858,6.39126830,-6.67841230,5.67915692,-3.93299352,9.43379513,-2.69518446
19.24218750,6.72681095,-12.44806626,2.18313444,-5.98058651,9.84663697,-4.50339604,10.90285109,-8.52181337
19.24609375,0.70138557,-5.05994875,2.29630712,-0.86346077,5.42228459,0.01263680,5.78294266,-11.66862455
19.25000000,3.61651743,-1.67194091,0.80692122,-0.11479879,-1.30424315,-1.17111920,0.22675439,-11.01580347
19.25390625,-2.58008289,2.97496777,-1.71346324,-0.96127544,-4.45012178,-0.44233430,-3.40134333,-11.76984168
19.25781250,-3.39119609,6.51584483,-8.08832440,4.66055951,-7.39267667,2.14029002,-14.44448716,-2.02101538
19.26171875,-3.95910223,7.36158377,-9.07784121,8.95862079,-5.70809516,5.69070986,-6.70433125,-3.34868992
19.26562500,-7.21633515,11.15182052,-11.84693903,12.35542615,-6.68623557,10.69161663,1.27117603,3.23596640
19.26953125,-7.68976693,7.85539739,-11.98807324,12.69846733,-8.04112316,9.36856586,5.38224100,2.50531660
19.27343750,-5.65603832,2.77801722,-6.37893794,12.81773268,-6.94517244,10.19982721,12.12572166,7.62747856
19.27734375,-5.91008091,0.85895675,-6.91957989,10.29398070,0.65329611,15.09900854,8.47285649,5.50325797
19.28125000,-8.11046473,-6.56101303,-4.66532212,5.28538975,3.32602407,14.37260613,1.97034514,6.56721274
19.28515625,-8.65666131,-8.27711303,-8.90592008,1.46815226,7.96097899,8.32432021,-6.73599372,3.37523412
19.28906250,-4.29830228,-12.78406069,-8.44116632,2.70471357,8.96594846,8.14199668,-12.10879492,8.71703812
19.29296875,-7.03215321,-9.94708103,-9.00519145,-1.89225392,9.83571273,4.50372319,-11.39796226,2.68449099
19.29687500,-7.97020318,-8.37607633,-10.10083255,-4.45789704,9.07659557,5.31956481,-9.94052678,4.39593078
19.30078125,-0.87476111,-0.53788654,-8.56426076,-9.63110533,5.56659674,4.76048171,3.55422503,1.54265456
19.30468750,4.58903683,4.82779132,-5.48578849,-9.56056032,0.02332336,-0.26915531,7.37581801,-3.03883144
19.30859375,-0.54852393,6.63360227,-10.66536978,-8.45986466,-3.42986172,0.31010324,13.82336058,-10.98202764
19.31250000,5.36738149,9.30673002,-4.18383150,-9.03308352,-3.49096281,-5.69200370,6.00886626,-7.35416869
19.31640625,9.25558633,8.64409150,-7.49586168,-9.42030791,-6.79835939,0.74841846,6.56106431,-5.22187327
19.32031250,9.05822581,7.17736987,-4.71181984,-8.70402985,-8.54364913,-7.33244857,-4.34689672,-6.63130090
19.32421875,11.38569510,5.21101648,-3.11442046,-2.44191292,-6.69965800,-3.87092983,-10.60924595,-5.79833678
19.32812500,13.33091153,-4.62749992,-2.82851898,-2.57712385,-8.57623119,-5.92105839,-6.91316300,-6.87769333
19.33203125,5.39147739,-5.67158128,0.07217913,-1.42518092,-3.39995387,-4.20420383,0.25899235,-0.97072416
19.33593750,9.68466973,-9.45784799,2.69406791,0.57812252,3.01536197,-11.09765936,2.87046507,-3.01719654
19.33984375,5.18353243,-8.90793456,3.60638944,2.20876634,6.81390074,-8.72113694,6.36115321,9.49484810
19.34375000,2.95123841,-11.14156149,3.40616018,8.05659997,9.16911337,-14.16507084,6.75373834,6.72000560
19.34765625,-2.56295354,-2.77668379,2.69259288,7.99984120,11.36918577,-12.35455925,3.85899624,6.75237346
19.35156250,0.73116681,0.42499749,4.89600259,8.95530651,8.30840957,-9.87136906,-1.15545095,9.95742585
19.35546875,-6.43379724,6.99681209,5.15633936,7.76081376,8.07179322,-5.93260718,-5.18952909,12.44039983
19.35937500,-6.50186401,10.50236445,5.63075799,10.73190564,0.18341290,-6.07982984,-7.22923203,4.74973091
19.36328125,-8.79859728,9.68287678,6.85918042,8.94109792,-2.02048893,-4.65805043,-5.83106906,3.09012272
19.36718750,-9.28435446,6.03479901,12.24206784,3.80777426,-5.14707831,-4.54840800,1.41289329,0.43628197
19.37109375,-9.34523628,3.62678200,8.53412993,1.66645367,-9.33798492,-5.25494620,5.79333526,-5.75795697
19.37500000,-8.88987300,1.20442957,11.78317527,-0.73924595,-9.27753664,0.64017749,10.71554803,-4.37401563
19.37890625,-4.74121260,-4.59562767,8.32848139,-0.01281900,-8.42356217,4.22553796,8.14783359,-8.31078704
19.38281250,-8.94573571,-5.55600940,9.33001146,-3.74870446,-7.79640934,4.50753814,-1.72721365,-12.23836206
19.38671875,-7.94916322,-12.76705092,10.74696663,-7.40297674,0.55098413,4.57384103,-9.34120644,-14.88312430
19.39062500,-4.35690164,-11.36932451,11.37770015,-11.72959095,-1.85704402,6.38200346,-9.48905114,-7.26197791
19.39453125,-7.38436432,-7.82197914,8.01658439,-9.64852190,5.45268291,8.29322371,-11.31883571,-5.71938966
19.39843750,2.30678052,-6.62674667,6.20261359,-13.38582531,9.62328289,5.96386459,-4.10427722,-4.46201356
19.40234375,-0.68453100,-0.68581989,5.33130950,-11.24901556,11.89404551,4.82315574,7.56319827,2.27592494
19.40625000,-1.40311586,8.59792580,0.68844429,-9.13844825,9.08937835,6.01840709,8.91256104,4.65296476
19.41015625,4.41489240,8.44208654,-1.77416934,-4.30299791,11.35285431,8.88431252,11.79260877,8.24143569
19.41406250,5.36246542,7.94810224,2.06732516,3.52772133,1.34175463,5.42393569,7.96001039,15.44249236
19.41796875,12.37544388,10.93412545,-2.05230273,1.72804500,-1.29617710,6.99311187,-1.99295850,13.24819112
19.42187500,10.51251322,1.39418765,-0.05985480,5.64714111,-6.42387687,7.46704890,-9.91206136,11.55211754
19.42578125,12.02835338,2.32959118,-3.42534897,6.25489631,-8.11573657,4.03973873,-7.56496838,7.39174362
19.42968750,11.10963847,-2.29466408,-7.05139197,9.19649728,-14.75042212,8.24703992,-3.52770251,1.06186813
19.43359375,8.69692661,-10.34330569,-2.30571225,12.59920279,-6.67504132,4.00738921,1.41983590,-0.54174706
19.43750000,7.67567490,-6.74768542,-7.95519830,11.67790890,-4.87991602,-2.68891444,6.61784062,-4.48027729
19.44140625,9.09230540,-8.89308511,-11.39229072,10.92118997,-4.93663105,-1.41315338,9.64872490,-12.11983526
19.44531250,5.02938895,-7.13637365,-6.19708911,6.21517261,1.28437207,-4.84485579,5.42200971,-9.33682665
19.44921875,1.55473875,-4.21689839,-4.02025955,4.05418266,3.70899192,-6.68532551,-2.83174489,-13.74860965
19.45312500,-0.16447939,-0.46580531,-8.30583430,2.65043128,7.13135463,-9.08215600,-5.66482028,-10.02556367
19.45703125,-3.53194233,9.69109605,-11.65786153,2.99278867,10.83173180,-11.73115693,-7.95532715,-10.23478664
19.46093750,-4.96198815,6.73676956,-12.81750147,0.64722477,8.97941704,-8.09624136,-6.76061789,-4.49316329
19.46484375,-5.62753297,11.66785836,-10.13673978,-8.14201764,7.67697379,-5.62499229,-2.43583134,1.88927690
19.46875000,-5.79137639,7.74539759,-10.06011287,-4.35413733,1.97915392,-5.42242319,4.79812997,2.12631445
19.47265625,-6.90573995,3.64629710,-5.49199200,-10.67029254,-0.23981532,-8.38697241,5.83376934,6.13988975
19.47656250,-9.27380053,2.59231042,-7.39529473,-6.00242466,-11.42193941,-5.74593971,4.42036372,8.42704747
19.48046875,-9.38677529,-4.85081416,-6.14871896,-10.66509574,-6.54863127,-5.49459808,2.28203869,6.29908760
19.48437500,-7.79774885,-9.74627532,0.54175696,-9.90239515,-9.27269793,-6.98140191,-5.24267363,9.96275583
19.48828125,-7.06766635,-11.85575743,-5.33471635,-8.90297516,-8.70886468,-8.70281631,-8.76005481,10.64638190
19.49218750,-6.49220519,-7.89980094,-4.53695215,-4.59812857,-10.25827227,-5.68959731,-14.31014995,4.11509709
19.49609375,1.56216645,-4.88017910,3.40110545,-7.17251187,-0.24523553,-0.80155550,-5.07072145,4.74674027
19.50000000,-1.77216137,-1.10437650,-1.72785169,-1.51202301,3.15471703,-2.00514836,0.51992853,-3.83271105
19.50390625,2.92853111,4.41990349,-0.69868781,1.32617808,1.65798994,0.86464336,6.44662157,-3.25022607
19.50781250,1.12296398,6.69792385,1.88928023,4.51110923,6.25192341,4.16744485,9.88742867,-6.13555013
19.51171875,3.40233708,7.14284955,1.29001503,5.44415102,11.63811274,4.65291516,8.01139561,-6.57033177
19.51562500,5.48342664,6.11427784,6.05121915,11.22714672,7.35507593,5.53321567,4.30876281,-5.66488666
19.51953125,7.29901785,8.70253852,5.22066146,13.20560040,9.50454198,8.24391655,-1.80130455,-7.22814238
19.52343750,11.57972732,8.65840644,8.50778593,10.88975288,0.29265784,9.98128483,-11.08456319,-10.68729198
19.52734375,9.46858171,0.29409146,8.61583674,7.40949370,-1.74406378,13.41152157,-10.20755250,-3.52087025
19.53125000,11.47597615,-8.19039333,8.97920086,6.91721670,-5.46072919,10.85691635,0.89699182,-4.51844365
19.53515625,7.56614485,-9.00215179,11.45130970,6.29518208,-5.07375967,8.75430407,3.40138366,-2.16531459
19.53906250,6.83372996,-7.79165090,8.83794633,1.97261675,-10.71643625,9.75088495,8.67506331,7.82718388
19.54296875,2.04904834,-7.50202782,13.50961001,-2.70696802,-7.82623255,8.75211270,9.95536344,8.04058302
19.54687500,0.69697936,-5.90266021,8.83453829,-7.24826437,-13.61145614,5.93474848,2.91953151,8.08761459
19.55078125,-1.35848883,2.28684077,7.23430414,-8.79972478,-8.33166562,2.47356178,-0.31269830,9.77609366
19.55468750,-1.01764529,7.17514695,7.95052820,-8.43957804,-4.05989712,2.24303434,-5.03330509,4.95128224
19.55859375,-6.84090457,9.76163556,0.83377661,-7.96712514,0.10405206,0.88836432,-10.77875065,7.99840828
19.56250000,-5.56307598,12.58999975,7.73763223,-10.88116724,7.92981804,1.20844701,-4.58175129,3.14191890
19.56640625,-7.88713296,9.41652526,5.63468990,-10.20128839,7.80236330,-2.04534382,3.65861188,-5.62712061
19.57031250,-10.03421599,5.20454710,4.62453426,-7.68516683,9.50063797,-5.94962152,3.32204515,1.44278502
19.57421875,-11.82108482,1.62532522,4.08619442,-5.94678571,4.61116135,-2.79776517,11.71404547,-5.53334945
19.57812500,-9.04314440,-3.28939498,4.25219331,-3.54160795,5.14382617,-2.91410469,9.54817297,-8.91332678
19.58203125,-9.11795925,-3.40677386,-0.93031323,0.04743846,1.19822126,-5.56982549,1.01290456,-14.09945169
19.58593750,-5.49393834,-10.34438724,3.19948698,2.89657175,-6.98373117,-2.63140434,-6.80401426,-11.71012818
19.58984375,-3.46015871,-7.36672308,-1.73264902,5.04583910,-5.60604388,-6.55604792,-14.78072122,-7.47954792
19.59375000,-3.81782451,-9.28659495,-1.85754645,5.28865235,-13.26400494,-7.88321904,-8.40928273,-7.58401064
19.59765625,-3.45268799,-0.55206413,-0.03470640,7.30167890,-7.63591871,-12.29309416,-12.16006121,-5.79059646
19.60156250,-2.94534375,5.35786935,-4.76194076,4.65038577,-3.28751047,-9.41153941,5.18889860,0.12192530
19.60546875,3.71590552,3.68138289,-8.47366702,12.41802364,-4.96501102,-9.59316164,7.28534328,6.33464177
19.60937500,3.67749680,8.52751833,-9.96175697,12.37012819,-0.38085987,-6.84980812,10.36864786,8.80241201
19.61328125,9.04726854,9.32803327,-10.34281437,11.83778243,2.20392453,-3.07690197,4.05526532,10.30704704
19.61718750,8.72882794,13.28508157,-8.81141985,3.70293547,7.44433124,-5.35221300,-2.40695197,15.48740216
19.62109375,11.62919551,4.76332716,-9.05191871,3.69420683,9.11114041,0.85211646,-10.24496129,7.14344194
19.62500000,11.09414071,2.15105878,-11.50045552,1.53952348,8.00653154,2.19169745,-11.84425120,8.35407553
19.62890625,7.09114427,-1.49113062,-9.06851131,-1.74070474,9.59125907,0.57144873,-10.28700349,4.45840521
19.63281250,10.81329067,-3.96780269,-7.39839381,-4.90988609,4.58925833,5.27168891,-3.65653852,5.28190898
19.63671875,6.90596431,-11.48404006,-6.88269663,-8.97503199,0.46495591,8.61478486,3.33136022,-2.57097341
19.64062500,8.05122736,-13.16562125,-5.67382554,-8.70914616,-7.09363016,6.89541635,7.54307933,-10.70132330
19.64453125,7.24081264,-4.87311981,-7.85257211,-11.93370138,-7.17961808,4.03108023,6.03998765,-13.56334997
19.64843750,3.54491178,-6.03786825,-5.63461771,-9.43920647,-6.31249672,7.35154470,3.52741447,-10.30865558
19.65234375,0.16512025,2.37508377,-5.03046422,-8.13940061,-10.54617211,8.82687950,-6.94230835,-9.23284838
19.65625000,-5.68666456,3.98961853,-5.64304082,-7.76824333,-7.00951781,8.35070732,-9.77164570,-8.96868009
19.66015625,-5.54060029,9.26130682,-0.59604868,-7.85569109,-8.10256122,9.78911189,-8.85397435,-4.28710738
19.66406250,-4.15134059,9.17641978,-1.66403683,-0.16476471,-1.36456796,8.41451551,-0.67861217,-0.45838661
19.66796875,-7.05407216,8.42647692,-1.80793241,1.21177790,2.80211624,10.80181127,5.75575093,2.69548157
19.67187500,-6.54697155,5.79694171,2.81706669,5.73604123,4.75265123,11.77391030,14.47864573,8.71882239
19.67578125,-9.04005128,-1.04015402,4.74626420,6.64679746,8.30873346,7.37931338,12.15596104,7.04381046
19.67968750,-7.37610699,-6.82515189,5.04366858,11.23301443,8.05484133,5.70429594,5.67773209,10.43792502
19.68359375,-3.73542290,-8.43397592,8.95515999,10.30866918,7.57608220,3.30525419,-0.61005721,5.30623552
19.68750000,-11.50572538,-11.21436701,6.45398824,4.23250350,10.73722969,2.45095703,-6.79823652,4.98681911
19.69140625,-3.86268421,-10.37975378,5.86357673,5.97933649,5.74952563,-4.15754109,-11.39535259,5.41933398
19.69531250,-5.89344609,-6.29431609,12.84137725,8.25114317,-4.88639324,-3.96694595,-7.08215486,1.77862236
19.69921875,-3.17020241,-0.88994617,10.77808490,6.08892652,-2.56296916,-6.23930187,-3.75473549,-0.85311448
19.70312500,0.24506588,6.37264490,11.99796308,3.16694596,-7.76383271,-10.10653880,9.24418896,-4.49557091
19.70703125,6.90871255,8.60306023,8.93595609,-0.43620036,-10.97980967,-13.33117128,13.53371940,-5.26229561
19.71093750,6.46718471,10.07611496,8.26063962,-4.39563131,-8.25402604,-12.53161106,8.49452414,-9.22692445
19.71484375,4.69299157,8.06840135,5.70898266,-2.68726498,-3.23934645,-8.21208914,4.05757094,-4.15232347
19.71875000,10.19846140,9.24661033,8.52279882,-3.83250428,-2.24827164,-11.34272354,-1.91097404,-8.35348815
19.72265625,6.82260964,5.37389046,5.66163270,-8.40943075,3.07300318,-8.82610285,-5.52629387,-1.72077555
19.72656250,11.53328593,1.11567216,7.17074689,-7.47279607,5.40023630,-6.76710428,-9.14238031,-6.43625084
19.73046875,11.45421478,-4.99223185,5.64017938,-7.70347187,6.12330511,-5.35127202,-2.95068714,-4.14925205
19.73437500,11.65408789,-6.15633970,3.38010784,-7.09786888,12.44893741,-12.28458433,0.76391656,3.02625996
19.73828125,5.24658744,-10.10523443,10.23081985,-8.60337424,10.10838891,-7.33813711,6.33304015,2.37491163
19.74218750,3.49608989,-9.58647606,2.18960426,-9.74157730,4.79332965,-2.25971665,9.80026933,6.08458485
19.74609375,-1.29313649,-6.24858919,0.40120675,-2.37416273,6.45903291,-1.21731848,5.24812184,8.68572296
19.75000000,-2.90348404,2.33741895,1.91596993,-1.99909122,2.85673796,-3.13697460,1.01915844,9.84352613
19.75390625,-0.58305970,5.56542911,0.55427110,2.14411915,-1.85356597,0.34827113,-4.39998159,6.23709918
19.75781250,-4.81986910,9.09109664,-0.69848982,6.88010333,-6.98548051,3.72671370,-4.54093186,7.04272002
19.76171875,-5.03314283,7.00226518,-4.48734133,6.16023979,-6.93882214,9.63416522,-7.03280487,5.64154008
19.76562500,-8.24879917,9.26040465,-2.89741303,12.65044078,-7.27192464,5.35010870,-1.42133277,0.82141728
19.76953125,-10.58089332,5.10842550,-6.91754081,10.60134920,-10.94017288,10.83262957,2.87389585,-3.58464236
19.77343750,-7.38809697,2.94049621,-6.12665910,10.52891707,-3.34746600,8.54141656,11.50386487,-5.90424363
19.77734375,-10.13787631,-4.56965495,-7.15132324,9.40782007,0.30802752,6.99339619,8.43496700,-7.98362856
19.78125000,-7.83620481,-5.06242393,-9.89570954,6.38202666,-1.44928893,9.05625086,3.07681438,-9.66341002
19.78515625,-6.07618767,-10.68697245,-10.46683986,4.30422375,5.20782913,10.45845136,-4.06398616,-10.97823838
19.78906250,-4.71021607,-11.44121152,-11.22496819,2.49873918,3.07435147,6.90869165,-11.78412396,-15.80969132
19.79296875,-1.54869985,-11.30254885,-10.04737165,-5.76502519,14.14113579,4.87371096,-13.37140012,-11.08966758
19.79687500,-5.21392386,-5.60521612,-7.89155689,-10.55988919,9.69832365,5.95937078,-6.64032412,-5.03017187
19.80078125,1.48832194,-0.03988938,-8.19873902,-9.58539405,7.71083123,3.33877850,-1.13668330,3.46771650
19.80468750,2.26229428,3.41263808,-9.81659303,-11.55330259,2.99084324,1.54391248,7.82405136,4.21110475
19.80859375,4.29668374,9.86495326,-10.34882127,-7.76344339,0.67120041,-0.21320254,10.77169164,9.19010509
19.81250000,7.04397961,10.30650832,-8.24904953,-11.06096834,-5.95129787,-0.53473611,6.47908241,12.83200064
19.81640625,7.56376941,9.25643072,-8.18194253,-8.13158659,-11.63666851,1.18343797,2.46967986,7.11674181
19.82031250,7.19060165,6.41300217,-2.09270181,-6.34907343,-9.29886204,-7.63153071,-6.01113612,10.07781762
19.82421875,6.56967430,-0.23225506,-3.30497374,-6.35532302,-4.48918361,-7.98420107,-12.01721366,4.31675490
19.82812500,6.33778952,-1.01083769,-3.36393986,-3.82422742,-3.37350903,-7.59569162,-9.11336478,4.47777186
19.83203125,9.56525246,-7.49049244,2.40434128,-0.59738733,0.06433214,-9.59128050,-2.57413063,0.67403897
19.83593750,7.62741515,-8.55540084,6.86328964,1.84668766,-0.83539079,-6.69068168,-1.07531622,-2.82977694
19.83984375,7.50051230,-10.78486453,3.66525663,5.48813489,4.80946751,-10.51902038,8.38515999,-4.46809367
19.84375000,2.37891178,-8.35787419,7.17793044,6.15737500,13.20899230,-11.58230699,8.46323127,-9.03752114
19.84765625,-0.67544325,-4.65050856,8.10694572,7.93278027,9.95675639,-13.77669246,7.14225927,-9.43906629
19.85156250,-0.29169012,-1.31427593,7.43087507,5.78467974,7.47518356,-10.25687485,-5.09143546,-7.42976996
19.85546875,-6.14055926,4.75986397,9.81784129,7.02147021,8.24002782,-8.69006113,-10.71068029,-8.97621258
19.85937500,-6.78128265,7.95429978,10.85867516,7.61724923,2.74842879,-8.93833206,-5.04770431,-6.82728096
19.86328125,-10.87151009,12.07269182,8.12513064,10.77006362,-0.02494716,-2.79188337,-6.46886997,-0.76531666
19.86718750,-8.24063865,10.44438598,7.31372448,3.65764007,-6.91588274,-4.08516947,0.02250354,2.47661169
19.87109375,-6.26186326,6.05023203,13.25088714,2.36055691,-11.18381943,-0.51664737,7.68882224,6.56282359
19.87500000,-7.79635752,4.23261657,9.50101272,0.16257499,-9.53554800,1.06474087,7.32112113,6.21421560
19.87890625,-5.69290107,-2.83236144,13.85197236,-7.26160846,-8.92475629,6.46372792,6.74940200,6.19642494
19.88281250,-4.92171811,-10.39943479,10.45950774,-8.50080260,-7.08025747,2.70668055,3.92552030,9.05138422
19.88671875,-2.63502778,-7.21215547,8.14674501,-9.75481650,-2.58900370,4.50776091,-7.91486476,12.58471254
19.89062500,-3.04382396,-3.50807421,8.26471665,-12.19695610,2.80423027,4.96303915,-10.01758874,9.14979750
19.89453125,-6.88833391,-4.64963534,9.70858595,-9.19219598,4.78697735,7.51746672,-5.84401076,3.21027474
19.89843750,2.32803073,-5.15081665,4.51657390,-9.02820847,8.41692067,6.81229293,-5.92721509,3.22281939
19.90234375,2.05696949,1.19606522,6.80924890,-11.41762508,7.76731361,9.85846195,2.95349517,-1.48035162
19.90625000,4.39070237,4.87765852,3.60131100,-6.70853647,10.51541553,9.89300654,11.74368297,-4.07586707
19.91015625,4.01447563,6.52189433,-0.20660243,-7.69965598,9.18614865,7.54887893,6.72840706,-4.04453710
19.91406250,12.31949706,10.40121908,1.75621690,0.06915057,5.42241666,9.32595928,5.50812371,-8.54189191
19.91796875,9.07807258,9.81493846,-3.49212496,5.98254776,-1.07322590,7.94328139,-2.33695700,-11.15562968
19.92187500,5.60481920,4.74033805,0.14365648,7.81220668,-1.50154469,6.35047569,-5.71543370,-3.23096786
19.92578125,13.51657843,-0.49908966,-4.58641805,7.62177016,-10.48641084,5.78267903,-7.91298851,-1.78236961
19.92968750,9.00949697,-3.34230005,-2.66274371,13.40724108,-6.94997497,9.74223203,-3.51907326,-1.81412697
19.93359375,10.87333636,-6.28873385,-3.99046886,7.24546674,-9.29327376,6.12148942,-3.71382049,-2.82630339
19.93750000,12.80455907,-13.14295206,-5.09303053,9.18802655,-10.23747860,3.82979478,7.67875596,1.74957515
19.94140625,6.79683737,-9.65526159,-6.06318343,5.11326153,-3.84541918,-1.54112824,6.74154458,6.16927325
19.94531250,-1.59890518,-7.92412808,-6.30000244,11.20525055,-0.81961025,1.77609828,9.40150290,5.64952267
19.94921875,-0.41558844,-2.42531238,-11.38709844,10.55142393,9.28815694,-6.05242522,1.22313895,11.59175012
19.95312500,-3.08626873,4.89930099,-10.28474200,4.96025580,13.22945176,-9.01485437,-3.15052973,9.71181238
19.95703125,-2.64891494,6.70840033,-13.99724694,-1.30090050,5.91394475,-9.90043513,-9.15755185,8.45646195
19.96093750,-4.13974578,9.72422109,-10.72587208,2.40931090,12.59849989,-9.17625298,-5.96519370,6.28128678
19.96484375,-5.47803029,8.49886908,-9.54586645,0.69877960,12.15236264,-7.60691165,-2.39137099,3.88898279
19.96875000,-9.39115889,7.71381075,-10.61473892,-7.72791052,2.82438880,-10.02781614,4.05160215,-4.29861362
19.97265625,-9.17117611,2.23269518,-9.82508428,-8.97131491,1.12347223,-11.40123878,9.45615363,-7.36977461
19.97656250,-9.35120379,-1.98663306,-1.28181883,-4.22242344,-4.16196733,-9.51760015,11.06264131,-5.82075671
19.98046875,-9.98129710,-8.96267312,-1.18437060,-11.07022565,-8.31066481,-7.06634716,-0.21295792,-8.69995640
19.98437500,-8.16780157,-11.49570713,-3.83000898,-9.39559414,-13.59558140,-2.74609535,-5.54271588,-11.33205445
19.98828125,-10.09049492,-11.98785774,-3.82004799,-8.29618920,-13.88183586,-1.08279373,-9.75734318,-12.95841948
19.99218750,-3.95936072,-9.16275545,-0.89714765,-6.44070365,-5.01002201,-3.91474576,-13.97186593,-4.33807882
19.99609375,-4.94702414,-8.69907084,-3.17255190,-4.65870937,-4.56685820,-6.94517562,-6.60666224,-6.05404908
20.00000000,-1.73717250,-3.47481053,2.78734079,-0.77891176,2.40296897,-1.47959318,-0.16072740,3.98987145
20.00390625,-2.74530132,0.39024635,-1.32795292,0.47551559,7.71951141,3.98567440,5.92297289,5.41833347
20.00781250,-0.23559494,5.37111176,5.10448217,9.60387057,11.31162739,2.11424330,12.43460221,8.46121253
20.01171875,4.03929497,12.57139592,1.02208445,8.49216926,11.22176702,3.99838237,6.68924270,11.77673428
20.01562500,4.88099709,7.71152232,2.09474684,9.03352713,9.51133550,7.86771096,3.98383575,10.72578097
20.01953125,9.77128097,4.70691602,9.08933747,8.90835470,8.55074342,7.03691165,-1.27542162,10.08300037
20.02343750,9.75363523,0.88662385,6.70224079,13.96358500,5.76278260,9.38345488,-8.02827082,10.81415043
20.02734375,6.96057712,-3.31814197,5.09950976,13.61448000,-1.31892943,12.89431355,-5.48350216,3.67014463
20.03125000,9.12539705,-9.76225123,9.11895409,9.10468899,-2.27845835,10.78416389,-2.06758894,4.42605942
20.03515625,11.01832376,-6.77271024,12.00345576,4.21069347,-6.05158813,9.43105895,6.00597501,0.95930622
20.03906250,8.48314855,-9.79541629,14.71807592,4.12421671,-9.83786048,7.83873821,8.88580821,-4.97311408
20.04296875,3.57402868,-5.91062348,5.61819802,-0.16956368,-9.39096393,9.94995870,7.62802085,-12.50964089
20.04687500,-0.20390127,-6.02789098,11.89233670,-4.41241960,-6.95714416,5.83814529,4.16569885,-11.72235158
20.05078125,-1.14134045,-0.69645846,4.88594316,-5.71233189,-3.54056390,2.46862458,-2.64379293,-12.20373878
20.05468750,-3.86743863,6.79616604,9.97987132,-9.50415292,4.39543935,4.19938581,-7.87196783,-8.56974140
20.05859375,-5.09354198,9.47587010,5.88778749,-8.41347686,6.48515244,0.16890158,-8.44548574,-7.07680883
20.06250000,-8.23811711,10.78598791,5.82050796,-6.19163153,1.20344617,5.12954071,-8.67575469,-5.93660366
20.06640625,-10.17934405,10.30807720,7.66198633,-7.18658428,12.59048880,-1.57694798,0.48878333,1.28475230
20.07031250,-11.12475044,6.35377948,1.97139699,-4.43646573,10.71606434,-3.45075031,5.35130909,2.80565570
20.07421875,-8.04114868,3.02207230,2.74457635,-2.90196443,4.87076327,-3.63632522,8.22949554,6.81904281
20.07812500,-7.80239731,-1.43513478,4.15497620,1.65911522,4.59575723,-1.40273972,5.47154604,7.19209176
20.08203125,-7.61727029,-9.38069509,1.45339692,-2.00209237,1.25787746,-10.47819507,1.67897401,10.01800646
20.08593750,-12.31558856,-11.69203709,-0.67906122,-0.83888313,-3.69380166,-11.57280541,-6.80296297,9.95136868
20.08984375,-5.71535942,-12.98079636,-0.81385205,3.59072227,-8.55344919,-8.37004023,-10.74721925,6.15738400
20.09375000,-3.81478185,-10.68371315,-5.39518950,5.91723827,-7.58904821,-8.48313873,-8.19586308,3.93357001
20.09765625,-3.04460640,-3.91005948,-2.08521355,7.45964864,-10.42011286,-7.80318584,-2.66960766,2.66915999
20.10156250,1.14192548,2.79822811,-4.66549873,9.98562820,-7.09220806,-7.08054718,2.42434902,-2.56006832
20.10546875,6.04390338,4.08267243,-8.88690872,7.86558910,-7.94094688,-8.54210496,5.59640976,-0.33664184
20.10937500,3.34662240,6.56019519,-8.97198283,7.04197904,0.10478381,-9.69580316,10.47545141,-5.20475865
20.11328125,8.58269745,10.77046533,-10.26334301,7.26151667,4.36040731,-4.14552860,2.05180739,-10.32719609
20.11718750,8.41567270,5.64202014,-16.03963836,9.16808584,7.89139894,-6.85134359,2.27804223,-6.78823961
20.12109375,7.34272847,7.79084623,-10.95611023,4.94275471,10.01664209,-7.50530947,-4.64119470,-4.63685714
20.12500000,10.66136950,0.00257055,-9.85830666,0.95636791,10.63311169,1.42683100,-10.12277849,-7.26074533
20.12890625,14.24673390,-4.26394933,-15.11081704,-2.87631776,4.78678982,1.54064791,-6.23249450,-3.70622581
20.13281250,8.03079495,-6.40627539,-10.31050798,-7.76709694,1.21830619,8.82327382,-0.08676659,-0.50157648
20.13671875,7.33865492,-4.76869342,-10.66811606,-7.74158766,0.40560234,10.10930305,0.81045780,-0.98163018
20.14062500,4.17783005,-12.04384960,-6.02153917,-11.41933771,-3.05627849,7.49245034,2.39791716,8.15302261
20.14453125,2.20049874,-5.50371590,-5.71324330,-15.07969301,-3.82841356,10.65694148,7.78940077,4.80295673
20.14843750,1.00841627,-1.57229159,-9.37593742,-10.54918752,-4.98607716,9.38565252,3.20432033,12.31423923
20.15234375,-3.80358164,2.67273585,-8.69397919,-8.08050295,-5.64548578,11.91696505,-5.71080125,11.05639704
20.15625000,-4.11306974,10.49164492,-2.15629055,-5.83293181,-6.68489611,8.59607534,-11.78953609,9.88395346
20.16015625,-9.09298406,10.32572446,-2.61254384,-5.97499573,-6.16889911,8.58010258,-9.52929128,8.51262686
20.16406250,-4.60397050,9.07952831,1.22281167,3.75484143,-5.02586110,8.82898962,-6.44126881,3.25660522
20.16796875,-6.54783759,7.90673594,1.04317320,3.87527843,3.47579254,8.88266317,4.40847729,-1.75814510
20.17187500,-12.84704357,6.08252580,-0.22778890,4.55773862,7.46628082,4.73081573,6.76507662,-2.81387786
20.17578125,-7.32056077,-0.41155550,3.91599394,8.54987010,5.71053944,7.03714429,11.83618460,-4.51100165
20.17968750,-9.78801063,-8.20009646,1.91516976,7.45367903,6.83128377,6.88538773,11.57576856,-6.57290633
20.18359375,-6.10987623,-6.93527835,5.62218547,8.84299085,10.86461693,1.99035345,0.50190734,-10.98390548
20.18750000,-4.31807968,-10.42511887,10.76019493,9.00574458,6.07630798,-0.07320317,-7.41799398,-6.22896885
20.19140625,-6.92449791,-9.91890698,6.63079424,3.98274133,1.15867678,-3.66005843,-14.03114110,-6.71373182
20.19531250,-5.31777909,-5.15885182,9.45775869,6.26678313,2.89786046,-6.78939502,-9.40844822,-4.37200050
20.19921875,-1.69270344,-3.12822961,12.41842369,4.24303523,1.12353383,-4.51513745,-4.77133388,-0.21951255
20.20312500,-3.37476056,3.36386070,9.01476735,-2.16382810,-6.43424941,-9.97101263,4.12724007,1.40171164
20.20703125,1.29973547,10.00887711,5.02734950,0.36643776,-4.67791493,-12.39319007,11.90458911,4.82902507
20.21093750,4.31891504,9.62682699,7.24478631,-4.03859074,-6.90541541,-7.68403264,10.05942431,11.14190869
20.21484375,1.41108141,10.01700234,4.96266031,-1.87750392,-5.26459353,-7.77553314,4.42035765,8.90036545
20.21875000,7.53593404,5.76929155,7.95720051,-8.29469651,-4.51823721,-14.03464222,-2.69190044,10.88574180
20.22265625,10.30416600,2.69205847,3.76537552,-5.89663215,-1.39119190,-6.28336044,-12.69801973,7.34674383
20.22656250,9.43977084,-1.35761693,8.60513989,-7.81833631,6.43669738,-8.42853897,-9.39735559,8.58072448
20.23046875,7.28018263,-4.68797890,5.65577668,-8.16681608,5.16287535,-9.92862020,-3.79187059,2.30291092
20.23437500,5.26777740,-7.42409774,0.55058106,-9.00280655,11.06810161,-4.65612249,1.86292816,-2.69079810
20.23828125,6.64732616,-9.86637252,4.13591118,-9.36477285,8.67145309,-4.46984485,10.92851551,-5.95631029
20.24218750,4.99437084,-8.92444577,-1.28471567,-8.69210758,7.49406782,-0.47212147,10.02324550,-7.74281885
20.24609375,6.48735806,-3.50237679,2.30689482,-2.91585099,4.25908049,-1.91663311,4.88733411,-10.48147865
20.25000000,-3.13313018,-0.37372756,-0.11729000,0.02702023,3.25206277,-1.13119264,3.29883615,-9.64287318
20.25390625,-2.59284220,2.94905461,-2.79205906,4.75385010,-1.33173379,2.30348635,-4.79709539,-5.74416556
20.25781250,-8.91683559,7.68533153,-3.53183057,8.26271074,-7.53389868,2.06417367,-13.31955752,-7.69599450
20.26171875,-6.06216801,10.54161751,-6.63469308,9.27995542,-10.70740434,2.07258470,-7.37091824,-2.51354831
20.26562500,-6.18251857,7.40552551,-6.83120369,8.62177987,-4.26801536,6.41125933,-0.04753284,1.20156134
20.26953125,-9.23006661,7.34028202,-8.32480592,10.26238950,-8.94134764,9.90450847,3.87245277,3.01166671
20.27343750,-7.12044312,5.27538964,-5.18304295,9.27194618,-5.01817728,13.33159662,10.77956141,2.77375838
20.27734375,-5.04080323,-2.66667662,-10.11317023,10.73259359,-4.36499188,14.38917404,6.06432493,5.64472787
20.28125000,-8.04421526,-7.16538252,-7.81216768,4.40562103,2.48804919,7.26116809,2.31498184,9.67821595
20.28515625,-4.23608111,-14.24392784,-9.02263984,-0.61152093,6.20965732,10.15618862,-8.40668655,8.27299518
20.28906250,-9.53237778,-10.33053069,-6.94960874,-2.03413112,10.52240864,10.20377134,-8.58657269,5.53824017
20.29296875,-6.06921482,-9.55248047,-8.39885478,-1.29663315,8.67339789,5.35701718,-8.92337026,3.81309110
20.29687500,-4.75395643,-5.82241881,-10.45506315,-3.21092677,9.44304555,4.74981473,-6.92632403,6.71272193
20.30078125,-1.84688513,1.09156985,-8.48246920,-8.39072996,9.38230643,5.72114809,1.58149831,0.44740626
20.30468750,0.33322783,0.95883569,-6.72409260,-10.14162101,-3.44509047,6.00793382,9.82553589,-4.44261387
20.30859375,6.40752109,4.93044809,-6.81860720,-10.62517899,0.08690255,1.32195124,6.94556113,-9.71081025
20.31250000,3.64584386,9.22079984,-7.27747880,-9.96776883,-1.58357757,-0.70370564,10.68792033,-4.54430495
20.31640625,7.96839742,5.50121772,-9.70408438,-9.70665071,-11.70485184,1.66404473,2.90681026,-8.37206879
20.32031250,8.59423386,6.73957918,-6.27078224,-6.33762375,-6.73034610,-0.37235357,-8.19755132,-6.97672856
20.32421875,10.67169401,0.74703601,-6.94608716,-7.02957564,-6.70666023,-3.23272487,-10.69476710,-5.00132107
20.32812500,9.72316028,-2.74130040,-4.80021184,-2.58815250,-4.20036063,-4.76268115,-10.44555747,-1.82159106
20.33203125,6.90110313,-9.36233835,-1.82760375,0.53180823,-1.49799773,-6.25382846,-3.46948811,1.04221456
20.33593750,9.41528658,-10.32420124,5.31078793,1.57921676,3.11176940,-9.57150407,1.97022415,1.27525429
20.33984375,6.45821659,-8.92401288,1.73215107,0.28177415,8.52969892,-7.52532411,10.47210028,2.39100972
20.34375000,1.58725777,-7.36564849,4.15511897,7.05213634,7.04951697,-7.11402663,8.37065156,8.12788695
20.34765625,0.28461117,-2.79751630,6.39530357,6.04552018,13.40763077,-12.10018574,6.15766485,12.13157338
20.35156250,-4.46032282,3.17767988,5.28410955,8.14914684,13.72243819,-11.47385077,-1.74266461,10.90040256
20.35546875,-5.62198778,9.15585635,5.32839819,13.56991608,6.41235997,-7.48537321,-6.45317419,11.47531232
20.35937500,-5.48031522,13.60992932,9.11656479,11.16783231,2.58573643,-9.12486198,-7.03697713,7.67497488
20.36328125,-4.10080243,12.10147284,8.64097649,9.01317722,-4.21084089,-4.44420304,-3.83363162,2.72004000
20.36718750,-9.47699063,8.12016642,12.07029597,3.55516148,-6.19937210,-7.01426695,-0.38492643,-0.05668140
20.37109375,-8.48151121,5.14307575,11.16900334,5.70320971,-10.99650860,-1.52380864,5.45661388,-0.36879385
20.37500000,-8.99425472,1.45627403,10.10675614,0.27325672,-10.43323547,3.51158898,11.31146089,-4.27369154
20.37890625,-7.66441162,-5.10493746,12.26271843,-4.15853588,-12.23453885,3.43599084,5.40134856,-10.22810460
20.38281250,-8.30059321,-6.46518608,10.12476935,-2.42461009,-6.88064753,3.39796734,-3.74623657,-11.14860822
20.38671875,-4.87775197,-11.21508179,9.38397093,-10.77077460,-1.15638615,6.55622747,-5.66874183,-9.92023381
20.39062500,-3.73946445,-13.50389618,9.88879652,-9.71750112,-1.05805129,5.07756990,-15.06638373,-16.07736579
20.39453125,-2.70054967,-8.75885623,7.34411979,-13.87576799,4.71288264,8.79418610,-11.06318362,-5.67382453
20.39843750,-2.77971707,-0.46031188,10.23242910,-13.35491237,13.06794927,4.88798146,-1.64291200,-2.91872319
20.40234375,2.81868562,3.83036421,5.25089917,-12.72283182,8.00097641,7.32710069,5.86646724,6.16611085
20.40625000,0.66554555,4.47284934,-0.44954273,-9.00447805,6.88544044,10.35063191,9.95650490,5.71933047
20.41015625,0.84785558,9.18388071,1.22531902,-1.47026488,10.75092476,9.07699619,10.71204944,8.18007719
20.41406250,6.90023171,10.01930098,-2.20054289,-0.22274655,2.55794414,10.36069518,2.50106817,9.25841392
20.41796875,10.60289724,8.24667166,-5.82509665,3.03088387,-5.15400411,11.98007891,2.38591701,10.81373202
20.42187500,7.77987334,5.53760017,-4.62200830,6.51549053,-7.64217366,7.03079508,-10.08377694,8.10164067
20.42578125,10.50689257,2.09982049,-0.37080607,6.27695913,-8.77101188,8.93609313,-9.24730006,4.77777936
20.42968750,8.75282180,-6.09824306,-3.39034906,14.54688152,-9.29388136,4.86957853,-3.49184578,3.21502659
20.43359375,9.48497225,-7.32208144,-5.61039913,11.13652020,-10.04345700,2.39917848,2.22646525,-0.63343291
20.43750000,9.16267690,-11.38284550,-10.63231013,8.28072773,-7.78411318,1.23217496,3.88704205,0.40617718
20.44140625,7.11453031,-6.09314209,-9.31858492,8.61054671,-5.33479239,-1.72803865,11.08348478,-7.49146603
20.44531250,0.88504132,-5.27588471,-10.30823725,8.82625466,1.26639974,-5.77521887,6.66591234,-10.86566099
20.44921875,3.27902731,-0.21301988,-5.47297509,2.70727853,0.97313383,-4.43290034,2.13256997,-10.37150594
20.45312500,-6.53817289,2.67611700,-10.25766715,3.50396693,6.33269692,-8.11045723,-4.93900689,-11.04111847
20.45703125,-9.43084287,6.32192741,-12.22909305,0.43735466,11.78917685,-7.11964637,-11.37451703,-10.37219550
20.46093750,-6.66839760,6.95490956,-11.49016763,-2.24068751,11.22550364,-9.20584068,-11.14823676,-4.17357113
20.46484375,-6.09622429,10.91477457,-9.71175264,-3.33218111,8.98609439,-7.48607150,-4.32984386,0.43845286
20.46875000,-5.31489130,8.40014151,-8.91867086,-5.44187172,7.19559414,-7.65689901,3.49659210,4.31016696
20.47265625,-10.04119118,-0.21820010,-6.37164805,-13.77436720,-3.35602690,-11.37861073,11.24106706,3.73928278
20.47656250,-9.03054053,-3.89045856,-7.63421597,-10.61274326,-6.48078980,-7.97372942,14.04156392,7.62335404
20.48046875,-9.43752868,-9.19284155,-4.71310208,-12.72791659,-8.38170109,-4.68830378,4.46252546,9.38035576
20.48437500,-10.83550400,-9.31265724,-0.42187318,-9.28665481,-12.23000153,-9.47390100,-5.99721567,9.42401943
20.48828125,-8.16908902,-12.63927713,-0.80233779,-13.96372841,-13.64853452,-7.69289766,-10.42946064,9.39196835
20.49218750,-5.63143986,-5.97213483,-2.83517919,-4.08440475,-8.86773088,-6.00350530,-11.53411972,6.12820169
20.49609375,-2.06837021,-4.73450153,-1.17453877,-3.47179875,-4.60708065,-2.83696716,-9.98852750,0.81136191
20.50000000,-2.33096984,-1.60839530,1.14490877,-4.23782558,0.98800556,2.08718089,-0.50366508,-2.33613367
20.50390625,-0.52369257,2.61494723,0.24097791,1.31119839,4.47856239,3.55927640,10.59449037,-3.99256686
20.50781250,5.49841461,8.23610890,0.19300907,3.35535191,14.81971163,3.01937197,8.54678780,-6.32923663
20.51171875,6.87973524,6.49644993,3.94766043,9.22375718,9.18151292,3.62105556,5.35451292,-9.44643558
20.51562500,3.10272538,6.90985735,7.26768607,9.40448013,8.74980082,8.64676652,4.24198659,-5.75650923
20.51953125,7.37592372,9.60189050,3.41434789,9.38715978,9.31387852,6.99777741,-2.73566754,-4.30445277
20.52343750,7.13323686,3.19614939,9.52118184,12.74582347,2.93656842,8.87581369,-5.13674127,-1.10749308
20.52734375,7.58105565,-2.13120097,8.52714202,11.46451531,1.20870137,12.69315773,-11.12835182,1.36884723
20.53125000,11.45391772,-3.97242608,11.57847618,6.72959979,-6.87209805,11.87177276,-6.00141839,-4.82565485
20.53515625,8.45373162,-10.50399472,9.84923031,5.76032803,-7.22631061,9.22661757,0.94439852,-1.18656816
20.53906250,3.83028827,-3.71479670,13.56324690,2.48309772,-8.71520628,8.01151431,10.69420787,0.65073722
20.54296875,4.73265116,-8.11984095,12.71872525,-3.61401050,-8.05704135,6.06184055,6.66965616,3.40301390
20.54687500,5.47781452,-2.38318601,10.25695473,-4.76822341,-6.97936441,5.51643860,6.46630567,10.18567090
20.55078125,2.27956066,-0.69446725,7.09073801,-7.42602218,-4.30704838,5.14329641,-4.54755397,15.65354418
20.55468750,-5.13287669,4.24309119,11.43049741,-10.49180668,-2.15710926,2.10592948,-5.66424630,9.48950747
20.55859375,-0.95309549,6.26572233,11.18346344,-7.12981275,4.67209349,1.78547883,-13.09806588,9.61092647
20.56250000,-5.65381024,9.69939149,5.26650263,-8.29501770,4.73268474,-0.57412999,-4.45050993,5.18640114
20.56640625,-9.95114723,4.85306638,8.92413445,-6.27808576,6.37882895,-0.93060637,-3.25824053,3.77243731
20.57031250,-5.46956621,5.17648284,3.49113971,-10.85325194,5.20650777,-1.40737018,5.12530958,-3.59634638
20.57421875,-5.48053642,3.19197907,2.12560376,-8.09644642,8.79451673,-4.21862431,11.60208804,-3.48859565
20.57812500,-9.91702148,-3.53234951,4.35059100,-1.92474355,3.91463332,-4.36258954,8.39075237,-7.28195626
20.58203125,-7.26566628,-4.42768350,1.84822068,0.61599887,0.28278824,-7.94397077,9.35881253,-7.80938949
20.58593750,-4.52514215,-8.06224529,4.30504795,2.66482988,-3.70469219,-8.00769788,-4.17148554,-10.66377355
20.58984375,-1.91667824,-8.88365563,-2.29334169,7.26989234,-3.89557571,-11.40358394,-12.83125802,-7.74558728
20.59375000,-0.38371475,-8.16407529,-5.03673400,0.60286019,-13.71345919,-8.73823341,-10.05185907,-9.94611615
20.59765625,-3.84228997,-5.62197603,-2.62339438,7.05387386,-11.33871490,-15.29511352,-9.57313607,-4.57585861
20.60156250,-0.71989695,0.55834771,-4.02111130,7.98246205,-6.54629484,-10.43856845,5.45456875,-1.65208644
20.60546875,2.73990491,5.36815747,-7.64795248,11.60248666,-1.48259478,-8.58680629,13.17762761,4.92012622
20.60937500,1.55049437,9.13811846,-8.05848817,9.02297688,2.29108515,-5.63327825,8.39025180,7.30166758
20.61328125,7.25239401,11.92277725,-12.58059108,5.69830105,5.82624235,-6.51522771,10.86148045,9.03348995
20.61718750,8.55912911,7.19972459,-10.78123014,7.67926179,4.17299920,-1.10612635,-3.48070310,13.53296244
20.62109375,9.81867826,7.83826366,-11.02507513,3.96483813,5.14515030,-0.82448339,-5.92805888,8.89489832
20.62500000,10.27089969,2.18207953,-13.91872462,1.69901659,11.62744416,0.85637992,-10.26117007,4.39455197
20.62890625,12.97333650,-3.49431283,-10.78182010,-2.78424802,9.66556346,3.10529694,-8.18527037,6.77002076
20.63281250,6.75727824,-7.97141012,-5.56104954,-7.21991611,3.70754542,2.47301053,-4.78592023,1.57204786
20.63671875,8.77096445,-11.51293326,-8.95107858,-8.20066808,-1.47305669,7.65594621,4.05251996,-2.37673405
20.64062500,4.95164097,-9.22066590,-9.68076517,-2.32707845,-3.15869065,6.54390761,5.98919732,-9.35581791
20.64453125,4.84305412,-6.98488739,-4.29906689,-11.98554756,-5.55808770,8.99380059,4.95956793,-11.40654869
20.64843750,0.99448143,-4.31931960,-0.58044848,-8.89521305,-5.34609937,8.47462988,1.70364631,-9.20630934
20.65234375,-1.49546390,1.64473898,-2.42775490,-11.41527184,-10.10016194,12.62573004,-8.64465954,-4.47392276
20.65625000,-1.67181565,10.02912124,-4.99160072,-6.40986133,-10.32622928,7.19070707,-7.73112922,-7.52865661
20.66015625,-6.74830029,10.51775566,-4.44296719,-3.08852452,-3.08549382,9.58566991,-8.70723777,-6.90758473
20.66406250,-7.86818110,10.68032518,-5.46779971,-2.46820155,-0.06438627,8.84774737,-4.46390437,-2.87828841
20.66796875,-6.23515544,3.38133217,-1.89195262,1.72872408,0.90665533,7.83598634,6.89356981,2.28871705
20.67187500,-9.62176113,3.07538970,1.56042892,4.33016073,5.25237440,7.73330206,11.46940923,6.10455125
20.67578125,-8.79951877,1.34736983,3.90611915,7.35206741,3.52935554,11.31018317,7.75040725,3.36594204
20.67968750,-8.17035942,-5.04622149,6.27387693,8.42102804,10.72816492,4.38023441,1.93442093,9.37894481
20.68359375,-6.99897927,-7.58304834,7.37090143,9.44527162,5.54163450,-0.21875702,-2.39362560,7.34380275
20.68750000,-7.65333721,-10.74947625,12.02583814,10.13685624,7.79857993,-0.14908422,-5.14724855,4.11368453
20.69140625,-5.62026687,-7.45454668,6.48545929,9.74372930,1.31710886,-2.88519251,-11.99513693,6.59506793
20.69531250,-5.45897254,-3.27798654,4.62972428,4.90436314,2.38630623,-0.89171368,-8.38447054,7.43123281
20.69921875,-2.76356625,-2.39254390,9.77114208,5.07791194,-6.10521268,-11.32000121,-1.08749834,0.17828639
20.70312500,-3.42673705,2.00370919,11.73377851,2.79951542,-9.31261085,-7.88335928,7.56933975,-4.69827066
20.70703125,1.67315397,9.77252986,13.28477554,2.94079959,-7.94835784,-14.04821571,7.49805374,-4.58333677
20.71093750,4.98675087,6.55996885,7.98265347,-4.14738821,-9.57268012,-10.66241874,10.60405177,-7.60189898
20.71484375,5.79204498,8.59739694,7.13904650,-5.51827250,-7.40848280,-7.52036429,7.17291198,-10.42701733
20.71875000,9.65248105,5.69320949,3.82658551,-7.67419574,-9.71644601,-8.60069027,-2.08506104,-6.75437262
20.72265625,11.25984085,6.06180258,5.63340353,-5.73574687,-1.55285756,-6.64763963,-7.05378665,-5.79959755
20.72656250,8.77136210,-1.27659721,5.06198917,-7.99731603,2.22044955,-9.86963751,-5.19121826,-2.87388398
20.73046875,11.03749952,-4.96980532,1.49839028,-6.00897935,7.74489536,-3.61625144,-3.49027663,-1.58307576
20.73437500,7.49520493,-8.64737297,5.42830210,-5.99683941,8.12393843,-5.46819372,-1.02874020,1.51856450
20.73828125,11.91175261,-8.77814735,2.43326584,-6.11548604,6.42241194,-6.29146939,4.04980045,5.29688133
20.74218750,2.67830862,-5.01260984,6.53045803,-10.88875103,7.94713530,-5.15572724,4.38692246,5.47931844
20.74609375,7.41293800,-3.61876028,4.19975046,-8.68037611,6.33928096,-0.73786222,4.43911073,7.90010084
20.75000000,0.38444960,-2.57880253,-1.27776309,3.92204103,1.04093731,-2.44213109,0.42372168,11.78208920
20.75390625,-4.12809086,4.84685149,-0.31369321,2.48098577,-3.08449777,2.13200263,-6.49788893,7.37465331
20.75781250,-8.44084375,6.52785987,-0.87285408,5.71288861,-8.46243346,3.30553937,-9.26713608,9.09924957
20.76171875,-1.30903779,7.48209841,-4.86081476,4.80663044,-13.08166563,5.98215286,-6.47447962,5.67432989
20.76562500,-5.55724313,10.65405551,-5.09616183,7.68053732,-7.46600192,8.71760868,-1.56292370,0.14178862
20.76953125,-5.22973456,3.83832216,-7.30651632,9.11448672,-8.90958501,12.11558688,4.48870927,-5.00320607
20.77343750,-12.85746756,1.28985536,-8.89761244,8.31438393,-0.59706867,8.92184098,11.80257695,-4.83283763
20.77734375,-7.39119308,-2.40584368,-5.42318494,7.44458186,-5.62698881,11.07346925,5.08066703,-6.60442696
20.78125000,-7.18133823,-7.49345974,-8.40086138,1.65036337,3.18176614,9.17195438,3.41006956,-9.43567267
20.78515625,-7.18024232,-7.76099911,-8.72538962,6.32906545,5.94134252,7.38739033,-7.14524334,-13.29981708
20.78906250,-6.95505482,-12.56956441,-6.87787812,4.18442205,9.61172374,6.55482813,-10.20293857,-7.13959444
20.79296875,-2.52226830,-6.86667564,-7.21088591,0.62945142,8.26858269,10.58198511,-13.28277634,-10.41009500
20.79687500,-4.37642866,-5.04133757,-4.75004467,-6.65261312,9.71592586,6.16983507,-8.19174306,-1.85024200
20.80078125,-1.24074631,-5.97747862,-9.35388027,-12.76994598,6.73801056,1.70716662,-2.24583622,1.18090796
20.80468750,-3.02143564,2.13014520,-9.51051270,-8.63955279,3.96002341,-0.01806004,9.13238441,1.73619040
20.80859375,4.40510283,8.36044798,-9.99672551,-12.74613858,-1.68092918,-0.93803697,7.36091313,9.52403720
20.81250000,3.51865413,9.55599850,-8.65773709,-12.63031739,-3.75163440,1.82951860,5.59829094,13.59173687
20.81640625,6.74193204,11.36432308,-5.08433024,-7.76017411,-5.73530569,1.31349367,2.86926803,10.04701868
20.82031250,10.40713322,5.53562538,-3.64888364,-7.19086348,-11.72263657,-6.48482557,-1.73102954,10.27922383
20.82421875,11.52926179,1.55219850,-3.78946960,-1.50346093,-7.90110699,-3.95562172,-12.68393950,7.61234526
20.82812500,10.94621013,-5.50525736,-0.36862882,-1.83759090,-0.49823697,-8.78314575,-10.61156979,5.70800273
20.83203125,3.05437831,-4.95190494,-1.37558686,1.49682879,-1.21545294,-10.92286767,-3.68005449,-0.52509879
20.83593750,7.98710661,-5.36639308,0.52537217,4.63472970,5.07479937,-11.27026150,4.24839719,1.30243471
20.83984375,5.88423681,-6.99710608,-4.24918862,8.52034335,9.61369536,-7.67826949,11.70429998,-6.66102690
20.84375000,7.43311215,-6.64853083,5.69945790,7.59537702,10.87997664,-11.22811208,7.15219920,-5.42007156
20.84765625,1.95379212,-0.91971599,7.35605419,6.76651502,8.48637197,-10.36113113,4.23566081,-11.64615066
20.85156250,2.13227790,1.58973201,7.80791736,11.72056946,8.24405051,-10.88707315,-3.77370078,-10.65602370
20.85546875,-1.81431806,3.67050296,11.07386263,9.14789151,7.65170701,-6.99279164,-10.38503892,-13.00615078
20.85937500,-7.75039051,7.72623353,6.45484540,7.46258404,1.24663024,-12.26999408,-9.55602553,-6.37475527
20.86328125,-9.20263320,13.63158309,6.94242259,9.37191928,-1.03621379,-2.93690531,-1.84354812,0.14504552
20.86718750,-6.81993812,11.81286935,4.74281757,5.24253335,-3.03631632,-6.74631396,2.94646822,0.42531765
20.87109375,-9.11777331,5.96851406,4.28003229,6.46608228,-7.64970748,-2.05662781,9.24441786,4.31606094
20.87500000,-7.20790003,-0.07129372,7.12135346,2.52765807,-9.43631323,5.13054426,10.71038844,6.03341235
20.87890625,-7.05562846,-2.49196583,14.92044712,-1.84203688,-14.21317916,1.69927169,7.30422139,7.74221654
20.88281250,-5.23441347,-8.87325420,11.36908754,-6.26346683,-6.81551852,5.12118556,-0.00444754,10.24510536
20.88671875,-9.91972538,-12.57469605,13.76359449,-8.83005757,-6.33852944,8.14059841,-8.83149526,7.14165601
20.89062500,-8.25228536,-8.50735506,9.25877704,-7.28258291,3.92566337,8.76356292,-9.88168576,7.43877938
20.89453125,-4.06595059,-10.02428193,6.07761123,-14.72270917,7.02701804,9.08704969,-9.08824106,-1.15906247
20.89843750,0.17047100,-4.87380058,8.88106700,-12.10851143,9.22269243,11.25346319,-1.46598226,3.54957975
20.90234375,0.62150096,7.84757870,3.23066349,-5.15155879,11.54949668,8.10519734,4.92503460,-6.02893019
20.90625000,1.57105339,3.98401837,3.30843355,-7.15139534,9.54817427,13.76699762,12.11890789,-7.13891931
20.91015625,3.48697376,12.19459479,-1.28634268,-6.32878828,6.87864001,8.07602900,8.23910329,-8.01354764
20.91406250,7.70607850,10.38566633,2.09487179,0.41474674,2.68038308,6.53337049,5.01758925,-5.04363051
20.91796875,5.98468176,7.65774709,-6.23811330,0.74424778,1.68745997,4.39128234,0.75174172,-8.44681135
20.92187500,13.06183197,5.51045983,-4.39405461,7.32966090,-6.10046343,6.93328967,-2.71943903,-8.24021039
20.92578125,13.57071742,0.95225709,-4.73346398,9.79063703,-13.88269716,6.19666389,-7.74926557,-5.75906715
20.92968750,10.85526982,-5.92701499,-2.28420326,10.80522774,-10.89039900,8.02511244,-8.17876818,-3.77923414
20.93359375,9.46817326,-7.26994612,-5.15249279,9.61977317,-12.17128066,3.58870914,-4.29682108,-2.30086158
20.93750000,7.36604489,-10.97149696,-5.04701320,5.72882218,-9.95198436,-1.79278078,4.25802645,3.00303004
20.94140625,4.26719825,-11.04896980,-9.24702395,11.28777593,-7.37612068,-2.04176525,7.57326166,8.41926795
20.94531250,-0.39266528,-7.29280757,-9.40877206,3.62619710,0.33561764,-1.57803231,3.35986075,10.72449703
20.94921875,2.79486105,0.41420529,-6.53850577,6.64173946,3.70629351,-5.24057048,4.62237293,14.06277951
20.95312500,-3.69818006,1.16428830,-9.23645333,6.34121661,6.76835956,-6.62661277,-5.99595088,9.80057759
20.95703125,-3.62799848,5.09077567,-8.27844199,4.47069672,3.61452700,-10.88272170,-9.78323422,8.64909379
20.96093750,-7.16520118,12.67543714,-7.75724500,0.67914640,5.29532380,-7.06173908,-5.34174885,7.94569353
20.96484375,-8.43067819,7.84826018,-7.22339334,-5.03123859,6.06978533,-11.61526889,-6.15289388,-0.39483435
20.96875000,-8.26547358,5.27164257,-9.85435306,-8.29692023,3.06733085,-10.83569838,4.19265153,1.09787096
20.97265625,-6.66032005,2.60168245,-10.06619270,-10.40796551,-2.19787117,-4.04954929,9.14229759,-9.23229179
20.97656250,-10.70757179,-2.98918960,-4.29948636,-6.92736529,-5.00800509,-8.68054617,8.71681921,-12.54864405
20.98046875,-7.00563879,-5.86308219,-9.58674368,-9.70120148,-8.27176538,-10.42238252,3.91685612,-12.04866224
20.98437500,-4.86308268,-9.19065422,-7.47488861,-9.15015120,-10.97841693,-6.02985961,-1.18434180,-12.66691524
20.98828125,-6.04533635,-9.09591176,-3.29747878,-6.52303195,-8.69188231,-2.72776907,-12.13151623,-13.63307273
20.99218750,-7.38535904,-9.74390312,0.89811534,-8.81686927,-4.52400135,2.72442026,-12.11832916,-7.44680943
20.99609375,-3.57080275,-6.24478341,0.18285798,-6.40135858,-4.13843642,-5.03850980,-13.17532018,-3.20659489
21.00000000,-6.75627776,-3.50246408,3.21882455,-5.27948245,-0.35132631,-2.15178704,-0.92379184,-2.35162293
21.00390625,-1.27630450,5.85353747,0.47213765,0.44501488,9.04395534,3.20521201,6.09031379,-0.76875039
21.00781250,3.45572729,8.43450381,2.09008625,6.58114064,10.31301951,2.38356571,10.36449306,7.40618059
21.01171875,4.43386224,10.50977512,2.91232294,12.39738978,12.25250122,4.02083998,7.59849395,8.64334493
21.01562500,6.62734818,11.47606690,6.26867132,8.79006638,11.11590418,4.26966792,3.35268269,13.37439982
21.01953125,13.18228216,5.88791847,6.94166268,9.73382003,13.33681047,8.68254777,-3.13657743,11.82344401
21.02343750,11.34456631,0.43813876,6.63730152,6.58219343,5.36899666,10.19538034,-8.09657403,10.02823525
21.02734375,11.03207393,-4.45054271,6.28449888,12.83335434,3.30544108,13.31800457,-6.04381706,7.99663006
21.03125000,11.73799408,-5.41883212,10.44204546,6.84704392,-3.75771196,8.24128480,-2.34718635,3.22713130
21.03515625,8.20916373,-5.80174754,10.69702909,3.19454561,-8.42764917,7.30267181,2.84270424,0.46513514
21.03906250,3.57140259,-9.77410888,13.96558139,3.61538732,-8.52517742,8.30676285,3.00783753,-5.02174683
21.04296875,4.72930146,-3.90317271,11.65155866,-2.15683457,-10.92664904,8.67106450,11.53408416,-5.95447743
21.04687500,1.59736847,-4.97385797,11.74176291,-6.42414966,-4.87290943,8.88029287,6.01965866,-6.98489087
21.05078125,-4.83400247,-1.84749311,6.61685798,-10.96493342,1.18415076,5.12975597,-4.43843978,-10.60866869
21.05468750,-7.88732043,1.80995188,6.73368143,-6.55273734,-2.05181763,2.11962536,-6.11009723,-10.60199570
21.05859375,-8.70861575,5.71693677,4.80890922,-7.42896178,6.04689529,-0.88484446,-10.31952258,-0.94654211
21.06250000,-10.11143499,9.63341912,5.87095958,-9.72265436,8.51072648,2.51726967,-5.33672255,-2.04097015
21.06640625,-9.40967940,9.89496767,2.52764705,-4.50163524,14.66413880,-1.23124925,1.98335714,-1.85995791
21.07031250,-6.59590080,7.21747663,-0.76471654,-3.54971406,6.32330166,-4.55434915,7.78688390,4.10333447
21.07421875,-11.59432636,0.57197039,10.56351467,-1.86510329,4.75862144,-1.08163712,12.89143946,5.57082030
21.07812500,-7.02813296,-5.51298616,2.99060871,-6.98143523,1.72617182,-2.50557827,9.14138101,5.90404293
21.08203125,-7.67756845,-5.19553132,4.45207410,-0.96689342,0.88077978,-8.22114751,2.84360213,7.54147526
21.08593750,-5.87151640,-8.20256623,0.85623272,2.86375790,-2.94972253,-13.85482959,-2.50688049,10.75793744
21.08984375,-6.38057090,-10.53983258,-2.69545843,3.17125494,-7.92093473,-15.99073492,-13.94279859,7.53941586
21.09375000,-4.18318257,-5.76668782,-4.66297137,4.92735242,-9.54708618,-13.21437081,-8.42727053,6.51716899
21.09765625,1.04058089,-5.44299800,-8.03279396,9.32829760,-8.98528181,-9.36435925,-4.38307709,-1.77146445
21.10156250,-4.15434216,4.18568474,-5.09523860,7.35330624,-8.21322863,-12.47602903,2.53846094,-3.47690108
21.10546875,4.95898242,5.69045830,-9.27683593,11.31012404,-3.42669842,-12.76449546,6.89252034,-7.42653227
21.10937500,5.44293965,7.25396684,-6.97248919,13.10491432,-3.68705152,-6.06148519,8.76672158,-3.79247042
21.11328125,7.81035077,11.52917818,-13.67725519,7.41817409,0.17005669,-7.60236272,5.24039166,-8.99885092
21.11718750,10.50802606,9.86418700,-12.52797179,5.57275142,5.22123489,-7.54661085,4.10086569,-8.54811965
21.12109375,6.38688342,9.50952814,-11.55465880,4.26182828,9.26587629,-0.94886734,-2.21144769,-6.80836732
21.12500000,10.80519630,0.48193853,-13.89589380,4.10354713,7.36757866,-1.34373626,-6.77824714,-9.45615205
21.12890625,14.02246403,-0.45078302,-11.74524732,-8.44430907,7.24870018,5.03114768,-5.05640933,-2.42497312
21.13281250,13.16870281,-7.75893177,-8.02115977,-8.15516547,6.26838392,6.05750897,0.92263941,-6.08385440
21.13671875,8.41483976,-8.87529412,-7.83933624,-10.15842236,-0.56461647,5.11981530,1.00953405,0.02289587
21.14062500,4.58515681,-7.61752942,-5.11542953,-11.70119884,0.09160356,3.24648691,6.22500872,5.32105194
21.14453125,0.13340960,-6.46953708,-5.00607758,-12.09333251,-3.77905487,11.50424784,4.10220918,6.70855385
21.14843750,-0.56660661,-2.65979807,-7.66944471,-12.31668712,-6.65981423,5.49279200,1.98377540,12.62093612
21.15234375,-4.29719234,5.60591887,-5.68177440,-7.87884584,-7.23297730,5.20788580,-4.34008221,7.17286301
21.15625000,0.76126623,7.99355332,-4.92418246,-4.21188191,-8.37105830,9.26654839,-14.25036563,7.68666431
21.16015625,-3.72772850,7.43680073,-3.71967456,-1.77943877,-9.42001650,8.29353882,-6.64894468,6.86660431
21.16406250,-5.14955434,8.34124585,-2.67223312,0.07038432,-2.41074565,7.34838076,-2.56163421,2.19391950
21.16796875,-8.86259502,5.81144784,-0.37937720,1.79245759,-0.33741856,4.90470093,-0.83195090,-2.74038266
21.17187500,-12.44623400,1.53489992,0.28975765,3.22677467,5.61223059,6.45186976,8.78048752,-4.15081923
21.17578125,-10.31388715,-0.34700434,3.08084985,8.56671830,8.71114716,6.27416072,9.50796789,-6.58947204
21.17968750,-7.89262270,-3.56328290,1.37344484,9.49379460,6.97463177,5.30993625,7.67010271,-11.52219091
21.18359375,-9.55311436,-6.34221264,7.21813340,8.11297789,10.16493926,2.06291711,2.33481899,-8.28155796
21.18750000,-6.87571999,-10.11201933,8.75775339,7.28974952,5.77490988,0.13931491,-8.23990698,-8.74935711
21.19140625,-5.71510373,-11.25412538,8.72923315,9.48275544,5.85137617,-1.64225191,-13.75072543,-11.91931588
21.19531250,-1.46065392,-4.92368707,10.32158046,3.69963254,0.57245128,-5.33486374,-5.61046867,-7.87848318
21.19921875,-6.96512602,-3.57946901,10.62702610,1.91629203,-1.06564905,-7.99255205,-0.23467660,0.78477471
21.20312500,0.58810774,4.09533793,5.90753321,2.27310308,-7.27036378,-12.78151918,7.23188259,5.14483176
21.20703125,-0.26872549,7.50227699,6.57517907,4.04387195,-12.48364716,-8.19211281,10.22768891,4.26157402
21.21093750,6.46204268,8.14320250,9.14026515,-2.75869911,-11.35439164,-8.53779969,10.36796973,6.95844132
21.21484375,5.90749710,9.92821578,8.93721783,-2.55238674,-8.04132710,-10.34884841,4.81805970,12.54975268
21.21875000,8.65575971,10.69245061,7.68843699,-4.85336556,-1.20707148,-9.25932978,-0.96215958,12.17290500
21.22265625,14.01154969,5.02050077,9.40618814,-5.04833471,1.63903870,-8.27459665,-11.15000931,4.89622531
21.22656250,10.52700424,-5.70428289,5.71699679,-6.88714280,4.62535269,-9.78068848,-7.15211586,7.50153180
21.23046875,9.53489832,-7.49134339,7.98508211,-7.30552166,10.02394842,-5.86912735,-0.34322752,2.59802377
21.23437500,8.06963528,-8.21837621,0.21625083,-11.35149884,8.82329681,-4.85152389,1.22918210,-0.92891903
21.23828125,10.44105328,-8.15555360,5.41085634,-7.01364188,9.90188608,-4.60029732,8.64598487,-3.18507938
21.24218750,3.82985318,-8.54855286,3.82188803,-6.85790858,6.91482606,-0.54641844,8.16594301,-5.59747864
21.24609375,-0.17565714,-6.45641496,1.10725720,-3.90029506,1.58384819,-2.40297526,4.82169094,-6.07325516
21.25000000,3.96629252,-2.34205100,1.46078148,-1.71564123,-0.35257094,1.76097698,0.76003006,-9.16784945
21.25390625,-4.65332811,0.96781191,-4.03240623,4.23914277,-3.14419873,-0.67873514,-7.29935432,-11.52304987
21.25781250,-8.34490378,9.38364569,-2.08380728,1.86139003,0.44988421,3.87476146,-10.58714164,-12.32024239
21.26171875,-6.82964726,13.39897329,-3.30142154,7.61134571,-12.19170213,6.27415097,-6.28085740,-6.16999205
21.26562500,-7.81700722,12.09796176,-7.43339108,10.36887441,-8.08010430,5.68989730,0.03575263,1.29342665
21.26953125,-10.20406327,7.20137275,-3.96480107,11.06910680,-9.77341718,13.21102571,9.41480837,6.20287073
21.27343750,-8.12249851,2.01177609,-5.66199384,11.24708971,-6.71333824,13.61445225,11.03780101,8.00861244
21.27734375,-6.46030242,-5.99231568,-9.98666929,6.82388240,-3.86147208,12.32948838,7.89503868,7.99370867
21.28125000,-6.67870013,-3.83492743,-11.37625335,6.00202262,3.21719152,11.64146520,5.40811592,7.47969594
21.28515625,-6.52443167,-11.17100732,-10.27343384,1.70174339,6.52884353,11.57662822,-5.83454092,7.98856563
21.28906250,-10.39725835,-11.60003975,-6.57523522,0.70124464,11.33843547,8.96097557,-6.70582971,4.10072964
21.29296875,-4.82430778,-11.62569514,-8.93108965,0.31407553,8.30900448,5.75999499,-8.35844212,2.08204843
21.29687500,-4.97368595,-6.85169643,-12.68722036,-5.52227613,10.09179383,8.52811424,-7.71525655,3.64033750
21.30078125,-0.55508261,-0.57374935,-6.67608534,-5.50234355,4.70673377,1.00220841,2.30617994,-4.82993057
21.30468750,4.75061322,3.51367199,-10.16602664,-8.78875892,4.43627459,1.07869720,4.76954412,-5.94857347
21.30859375,1.40895442,9.60824373,-8.12863312,-8.27336784,-0.17833782,0.03869836,6.81532331,-6.91035788
21.31250000,0.84686900,8.59381312,-6.26672182,-8.74109012,-9.92453565,-0.35671115,6.36589404,-7.89754815
21.31640625,2.68536795,9.21135870,-9.29226002,-8.38592910,-4.58063860,-1.92448907,-1.30216122,-8.99070871
21.32031250,9.24023421,5.57292711,-5.41098517,-5.94136894,-11.60202244,-0.59519660,-7.84067169,-4.47117848
21.32421875,12.83087153,4.86629424,-9.19010446,-3.75304123,-7.03919833,-2.70889883,-7.18944436,-6.41485496
21.32812500,8.24016188,-1.44283089,1.33746153,-0.65406869,-6.14999647,-4.04525835,-10.87596566,-5.60812817
21.33203125,9.04395628,-7.20882992,-0.61388411,-3.21527109,-3.95812539,-7.30838656,-5.26324162,-1.60712799
21.33593750,10.58615822,-8.52044343,1.34516536,0.86474789,2.61931243,-7.87300539,4.65241498,-0.92105279
21.33984375,2.49354666,-10.57381307,2.26707964,1.81977824,6.35686879,-11.50231256,7.96077040,4.14095291
21.34375000,3.97932067,-6.56991497,4.96956879,6.35687615,11.68564425,-9.57321930,5.75337714,6.20944022
21.34765625,4.84290632,-3.94083041,3.87519926,8.85728390,11.98073473,-10.74633284,3.22973670,9.04310658
21.35156250,-2.41059666,0.57831338,12.20667108,8.10363177,8.46261921,-7.86973108,-0.04975936,9.41127308
21.35546875,-2.23122955,7.30341635,3.66834030,12.06393762,2.45456945,-8.71839502,-6.81374168,13.26232965
21.35937500,-7.81135178,11.28003579,8.88675440,9.60750044,1.29681114,-5.49851035,-8.70468580,3.78988061
21.36328125,-6.94757472,9.98194605,7.86232789,5.95274454,1.24328856,-6.52072624,-2.73200911,1.47305864
21.36718750,-9.10303308,7.92727517,8.92513893,8.64824239,-6.15931443,-2.99549738,1.57426107,2.07914088
21.37109375,-6.97328235,4.50245288,8.84661377,4.50687334,-8.48847135,-2.37750291,5.82276237,-3.39713659
21.37500000,-9.32360492,0.24632343,9.42932881,-1.08788240,-11.81300382,-2.98856568,9.31185204,-6.61583547
21.37890625,-9.51229172,-3.26612643,10.19999301,-2.01127281,-11.96344953,5.54533683,10.94401219,-11.20074213
21.38281250,-6.95579323,-5.47078166,9.57412560,-5.35495464,-12.55801118,5.77945957,1.37489080,-11.91567702
21.38671875,-9.46201131,-6.97879098,13.99385256,-8.03903481,-4.34335083,4.34846097,-3.88220597,-11.77164662
21.39062500,-7.73150564,-9.37135059,11.38533512,-8.14500003,0.57862414,7.05379681,-12.28270572,-9.44396940
21.39453125,-1.85517306,-7.49555348,8.48602053,-8.60565204,10.27082621,6.79973210,-12.30962737,-7.51295475
21.39843750,-1.94864578,-3.14202097,9.38437600,-15.10863680,12.34953497,5.00271162,-8.80237203,-2.33990268
21.40234375,-2.12054785,4.71572539,6.50815909,-9.27384758,11.17051061,7.70367696,4.62137022,5.82720600
21.40625000,-0.51539530,8.26418287,1.79786381,-8.07650819,11.95409208,10.72645007,9.19393350,8.24084295
21.41015625,9.39069290,10.64781660,2.56764989,-7.93955233,3.63034286,11.85542899,9.78476733,13.65425506
21.41406250,8.21486369,12.17821980,-5.09632560,-3.61223082,3.01742145,7.51738343,8.41478865,10.85139158
21.41796875,7.52956304,10.44279310,-1.97757045,2.54910198,0.12817171,8.37750882,-0.66750985,9.31584719
21.42187500,8.41091610,6.55066657,-4.48843712,2.98494793,-2.68329403,9.08516727,-7.78600842,8.38146308
21.42578125,8.00386588,4.13203111,-3.93881062,3.89754744,-5.79033108,9.12841069,-11.68580072,9.12836257
21.42968750,10.95612186,-2.62947647,-5.67126712,6.70212157,-11.96206168,6.59950079,-7.43211587,0.52057041
21.43359375,10.90497048,-11.46646870,-5.46478172,11.48060874,-9.33245832,-0.92751083,1.70032661,-2.76207368
21.43750000,5.38598717,-8.16327985,-5.24324782,11.86234687,-5.30095355,-1.22144570,3.33884495,-1.47673174
21.44140625,6.11477718,-5.28044871,-10.06944455,11.10824729,-3.71622319,2.40318234,9.31877620,-8.27379863
21.44531250,0.64565007,-4.84823102,-4.91249270,9.39611867,-3.14282620,-7.72154603,6.87482726,-8.55422621
21.44921875,1.59409623,-1.25142110,-6.03347020,2.65944985,3.89273094,-2.11139922,0.92701507,-11.80843092
21.45312500,-1.55203995,6.15318537,-8.09017888,4.19952904,11.09223876,-3.71408071,-5.52598700,-11.90804188
21.45703125,-1.58126696,7.12457297,-11.97949523,1.37349400,11.93220071,-9.19041452,-9.03788192,-7.99141649
21.46093750,-4.71973875,11.67735001,-12.15253374,-2.37571314,9.77610504,-11.85187491,-9.53057260,-3.05454893
21.46484375,-10.32390155,11.65873868,-6.61951445,-2.11537730,6.01532673,-10.30442686,-1.20006507,-2.93701809
21.46875000,-7.90059438,5.49890294,-9.44097615,-8.58943667,3.85322516,-8.97996926,5.68819914,-0.98562403
21.47265625,-7.25735658,3.27828917,-4.02305172,-4.44672250,-1.89876526,-6.79653058,9.76498242,6.00808040
21.47656250,-3.97761471,-0.42999126,-6.48260993,-6.91249276,-7.92381226,-7.26422374,10.64996067,4.93136273
21.48046875,-7.00947159,-3.70287089,-7.43178377,-7.74685627,-8.48622577,-5.02326724,3.62263124,9.28073018
21.48437500,-8.15307096,-6.10895629,-6.24260156,-10.86137710,-11.33451511,-5.05491510,-5.13122659,9.58345290
21.48828125,-6.63771318,-7.47465791,-1.49588272,-9.02218506,-7.99373999,-7.18686144,-6.03129275,8.48572337
21.49218750,-6.65895955,-8.92771615,-4.31975306,-5.23514357,-7.12051618,-6.23275048,-10.89068742,7.23118783
21.49609375,-0.69748283,-9.80836120,-1.80895240,-5.84618130,-3.28155482,-2.57834899,-7.80844108,4.79123122
21.50000000,-0.12080785,0.36865190,-2.60285365,0.31375803,-0.01176865,-2.26676044,-2.13422724,-3.23607239
21.50390625,2.62645059,5.73594942,0.41568401,7.37837175,7.27933265,0.75699493,5.23990570,1.67081046
21.50781250,5.54537036,5.30979286,1.61086802,5.43294094,6.63899316,1.71626990,8.51977993,-6.90072967
21.51171875,-0.76068237,11.85838296,5.63007215,6.98942245,10.84089712,6.85021469,5.89624942,-11.60632892
21.51562500,7.59043538,9.49522232,1.95692286,6.78205605,15.53004464,3.53948105,0.03360731,-9.64766505
21.51953125,6.37905182,9.24430219,7.01439647,12.03496141,10.52982035,5.01861422,-1.94062603,-8.53104871
21.52343750,13.14025081,7.49037875,7.09612428,13.75158997,1.19569510,10.33826661,-8.37029111,-4.70269986
21.52734375,8.77757998,-0.55785115,10.69882726,10.44128125,0.84436317,13.32883963,-7.97483572,-2.14838068
21.53125000,6.45762320,-6.26862596,5.83218319,8.85791330,-1.52039379,14.34544963,-6.22865255,-1.90665316
21.53515625,11.74016435,-8.90986093,10.34597711,5.70449380,-7.56930996,10.20302660,5.02504819,-2.45103788
21.53906250,6.87302355,-11.95423094,9.78501493,-0.82047200,-7.22009569,9.27736536,4.73327343,6.55428694
21.54296875,8.21785831,-6.33358767,13.79990362,-0.85443514,-8.39907369,9.34762034,10.47248709,6.21649949
21.54687500,1.18310914,0.51728455,6.61399416,-0.82297101,-9.31541390,5.15133805,7.96536172,8.02971142
21.55078125,1.12653531,1.91758368,8.50808308,-8.10939979,-4.42324946,4.04569377,-1.91083350,8.62212761
21.55468750,-3.51946922,4.91380441,7.91930030,-10.69690776,0.46489112,-0.45651165,-5.35729222,6.89129456
21.55859375,-6.08631046,10.52807957,12.13613577,-8.61620637,4.22112582,2.48488395,-6.01826436,6.62336911
21.56250000,-7.33050576,12.15865734,3.27343521,-12.68362045,4.77854760,4.31550227,-9.99312896,6.65165496
21.56640625,-7.83883690,8.29021514,8.78437834,-9.04170985,3.95345495,-2.11049759,0.22688943,-1.20348269
21.57031250,-8.60004437,7.56790986,7.03621927,-7.78652472,8.59697404,-3.86168970,7.52131990,-2.78215321
21.57421875,-5.93625567,3.76135845,4.17972761,-2.25261333,3.09121790,-9.25005072,10.17168347,-4.62123500
21.57812500,-5.93423765,-5.72993587,-0.05072096,-5.34733922,5.68073890,-5.38809612,10.92691181,-10.21796145
21.58203125,-8.52381688,-5.45898020,4.11027148,-2.57897612,-0.71079507,-3.49649318,1.41597903,-11.28683820
21.58593750,-5.83334547,-9.26171987,1.53863984,-0.58312564,-4.88483174,-8.62742557,-6.54289535,-8.07827066
21.58984375,-3.81617923,-11.92227793,-1.69981740,4.54419728,-7.48844201,-8.46054799,-7.42491650,-7.90489123
21.59375000,-6.20237587,-6.76029050,-1.92511104,4.60570891,-5.88679959,-13.55725345,-13.41850728,-9.09474856
21.59765625,-1.35565629,-6.82737839,-3.89138512,5.32498088,-10.98531291,-11.06680915,-7.47988725,-3.45527543
21.60156250,2.19161752,-0.75541679,-3.59838833,7.26726224,-6.59113866,-12.89908943,5.42869741,-0.44476627
21.60546875,0.58698897,6.24861043,-10.49457264,7.64952535,-3.57708805,-10.25420083,11.08993987,3.51818302
21.60937500,4.85341831,6.15817389,-8.31843683,12.25720746,2.19924779,-7.65351462,10.64711846,8.18108556
21.61328125,8.34184986,13.96565537,-8.97814389,8.57774959,4.09498961,-5.26541576,6.62484968,8.14144356
21.61718750,10.05594606,7.59902173,-9.49946230,6.03722249,4.61457692,-3.68145127,1.45347733,12.75168769
21.62109375,10.11370014,5.73573967,-6.41543607,5.21659644,9.52877909,-0.82910237,-8.93709729,9.87219965
21.62500000,12.05002765,1.60804404,-13.95741224,-0.14163237,5.81453661,-1.87130378,-10.10526747,7.01391817
21.62890625,7.08363269,-2.03578664,-6.93919332,-5.83849549,7.03549761,1.77392991,-5.76469542,3.22585988
21.63281250,10.06425684,-3.23914833,-10.82366294,-2.20107036,4.84316382,7.02765772,-2.83537775,2.87043577
21.63671875,9.30143793,-12.96340949,-8.46601645,-7.41494758,5.09633805,0.72492751,5.30841359,-3.75713274
21.64062500,7.55131681,-9.71505597,-3.86095678,-10.14830872,-1.21940785,10.21823752,5.24956958,-9.19808193
21.64453125,3.96741575,-5.85514949,-2.19605787,-8.27580176,-4.54983660,5.26994145,7.95244609,-10.52062754
21.64843750,2.48255755,-4.82614351,-3.09040682,-9.63506274,-8.23161566,11.93599249,1.34738321,-12.51225367
21.65234375,-1.59369946,1.89391723,-7.89117846,-13.34648444,-4.50350332,9.89999091,-8.46505394,-10.06836639
21.65625000,-6.13986203,8.40772128,-6.13107216,-10.27554163,-8.74796693,7.90796411,-9.31286633,-8.17771928
21.66015625,-7.86750560,8.41338540,-5.89121501,-4.90015908,-6.09992129,6.77089516,-8.59507040,-5.59461215
21.66406250,-9.19873365,10.10100541,-7.81927786,2.47992837,0.61676640,7.50734411,-3.81537406,-2.41996469
21.66796875,-9.59215503,9.36673035,-1.93211612,6.12519703,0.73115700,9.05055869,4.68170129,2.89580384
21.67187500,-9.98772705,6.59647175,0.85444187,3.87624192,6.84850600,10.43831001,7.27539441,3.95869295
21.67578125,-9.61919421,-1.75927537,4.05232577,8.16789299,7.89497485,7.68538182,10.87824200,5.89025042
21.67968750,-11.47836956,-8.90219174,8.42622009,8.11548759,9.95951468,2.93529698,0.61003322,4.93527720
21.68359375,-7.67670103,-9.67825507,12.77024571,9.35862445,13.25673926,5.14184458,-2.32000232,11.23490523
21.68750000,-6.02799157,-12.79863871,10.01074061,7.75835897,8.87249400,-2.82772171,-9.36349902,9.10281068
21.69140625,-3.77594543,-9.20528390,10.74417913,12.66701930,5.77402168,-5.75219335,-12.40528933,4.49159329
21.69531250,-0.29907780,-9.30401736,11.54613549,9.73296178,0.09662370,-4.42654552,-12.69004382,3.83410090
21.69921875,-2.68355826,-3.63543341,10.51127224,3.90135623,-3.63479783,-6.41440885,-3.75915304,3.14933962
21.70312500,0.15045482,1.01467261,9.77030219,3.35868970,-6.86350505,-5.04598848,4.99888005,1.75468344
21.70703125,-2.03910814,7.81608538,10.48543103,-1.64016045,-7.98083186,-8.06777861,9.89832351,-7.08071536
21.71093750,4.64864100,6.02878212,7.53610733,-3.81605370,-6.32102525,-8.22853366,13.56562917,-5.97759301
21.71484375,7.52290186,9.01652636,10.18210700,-4.44919640,-5.85170258,-13.52611717,1.01186055,-5.77484933
21.71875000,11.84475036,5.61026342,8.84790172,-6.79423954,-2.37288398,-10.60927343,-3.80366725,-5.40523615
21.72265625,11.71604957,3.49732573,5.22580710,-5.52254108,0.61157392,-6.69472953,-6.39473800,-1.74763577
21.72656250,12.03150785,-0.52710419,1.20130062,-7.84863400,5.85694476,-4.60966052,-7.33849573,-2.67904811
21.73046875,12.97735274,-9.35088160,5.89253424,-5.44967337,7.92521200,-3.96863667,-6.27209594,-1.20686749
21.73437500,11.79713178,-7.42359951,5.78895923,-8.20350233,5.28169144,-5.17057114,2.06811770,-3.10395078
21.73828125,7.28852874,-11.16137000,3.43153714,-9.58791341,3.74247087,-10.66169809,6.18460418,1.87196474
21.74218750,5.29563517,-9.55447615,1.51074884,-6.99864523,3.49495669,-4.52906422,6.45182903,5.77689914
21.74609375,2.56118266,-2.89133025,3.42183638,-2.47367643,9.83672203,-3.40468630,5.31419047,9.68483806
21.75000000,-0.61124175,-3.29704684,3.27663575,4.56593205,3.13195092,0.60175446,-1.13788218,9.26574383
21.75390625,2.62924050,6.22352404,-4.92027537,2.12431206,0.14313286,1.99645401,-9.58443092,10.11481657
21.75781250,-4.26022082,8.58568916,-5.92657632,7.77067177,-9.23611824,4.56741447,-6.58502818,10.18090010
21.76171875,-4.96890304,8.89941985,-3.09423493,7.44634421,-7.02613617,5.69054394,-7.42258009,5.63446739
21.76562500,-7.29376179,7.88970723,-4.53934092,9.61336560,-7.03426240,8.50056331,-4.07645599,2.93437116
21.76953125,-8.90774951,5.81787074,-5.41105350,9.91298064,-6.88738167,6.71658785,7.27857197,-3.22574989
21.77343750,-8.17946648,3.70195098,-13.04588426,12.85765277,-5.45784914,13.71442678,10.27956182,-5.78018741
21.77734375,-4.91152495,-0.81555398,-12.67671638,13.20509156,1.01177129,12.00078674,7.35089483,-10.23549889
21.78125000,-7.44928025,-5.24740855,-8.05625155,5.67403533,3.78589056,9.96256911,0.41258440,-13.03641284
21.78515625,-3.31417862,-9.60337833,-10.31563406,4.55173419,4.65468429,11.89810006,-8.12482990,-10.65416167
21.78906250,-8.05362463,-9.50819986,-9.36481377,-4.48374472,8.69781084,5.92714738,-9.77770182,-7.83520627
21.79296875,-2.67884261,-9.47411649,-9.93139236,-3.26723109,10.49648484,5.96383109,-11.14527189,-6.56090209
21.79687500,-2.78097179,-7.50182211,-7.29584727,-5.17457629,6.93522599,3.98231470,-7.11303877,-5.90884858
21.80078125,-1.73936661,2.77178033,-6.75397708,-10.27813363,4.87474311,6.57923159,-1.50883200,0.70934871
21.80468750,2.42630661,2.57530745,-13.78764902,-9.49171789,4.91262064,3.59322922,9.43826480,4.43677566
21.80859375,1.82928418,8.18442582,-8.88800102,-5.47399127,-3.35881407,-3.26763057,4.34268535,4.20791693
21.81250000,4.42614897,10.04017846,-10.01019494,-6.32131392,-6.59857678,-0.22410900,7.31211031,4.46907413
21.81640625,8.39462018,7.97163314,-3.64449895,-9.90585113,-14.20226755,-4.81029142,6.47822293,12.04304123
21.82031250,9.11442786,2.95252372,-9.79203110,-6.40845215,-11.28293059,-3.05258248,-4.29010630,9.05317141
21.82421875,9.01884697,3.11293855,-4.21252513,-6.14888512,-7.86342763,-2.39415826,-9.09303535,10.14836265
21.82812500,11.45303413,-1.85062831,-2.13557062,-5.78488300,-6.00418065,-8.79780984,-10.71925464,4.75986731
21.83203125,10.48885352,-6.68295677,0.04595975,-3.09003553,0.16991388,-9.63841280,-1.88277959,2.35487175
21.83593750,8.13945413,-8.99851270,3.87509784,2.25617258,3.93995811,-11.55444026,4.23835412,0.54425899
21.83984375,7.84080171,-9.78368782,4.52957918,6.79305568,6.48667743,-8.50042443,8.17506998,-4.36892525
21.84375000,-0.17733714,-7.71488542,3.99284991,5.73498240,7.30236719,-12.92172929,10.61790097,-7.83577233
21.84765625,-0.24832878,-1.42408848,6.70695766,5.92458721,12.93807002,-12.87401056,4.61822628,-6.54634783
21.85156250,2.26275354,-3.40269348,3.69211695,7.66104232,8.36744202,-6.83392808,-3.13702299,-8.32926824
21.85546875,-7.38649346,4.05792077,7.18855107,8.48327166,9.08686321,-8.69082845,-13.28856557,-9.65438010
21.85937500,-10.11448457,4.59038110,9.31099288,8.42627623,5.06866456,-10.46256664,-7.21048042,-3.58712851
21.86328125,-7.90733805,8.83770275,6.15896359,8.31995215,0.26048218,-6.02463413,-1.70258782,1.59852458
21.86718750,-7.55524414,5.60793974,11.16830785,10.34434950,-3.71420717,-3.86304378,5.82451058,0.19253588
21.87109375,-6.54574621,3.73212131,11.82423746,6.85370611,-10.86714932,-1.82545701,10.33785425,6.29447341
21.87500000,-10.55203523,2.62110253,8.90364529,1.41986641,-13.14734160,3.11258174,9.89682597,7.18136368
21.87890625,-7.63328392,-4.71507491,11.68661973,-2.40214995,-12.90839350,4.07812850,5.59010781,13.05959548
21.88281250,-9.08484265,-4.33140844,7.00774625,-7.97913488,-4.15481604,1.85309717,-3.11993341,7.14423507
21.88671875,-7.51006113,-7.95440002,10.86375626,-7.35437500,-4.99427449,6.02854544,-3.92137777,6.91273495
21.89062500,-9.12435447,-8.30056966,8.18246587,-9.05295243,5.73501774,5.13958971,-9.58732044,8.55265646
21.89453125,-5.90012044,-9.83524698,4.30444445,-12.52045781,4.58710040,6.61303334,-9.04231154,6.78660400
21.89843750,-0.40981765,0.21346464,6.57535984,-7.39186286,8.20167093,8.84920030,-2.12780423,-1.01010503
21.90234375,1.74551927,-1.24420474,3.18616174,-13.81367130,12.15793980,6.11309913,5.31656085,-5.61813089
21.90625000,3.36707009,5.13860864,5.06707438,-11.47648930,11.07008001,7.11316733,9.05048568,-5.72731325
21.91015625,3.25200382,5.15735262,2.41830220,-5.21225302,9.13453937,9.19642685,12.13312586,-7.32822015
21.91406250,1.82490701,11.11963287,0.85653897,1.94460486,6.00590812,9.57651762,5.19328326,-7.78885157
21.91796875,8.24770875,10.51104648,-2.67645772,-0.19924872,2.88731631,6.73837854,1.86061591,-8.08353034
21.92187500,8.62770088,5.63878155,-5.56779998,9.31907491,-4.32845452,6.92289611,-7.25645306,-3.98610425
21.92578125,11.34814894,5.07445331,-2.80980430,6.75553401,-11.96542469,5.76071136,-11.06490801,-5.35590187
21.92968750,12.64729521,-2.58040596,-5.34725882,14.06682642,-13.31860539,6.30722195,-3.47178659,-1.96945396
21.93359375,14.28557302,-10.65144837,-8.04963481,8.28031224,-13.10943530,3.87585079,0.79884707,-0.49669130
21.93750000,8.87652497,-11.06314687,-5.37362531,7.49873630,-7.88699264,3.88067528,6.58963541,-0.45827759
21.94140625,6.19106863,-9.35010869,-7.61271991,10.94509221,-4.56676426,1.16532440,7.27399618,8.37486245
21.94531250,4.26411780,-6.98643270,-6.00178186,6.87211005,4.76311442,-4.43282125,8.34649577,6.10833504
21.94921875,1.13788440,-3.43254717,-5.61965514,3.77162039,6.74263008,-3.25586213,3.99406692,10.63914109
21.95312500,-1.37491978,2.74777888,-12.97382298,1.60773920,9.73181804,-7.43674805,-4.06359873,12.50998153
21.95703125,-3.95901876,5.18056777,-9.68410612,2.47145118,10.44543979,-10.35483381,-7.52434029,5.72011023
21.96093750,-4.75813981,6.01198104,-7.63064454,-0.92307651,9.18236324,-6.07881464,-9.27063607,3.95153106
21.96484375,-8.47420251,6.68310290,-7.99357088,-7.23491672,10.32493702,-7.20709224,-2.28314230,2.33805458
21.96875000,-9.18339704,7.51306513,-7.74464589,-4.71933452,3.37859920,-8.31416556,1.84445639,-6.01616032
21.97265625,-8.43449163,2.35574021,-7.31969926,-6.54617349,0.97850421,-8.01229599,7.87236647,-4.86958798
21.97656250,-7.85426178,-3.98369974,-11.67177554,-11.58162064,-3.35635361,-5.63023822,10.40423803,-8.33209303
21.98046875,-8.16888064,-5.00905775,-7.84619941,-10.28048301,-11.33336574,-4.49250728,3.13682989,-13.51581655
21.98437500,-8.98862162,-7.08034830,-1.99432878,-11.18973262,-8.83813086,-5.45415125,-0.70525680,-8.81441351
21.98828125,-2.06700782,-9.98968329,-5.86958514,-11.82752657,-8.55968531,-6.07267025,-6.99138229,-12.72456564
21.99218750,-5.44990283,-10.08659612,1.48996195,-3.94638995,-6.27733327,-1.48237588,-12.10926544,-9.24740912
21.99609375,-3.00653613,-7.94993506,-2.29058793,-4.17515084,-3.52634413,-4.02325784,-7.01842073,-6.37370455
22.00000000,-5.79263551,-4.65989330,0.02204667,-3.21223498,3.25753806,-3.09385551,-0.65400578,-1.27965238
22.00390625,0.53271880,0.75158038,-2.92112202,1.85873392,10.09621924,-0.38155501,0.22871589,2.58673894
22.00781250,2.78109297,6.90196291,5.59572248,2.84391111,9.88414961,4.38531273,11.22327745,9.81022702
22.01171875,4.56560555,8.58204678,3.70889908,11.15892184,14.87720206,4.15786411,9.37185367,9.99670602
22.01562500,8.40608096,9.53453105,2.82993462,6.89948597,9.20548494,8.97775814,1.36244817,10.90064457
22.01953125,8.60611804,10.00036187,9.41968512,11.30838162,9.82428453,8.35642073,-3.70686622,10.35297725
22.02343750,9.93296526,0.87281033,2.67751536,8.90314213,5.61463726,12.99829113,-10.32614144,9.04607418
22.02734375,10.40361056,-0.70088251,10.56676595,7.91882955,1.40322182,7.27748961,-8.68805702,2.14436567
22.03125000,12.59301902,-5.89810332,14.36320528,4.62760271,-4.20550358,8.48642552,-4.86856336,1.13129423
22.03515625,7.16717794,-8.42557962,5.98099654,4.49007563,-2.84936077,14.84113533,3.46549457,-0.53835544
22.03906250,4.73617723,-7.71869347,7.27664626,0.38455943,-6.30259091,11.75370924,8.73498617,-2.23771504
22.04296875,8.01063119,-6.81019212,9.69654440,-0.45107762,-9.93916905,10.27058645,9.89775574,-8.61924707
22.04687500,-0.46305733,-3.28177928,11.18160773,-4.12030449,-8.83330428,9.29333307,0.73609012,-9.13644328
22.05078125,0.52535897,-0.46557188,12.26193492,-6.72734325,-7.71180477,5.66172513,-4.06442895,-9.38641550
22.05468750,-2.27275826,4.07174039,7.85034126,-7.68468768,-0.73934899,4.24910041,-7.86057972,-10.83814002
22.05859375,-8.86766298,11.71248337,6.21665431,-7.01688661,0.91098365,0.49454247,-12.47606136,-2.52511649
22.06250000,-4.30898147,11.50849485,7.77062796,-10.81308282,8.24350905,-2.88787664,-6.05288303,-8.81132046
22.06640625,-6.64656193,8.41162094,7.18880050,-7.08381859,9.80948709,2.24898343,6.37734780,2.91028815
22.07031250,-7.50727342,7.27705466,4.39366680,-9.87023131,8.73176457,-1.53651801,5.36438548,1.62967860
22.07421875,-6.22475911,0.75626514,4.40432104,-6.01053771,7.02031487,-5.54521141,9.99301915,2.97275418
22.07812500,-10.48238825,-4.53935832,5.72554851,-0.27505545,7.26542106,-5.86837631,6.19921122,4.23880108
22.08203125,-2.67167783,-10.54202169,3.54896575,1.39640574,-0.72100181,-6.20937400,2.65773017,7.02729524
22.08593750,-5.66763860,-11.21117766,0.43236323,-0.15867702,0.86835564,-13.86067420,-5.28112653,6.46711296
22.08984375,-8.26729926,-10.30061969,-2.74807352,5.26872479,-6.91617860,-14.54075863,-11.75074329,4.80799487
22.09375000,-5.31462126,-4.14847170,-1.35146786,8.80255668,-8.30496531,-8.94115928,-9.56207945,3.37691965
22.09765625,0.21352042,-4.68261596,-2.88787243,9.27686112,-12.42552619,-8.18063883,-6.59254695,-0.49153284
22.10156250,-0.80315980,0.01754360,-3.99802697,9.07930686,-11.29259522,-11.22852459,2.35369281,-1.79960542
22.10546875,1.93057311,6.62760158,-2.11833975,8.93003116,-7.46159047,-10.99712938,8.64871055,-7.07115770
22.10937500,7.93092144,6.40050754,-10.44108220,4.56706275,-0.65784405,-7.35105417,5.76880349,-6.18107584
22.11328125,6.26209625,10.48871754,-12.14665065,5.75049628,6.14240037,-3.06843195,2.15479162,-7.93323759
22.11718750,6.41053782,3.69853018,-12.04037954,5.39029978,11.73189713,-2.54548958,-4.24880000,-4.71253675
22.12109375,7.04441205,6.20767474,-9.51297762,1.90347222,12.05346578,-1.67506642,-6.37801142,-6.02417655
22.12500000,9.87755051,1.71532985,-8.68866276,0.45490035,9.88784623,-1.73236913,-11.15916243,-5.18954617
22.12890625,9.83066207,-3.98201940,-7.66993633,0.32694602,8.49815097,3.95533549,-5.20133818,-2.23779698
22.13281250,10.59937240,-6.34121205,-7.65954667,-4.38121478,7.29945200,2.48435456,-4.92790430,-0.07088394
22.13671875,7.64461419,-7.78429512,-5.56052427,-10.08491601,-0.54417942,8.76538138,4.70523185,1.02426717
22.14062500,8.50398448,-9.61763843,-4.87326563,-12.33733481,-3.06449752,8.24961047,12.01067074,3.67973744
22.14453125,3.91727155,-7.73889464,-9.55873554,-12.81939696,-4.52857644,3.15871346,7.88963567,11.54482967
22.14843750,3.06630931,-6.28989085,-6.53816356,-8.90190092,-13.43488877,8.90721034,1.20734661,9.25250641
22.15234375,-1.89503015,2.16246230,-4.36249086,-5.49164618,-12.71299066,11.25368799,-4.14476824,11.36207690
22.15625000,-4.12744682,9.49817912,-2.88536449,-9.48918114,-8.43459647,9.98672829,-7.92725265,8.03180978
22.16015625,-7.11269438,4.87551746,-0.18120055,-4.37183671,-5.41449522,13.17579036,-12.44630940,5.79475315
22.16406250,-8.57709436,7.74135764,1.75124349,-0.22604621,-3.22564468,9.71802382,-5.93168377,3.13926820
22.16796875,-9.80679026,7.60185227,2.30312220,2.57096284,-0.69995046,7.20274715,3.40351691,-1.22355999
22.17187500,-9.07840255,5.47007063,2.48223806,5.92243552,4.66200207,6.22158244,8.25120161,-6.34608960
22.17578125,-7.23557685,2.14853265,1.29105633,8.70597605,7.25652054,2.95129558,9.64173788,-8.43806649
22.17968750,-9.70275617,-6.13238185,2.72839363,13.30177135,10.42050947,5.93291687,9.73288156,-7.97270152
22.18359375,-5.78236106,-8.80464692,6.07567692,11.01000033,4.71265607,0.96271810,-0.39398766,-13.40565573
22.18750000,-4.67719136,-11.40396666,11.56354919,13.88166739,6.18440596,-1.37113447,-9.51904138,-9.51222002
22.19140625,-7.71512346,-7.38353468,12.14332242,8.17692175,2.92997292,-1.79136971,-11.17940031,-8.98709345
22.19531250,-5.66991977,-7.77246389,9.61142332,8.87514237,4.54944147,-9.83640732,-8.10358029,-5.49243085
22.19921875,2.67618365,-4.54668930,8.30176196,3.55172534,-4.77900794,-11.51920060,-5.60110251,1.57393746
22.20312500,2.75650610,0.29420907,9.01247526,-1.18589458,-2.27879454,-10.76817342,6.92314706,2.93319370
22.20703125,2.25426083,7.22102768,6.81849646,2.06201280,-7.30760503,-11.92886487,12.82436808,6.86107905
22.21093750,3.76796274,6.39171806,9.24916547,-1.69314409,-7.82354701,-8.88425397,8.50021330,6.68069551
22.21484375,10.52358666,7.84913594,7.74841791,-5.36806925,-9.91785686,-11.04076185,2.27452226,9.81198190
22.21875000,9.89424520,8.36250442,2.87102028,-2.74670831,-2.85314083,-8.40428663,-3.65909675,7.56318405
22.22265625,12.16093632,2.84995864,8.27482013,-6.10354895,-0.50558446,-9.64039302,-6.59979346,8.79021264
22.22656250,8.57690070,-2.47129728,0.75993363,-10.07294068,0.99422354,-12.07276142,-8.57492937,7.34352480
22.23046875,9.91613816,-4.22988703,6.92744995,-7.99149170,2.92847539,-6.97535827,-7.88213528,-0.29355848
22.23437500,8.51078360,-7.86427400,4.12736465,-8.49123825,9.75265519,-7.06096156,3.03321621,1.28881664
22.23828125,6.48726229,-6.57390393,6.95168462,-3.43611328,10.13576019,-3.01788797,9.32120147,-3.39184381
22.24218750,6.91534210,-10.42982021,2.83555443,-4.34653726,8.51291394,1.16859914,8.12397970,-8.15344867
22.24609375,4.92747838,-4.12125574,3.12418560,-2.31361195,5.13579257,-0.93354534,5.87083946,-10.76386538
22.25000000,0.14142485,-0.78823921,-0.28919450,-1.62518963,-0.89773925,1.09044869,1.22269658,-10.83190639
22.25390625,-0.74236732,4.10922614,0.95318623,0.90908627,-3.22756164,2.17320441,-6.39070949,-12.39347898
22.25781250,-7.54537040,8.38174619,-3.59795314,6.24483027,-10.76210200,0.54394850,-7.00564337,-2.80709256
22.26171875,-4.33641548,10.15928803,-6.82414624,9.37748654,-7.51854121,3.24153675,-7.65698200,-1.38252350
22.26562500,-12.30704328,11.19120135,-7.51524282,8.05908918,-10.44508678,8.03867038,-0.95960736,-2.07234048
22.26953125,-7.39824718,7.94067234,-11.16478260,13.07870754,-3.55457747,8.37396840,4.17190738,2.84932656
22.27343750,-6.33304059,4.40601521,-4.39157485,12.73972138,-7.57980301,10.11859381,8.85895984,8.61633780
22.27734375,-5.75927014,-3.30119211,-4.45918775,7.59054146,-4.63924181,9.60943108,2.24774382,4.16692293
22.28125000,-4.46138335,-7.94596415,-3.78814691,6.96953707,1.58774815,10.07511172,1.03706094,9.20191915
22.28515625,-4.46112982,-13.48165542,-5.34171191,5.10983688,7.56407089,12.96812014,-3.90050753,4.40751763
22.28906250,-3.57792620,-11.47068991,-7.25942668,-0.97237182,8.94340875,10.00947404,-11.31388840,6.90776240
22.29296875,-1.94846974,-10.76352388,-11.05864450,-3.13290109,6.88875213,4.02997276,-10.15827560,5.93488044
22.29687500,-4.33981826,-5.48794808,-9.91427014,-2.60685440,9.56387008,5.69615976,-1.96350879,-0.51079087
22.30078125,-0.58504078,-2.80139235,-7.48559635,-5.58643902,6.48245894,0.96586786,3.76833780,-4.01370664
22.30468750,1.47623987,5.52177087,-3.68905068,-4.81320992,2.26777211,4.55974365,10.59890181,-2.45870234
22.30859375,5.95914855,7.00551367,-5.17659743,-6.16796884,-2.67567009,-2.86155699,8.25645800,-8.04168670
22.31250000,6.04027144,10.49789450,-11.43106605,-9.64488636,-4.09340353,-0.46763076,6.89059841,-7.07384851
22.31640625,2.40131446,7.02477626,-9.89995964,-13.23301307,-4.77833723,-0.40745966,5.20190930,-9.86229136
22.32031250,7.57739146,3.29906756,-7.03021051,-7.80420326,-7.35071767,-5.54205950,-6.36039564,-4.20059181
22.32421875,9.13205386,4.65806312,-3.91213349,-4.92801463,-8.88155725,-7.51048023,-6.02920185,-2.66028178
22.32812500,9.59174256,-6.55257927,-3.45227899,0.39388682,-4.07111437,-6.02526843,-7.75997305,-6.70584345
22.33203125,9.59470774,-6.66137341,0.88337988,-0.66720535,-2.82855127,-3.97173398,-9.75456582,-4.15298044
22.33593750,9.63081661,-8.78364611,2.89917199,-1.70761033,1.93319050,-6.11055932,-1.03391022,0.27211737
22.33984375,5.69831407,-11.42379465,-1.07164243,3.00020724,7.97584805,-8.38045386,8.19612208,5.30521613
22.34375000,-0.52667604,-12.19206914,5.98072357,6.86522388,5.70568340,-12.99339219,10.76679473,7.34654594
22.34765625,-2.55919499,-5.22118618,1.76736565,8.84153919,12.69167235,-7.67487921,2.46599442,9.88752659
22.35156250,-5.22269089,2.23576098,3.27826884,7.32958140,9.44234665,-12.09975059,-0.57982733,10.54381444
22.35546875,-0.53432834,7.61901872,5.54384876,11.97429571,9.54898941,-8.84437371,-7.11677965,9.99280614
22.35937500,-3.93749622,10.71761937,8.84513424,6.71068974,5.72523533,-11.87734595,-15.40116033,5.52754407
22.36328125,-8.26943643,10.56414869,15.03880722,8.89759964,-6.81450930,-0.75611301,-6.45554351,3.90308442
22.36718750,-9.34397458,7.91857966,12.42820328,4.98042865,-8.20019136,-3.63587385,-0.66250451,0.37272712
22.37109375,-10.94993825,2.25713417,9.29979909,3.60528195,-10.81105837,-4.16282630,9.37164767,-4.56122211
22.37500000,-5.81291991,0.51671773,8.17437153,-0.21653888,-11.66272920,0.60664038,10.01412351,-8.87745046
22.37890625,-8.24679675,-2.98493501,8.10378099,-6.91240755,-6.51742299,6.05500358,6.65993357,-8.60666321
22.38281250,-9.94860757,-9.70880485,9.00892228,-0.17527252,-9.51566018,4.79925485,0.56721911,-11.37587720
22.38671875,-2.73324091,-11.92361816,6.92712362,-7.22641780,-4.84887002,8.08182535,-6.11519213,-12.28712771
22.39062500,-1.61790352,-6.64719761,10.55905908,-9.04807073,1.80890182,9.63480165,-14.02632198,-12.05057701
22.39453125,-4.38382362,-8.60208388,9.54630433,-11.72864046,6.18591645,5.40695224,-10.47618663,-6.01061517
22.39843750,-3.90694778,1.52417600,1.91024185,-12.36999817,10.44941038,7.07276377,-0.46796154,-2.37331993
22.40234375,-4.06426309,0.39819857,3.84549921,-12.17069559,15.62837249,5.85273354,3.62366913,5.73239809
22.40625000,-2.09127339,8.37389271,4.89981245,-3.44665619,14.44439918,6.98185915,8.68113270,7.50192372
22.41015625,3.73563012,9.72347680,2.68192195,-2.73780452,8.42203600,10.42533626,15.09552981,9.04522056
22.41406250,8.28508496,13.69553745,-0.91305000,1.10048483,2.79152534,10.17588454,5.48090795,15.79307964
22.41796875,9.08985007,8.77827974,-0.44381297,1.55636569,-5.08855576,4.56039678,-2.82728871,11.06621139
22.42187500,7.48949386,4.46917381,-1.79043923,9.33035995,-5.33901741,10.79876911,-4.16750358,9.33902122
22.42578125,8.10516685,1.08727244,-5.54524479,5.63313561,-11.05340293,5.40364754,-12.09633298,8.79774197
22.42968750,9.23208227,-3.85488153,-2.52497288,8.09630299,-11.11964853,5.30528875,-4.33070466,2.66178280
22.43359375,9.18877080,-11.07476723,-4.34861900,7.34333739,-10.69087404,3.75285156,0.16437794,0.37093805
22.43750000,5.56466691,-6.94519183,-5.71027292,11.94168801,-10.57303345,2.44239371,4.48225065,-8.90979383
22.44140625,2.34073146,-8.64484093,-3.72541122,12.70216716,-3.77786319,0.46253422,6.53874084,-7.21378440
22.44531250,3.58280532,-4.80912985,-11.48837988,4.91564956,-1.62759921,-4.42304972,7.75949175,-7.62138732
22.44921875,-2.74304308,-3.03035362,-9.51725743,8.81432301,5.70718956,-4.00611601,-1.52888239,-8.29246076
22.45312500,-2.05383710,3.85787197,-13.10867296,3.69660035,7.22623521,-6.93734611,-7.84304996,-9.80256317
22.45703125,-7.23694674,4.57160779,-10.32779725,-1.96957440,10.68743808,-12.05400073,-10.48641334,-5.89496647
22.46093750,-7.98344242,10.69302695,-12.38823214,0.10038160,9.89207473,-8.09422562,-3.74488572,-5.11471105
22.46484375,-8.79828703,9.25806615,-14.30850030,-6.15657058,6.13432278,-9.13998501,2.17354027,-3.09646377
22.46875000,-7.20039047,10.34803109,-13.32385085,-5.08776098,4.87688196,-7.30006168,6.23857674,2.43801781
22.47265625,-8.83374247,0.77334534,-8.61598136,-5.17626393,-2.32677898,-12.42886084,7.33627306,7.10927161
22.47656250,-7.09522071,-3.79607559,-10.87002512,-8.89889960,-8.14792775,-7.23311413,7.90897422,6.03561409
22.48046875,-6.61955942,-9.80762562,-4.89511659,-13.00929027,-5.65442092,-6.18853266,1.28820025,9.73800272
22.48437500,-5.98102486,-7.28429589,-2.40178502,-9.96280868,-9.06817567,-7.50472651,-1.08524050,5.20609764
22.48828125,-9.29711739,-11.96596617,-2.67272221,-9.57869310,-5.62488689,-7.92142456,-9.12741655,8.63637462
22.49218750,-8.67308599,-7.13131575,-0.47830756,-9.99691678,-9.73256628,-7.29011858,-10.89872393,8.18879861
22.49609375,-1.78379670,-3.98487133,1.75977395,-4.61320422,-3.36390234,-3.05750149,-4.89157354,-0.74768056
22.50000000,-2.79631766,0.94844880,-0.78298058,0.23813398,1.11350001,-2.22731043,0.04644581,-1.54290954
22.50390625,3.93022863,4.82523038,2.83215554,3.62503235,3.43184628,-2.73342327,4.07400224,-0.20076207
22.50781250,-0.41659716,5.87732932,3.32298492,5.42239616,8.43887156,4.52379286,8.74127778,-4.16507911
22.51171875,7.71882232,8.94455916,5.71163884,7.19597651,7.47537671,5.88320417,9.71977250,-9.34608930
22.51562500,7.71137616,9.66321076,5.32597695,9.46961571,16.98074914,5.37211508,-0.50506758,-8.46813981
22.51953125,4.94605689,9.82155247,0.55362748,14.55448229,10.51929953,13.18302774,-0.67746832,-7.10893910
22.52343750,10.31874312,-0.67558931,4.68009480,8.61298620,2.03731593,11.60993410,-6.74170784,-2.59781490
22.52734375,10.11788701,0.90142251,10.18246273,10.14409462,0.00943346,11.96614839,-9.53533844,-3.61043959
22.53125000,9.91427634,-3.85574819,9.66437289,9.31985838,-5.28518008,8.07048468,-2.01087794,-5.59588553
22.53515625,9.66966134,-7.81958242,7.65190992,5.68427961,-8.87175728,14.70103412,1.31613209,1.24152724
22.53906250,7.21281265,-9.75420584,8.26547113,0.91167277,-8.70690153,9.68576106,5.12767275,5.93975609
22.54296875,1.59652373,-9.57812937,8.12804464,-1.32689768,-5.64885436,5.50263626,3.32908023,7.97006687
22.54687500,1.56780546,-6.59121254,11.04274658,-5.86783537,-7.85920365,6.96368505,4.58858631,7.59086485
22.55078125,-2.87762083,-0.69058898,9.30485184,-6.84709435,-5.97886519,6.09746168,-0.09893174,9.62669209
22.55468750,-5.57608819,7.68593045,7.34273412,-5.58710645,-1.04785621,4.04013173,-5.45254263,9.96487808
22.55859375,-6.71327412,8.59399656,4.32632106,-10.45128671,4.00096917,1.05632574,-7.37458579,7.63014534
22.56250000,-8.64116320,11.72582025,8.72816041,-7.99612430,7.46585368,-1.78554071,-5.21519605,7.17848785
22.56640625,-7.10890088,9.70596099,3.65534898,-11.30259510,12.24007115,-0.39764812,1.58181959,-1.25786719
22.57031250,-7.05736590,6.19769311,7.70901103,-8.30589263,5.72390782,-4.81703727,5.22312871,-7.76029825
22.57421875,-6.83897796,4.16667403,-0.27032596,-3.94248594,5.70375306,-5.50094221,12.07537821,-4.13829010
22.57812500,-7.25578556,-2.39116748,-0.36919932,-3.50190420,3.63633185,-4.30904866,12.72787493,-9.29590524
22.58203125,-4.79823317,-5.58847242,-0.62631318,-0.42993909,-1.93083480,-4.04168653,3.11508816,-9.52447268
22.58593750,-3.87377827,-9.57236314,1.82378840,4.69285726,-5.57689370,-8.33115877,-5.06777977,-10.46940698
22.58984375,-4.96576342,-8.42259825,-0.06411633,3.42600243,-8.15742298,-13.31687753,-14.81898790,-9.30097234
22.59375000,-6.25428061,-3.35153556,-0.63598772,4.36032690,-7.38809797,-10.92692738,-5.24267717,-9.17134687
22.59765625,3.14948293,-4.42523587,-5.84193146,6.75525501,-10.06817670,-11.48246480,-4.66978460,-3.30387330
22.60156250,0.87067833,-3.06716642,-5.91369286,5.81507780,-1.49644892,-13.34766498,5.96953171,2.06666766
22.60546875,0.15324723,6.00443470,-9.21754600,10.88740956,-3.11475240,-10.64908626,7.62673407,4.98427810
22.60937500,3.84322331,10.09842004,-12.04410415,11.64088797,0.38580457,-8.58249101,9.19625061,8.43030783
22.61328125,12.03531809,8.30597355,-10.85077476,12.20914943,0.44997075,-8.11881980,7.54108881,10.26936998
22.61718750,9.09061661,14.05193654,-7.51779246,4.60931411,8.67274138,-3.72064596,-0.29698064,12.19939349
22.62109375,13.75058737,2.68790717,-8.88816811,7.24425167,7.04940011,1.51590272,-6.17850895,11.88000732
22.62500000,9.75195253,-1.51423529,-9.49451180,0.57052363,12.73574579,0.03339779,-10.18088596,2.49826709
22.62890625,10.25729073,-5.51872600,-12.85020032,-3.96939141,9.97904775,5.74407861,-8.02433293,4.12698046
22.63281250,11.88258107,-8.81974423,-11.52388087,-7.03988238,5.39473345,4.70348972,-0.16074214,-0.48925581
22.63671875,7.97025471,-4.04441574,-7.03553374,-7.88014976,0.44551322,5.99932881,4.09848560,-0.30821676
22.64062500,4.82882745,-3.20882027,-11.41821877,-7.93159873,-2.64655538,5.57617291,11.68636271,-8.56210028
22.64453125,2.43338947,-7.76260976,-7.88584116,-12.10371853,-5.88867391,8.19787546,6.10597793,-6.01811287
22.64843750,2.06309101,-1.77450932,-5.67584520,-8.10503386,-3.90224460,7.45859522,2.46340593,-8.12809992
22.65234375,-3.10391454,1.41318451,-2.36601957,-10.25531308,-7.30520849,8.76600576,-6.47458951,-9.91779022
22.65625000,-6.39484151,1.58565723,-3.75990291,-9.16426146,-8.85327837,7.33854622,-7.97970069,-5.51511352
22.66015625,-8.84711732,9.67621708,-3.26570077,-4.36796985,-6.11728425,4.34754791,-7.15628862,-6.69622732
22.66406250,-5.04764811,8.50979990,-3.14053990,-0.24898368,-1.57950977,5.87832954,-3.56027881,0.47477256
22.66796875,-8.59353500,3.90044991,-0.73345708,-0.50746877,-0.68680940,7.74950637,2.75094445,-0.02141367
22.67187500,-4.12848888,7.77772860,4.64566816,4.20079109,5.90180711,12.39141009,12.67073214,5.27800035
22.67578125,-9.21120940,1.81357427,-1.03413078,4.35978230,4.66958115,9.51764277,7.39219385,4.02308475
22.67968750,-6.69082444,-8.68977353,5.36703094,9.36456652,5.51379789,4.79803167,6.67354011,6.49782533
22.68359375,-9.28598577,-9.41583817,8.08445739,8.76472058,10.12157605,1.65164171,-0.82376150,8.82659516
22.68750000,-6.84376352,-11.68148440,11.27329478,11.23634765,3.92319246,-1.66923417,-9.38285548,6.77547651
22.69140625,-8.47800115,-9.55277226,7.20976782,7.66996028,5.99233985,-1.56192017,-6.34418084,8.23500712
22.69531250,-2.76118293,0.87622061,11.24039385,2.23205085,1.76610000,-5.83430005,-9.07111967,5.14210867
22.69921875,1.78589138,-1.21352065,5.77700152,5.15082692,-2.10771224,-8.74559380,-0.57796827,-2.93536761
22.70312500,0.33785606,6.99854268,12.09934389,4.40087209,-11.02647084,-7.08140415,6.48441861,0.52417555
22.70703125,3.10511318,4.53858731,11.30718848,-1.75605989,-7.97704987,-8.13334992,9.52741107,0.53068570
22.71093750,1.28252815,9.41947082,9.28607877,-3.01414842,-9.84032008,-8.67172854,5.08945486,-6.89244136
22.71484375,7.33620232,9.14900326,5.07226140,-2.05016057,-7.63664138,-10.11591806,5.43691322,-9.37415423
22.71875000,9.22564853,7.13547558,10.74463251,-2.86543436,-5.52767449,-8.56308723,-1.34055046,-7.73164011
22.72265625,13.15542120,2.18900724,6.27909235,-7.08743533,2.18897667,-4.17701962,-7.65816858,-4.19225342
22.72656250,11.45586613,-1.53336509,7.71026306,-9.81640318,7.40731965,-3.92373905,-8.07560824,-2.90358862
22.73046875,7.67994804,-3.74714607,5.62038622,-5.62806406,9.68265787,-8.79603871,-6.09606320,2.18298692
22.73437500,9.96318125,-5.95477397,6.53360175,-8.48498447,11.25736326,-6.17992361,-0.76645224,-0.64441769
22.73828125,6.97363570,-7.09810706,4.23259551,-7.48733176,11.60076127,-7.72439309,3.80438262,5.01893287
22.74218750,0.21435859,-8.31238818,2.40937037,-8.29598516,9.67569214,-3.98117748,6.71391637,7.41076819
22.74609375,2.95346512,-4.00355233,4.25894566,-3.13418892,2.39451849,-1.11016930,6.69188457,7.63438167
22.75000000,-0.45247409,2.36028077,-1.06669001,-1.10178497,2.08754296,-1.25088813,-2.21553964,12.45451636
22.75390625,-4.31832045,6.87312734,1.06157006,4.11365733,-3.67685426,-0.28229503,-5.15964375,7.46648443
22.75781250,-4.57483860,7.53692029,-1.45402875,5.59962850,-4.23313142,4.70926857,-8.38259335,7.72661103
22.76171875,-6.36735694,8.35525691,-4.72729187,8.54069263,-9.91317405,7.74760705,-3.46668001,9.46681869
22.76562500,-3.93715598,9.97766217,-4.62718114,6.40249130,-13.11295784,7.37237581,-2.03597426,-2.70487828
22.76953125,-7.75873510,9.43345996,-6.85530563,12.80055624,-7.15486589,11.41156491,10.54295427,-1.90269346
22.77343750,-9.10518152,1.41454486,-7.32657905,12.63009847,-2.35301090,8.03284374,11.66753043,-1.47097289
22.77734375,-6.76832652,-6.12808488,-11.72614961,10.85398467,-3.74927708,10.86266169,8.05306350,-9.33381263
22.78125000,-11.18316355,-8.53112149,-10.60637334,9.31094270,5.63103828,5.51561479,3.45409132,-12.74429319
22.78515625,-6.55814100,-8.73732223,-7.44161663,5.84959935,2.46071021,12.30480908,-3.65912833,-8.65658801
22.78906250,-2.70827496,-8.94488184,-7.62871739,0.78368490,7.50994906,8.11899315,-11.55168075,-7.01721747
22.79296875,-1.50887232,-9.44933818,-4.36036003,-7.11015782,10.65729635,9.46453002,-6.02807743,-7.28421541
22.79687500,-6.82431108,-3.56193555,-7.24104760,-6.61776606,6.01216838,1.07816834,-8.44186170,-3.97231177
22.80078125,-3.01893811,-1.56867759,-9.06936133,-7.34123021,8.69119208,3.77425682,-3.83721686,-1.18170464
22.80468750,1.78709791,7.14895435,-8.61142130,-15.00904059,4.79720496,3.14028360,9.29430974,6.74820856
22.80859375,0.37022027,7.47857133,-9.48616117,-10.86621057,-0.85035693,-4.06047552,12.98596653,9.34365202
22.81250000,5.50879232,10.40927604,-9.60305074,-12.58807685,-7.88415228,1.57654361,7.93263055,13.33853736
22.81640625,6.60282785,11.71791175,-8.61429503,-5.56230291,-7.44093448,-3.14839822,2.67109051,7.60751047
22.82031250,12.42190427,3.09934706,-9.71748805,-5.23691004,-10.79455141,-1.51288910,-8.23758704,8.62269647
22.82421875,10.79886421,-2.45731139,0.30505115,-3.97671428,-8.82431326,-7.10725026,-10.04493639,9.33162260
22.82812500,7.75823518,-4.85970316,-2.63379157,-4.58615083,-7.81128187,-7.86543503,-5.92700815,1.52793648
22.83203125,10.06163389,-8.19561646,-0.34341862,-2.86126535,-0.60651274,-8.15292800,-1.41023661,-0.66046036
22.83593750,10.19181430,-6.27182660,-1.22218763,2.82752566,0.42167457,-4.98761036,4.69642513,-2.11491451
22.83984375,5.58237914,-7.08962971,5.48237637,3.99057948,8.20422068,-8.99017881,8.24524787,-3.76607178
22.84375000,5.12779275,-6.87727447,3.15792630,5.71324728,9.94806832,-5.15827242,12.29374736,-7.20045711
22.84765625,0.88184304,-5.32930235,4.03930980,6.08061061,13.85911353,-12.64291316,3.04037550,-8.88594684
22.85156250,2.78320344,1.21399276,4.41506791,7.05104176,10.91152378,-9.51253464,-3.63737650,-10.38220760
22.85546875,-5.36379658,5.32325407,5.43680271,6.57689118,7.62377424,-10.83075175,-8.86341100,-7.03695260
22.85937500,-7.42568332,6.89183954,10.18394687,7.10470294,3.82335583,-8.24803266,-8.66053150,-7.87798282
22.86328125,-5.35043068,11.37582885,9.21279569,11.47877613,0.74351219,-6.58646329,-1.83673433,-3.40950850
22.86718750,-8.08085608,8.66437275,11.70651616,8.32322517,-6.77088333,-3.21696560,3.35597013,1.83213288
22.87109375,-13.47249164,6.89923713,9.50757925,1.29292457,-11.65606007,-3.28122778,11.83724410,1.97289998
22.87500000,-10.63497580,1.50511573,9.56962637,-1.26890639,-12.05669918,5.80359014,12.55741388,9.36383523
22.87890625,-8.44568122,-3.17803831,10.24597581,-2.71352464,-9.46280251,2.68249193,8.60765352,7.02918518
22.88281250,-7.63408147,-8.16127919,5.94082042,-5.63411879,-7.70679312,5.94278309,-2.66921665,10.65506209
22.88671875,-7.57007308,-13.54251947,14.52883624,-7.46353430,-3.48598393,5.70630414,-8.88704506,10.58875458
22.89062500,-5.55733549,-9.37767345,7.90597921,-11.05032930,3.93426169,6.25484175,-9.95659507,5.06888127
22.89453125,-7.20628821,-5.85151785,8.03395393,-9.45433271,9.06693025,5.31194461,-7.83851429,5.74158304
22.89843750,-1.65882140,-5.88590904,6.58416540,-12.33948294,10.17682354,8.80580179,-2.98780923,0.87066854
22.90234375,-1.82606791,0.18305798,5.49064875,-10.50428096,12.04794123,11.70269241,3.02166432,1.62529689
22.90625000,4.65589844,6.27859172,9.30685298,-4.18139637,11.92729908,10.32376067,5.85887965,-5.01429346
22.91015625,6.56985025,9.25186756,2.33704504,-4.97864909,7.32709533,8.48660627,9.07151431,-4.49596976
22.91406250,4.63928731,12.24415412,0.10779939,-2.75261547,7.14179631,8.74303635,6.74708047,-6.26942962
22.91796875,7.77537350,8.51191098,-3.61113817,3.32187994,1.40786916,8.46912756,-1.53873521,-8.45494192
22.92187500,9.97939933,6.16909838,-5.91254168,5.53165572,-4.10553770,8.73545387,-4.04738390,-8.35366743
22.92578125,10.14942161,0.26800384,-8.27138535,11.35400361,-7.54638994,3.71683363,-11.13135554,-8.98540588
22.92968750,11.60181845,-1.07093067,-4.93731026,12.08732096,-9.96879284,0.97259961,-7.02958589,-4.16395952
22.93359375,10.80259663,-5.85129977,-5.36364835,11.05416418,-11.97825424,2.21416732,-2.13386397,-1.61263030
22.93750000,8.31961069,-10.08158611,-6.16653462,10.24035146,-6.46419163,-0.71796867,10.06268527,0.37902299
22.94140625,2.01688370,-6.70144654,-7.28116798,8.07447116,-3.59707183,-3.57064695,6.69133460,11.23760973
22.94531250,4.69972389,-4.37383700,-9.91256027,7.22985347,3.43283366,-6.48023854,5.00204895,7.60284398
22.94921875,-2.05844963,-3.91077767,-7.93296235,6.00497049,7.40141376,-7.45309561,-4.58582555,11.72289283
22.95312500,-6.18621561,3.97064025,-9.01191691,2.11094052,7.05685460,-3.19752121,-3.89198745,11.56781008
22.95703125,-2.26120935,6.80113342,-10.13818005,-0.70078987,12.86165942,-8.26575341,-10.21079064,9.34293294
22.96093750,-5.53127892,7.11901857,-10.41860263,-2.83713032,9.74595661,-8.55157770,-8.99473872,2.17847401
22.96484375,-9.07209233,9.51782005,-10.53715711,-3.78745362,6.30652799,-11.84913666,-3.48113010,5.21053455
22.96875000,-9.70835243,7.97217745,-9.68355261,-6.84860535,4.29968156,-7.53091778,6.78211861,-2.04139190
22.97265625,-7.63180832,1.89341462,-7.99391604,-12.19289625,-4.99499126,-8.19336636,6.18864655,-2.08887110
22.97656250,-9.96640967,-2.64730180,-9.39614583,-11.46301927,-5.85299092,-4.12874534,7.83067904,-7.51910625
22.98046875,-6.82088135,-7.66696048,-5.95805686,-8.75843520,-3.10836707,-11.39372453,4.46583688,-9.45098184
22.98437500,-6.91371368,-5.65265803,-4.36543274,-10.82250481,-5.91668784,-6.51369945,-5.57118779,-8.13748532
22.98828125,-5.36881139,-10.49943459,-3.87238802,-10.19721965,-15.93223957,-6.47173271,-9.61276296,-12.93818610
22.99218750,-8.07014696,-9.33408474,0.33390466,-10.46075587,-8.50392520,-6.77554024,-9.31586524,-9.18942054
22.99609375,-7.96539818,-12.61172553,-1.51412262,-8.26112337,-1.57841163,-1.91224163,-8.50902465,-3.92469184
23.00000000,-3.85259804,-6.38917679,1.47051090,-1.34911410,2.95255237,-5.11150360,-2.20064926,3.40515725
23.00390625,1.81495031,5.24489592,1.99227621,2.26017288,9.72807028,0.50659469,6.16734441,5.87268166
23.00781250,1.71250616,7.07864423,-0.17299592,6.76264994,12.54656534,-0.48623069,13.90100649,6.95542807
23.01171875,6.47438717,12.82216733,1.35899065,8.40783542,12.85255458,0.93923700,11.70276341,11.88757583
23.01562500,8.07465980,10.80518731,6.03382147,8.03442262,11.90254574,4.25206018,4.59699416,11.33768536
23.01953125,13.38516720,6.90340122,3.82944169,8.12356434,7.26289078,7.90311437,-11.24204316,8.93575851
23.02343750,9.71225222,4.25705551,5.64102013,13.55380771,3.85870129,11.84083572,-11.45925653,10.61858147
23.02734375,13.80823130,-0.32203855,10.12372987,8.19938786,1.74129463,9.04878076,-8.68329189,4.62542929
23.03125000,8.61255318,-5.90870058,7.11990061,4.99686830,-4.33480998,10.66976157,-6.30844598,0.55946798
23.03515625,9.46566564,-4.13186049,9.43311390,9.76594446,-7.68384320,8.44619691,4.03348451,-2.64009792
23.03906250,6.14929218,-7.65330287,10.54956856,5.86157500,-7.67237236,9.73059637,10.25217015,-4.40722163
23.04296875,7.33968864,-4.89108038,11.44669271,-0.33973367,-12.40884498,7.02759803,8.73210201,-5.37870121
23.04687500,2.98016752,-6.19426405,8.14644078,-6.33843555,-10.90403111,5.64475626,1.78951064,-13.23627604
23.05078125,-4.30503759,1.40148259,13.37586295,-10.03746330,-2.04364882,4.31887262,0.28265702,-13.23741362
23.05468750,-3.37031179,5.36475036,8.14306209,-11.51127681,-1.75999476,1.01188972,-5.23377901,-8.73022586
23.05859375,-6.28109349,5.48569943,5.61025402,-11.06843261,5.84016407,-1.29285719,-10.32170788,-5.75227796
23.06250000,-6.34520101,9.57678666,3.99535551,-11.09436454,6.78603466,3.72916585,-4.08632320,-0.46423450
23.06640625,-8.00567095,8.66414336,6.03802064,-5.96423458,10.21737153,-1.23627859,1.33398220,3.31298459
23.07031250,-8.61555975,6.08181894,1.13508123,-4.52172504,6.78823383,-3.69171224,9.59900781,4.01901361
23.07421875,-9.09573610,6.19805454,3.11088942,-3.54840700,7.71465338,-2.81164712,9.64584602,1.47151664
23.07812500,-9.81694701,-7.07195506,6.63287563,-1.27011710,-1.38605189,-4.44033468,5.84950220,6.78461229
23.08203125,-9.59267693,-7.34286511,5.13337233,-0.25777937,0.28668260,-9.07374680,0.20383044,12.57209532
23.08593750,-10.57453565,-10.61568424,2.18152733,2.13730712,-4.62538900,-10.47708984,-10.12197186,5.82758148
23.08984375,-10.84955701,-5.28937609,-0.90931545,6.40888650,-4.50059798,-11.68785678,-12.36351632,6.89273150
23.09375000,-3.45919181,-8.53516017,-3.61526141,3.62412044,-9.15370914,-14.39485772,-11.69246884,5.05176561
23.09765625,-1.09233522,-4.62510926,-5.74856003,7.61869905,-8.65950431,-9.23434539,-8.13550999,3.95941192
23.10156250,0.61212736,0.63814119,-7.49399805,9.73567290,-7.87662792,-8.44323559,1.39332238,-4.10696348
23.10546875,2.46593815,3.58093573,-5.22058272,5.54030962,-5.03975714,-6.55316279,8.49259640,-2.69855533
23.10937500,0.50010944,8.30407840,-9.00866501,10.78457821,-0.21326458,-8.92442443,11.97756712,-7.25772862
23.11328125,8.93369589,6.51445324,-10.69853985,7.23371102,2.11555249,-6.16763157,4.56232775,-7.74746991
23.11718750,9.58488349,8.73193347,-10.10237683,7.94119954,8.84712524,-5.38837683,-0.21645312,-11.40358756
23.12109375,10.42189181,4.08484756,-8.29390007,1.83752322,11.21858806,-1.04531051,-8.22585493,-6.64538060
23.12500000,8.40763737,-1.93303614,-8.64615183,0.28196061,10.43340754,4.18122398,-6.01811889,-5.97747443
23.12890625,12.27535493,-3.70852626,-11.36959992,0.89363830,6.00314571,2.65848266,-8.38535435,-3.15543779
23.13281250,7.70942437,-6.11532931,-7.01854554,-5.77466228,1.10405399,3.37075710,-1.65055079,0.89575137
23.13671875,9.51222554,-10.11184816,-12.39214914,-7.45218901,1.32664759,6.59885611,3.20098669,0.14472632
23.14062500,8.16076546,-12.30702271,-11.40417657,-9.23478013,-5.55899916,6.63919662,7.02314679,7.07869720
23.14453125,-1.96195447,-8.89226295,-11.86674983,-10.83406493,-7.56343430,7.74886050,3.09146224,6.48407426
23.14843750,0.24123755,3.08407864,-8.00491414,-11.47609640,-6.01943843,6.19707484,4.74346040,12.20309263
23.15234375,-3.32496674,3.88551054,-8.43679270,-9.32244983,-8.15600278,8.06729971,-3.83517884,8.52413731
23.15625000,-1.98830280,3.06394094,-7.78815347,-4.44168831,-9.12481151,9.33526618,-7.34330479,9.27622526
23.16015625,-4.23111108,10.35468324,-2.27703616,-5.42504877,-5.29065271,7.40126775,-9.38167811,9.85959540
23.16406250,-12.09309827,7.80668046,-2.49412926,-1.71354683,-4.49621885,12.31679277,-5.12833358,1.27340563
23.16796875,-9.34679507,8.05035717,0.07597400,3.82639390,1.85730809,5.05919911,1.16554156,2.24018858
23.17187500,-8.57982581,6.09532001,-1.23443346,5.39711500,3.58182335,6.78939973,9.39625181,-6.73455534
23.17578125,-5.53119548,-1.66714520,4.64141408,4.79297865,6.28212680,4.46068189,7.78319088,-9.94900790
23.17968750,-5.60526680,-2.18926649,2.98587025,9.98604257,9.05172569,5.29908770,6.83827365,-6.36557979
23.18359375,-7.43373163,-7.79108998,5.01503489,8.41624681,7.21852528,5.62368468,2.93341562,-10.82727876
23.18750000,-8.92464760,-9.93359594,8.76225119,9.14138041,6.90255347,3.39248207,-8.25550821,-9.84271116
23.19140625,-0.00669833,-10.27552097,12.84899127,7.64265833,4.62459094,-0.23800270,-9.18587404,-9.76002495
23.19531250,-7.44315918,-7.47094685,11.68430363,3.45991576,-0.63613718,-3.65404351,-12.49515466,-5.79746541
23.19921875,-3.64979165,-3.19348820,11.34924593,6.10667316,-0.57603703,-6.41688114,0.46706312,-2.59819036
23.20312500,-2.30295527,0.81120212,7.58836371,5.05761586,-3.61151731,-5.34355524,6.22627807,-2.35160792
23.20703125,0.52549325,8.43407652,8.15219366,2.71806323,-3.75681597,-8.15472831,11.22919799,10.41888848
23.21093750,6.73171986,10.24330914,5.37924450,-2.15953335,-4.90589352,-7.75675959,11.09465758,13.07531311
23.21484375,9.51785849,13.77774491,8.17256467,-4.83508577,-4.95105790,-11.54668824,0.31765077,13.19758016
23.21875000,10.63990498,5.43143451,7.26991441,-4.90157089,-4.55439758,-7.72563120,-0.37134284,10.58649652
23.22265625,12.82482653,2.15268277,10.11859134,-6.15853145,2.48033530,-4.21996265,-7.02657648,7.35796293
23.22656250,11.35108994,1.43334576,6.18754010,-7.02216456,3.34644135,-9.35343315,-9.95307780,8.34850097
23.23046875,7.43227688,-5.07478164,7.20272326,-5.79458359,8.11212615,-6.67604957,-2.76492776,3.56410070
23.23437500,9.97039720,-10.86254716,5.03252809,-9.06221726,6.70199716,-6.69541497,3.46217921,0.66431864
23.23828125,6.19531049,-9.00262508,-0.28864461,-3.96362093,12.81185456,-7.65058546,5.73141194,-3.35005116
23.24218750,2.95241824,-6.84143315,6.07062494,-2.02284256,7.18224529,0.78384365,9.28756809,-3.76091956
23.24609375,2.69556212,-5.94846147,2.76488118,0.53411113,4.14892326,0.05010702,9.27482699,-14.20719680
23.25000000,0.97979420,-3.23872313,2.30405718,-2.05981936,2.65776877,0.23164667,-2.42609469,-11.67171944
23.25390625,-7.41281317,1.80256588,-4.24234415,3.46108933,-6.76492908,-0.80808738,-5.83976998,-8.36673767
23.25781250,-6.58876208,11.51016643,-3.65228524,6.63184844,-3.70572096,4.65382124,-7.96497194,-6.94673640
23.26171875,-9.33900958,11.50977435,-5.36595816,7.80624078,-10.27642976,5.56103011,-7.14760674,-2.32300924
23.26562500,-5.18524548,12.27920386,-5.71099446,8.74829749,-7.81873669,7.87605722,0.90839952,0.02272226
23.26953125,-6.03926075,10.38415351,-9.04508118,13.16191457,-7.93707409,8.75553915,7.57353746,-0.69085685
23.27343750,-11.51587573,3.72991879,-8.35743617,10.06831563,-8.47883650,10.43588863,8.22992085,5.40308803
23.27734375,-10.30702143,-4.23577685,-6.23426276,9.39552474,-3.45756777,17.36789379,6.21005561,4.25666350
23.28125000,-7.52249700,-9.73364046,-5.42633138,3.23922494,-0.56373958,4.47540897,1.18054749,7.78130605
23.28515625,-6.10841330,-10.71122885,-9.82089889,2.88932762,9.31048855,8.01120872,-5.59180326,6.69124839
23.28906250,-5.70511876,-12.50014484,-10.69426740,2.11472462,10.37409393,8.23344215,-10.37229454,6.51045254
23.29296875,-3.47033031,-7.64567847,-3.81454457,-4.05041751,12.29723972,7.31851212,-8.92857742,6.45223594
23.29687500,-3.21452837,-2.23859364,-7.99732112,-4.01644947,8.82666034,6.42312689,-5.13281528,2.79313862
23.30078125,-4.77997830,-0.08865086,-11.88290293,-9.84042354,7.28099998,2.92780889,1.38365835,-3.53752416
23.30468750,0.59403411,4.44788723,-5.52790581,-9.79348959,1.92900994,1.72677052,6.67535555,-3.37001131
23.30859375,1.93850749,5.42387651,-5.18006950,-12.70012934,-1.47586457,0.07936507,9.35778721,-7.77877759
23.31250000,5.29340238,10.67780567,-9.59891092,-10.00424639,-6.59006332,-1.00800439,5.22017018,-5.39826196
23.31640625,4.26517745,9.66425580,-7.25402534,-8.41140217,-2.75653692,-3.32404085,1.24277664,-7.06747389
23.32031250,7.72133898,5.65138737,-5.78599683,-8.06676807,-10.66828970,-7.74610576,-7.54352076,-4.27488265
23.32421875,7.68364458,0.00456761,-4.37547475,-1.36918096,-9.74158972,-9.83154251,-6.87189201,-6.48666798
23.32812500,2.96920169,-3.21268112,-1.63327015,-3.52772289,-5.83340487,-5.09930568,-6.13891516,-8.20523526
23.33203125,10.88580893,-6.75196980,-2.67317848,-0.26992412,-4.06449587,-11.19563378,-3.37479896,-1.17896465
23.33593750,10.73172893,-9.99193508,0.77470065,3.81932956,3.08717362,-8.32279421,6.87339238,1.09116826
23.33984375,3.17475497,-7.65905281,0.66055487,4.86648546,6.54289049,-10.30601750,7.43603729,3.06793971
23.34375000,0.24885320,-6.79098428,3.80383966,7.75721214,6.27842416,-7.60016679,5.82537092,7.34001570
23.34765625,-3.21463226,-2.64695859,5.29800059,4.58237260,13.15273939,-15.92243608,6.96993772,12.36648410
23.35156250,-2.42061281,2.84611151,2.30192643,8.98497626,11.19692329,-14.05486950,-3.24563166,16.12029278
23.35546875,-5.45792990,2.97354522,12.11242148,9.05985032,8.14622176,-12.03410449,-5.93296718,6.49033149
23.35937500,-8.41795204,10.11265497,5.77467364,9.88671412,3.25380402,-5.77391690,-8.89242745,3.67017819
23.36328125,-5.56855418,10.56365324,8.80235687,7.57814515,-3.17173804,-3.43699593,-7.67965033,4.42739829
23.36718750,-6.04084145,8.79968992,6.09318026,0.69630090,-9.06898907,-4.20221982,1.55260204,-1.73331754
23.37109375,-10.66589767,6.13279696,8.07243686,2.43190108,-6.11169382,-1.81450114,8.72671176,-7.93775871
23.37500000,-8.71045102,-1.62454566,9.54883825,-0.71456694,-9.43427530,2.84610835,11.76895582,-2.52999795
23.37890625,-6.59509136,-2.40135960,10.43199017,0.02634269,-13.28656480,2.51344706,6.55940015,-5.98926771
23.38281250,-7.11210969,-5.84761377,12.53231053,-6.53618514,-8.11306391,3.96244950,1.99747872,-11.10341426
23.38671875,-5.77129559,-8.21783690,13.15767918,-7.33000247,-3.43134038,6.60569147,-11.21432356,-9.56859561
23.39062500,-6.26828129,-11.12738991,9.54498536,-10.23116719,4.24563368,6.15444824,-13.25220171,-7.69898086
23.39453125,-4.18833964,-6.27909344,8.23735503,-14.42712763,5.15912427,5.70390811,-12.95724305,-10.30012868
23.39843750,-0.03333604,-4.65243221,10.81811432,-10.08281777,8.68615178,5.89809585,0.02085016,-4.51588204
23.40234375,-2.88487993,-0.09087282,7.39760947,-8.50959163,13.56367745,7.86700377,5.79674022,4.42822320
23.40625000,-2.08255834,5.98243357,-3.32936989,-7.69092548,10.05977629,9.93708619,9.30698105,11.02407913
23.41015625,1.62503275,8.45803877,-2.05770776,-5.30013587,10.24913349,8.00794851,13.74176325,8.03083296
23.41406250,11.60687813,9.41347593,-0.92879419,0.01840368,1.20738731,8.87516921,7.92984967,12.59128530
23.41796875,9.84066591,8.25390905,-2.31531949,-0.02380949,-0.57480024,13.01344816,-0.83990407,14.62397670
23.42187500,11.92812125,6.26511196,-2.32132178,8.29853782,-5.07321692,9.55456628,-8.36205694,9.43513115
23.42578125,14.49455675,-1.01944847,-2.60451662,2.06629341,-9.22579616,6.81145790,-10.68888596,5.61653180
23.42968750,11.93957003,-2.87149858,-2.95528956,10.87763267,-9.98284999,7.68198741,-5.19251558,3.03834132
23.43359375,10.50297431,-8.71626770,-4.74231287,13.94210984,-10.32889104,3.92941737,4.14590005,-4.51894588
23.43750000,9.52816775,-6.25487266,-7.32011594,15.74273641,-7.67474797,2.61539653,9.55624124,-7.73702177
23.44140625,9.96126961,-7.68627182,-10.68746299,11.03567633,-7.79626056,-3.71393840,10.02247277,-6.55696261
23.44531250,2.03147213,-3.05067648,-6.57927294,4.17079329,3.64994591,-1.16273733,2.04886803,-15.60756742
23.44921875,0.60148781,-1.59186947,-4.87161050,10.11876675,2.43137270,-6.11371962,1.75859726,-13.71767535
23.45312500,1.19080257,1.81765179,-12.52425241,6.06576650,4.93726911,-6.47134392,-7.48784097,-10.38872095
23.45703125,-6.70059047,6.18138627,-13.99404768,1.57122543,9.89435400,-7.61808506,-7.39206346,-4.29404536
23.46093750,-9.78855657,7.04275914,-9.85563847,-5.30268960,9.44350682,-6.45497455,-2.10269106,-2.57719915
23.46484375,-9.25724021,9.69784950,-9.83575696,-3.02701281,5.97231525,-4.05219975,-0.67562640,-0.94439980
23.46875000,-10.01328958,10.05712238,-13.88365479,-6.59784552,0.79455300,-8.08239145,4.58443243,2.49009297
23.47265625,-6.97137149,1.76280778,-9.92781715,-5.69654348,-4.45242214,-7.61883095,7.62106538,4.64848735
23.47656250,-7.76444405,4.74086980,-4.66641769,-7.54925959,-5.00793834,-5.74242390,6.70106647,10.23684908
23.48046875,-8.23122483,-3.40350528,-3.60537706,-9.18073122,-6.91502071,-8.91163543,5.66242036,5.74955779
23.48437500,-7.40906633,-7.52777425,-4.57171115,-7.78605422,-5.88318650,-5.68255536,-3.46586186,9.34841222
23.48828125,-5.60171719,-9.38910626,-6.50601192,-11.30293170,-7.53276592,-7.18609212,-5.38397348,7.05176923
23.49218750,-6.23193922,-5.89554639,-4.13247764,-8.06371764,-8.49067551,-2.39075852,-12.76636241,2.81214552
23.49609375,-3.82857555,-4.60023339,-0.73721032,-3.11726796,-4.80187846,-1.61472168,-8.59242092,4.61026892
23.50000000,-3.57601737,0.19120864,3.11239767,-2.71088441,-0.41672037,-0.69342341,4.05554849,0.65303783
23.50390625,-0.52307596,7.12898570,0.52529838,-0.54909849,9.16910660,1.89252054,5.28162236,-4.74942683
23.50781250,4.41917949,6.35449846,0.05668661,5.49280331,12.92297424,-3.11905513,11.73989094,-4.72194666
23.51171875,6.57160466,9.20448513,2.96298276,6.86924297,9.77344141,5.43164915,11.37660585,-12.40957969
23.51562500,7.43161194,10.50006881,2.38249973,8.12129194,12.21335725,3.50925707,5.49868693,-10.93901942
23.51953125,6.05521424,4.28214418,2.15145490,10.68394340,6.79819771,10.37110750,-0.90662858,-7.28810996
23.52343750,11.23335555,5.64707938,4.87575515,13.76930521,5.61540362,11.73934414,-8.90481959,-7.35142418
23.52734375,12.78784414,1.04314508,3.26333985,11.83407883,-4.25585254,6.99699605,-5.71155425,-7.07719330
23.53125000,8.31290344,-5.80925556,8.94361791,5.67788068,-6.05113992,10.85769943,-1.52491045,-2.14562684
23.53515625,8.25634419,-9.66222833,10.02861868,4.49010187,-12.35104917,14.63758540,3.01591786,-0.72803632
23.53906250,7.71122787,-12.70438451,10.87680930,1.34091694,-9.88605786,11.75889552,5.07109543,4.84114179
23.54296875,4.02027571,-4.89876656,12.43721853,-3.05213024,-7.26219583,7.43848883,8.19670252,8.10886992
23.54687500,0.23137992,-4.11464579,12.56622065,-7.71577277,-9.22232585,5.01281109,6.47761442,7.83968902
23.55078125,0.69085410,-0.46388050,12.12133493,-4.77869068,-3.71726914,5.48494833,1.07715583,12.71659102
23.55468750,-2.56363156,4.64531055,5.24357509,-6.49887285,-3.01704055,2.19498908,-6.41271991,10.67261249
23.55859375,-3.20040865,7.63279167,7.78965497,-3.40343792,-1.96613827,6.77411130,-5.24113660,9.00487085
23.56250000,-4.91403915,14.36729412,7.27119491,-9.62340967,7.30263517,1.14473579,-4.18693611,4.83040498
23.56640625,-5.40891460,6.87242690,6.84899941,-6.80526409,7.12896322,-2.46955911,-0.41483373,2.94558530
23.57031250,-11.08765320,6.41270163,3.73492359,-5.63025094,9.71139013,-3.43399751,6.34724925,-3.04673518
23.57421875,-6.75029435,1.15348571,2.27507437,-6.46597322,9.29326019,-5.72042274,9.34330649,-6.14287370
23.57812500,-5.40723808,-3.51923008,3.85108080,-3.34386926,4.44097478,-10.17772505,7.99101043,-8.96542726
23.58203125,-9.85787155,-6.50658095,5.34494639,1.16116161,-3.02502192,-6.94670599,2.59451820,-13.07173221
23.58593750,-5.93746560,-15.32150569,-0.25186937,1.61583302,-3.21194197,-11.36873142,-2.64263459,-10.42628415
23.58984375,-2.74164153,-8.35981887,0.23963890,6.08980616,-9.10636469,-9.92349274,-8.42961031,-6.56484169
23.59375000,-5.66222466,-5.96981487,-2.74949185,2.67677941,-7.43530269,-8.51074446,-13.98987841,-9.21854869
23.59765625,-1.60100209,-6.65568558,-2.29245375,5.66603484,-3.84845921,-14.35557627,-5.57072317,-3.45669305
23.60156250,-3.68497581,1.60860876,-0.47895851,3.20390303,-6.01380944,-7.77368966,2.70234442,2.28556757
23.60546875,0.22867850,7.13464411,-7.39339835,9.28475145,-4.64809999,-5.19758069,8.07768894,7.78750127
23.60937500,7.33582633,7.21682155,-9.56348098,8.98891509,-2.88465965,-10.23293886,13.20054358,8.84149258
23.61328125,9.47134672,12.72960122,-10.26340826,6.94833500,3.89206678,-7.75701307,4.83493952,10.96676855
23.61718750,13.66376494,9.74386394,-11.33326888,6.26770926,10.78238463,-3.19095811,-0.90365219,14.17750511
23.62109375,12.35705589,6.19916883,-11.35392859,4.58922732,9.58959155,-1.13863937,-6.71232537,7.30725747
23.62500000,6.75521898,0.91426104,-6.87988894,-0.67980028,10.38352223,1.14461587,-8.63471772,10.46329252
23.62890625,15.39771083,-4.92476919,-11.77021038,-3.95709813,8.11599757,1.73647881,-8.16670293,0.26228246
23.63281250,10.82922607,-7.74025567,-8.17839376,-3.61265184,6.85454633,4.38450038,-0.05978431,1.77887875
23.63671875,9.84782866,-11.67401977,-6.96426231,-6.76141390,2.60730743,-0.06704481,8.35081378,-3.33555252
23.64062500,3.81947976,-7.93439984,-13.25418529,-7.74050534,-2.61368614,5.89242021,11.78989793,-8.19850860
23.64453125,2.37764548,-4.44828596,-4.92913031,-9.32158178,-4.95549722,9.93119576,6.20418963,-7.02421207
23.64843750,1.80030503,-1.30323963,-6.13715549,-12.67935393,-8.60838666,10.38533625,2.55800998,-11.84570330
23.65234375,-1.58813123,1.13965792,-4.93125419,-8.75760682,-10.84589583,10.45256410,-5.65364362,-12.77991513
23.65625000,-4.14884642,4.10933680,-4.18501556,-4.94288524,-7.55614451,9.53956339,-9.25197751,-5.06819786
23.66015625,-7.15964065,8.25761531,-3.08584418,-6.36023911,-2.39683584,8.20838117,-8.36923426,-5.22882581
23.66406250,-6.07308169,13.16736984,-3.42401923,-1.63367430,-1.20519461,10.19547376,-6.29196835,-0.45829357
23.66796875,-6.90590638,7.18378856,-2.57833072,1.60239559,2.31844609,4.80311822,1.76882814,-0.13379247
23.67187500,-9.98597390,2.82073070,2.43877491,2.84787471,5.13497357,9.62931815,10.10425769,2.65086218
23.67578125,-5.67431247,-3.59809382,4.32419126,9.32560397,6.59405451,7.98410829,4.63595646,7.22711724
23.67968750,-6.60946825,-6.13200828,5.76620758,5.68784163,10.52350236,5.63900414,5.24070755,8.87355944
23.68359375,-9.27482758,-8.64593358,7.75297637,7.05744029,6.60350911,0.52422194,-1.53724051,6.36239839
23.68750000,-3.34587065,-11.29988401,6.83506273,6.92647489,8.33545220,1.53007747,-8.49507612,9.60083669
23.69140625,-4.72929749,-10.44468603,6.88433634,5.82201135,2.91819895,-5.33623188,-14.64293506,5.99313866
23.69531250,0.20344975,-6.05263588,9.10005143,8.91475799,-0.53241723,-4.73643912,-7.84929457,5.07480429
23.69921875,-1.34476463,0.27983851,7.58828582,6.30283978,-6.45370564,-12.50770478,0.25387403,-0.45602858
23.70312500,-2.18236973,1.79138336,9.01297195,-0.32595691,-6.46854079,-9.67448524,6.52002037,-3.49499484
23.70703125,0.87087097,9.10178512,8.65890847,1.06422598,-7.82832337,-10.53124545,12.77365778,-1.07162584
23.71093750,4.40542859,10.33926812,9.81915902,-5.54254537,-7.79978874,-9.71289249,10.22696023,-4.78850465
23.71484375,4.94361594,13.04198011,7.19452878,-4.89277162,-1.10164864,-10.68313940,6.73871632,-3.42257427
23.71875000,10.18625663,8.03432678,7.77988482,-7.18366629,-5.00826571,-7.07265767,3.87989361,-9.22888336
23.72265625,9.61822395,6.81587063,5.80912053,-5.96855335,0.48348034,-6.98115612,-12.14348898,-9.40816266
23.72656250,12.25698427,1.85901339,6.34490791,-3.24560427,2.87181361,-7.17733579,-7.82339057,-0.65279508
23.73046875,9.37268020,-0.04281778,4.23483905,-8.07409693,6.47465976,-7.20676894,-2.61907079,-2.68443627
23.73437500,10.10348566,-7.87769506,11.29154490,-10.10731303,6.85663149,-10.44362527,2.24990842,-2.29490929
23.73828125,6.87930554,-10.64742725,10.46482085,-7.53868641,5.86972129,-6.35448009,5.16676256,3.89857007
23.74218750,6.19049977,-7.05120955,4.92797370,-4.62025841,3.70328032,-2.79783632,9.22820898,7.80230104
23.74609375,-0.56657801,-1.31095204,1.06025846,-2.92404659,3.66483703,-3.59403643,8.59565305,6.20238532
23.75000000,-3.47988283,1.20407493,-0.24266386,-0.76088516,2.33892808,-1.82531427,1.16105437,12.40365479
23.75390625,-1.66841853,4.84660200,-4.53796392,1.77293552,-4.56132076,1.72601018,-4.42224070,8.48884834
23.75781250,0.14819327,9.62507738,-4.68021421,4.82709913,-9.34137543,4.27808353,-8.47848104,7.86841487
23.76171875,-5.92979637,4.96464591,-11.60058549,8.79577758,-8.70658096,9.68598711,-3.55040373,3.50290358
23.76562500,-8.86453717,9.56967585,-4.81036571,11.60612404,-9.65326527,6.89557901,-2.63337382,2.66025477
23.76953125,-6.04891490,5.57545068,-7.69936237,12.86280716,-10.89899168,9.26194200,4.68422865,-2.54072240
23.77343750,-9.29310352,1.23955932,-7.01525505,11.87140760,-7.93825846,8.07671966,7.85193911,-5.48258061
23.77734375,-6.08730286,-3.55187725,-6.36698926,11.23396061,-1.12420063,9.96024418,8.19135383,-10.69135753
23.78125000,-5.79954165,-6.38607328,-4.91404319,9.50401850,-0.19571726,12.29101860,4.30990837,-10.88146299
23.78515625,-6.15150635,-8.55736998,-4.50064005,3.45367139,3.69901741,10.07611910,-2.99651028,-13.74543170
23.78906250,-7.03191407,-8.05622473,-10.19946218,-0.47700267,6.90374096,9.16859616,-9.98005825,-11.83851191
23.79296875,-3.38387860,-8.90362470,-9.71407157,-2.47702442,8.70912103,9.54109947,-16.94938499,-8.67121473
23.79687500,-3.77593619,-4.81437461,-8.28158283,-7.34564925,7.92118713,6.23892882,-7.85230448,-1.08655560
23.80078125,1.55690429,0.76587274,-9.87560367,-9.06136329,9.13016329,4.81176220,-0.58973300,-2.63107440
23.80468750,-0.48298178,4.63786193,-10.43890424,-10.17426225,-0.39104678,-0.47167399,3.83690370,3.00058392
23.80859375,2.93590139,7.59822921,-12.36946714,-10.84660626,-0.69450897,-0.25785023,9.26767378,10.33185788
23.81250000,7.05384167,9.85504239,-8.85060104,-7.74981641,-2.65125045,-0.05046160,5.41579344,10.73868479
23.81640625,7.29093191,10.11546120,-6.99013391,-8.44169172,-7.28321115,0.67307455,2.76631750,11.46177049
23.82031250,6.64877926,4.28283451,-1.25504560,-8.16253640,-10.65313763,-5.19817171,-6.14316478,10.98210213
23.82421875,5.54593865,1.20692031,-2.23432119,-4.75948859,-10.03201664,-3.39833022,-9.58539679,9.24262922
23.82812500,4.08378256,-0.77652786,-3.12101833,-0.55242160,-3.56059165,-6.44475740,-8.28058952,5.47263067
23.83203125,6.02909905,-5.21051801,-0.72300580,-1.95783514,-0.92684238,-9.26567886,-5.12568265,1.32804757
23.83593750,7.53140551,-9.34588497,0.03747228,0.20645120,5.20419755,-9.67228622,-0.17732070,-2.35037926
23.83984375,9.78378522,-8.84560588,2.70981549,7.37214113,7.12453663,-5.46298958,9.64887984,-5.52675846
23.84375000,1.06036119,-4.97141179,5.17393199,8.48678416,8.55871049,-9.21124139,10.25312297,-9.92797654
23.84765625,-0.13747713,-4.01706739,5.53468506,7.94951150,8.72986552,-12.61157179,6.53255983,-8.41812000
23.85156250,-2.15137543,-1.55037287,7.60636922,8.45230044,7.12924042,-14.42483972,-5.55745671,-9.41381853
23.85546875,-6.20934274,5.12584590,6.69464084,7.72706434,5.53122261,-9.99366498,-10.95475049,-8.19565362
23.85937500,-7.47558343,9.97343167,7.81861387,8.95809517,0.45372081,-5.12865087,-7.12672811,-6.03528579
23.86328125,-7.94858833,11.40846890,9.53282761,11.62009673,0.59557509,-4.24580017,-0.06100813,1.00731123
23.86718750,-4.88962199,10.10333614,9.72631496,11.35994642,-4.96580449,-1.62486667,2.05510326,5.26000297
23.87109375,-5.30717862,4.70181369,8.59957805,4.42869510,-11.32455687,-2.10907126,10.13312348,4.50544697
23.87500000,-11.04481157,2.96307875,8.94704492,-0.32474106,-9.41866638,0.56062234,12.23132693,10.79032941
23.87890625,-7.58496718,-4.11751415,9.55109343,0.33691289,-12.01066080,6.90733790,5.25036879,5.62324973
23.88281250,-8.62151116,-8.72754597,11.06113006,-8.15887519,-6.80751316,3.43170404,0.01134699,8.73411392
23.88671875,-8.11707746,-13.39142286,10.24113883,-4.12526810,-1.39518824,3.04969227,-3.85328734,8.29752204
23.89062500,-5.43035039,-10.06510338,10.19175323,-11.12277585,-0.08444935,4.67601566,-10.10922953,4.56237140
23.89453125,-5.36881040,-6.89412028,9.30079784,-7.03854872,6.52817046,9.50371849,-9.57508322,4.99382074
23.89843750,-2.39414027,-2.36977232,4.92303331,-7.37488787,9.60636822,6.10637498,-2.38216949,4.25642898
23.90234375,1.10780528,4.59668774,4.01726129,-7.46634515,11.81895643,7.78902595,3.86067128,-5.74608414
23.90625000,-1.54348086,5.30014016,2.78626244,-6.19272172,11.22224356,6.45357963,12.38993758,-7.01728597
23.91015625,6.49398836,7.32233068,3.02023177,-4.10944906,5.49435572,10.68298395,11.38877848,-8.06313211
23.91406250,6.37174725,8.20974553,-1.36812342,-0.82503359,4.48423986,5.41293735,4.20177568,-5.85334688
23.91796875,7.93267004,9.46720059,-3.55413440,2.25762198,-2.35295375,7.30271887,-2.34110124,-7.60809554
23.92187500,12.32621682,7.44403108,-1.81441459,8.42030046,-4.31164612,8.13872930,-1.75498750,-6.53390629
23.92578125,12.08408121,-1.92131239,-1.56173241,7.03850000,-9.36239500,2.45120889,-8.83884275,-5.95756990
23.92968750,13.42787241,-1.95641306,-6.82973535,8.41018307,-10.12436190,6.39766423,-2.39818680,-2.43744658
23.93359375,7.89549184,-8.53998777,-6.00966645,6.20224643,-11.87825921,3.24916436,-1.43402069,0.97964967
23.93750000,5.37004576,-9.73668089,-10.23007113,12.05231751,-8.67185431,-0.20450532,4.13472732,2.49855826
23.94140625,5.72265397,-7.70611402,-4.58573175,7.88484857,-0.65582236,-5.37453948,9.71399319,3.56002384
23.94531250,3.29179250,-7.39570638,-8.13934536,7.48890522,1.35574807,-1.86279231,6.97715028,5.57873909
23.94921875,1.19893294,0.07331266,-14.39796980,7.03857036,4.45795515,-8.65448393,3.86087036,10.11144130
23.95312500,-2.62226591,6.81390675,-10.27085326,3.08638760,8.83890647,-11.43472536,-5.29515761,11.41697377
23.95703125,-0.67050339,4.43315365,-14.40699018,1.31787476,12.69548829,-7.67611647,-9.23549885,5.64874816
23.96093750,-7.93674436,12.21745538,-8.01559867,-0.37517338,9.98913855,-12.14098889,-8.83824476,4.76139203
23.96484375,-6.22206086,9.52758153,-9.91170935,-2.91263829,8.85192503,-8.08107601,-2.11250239,0.30140828
23.96875000,-3.89297474,7.93676886,-14.41785405,-6.09201166,5.16216505,-8.86207265,7.84525671,-2.26005143
23.97265625,-11.03094955,3.76868982,-6.13277007,-7.46529367,-4.75250722,-8.87941020,10.76919013,-6.89066109
23.97656250,-4.68033052,-2.03251255,-7.05427700,-11.86853867,-4.47825286,-5.80697491,12.61398881,-8.13033018
23.98046875,-12.73070387,-3.97441381,-1.39744364,-11.75401413,-6.41130581,-4.15235526,3.64121874,-9.16053763
23.98437500,-9.33973700,-8.89426847,-1.25936077,-8.94599890,-12.21931392,-7.51985417,0.14845228,-13.27676584
23.98828125,-8.83820689,-9.71484680,-4.19832991,-9.60798393,-9.77150688,-2.71425720,-12.41046977,-12.72002211
23.99218750,-7.68186658,-8.71262315,-1.28672351,-7.13725744,-9.83465376,-4.10553141,-10.68740319,-8.34475180
23.99609375,-4.02259812,-5.94154358,2.94714855,-7.48846022,-6.25170786,-1.14399434,-6.88448724,-4.69830102
24.00000000,-1.72541278,-3.87210307,0.15976497,-4.40194531,0.19968533,-0.98980473,1.39777567,0.62259283
24.00390625,-3.50205739,3.32737341,1.71593329,2.51342939,5.52947856,3.64752430,5.10320227,5.64868804
24.00781250,1.83238566,3.02850631,0.63609165,8.13323511,9.18807876,1.86134431,6.33264136,7.07403645
24.01171875,2.96086682,10.80861696,1.21514820,4.16683345,10.03397060,3.23002959,8.79233893,10.62157721
24.01562500,8.24848709,5.52124928,2.18773656,9.82167449,7.84780358,12.19114736,0.65394916,14.61840046
24.01953125,9.42820912,8.46701823,4.77610598,9.66038143,7.83568431,9.70362072,-0.50327585,6.87550767
24.02343750,8.51405998,2.98578270,5.55286567,8.36678539,3.89641468,9.86355735,-7.55755538,8.89160021
24.02734375,7.91880535,0.98026120,13.45231953,8.41884166,0.57298706,13.49704663,-5.31867376,6.09179685
24.03125000,11.04311439,-5.44919724,2.38146982,9.01836877,-2.19770662,11.12462596,-7.03782032,1.33947764
24.03515625,10.67673475,-7.74290894,9.69983917,4.40675482,-2.06635344,13.08422783,6.57807791,1.82260158
24.03906250,7.15978405,-11.61312921,8.84746484,1.12912769,-9.31846896,7.65600604,9.83058426,-4.88869436
24.04296875,2.03704738,-6.98750437,10.47587947,1.41270076,-12.16183037,11.42269299,12.27301385,-7.62465751
24.04687500,2.69467392,0.68925794,11.72170058,-3.31776621,-4.60598810,6.94836384,5.96086153,-10.06790343
24.05078125,-1.22018922,2.46730450,13.92435776,-6.89248183,-2.85634748,3.34158204,0.92044386,-8.48065052
24.05468750,-4.89977664,3.15382005,10.66489997,-10.47548900,-1.28733368,2.48197965,-7.27918534,-9.30411895
24.05859375,-4.75708680,7.34655197,2.76638229,-8.39341672,5.03818443,3.13099519,-5.53685860,-5.26207092
24.06250000,-7.38898883,11.51450070,4.83297783,-8.59247184,7.40979031,-4.58715943,-6.45094342,-5.48847137
24.06640625,-7.13239203,11.26217957,5.90796498,-9.55284419,8.90771842,-5.18092989,-0.35727564,-1.18732325
24.07031250,-7.84596618,5.33560002,1.86633980,-11.27342043,3.90813246,-2.35860192,9.05316409,4.25879703
24.07421875,-8.93077041,3.21059673,4.55591377,-2.52460744,6.89733076,-3.87849338,11.58685210,3.43774012
24.07812500,-5.90999126,-1.12924016,4.70694096,-3.57145598,-0.47760099,-6.41888191,4.59074370,5.11068606
24.08203125,-5.75880847,-11.20229528,1.66123952,-1.96892318,2.41136135,-9.40282225,-0.64643755,7.99152591
24.08593750,-8.35973848,-6.38757684,-1.92325257,1.81300775,-1.09689527,-11.41058443,-9.63405325,6.77493780
24.08984375,-3.70569258,-12.27441801,-3.89346979,5.40686596,-2.49198065,-12.06770303,-8.80332740,8.13268127
24.09375000,1.12160067,-7.92218790,-4.02380072,7.21414001,-10.30621727,-6.91314079,-9.84590932,1.68341478
24.09765625,-1.27047805,-4.42557170,-6.39586936,7.61795884,-10.92538892,-6.80494291,-0.54645232,-1.27656151
24.10156250,1.73478564,-0.41598728,-8.34372051,6.42738644,-6.72541665,-7.72544075,3.78077551,-1.94392962
24.10546875,5.10117200,7.04683854,-7.37146948,11.63588552,-4.00669439,-6.87864069,9.25290421,-4.72144460
24.10937500,6.74076695,5.93752529,-11.70779654,5.83937176,-1.91126965,-6.21786920,5.18475927,-8.37074148
24.11328125,3.02444136,10.95421917,-7.49980084,10.08993629,2.50532405,-10.04424491,4.94727948,-5.90594849
24.11718750,12.20729623,9.21450626,-7.34742650,9.53874189,3.54651392,0.64655231,2.19011647,-7.45255967
24.12109375,9.48562090,6.36635720,-10.96982365,3.49106094,11.59921459,0.42022904,-7.33381214,-8.89736960
24.12500000,10.98864142,0.93548500,-11.33030763,0.75409644,7.93426469,1.57114548,-7.89479233,-6.28590836
24.12890625,14.18939627,-5.30345547,-7.56119044,-1.75930608,7.71458786,8.67248866,-6.17702693,-2.04095161
24.13281250,11.03182058,-9.72044773,-9.34286579,-7.59644569,1.65541460,5.46219285,-0.45795993,-1.28739686
24.13671875,7.57954677,-10.35472555,-9.35700761,-5.58029078,3.77904993,6.81920217,-1.22466733,2.25722666
24.14062500,5.86744650,-9.98788704,-7.16686558,-10.80252993,-5.45516793,8.53262843,10.71020481,6.64095620
24.14453125,4.14369025,-8.07303171,-8.00165954,-11.10616096,-4.74259021,4.45708144,4.92895464,8.42093131
24.14843750,1.22909106,-0.58791594,-6.48124661,-11.25686873,-10.73494019,3.66271010,0.28664604,12.57286143
24.15234375,0.19057523,5.09727168,-7.78207316,-7.99202218,-10.66207720,11.94827048,-7.89372451,11.35007795
24.15625000,-4.35277535,9.10329001,-4.14861374,-6.32481281,-11.25709247,8.40577933,-6.54939714,7.30406036
24.16015625,-2.34635229,12.99107818,-4.86052188,-5.24956310,-4.34450304,8.58481001,-9.28377160,4.26508470
24.16406250,-9.18442066,14.70594749,-2.32101108,-1.43167549,-1.62848645,10.11970171,-6.23801341,1.67561218
24.16796875,-10.68441542,6.73355469,2.48096458,0.76900882,-1.05233058,6.70775509,1.64373646,2.58307233
24.17187500,-9.06770439,3.38624954,2.19184223,4.33087876,7.04324628,9.54031603,7.44235935,-7.97116073
24.17578125,-5.05263544,-1.15614865,4.76552072,6.01417174,6.66553803,5.76550344,12.11472038,-7.53430062
24.17968750,-8.65055908,-8.97350628,4.39035776,8.01000708,10.65569181,5.08588185,3.23949562,-7.51327246
24.18359375,-7.88949743,-8.69131705,9.97319103,5.84613377,6.16788482,4.09628037,1.54013802,-10.30399036
24.18750000,-8.86165781,-9.19169703,7.53948688,8.95183472,6.47388415,-1.24855024,-11.40176462,-9.35793295
24.19140625,-6.01229601,-8.44849306,9.99801416,8.43306193,4.49066907,-5.29723994,-11.03494477,-8.08312254
24.19531250,-2.28568133,-5.81368033,12.68203644,6.55036755,4.15287203,-6.21461788,-10.58433306,-4.00132745
24.19921875,-3.24479925,-1.28766385,12.66476592,4.52212815,-4.19223431,-9.16014260,-4.94556051,-5.65091460
24.20312500,-1.38982242,5.11391261,8.56462641,3.46496806,-2.78943292,-7.21780526,6.96258130,-0.26126489
24.20703125,2.54768586,9.11505764,7.73136085,0.56935970,-7.08599498,-9.67307199,9.47024175,8.76824279
24.21093750,4.92092080,12.81525543,9.38086999,-0.26854329,-10.13748431,-11.33833331,8.37739031,11.52485222
24.21484375,8.95560394,12.11997621,5.91233632,-4.72265697,-7.53032771,-9.20025439,6.60862949,9.75892306
24.21875000,7.75449529,7.44920970,6.34091954,-3.37483961,-3.44955179,-10.26036805,-1.19653874,8.97614262
24.22265625,8.58082872,4.61830506,7.69181407,-8.81157572,-0.54932012,-11.23206206,-7.73675976,7.70161821
24.22656250,10.06637299,-1.21605322,5.31845855,-9.41455263,4.39366275,-8.04673734,-5.25233939,11.15831337
24.23046875,9.95617432,-3.36551832,5.32996214,-9.70787989,6.55360630,-8.92491887,-3.87724215,-1.09697427
24.23437500,10.66180233,-9.98404353,4.73956930,-9.03038575,7.11500355,-6.98294132,1.01785406,-3.35907217
24.23828125,5.57156860,-7.46747953,4.36403648,-5.88985238,9.28221410,-3.35586151,8.89891923,-6.91250296
24.24218750,5.93780807,-10.92421601,2.74787383,-6.13495953,4.87689462,-2.19210803,8.33122443,-6.28589911
24.24609375,1.41575859,-3.81133107,1.12771081,-5.82211407,3.01853562,1.27741356,8.29570737,-9.19168147
24.25000000,-1.71883051,2.52589731,1.87491462,2.09217423,-0.53268105,-3.80162358,-0.95061775,-9.48701049
24.25390625,-3.09437548,5.10477044,0.01070465,3.50357904,-1.99069093,-0.11828774,-8.95058258,-9.21481290
24.25781250,-7.54046325,6.63560101,1.40747214,10.31772361,-4.17191907,0.20509895,-8.53645470,-8.61011933
24.26171875,-8.12541136,12.25797425,-4.93942307,5.45401340,-7.65638793,4.28226056,-8.17301590,-4.61793848
24.26562500,-9.14144543,10.99405540,-6.96047822,10.96084876,-11.95628807,9.27528765,-1.69714213,1.91210266
24.26953125,-7.38702988,9.80880187,-7.24812656,11.53559947,-5.52585790,7.44875193,4.97713218,-0.94763421
24.27343750,-3.92255482,6.27499557,-6.68650182,14.66812553,-8.14094212,10.51868729,7.09918537,5.27305853
24.27734375,-9.50720816,-2.07521572,-9.75167818,5.39319915,-1.29286421,11.06921853,5.59157423,3.52849829
24.28125000,-10.40647394,-4.40368851,-11.68126886,10.42783456,-0.57957929,11.85920548,1.35156348,8.28567645
24.28515625,-9.66911913,-12.18488968,-7.65463821,1.59408781,4.66484171,7.92152457,-6.47276105,11.31443391
24.28906250,-8.70306072,-10.47418726,-7.05965826,-0.39927901,8.67099133,8.13148085,-12.10085072,7.43476630
24.29296875,-4.23206066,-8.34951398,-11.28143263,-0.27773301,13.09490700,4.42562996,-6.44489538,3.72078872
24.29687500,-6.80368404,-3.75251472,-8.76989028,-1.26965017,10.81058762,7.61504673,-1.47440131,4.05759912
24.30078125,1.62426232,-0.00606443,-9.21637226,-3.70641081,6.69017352,3.21229078,-3.10644497,-3.98001965
24.30468750,-0.83320671,4.51921414,-9.21995236,-6.64656550,3.25898517,4.72556451,8.72311065,-2.90298247
24.30859375,0.97870432,9.68171915,-8.90381995,-14.40659166,-4.47496551,2.50711976,10.59349377,-5.87549403
24.31250000,6.53172586,6.53624779,-5.29032495,-9.05046424,-4.68666597,2.39268011,3.90358653,-6.02238887
24.31640625,7.76455797,8.22279582,-8.82525529,-11.06956488,-4.67065757,-3.15044974,0.75267816,-10.60687741
24.32031250,7.61605242,2.68416335,-8.77781418,-7.28860220,-11.11755418,-6.77504378,-3.84345685,-11.56086248
24.32421875,11.91301498,-2.42600534,-3.53354137,-6.94193985,-4.15439788,-4.19218122,-6.43249851,-6.87949345
24.32812500,12.09748962,-4.87377987,-4.62038072,-6.92490101,-5.88746501,-4.72326132,-9.20254701,-2.42563713
24.33203125,6.74712898,-2.93851385,-0.53480105,-3.57703406,-3.58265126,-6.34280099,-4.30462680,-6.20826974
24.33593750,6.43237761,-9.78635505,3.16343412,5.07557716,1.42090515,-6.77310707,3.15628304,1.46295865
24.33984375,7.00644006,-9.94721612,4.16353437,5.15863276,5.46979719,-7.75262290,8.96894846,1.97895332
24.34375000,1.45194594,-9.21042938,4.53399570,6.47557656,10.22359418,-7.96884567,11.59574410,8.64447080
24.34765625,5.78094972,-2.30513902,7.74891289,5.22362577,9.36891649,-9.43784722,2.79240905,8.96048391
24.35156250,-5.31085419,2.01210457,8.00739882,7.55890271,9.21702787,-13.70115560,-5.98959255,10.95904511
24.35546875,-3.35282072,8.73784533,4.23630583,9.52580688,3.97048096,-8.44901109,-5.06903637,6.61707173
24.35937500,-7.46772527,6.91457208,9.13642548,11.04148107,1.79474515,-8.00098769,-7.38304595,6.26816030
24.36328125,-9.85956280,11.76736432,7.56030637,2.57396019,-5.60367784,-0.77925324,-5.07049224,7.52594317
24.36718750,-9.11598490,8.46387175,7.52784592,5.29847371,-4.62319537,-1.33141864,-2.50434851,-1.70889961
24.37109375,-10.56326421,4.50391745,7.93013875,4.93416883,-9.94982937,-0.37108897,8.08544030,-6.63385191
24.37500000,-7.62950279,4.53826887,11.11374699,1.68068516,-14.30788016,-0.16031912,10.88847746,-2.83157123
24.37890625,-9.67364631,-6.23923011,7.44869148,-1.83565066,-13.74622759,4.88529164,8.45914043,-14.05202696
24.38281250,-8.73063898,-6.40761353,7.84137923,-4.26874900,-9.99355545,7.37600083,2.24501622,-13.00691489
24.38671875,-3.21991554,-13.35052143,12.48622876,-5.49230115,-7.36374239,3.92972619,-4.75628776,-14.53900679
24.39062500,-2.49059731,-9.54487921,6.44679887,-9.92347835,3.37642784,8.50496270,-13.96055447,-9.47692205
24.39453125,-2.37630235,-8.20127779,7.18307844,-13.98816929,10.50806123,8.54398581,-11.73205696,-4.24456653
24.39843750,-3.63218441,-1.43677831,11.74472511,-11.22287671,14.06193005,9.56403587,-3.07296960,-3.32906837
24.40234375,-5.78793158,-0.24893168,7.50908487,-9.13814808,11.43430463,4.00998437,5.21339957,1.60419781
24.40625000,2.99918370,6.96108855,-1.38972217,-8.13721585,11.60686915,7.38794713,10.46720936,2.76896816
24.41015625,6.26221945,11.77217654,-2.62873177,-5.45222565,9.04194271,7.77036113,11.56948563,8.09442528
24.41406250,4.47083144,12.60600522,-3.58313444,-1.07928647,4.47975976,11.11748930,5.34605191,12.11797462
24.41796875,6.28983174,10.13178498,-2.44029904,1.85521756,-4.17793371,12.51823698,0.66901801,14.85399143
24.42187500,10.96240057,8.76894236,1.05988512,2.75068517,-3.56677215,10.24850533,-6.89633050,8.58400799
24.42578125,11.54968746,0.13733995,-3.71388230,3.57944796,-10.98686499,5.22808865,-10.12458833,2.45345565
24.42968750,9.13721353,-3.64967539,-4.60658405,10.41293942,-9.25148453,6.22862091,-8.91078566,4.75542358
24.43359375,9.83448457,-5.33305047,-6.70511814,8.01397391,-8.50136197,8.07353590,-0.59359850,-2.04249382
24.43750000,6.38023965,-6.99104050,-6.87453157,13.21035175,-8.54297523,1.38521510,6.92731058,-0.17915217
24.44140625,4.44613257,-6.62698010,-4.23965885,13.57899257,-6.08610594,-1.35256879,9.18675175,-7.18294187
24.44531250,7.29647856,-5.93901256,-9.15110801,5.83157611,-4.05795062,-3.88494393,8.57000072,-11.18255808
24.44921875,2.35985232,-4.10600604,-6.66441603,7.98389765,5.81097937,-7.85807908,0.21106572,-13.54463098
24.45312500,-1.25336044,0.82867282,-11.31499006,1.62316208,6.61188821,-7.84011676,-2.71819234,-9.07335643
24.45703125,-4.92048301,8.86735039,-11.35164252,4.40929141,5.69454579,-7.23081112,-9.84644716,-8.11481489
24.46093750,-7.83689233,8.88490658,-10.79166227,1.35151333,10.08221724,-12.97660677,-9.34763034,-2.83709574
24.46484375,-8.27030980,9.94516352,-11.33336359,-3.36737454,6.11962409,-12.00391458,-3.50789771,-0.52406556
24.46875000,-9.09182383,8.56622364,-8.44724476,-4.29572024,4.23245575,-7.98193255,4.88120066,4.16733520
24.47265625,-5.17881258,3.76762246,-11.36131005,-7.21713005,-3.73309691,-6.60822142,8.81312956,7.93952500
24.47656250,-9.43551241,-1.96291174,-10.22416213,-10.40659611,-8.27161094,-4.45785182,9.51260741,4.56185951
24.48046875,-10.67961607,-8.17681826,-7.17832409,-11.53848040,-9.96276156,-7.56634958,7.28088123,10.48669645
24.48437500,-8.92580054,-9.52344859,-1.73362423,-14.17868336,-10.90176971,-6.12158495,-5.10847690,6.50233389
24.48828125,-6.66235668,-14.76113445,0.66514037,-9.32148621,-10.14577732,-8.19601634,-12.77473165,7.34663880
24.49218750,-7.36993589,-7.25035917,1.79403862,-8.60549602,-2.43896571,-6.40590127,-12.76375388,5.92995892
24.49609375,-3.95078412,-6.20051923,-3.89925232,-6.24999158,-3.22139782,-5.22151029,-2.90719131,2.75098674
24.50000000,-3.31529128,-2.58659030,-1.72327948,1.05763486,-0.74151937,-3.14214770,-4.10120086,0.83889457
24.50390625,-1.92704972,3.95161430,3.16131462,1.88688450,3.15020189,-1.46735461,9.03850083,-3.50913254
24.50781250,-3.59654912,7.45920920,5.40006168,3.75243559,6.72238351,-1.36236130,9.68206545,-9.55213560
24.51171875,6.30695692,10.30181454,1.64770213,6.97174018,7.98919298,4.47095173,11.46812253,-8.48865292
24.51562500,6.18287905,8.33048778,7.02769103,10.13248413,13.79467876,9.20022493,-1.07777231,-6.63316775
24.51953125,9.80967766,5.82215239,2.83225058,11.57732046,10.92477202,7.49329456,-3.05326327,-8.56555755
24.52343750,10.92380162,3.57824331,7.67440094,7.36637644,7.69745005,10.85409926,-5.83645239,-6.70779989
24.52734375,11.83177559,0.19396674,10.01932061,13.15731415,-3.02290532,12.16435485,-8.09587214,-3.38596196
24.53125000,6.43036760,-4.14233791,12.54750261,6.99577900,-6.87419478,14.11806729,-5.98794185,-2.80569389
24.53515625,8.75869030,-9.10184953,10.27725670,4.39416149,-8.10379086,10.96229977,1.47339995,-0.42174855
24.53906250,5.00329025,-11.31515372,12.38637050,3.18861836,-12.91001872,11.84124374,8.46789281,3.16686579
24.54296875,2.16471252,-6.04502056,11.09764369,2.15850536,-8.54897423,4.44897198,6.36944917,9.16292796
24.54687500,3.75768169,0.18882541,12.05362286,-6.87100984,-7.52365649,4.22688613,6.64165268,8.06064569
24.55078125,-1.50811286,1.05083064,2.10654067,-3.91544977,-3.48369763,4.22006936,0.31179024,8.89451025
24.55468750,-0.09585935,4.23040050,6.95966742,-5.08230217,0.30603590,9.48901406,-7.03515854,9.66908297
24.55859375,-3.72172858,10.10446345,3.41510235,-9.96267996,1.94355268,-0.35440600,-13.31413607,7.30904058
24.56250000,-5.51714008,9.19199620,8.84390566,-8.42222585,11.94052575,-3.36734819,-6.48631993,7.79919705
24.56640625,-9.44802956,7.31561030,1.70228169,-9.09745705,3.02927779,1.55116599,1.01754378,1.78787954
24.57031250,-13.04815840,8.76690848,1.21841693,-10.73033184,7.78014220,-0.74608111,6.56597133,-4.23209517
24.57421875,-9.58809070,-0.00580050,3.47782598,-3.37192646,8.40642269,-4.59575741,11.98133874,-3.73903620
24.57812500,-5.64840374,-1.17637364,1.53026777,-0.09066065,6.46626522,-6.84917069,8.46227664,-8.06670969
24.58203125,-6.02200843,-6.26194326,2.18043701,1.29453846,0.47269902,-4.40171590,3.40757369,-8.17104894
24.58593750,-5.24536577,-8.10482074,6.20297134,4.55194891,-6.48487676,-4.72765304,-7.70238334,-9.50614792
24.58984375,-3.11083102,-9.97126218,-2.12495347,3.85312280,-7.11060323,-8.04085537,-10.28619968,-11.50260475
24.59375000,0.17186334,-11.64834660,2.20261939,8.00454362,-10.24232912,-11.19952373,-9.90868422,-6.46876456
24.59765625,0.15610144,-3.86586998,-4.00677591,9.86458335,-11.76748956,-12.32877249,-4.65362923,-2.10517040
24.60156250,-3.21332227,0.70198288,-3.85214676,8.00716980,-5.12738264,-9.33925472,4.82463088,-0.04327203
24.60546875,1.74089316,5.18618045,-8.43417228,13.05097678,-6.97582500,-10.67389120,12.12509434,5.08265932
24.60937500,1.84260544,9.90583164,-14.77937222,12.21740623,-3.03929681,-8.82263503,12.10524330,4.98678131
24.61328125,8.05808601,6.67761437,-12.35975007,9.62641262,0.64025262,-5.72008580,5.23731149,11.64675625
24.61718750,7.07738620,10.49011311,-9.82319923,8.43574083,2.54310782,-3.17232767,5.41193585,11.35148324
24.62109375,13.97527691,7.98288024,-10.30845739,2.41256424,9.84303798,-2.44933129,-10.40102417,6.89333900
24.62500000,9.44560894,0.73967419,-10.95083084,-1.67624495,9.62975460,2.66157617,-9.57117876,9.15703745
24.62890625,11.33329062,-3.64163274,-10.52326009,-4.33944871,3.91414472,1.31192079,-4.17383363,6.84125113
24.63281250,8.46809857,-8.28881024,-10.37179235,-9.41055078,7.73997356,7.88744760,-0.22773266,-0.63143049
24.63671875,6.23966414,-10.51235621,-5.66690090,-5.14890632,-1.61518363,4.09250444,5.54292229,-2.73331012
24.64062500,5.56280480,-8.08727237,-5.38193936,-7.54389609,-3.73253352,4.30763670,9.26815419,-7.50334089
24.64453125,1.76510849,-4.93423295,-4.56399393,-8.80356152,-6.90976308,9.90892245,6.12238406,-11.65913312
24.64843750,2.36920861,-3.98095716,-7.21879873,-11.05137547,-11.03797350,9.06304922,1.72358872,-13.64921404
24.65234375,2.18032664,0.46943656,-3.19664657,-10.04195921,-10.95630160,10.71548854,-3.64472170,-11.15899442
24.65625000,-3.99182493,10.14271538,-3.12077783,-8.82423074,-9.30296391,8.10084246,-9.38505085,-7.75824728
24.66015625,-4.94053458,9.84747254,-2.01557138,-4.71217321,-9.67627680,7.34955038,-11.28495739,-5.55559132
24.66406250,-9.52653342,13.49036835,2.17863611,-2.01668670,-4.17789321,12.18360415,-1.39233482,-0.78219626
24.66796875,-7.39036147,8.43477535,-1.38785123,-1.96075289,-0.42928723,7.59116529,4.11651660,2.29377363
24.67187500,-5.43601532,3.34259541,3.29924369,2.32356011,6.12783848,7.66203801,6.66286811,6.92810595
24.67578125,-11.44482179,-0.69514855,6.77380939,8.30755008,3.89057523,6.52690028,9.34900158,1.46574550
24.67968750,-9.77235165,-6.63370056,6.74878020,10.39654599,9.61357692,2.81756168,4.44623471,4.80426379
24.68359375,-4.49833458,-7.51180372,9.02812627,4.69508288,6.31203027,3.13824937,-6.40960452,9.57129617
24.68750000,-10.43996271,-10.33508337,10.17484391,9.57755117,3.10543618,1.76393509,-6.99021634,8.48730584
24.69140625,-5.69346970,-9.38510932,10.20181661,6.10663930,0.68594896,-3.25962319,-12.18796155,5.94717210
24.69531250,-2.68164380,-6.02042475,9.09909234,6.50076047,-0.49876216,-3.72933312,-5.09279399,4.58045064
24.69921875,-0.36956753,-1.04857116,11.98012280,6.45663501,-6.52075921,-6.81316652,-5.63920791,2.13383643
24.70312500,2.71309196,2.16512413,8.73042429,6.03527975,-7.72006105,-10.62310203,6.91085899,-3.81937488
24.70703125,2.95354268,7.31309992,9.23792143,-1.34747033,-5.16106526,-11.71924161,7.39214986,-2.25422915
24.71093750,4.68885879,8.59593763,2.81977223,1.33888154,-10.49287269,-11.51505442,14.10749785,-6.01930858
24.71484375,5.59244429,8.63834611,7.00912837,-4.89296307,-5.34366715,-10.05325872,7.31500766,-8.43811005
24.71875000,6.85534447,5.06538269,7.90927860,-3.66226411,-3.11034476,-9.25647678,-1.48256665,-5.68301334
24.72265625,7.56503731,3.62087003,7.07645465,-6.24303086,3.05183164,-5.16892803,-7.70364212,-9.93749253
24.72656250,14.55026497,-2.90128677,7.93941116,-6.45176239,4.26488026,-7.80699237,-7.89517066,-5.63615370
24.73046875,11.55594679,-7.68948434,8.05656127,-10.34798356,4.29824308,-6.72335386,-4.33455553,-2.13306230
24.73437500,8.38251941,-7.88667155,6.05349155,-7.57513028,7.46899195,-3.89347454,2.94094698,1.20441209
24.73828125,7.33002786,-9.91981263,8.28722603,-10.65601185,5.68486981,-6.94869404,1.62486464,2.10288382
24.74218750,4.99535698,-5.68157715,1.72079711,-5.96278359,8.99683677,-2.90755165,7.57497384,5.12261033
24.74609375,-0.73176680,-3.04284287,3.94718652,-3.23305831,4.70641857,-1.42472006,5.64729617,7.03659369
24.75000000,-0.01753922,-0.30096889,0.26519669,1.03026274,1.03801299,0.99378980,1.00771744,14.11923862
24.75390625,-2.41665210,4.15242750,-0.95677008,4.44758217,-3.03907218,3.63994140,-7.46331246,6.15438929
24.75781250,-6.50463682,8.84018011,-3.63008637,4.48419758,-4.37766874,3.24426576,-8.82913641,5.96273072
24.76171875,-6.01877065,8.24913060,-2.99118086,5.15870645,-11.47111984,6.37948311,-6.28201662,3.25838905
24.76562500,-8.44740682,7.73081870,-8.61561570,7.19009194,-12.61253955,8.92910329,-4.74481907,3.00963291
24.76953125,-5.93330574,5.46613336,-10.30896889,12.43083406,-7.48529996,7.61939687,1.86506323,-3.51105969
24.77343750,-6.57897494,-2.72364384,-5.81112210,11.50070498,-7.13953453,5.97057901,11.46728469,-7.07437062
24.77734375,-6.46481855,0.59481568,-9.46732961,9.21658845,-7.49601105,9.84565055,6.01178001,-1.05758693
24.78125000,-6.00686726,-5.96045590,-10.48217529,7.41620941,4.31808849,10.06202301,1.80972871,-8.36929641
24.78515625,-5.96737735,-9.66779079,-8.88231196,3.42047079,1.18514657,14.09176718,-7.17389709,-8.28288735
24.78906250,-6.58679201,-9.46733187,-7.46094642,2.28177052,7.05603975,12.67683443,-12.13514151,-14.45579603
24.79296875,-4.25101595,-9.21793279,-7.74383256,-3.11824133,10.39250097,6.46498329,-11.04239961,-4.54775766
24.79687500,-1.49716947,-4.78940371,-7.54207430,-4.49101056,7.64211144,6.33400260,-7.91495477,-5.88196472
24.80078125,-3.04687795,-0.99371261,-7.12547680,-2.47405021,3.68125853,2.95228764,-0.12972026,-0.05453766
24.80468750,-2.22036461,4.92860482,-7.48712444,-8.91104998,3.26077882,3.28232061,5.38729966,4.33460476
24.80859375,-0.13675220,7.34637761,-10.94724372,-8.20984428,4.22658874,0.65999713,12.77559204,8.33136659
24.81250000,6.82846378,10.84623987,-9.70123057,-12.68540942,-6.50537323,1.20579768,10.71017325,12.83545069
24.81640625,10.24409798,8.45469463,-5.50386315,-6.88209799,-7.51407040,1.38121937,-0.51144787,12.51982232
24.82031250,12.15292419,6.08924772,-4.38445094,-5.02704090,-8.29918417,-5.11008183,-7.16676596,10.46607525
24.82421875,12.80455147,1.98772127,-3.86868074,-6.13491697,-10.29379938,-5.07636024,-9.41131358,6.38568731
24.82812500,11.47270616,-3.97971342,0.73373925,-4.28279744,-2.89834209,-6.50747056,-9.94061530,5.78759391
24.83203125,7.35222327,-6.59586415,-2.56962140,-1.14529654,-6.13796887,-9.89427739,0.22882073,2.45917443
24.83593750,8.99408983,-9.98926660,0.85363518,-0.85253441,0.28550541,-8.96305458,8.92501785,-0.73423408
24.83984375,2.12733486,-10.10061486,4.63533024,5.00500850,5.24725435,-8.55976167,10.96242170,-7.25534464
24.84375000,3.97781310,-4.53263037,0.91827517,5.08506327,5.16595097,-10.98600947,3.04844983,-13.10529014
24.84765625,0.86825298,2.16136580,9.85931768,7.96714867,11.00944492,-11.42225192,0.26643348,-10.05127232
24.85156250,-2.31176537,3.35290147,9.69089370,5.39764326,6.17010689,-9.19435049,-4.05833660,-8.71598275
24.85546875,-5.93353140,4.09227136,6.06663202,9.69646117,5.86231631,-9.20392169,-9.13731080,-6.56710348
24.85937500,-7.09237164,9.01902391,9.35511852,9.68242510,2.81621780,-7.70841689,-7.94067081,-5.49761748
24.86328125,-5.97773957,11.67135646,6.66968625,6.43006561,-2.98954663,-8.78418791,-4.14924237,-2.77196403
24.86718750,-8.95886860,8.38603525,8.17129787,10.04513365,-4.44936740,0.48601226,3.45608026,-1.44556636
24.87109375,-10.68338942,5.53434040,6.27284634,6.36291260,-10.67933538,1.51136065,12.00418382,5.82675161
24.87500000,-8.52594133,-0.26975270,12.10602710,-0.35605550,-12.06650628,2.71835528,11.07374491,1.50493290
24.87890625,-10.36703007,-3.33796371,11.64673150,-6.06088400,-9.84329138,1.85196408,5.74617441,7.49005816
24.88281250,-9.12791939,-10.53025344,10.61887572,-6.34614845,-5.51571346,0.31571398,-0.69399163,10.36866623
24.88671875,-7.04720530,-11.83272748,9.09629847,-7.93837315,-1.52056853,6.79518416,-6.84791989,4.56994212
24.89062500,-5.62422332,-12.62014525,10.15113250,-8.18101419,4.11066218,4.36157173,-11.73922914,3.72548319
24.89453125,-4.21714572,-6.27939794,6.84093075,-10.28887311,6.26603057,5.87900365,-8.97965500,5.91356937
24.89843750,-6.46023926,-1.48578570,3.93571283,-9.05119099,12.55017241,5.88625420,0.25682018,1.99652886
24.90234375,1.40328205,0.38133545,8.01914672,-11.20664867,15.36534821,12.20419518,0.83235363,-2.48581376
24.90625000,2.52760239,3.87258116,7.18104882,-10.71672441,11.86350655,8.76168211,7.33271983,0.84746567
24.91015625,4.04124621,11.03975771,0.61722908,-6.06554108,5.05949067,8.19836224,5.96632975,-9.34533744
24.91406250,8.11574931,8.66802316,-4.44684295,-4.55671899,6.98351200,6.69292114,5.54780425,-4.06002764
24.91796875,8.42681907,10.98679754,-2.52514776,0.64272587,-3.57057320,8.82226217,-3.29439855,-3.64617362
24.92187500,11.56340675,8.81383743,-1.35636665,7.36428842,-4.59787506,10.26460232,-5.50297718,-7.05588420
24.92578125,8.82349154,2.96341291,-4.24538874,9.88060285,-8.40773518,5.59568692,-9.84106955,-3.18499786
24.92968750,13.04201427,-5.29710389,-6.61639140,10.42381063,-11.31303976,3.67804926,-4.48454542,-2.89463282
24.93359375,13.38328280,-7.44692219,-5.09099596,9.66293472,-10.68424130,5.09664098,-0.14750404,-4.52227973
24.93750000,6.18048772,-11.08933015,-5.77200733,10.38296423,-10.37471097,1.52498612,3.80644640,4.30840279
24.94140625,5.22832529,-7.72226198,-7.55705734,7.27006807,-6.87228587,-2.54353070,8.62433697,-0.17011653
24.94531250,2.63032373,-9.33734788,-10.36692007,7.68257156,2.61207165,-4.15076510,6.33571572,4.38449115
24.94921875,-0.20675950,-3.66232370,-5.62262855,9.00920603,3.99371789,-5.94382253,-0.90626136,7.93211906
24.95312500,-1.03216352,7.24124023,-12.46208099,5.60754155,10.00600270,-9.46435685,-6.44758909,8.90982673
24.95703125,-2.12352838,7.76356330,-8.82072906,1.24501821,8.27596536,-7.98268538,-11.25919466,9.48205236
24.96093750,-5.81182256,8.08609847,-9.19881031,-3.01661426,6.58904438,-5.97338605,-7.57382652,5.80420379
24.96484375,-7.49219182,6.53848314,-8.98659177,-0.62465950,2.21572591,-10.03169483,-2.86623078,0.20583404
24.96875000,-8.99908418,7.48170003,-10.29736819,-9.95037234,-0.36647946,-8.48056482,5.42461343,-4.59997202
24.97265625,-7.88497897,0.66666377,-11.74691570,-8.71670912,-4.14162473,-11.37352690,10.94909078,-4.78032157
24.97656250,-8.91235121,-1.05934742,-8.77897257,-5.99189385,-7.80044717,-4.93770530,12.05135803,-12.47472746
24.98046875,-8.13490655,-8.45263166,-5.89923694,-5.17833848,-7.87781062,-6.41038801,3.23561706,-15.54735850
24.98437500,-6.52602290,-6.45705432,-3.80378884,-11.92553496,-12.58340738,-1.18750200,-6.56879290,-8.33342738
24.98828125,-5.67114516,-11.95211328,-4.64744659,-8.39794417,-10.45913907,-3.44868013,-10.31489844,-10.81667614
24.99218750,-6.41422709,-11.33325546,0.11941710,-4.15936895,-8.17144330,-4.85373945,-14.48189367,-11.77050703
24.99609375,-3.04764608,-8.41913137,-2.83596172,-6.52075615,-0.95335215,-3.53073996,-7.28830887,-3.09771618
25.00000000,-2.59596376,-1.82044585,1.72288233,-2.33527572,-0.35749551,-1.53136588,-2.11431983,-2.24817253
25.00390625,3.58338024,2.47413306,0.97146652,1.91092668,6.75716203,-6.39661057,1.83017673,1.77911213
25.00781250,1.80437953,9.32098376,-0.44709088,8.16429220,11.04913405,-0.88285521,9.63670361,12.20454008
25.01171875,6.47944087,9.55041481,4.46561943,5.18055990,7.82570016,3.57599651,8.87889008,9.65781413
25.01562500,8.30542152,9.58014144,0.70547893,10.27953148,11.06757836,10.23208936,5.16410039,8.37268788
25.01953125,10.76260795,7.74127785,6.16087189,10.56295211,8.21964431,8.17269031,-1.17411724,11.67279624
25.02343750,12.77606350,1.14168001,8.45679974,12.34390570,1.30384193,10.29602455,-10.82186579,10.52790097
25.02734375,9.45104131,-2.45109486,6.96716848,10.18481256,-1.44360415,9.74725456,-7.08075240,4.64510489
25.03125000,7.99003242,-5.37996949,4.15638586,9.03150118,-2.88032579,12.06830734,-3.89036102,4.24040685
25.03515625,8.87154210,-8.49185808,13.26464023,3.78698558,-12.87406030,14.23775616,4.36695444,-0.11045530
25.03906250,7.79335088,-10.18800765,5.57953085,2.42665114,-7.33762679,11.07019764,9.84126412,-5.59714717
25.04296875,6.47438527,-2.13282302,13.51742652,-3.33858567,-6.86202758,9.89906486,8.59297547,-6.57200722
25.04687500,1.93157624,-3.17872505,10.06842703,-3.50772367,-8.60602608,5.22263800,4.98643605,-6.32449830
25.05078125,0.43745323,1.65458536,11.22620385,-7.41227106,-4.11449722,3.19735262,-0.45144624,-7.14447096
25.05468750,1.11483341,4.97888744,9.17309512,-11.66486708,1.89278127,5.76418775,-5.75784096,-6.64221766
25.05859375,-4.98100561,7.88566431,8.86535877,-8.44405841,3.62244270,1.32603606,-7.09914680,-4.89323898
25.06250000,-7.40202761,12.91711459,6.27769423,-6.70122833,8.16883584,-2.86248893,-4.86981532,-3.97233905
25.06640625,-5.02008081,10.21777396,3.78198470,-5.21141875,12.11251485,-0.09859770,2.58167078,1.32897228
25.07031250,-7.26900719,4.39637387,3.13233636,-9.26660360,8.99693123,3.21017835,8.46957270,1.73149267
25.07421875,-11.38686097,2.73205185,6.80186896,-4.51220760,7.48111355,-6.43424178,12.25025670,3.05481196
25.07812500,-3.08836498,-5.67082339,2.15116097,-3.80481856,0.83601217,-5.44243596,7.34908816,5.86270815
25.08203125,-5.35611488,-7.13716203,1.25011859,-2.51089239,-1.60205487,-6.80874906,0.25229538,5.64285618
25.08593750,-11.41979573,-13.46302441,0.29444299,1.17130294,-4.92528717,-7.97729387,-6.68097783,7.73181813
25.08984375,-6.30805471,-12.06353057,1.07447470,1.43484732,-10.20115978,-12.28509395,-14.65365248,6.95551263
25.09375000,-3.63572513,-10.02117109,-0.77038341,4.89156097,-6.46217427,-10.72183594,-9.44990077,9.95288052
25.09765625,-3.10279707,-4.89067743,-4.94845752,8.29481693,-12.21093500,-11.79170967,-3.92141684,-1.50239123
25.10156250,1.65441091,-1.78658673,-6.23356864,8.70420360,-6.58907728,-10.50266550,0.48115514,-6.24618458
25.10546875,6.45464607,4.28841427,-6.95792091,7.53054913,-4.30779382,-3.66595884,7.21818478,-5.84547047
25.10937500,5.11479531,6.85195811,-7.05674053,10.38037229,-2.20687543,-11.10058771,8.07137991,-8.82826600
25.11328125,8.21861139,12.07397195,-9.85368048,6.89847114,3.19072568,-7.52612267,5.38889747,-8.30092053
25.11718750,6.59902221,9.63123808,-9.14724813,3.87382657,4.49972152,-4.06886976,2.63933255,-6.01443182
25.12109375,11.66227549,3.77600283,-7.99593165,5.52680520,8.98029444,0.62050477,-3.54930980,-8.41400502
25.12500000,5.25615653,1.84354570,-7.63270798,5.42874445,9.97325461,7.22930892,-6.67699168,-3.21215642
25.12890625,10.62818427,-3.05943724,-11.25754493,-0.02655543,4.74763272,5.17210120,-10.90266150,-3.16644874
25.13281250,11.88996066,-6.01827697,-10.48135134,-2.92888873,1.55350051,4.57749591,-1.35139108,-1.72445367
25.13671875,8.88037089,-8.24986674,-11.34168646,-5.25806897,-0.74256297,9.06728592,6.40039347,-1.63453988
25.14062500,1.46446577,-9.88532717,-12.60627005,-5.77455302,-1.56962675,7.77834390,9.13257900,3.34922165
25.14453125,1.22754833,-7.37685653,-3.82244457,-10.95231388,-1.83119761,3.47782858,7.04326051,10.55394409
25.14843750,-1.94184404,-4.49966225,-8.50867272,-11.23456751,-8.52313175,6.75719977,3.99519962,7.45734034
25.15234375,-1.27087408,4.08375957,-9.90784504,-9.14768501,-9.89188173,10.15388111,-1.75661643,9.29616516
25.15625000,-8.19014752,0.63605596,-3.70392064,-3.36964622,-10.74070444,9.39360074,-6.01398501,10.36001684
25.16015625,-2.73556568,11.33969892,-4.44677875,-6.95648962,-3.19863886,9.07534697,-8.77375970,7.81770990
25.16406250,-6.97932037,9.35561772,-4.22315916,-0.67515026,-5.88745688,9.44169885,-4.55887102,0.47472536
25.16796875,-5.20039567,4.31155853,-2.27250318,1.08581550,-0.85015074,3.30482712,1.71857294,-2.83265288
25.17187500,-8.02833132,3.78030148,2.75015046,2.38714771,4.63611778,4.89864295,10.65372338,-5.29127945
25.17578125,-9.14138134,-3.60395086,5.22194845,5.25662070,9.58829515,5.82475136,7.93041510,-10.40638232
25.17968750,-6.50939561,-3.61622428,4.03315393,8.11451525,8.17305047,7.82168967,6.50062294,-10.87294093
25.18359375,-3.78315615,-8.61635279,4.54768210,8.30332764,7.43989197,4.51402081,-0.75334213,-11.76247393
25.18750000,-4.91881337,-8.32897182,8.29552311,14.79413383,3.73645621,2.75743392,-11.46187541,-14.47062064
25.19140625,-4.86590312,-9.77435811,11.49264049,4.70428893,0.57502673,-0.07708829,-11.00606321,-13.84456481
25.19531250,-6.06902240,-4.36264544,13.48421665,4.62623626,2.07346833,-5.01554301,-12.63619389,-5.63451749
25.19921875,-4.51891483,-3.99757101,9.67575677,3.37050588,-0.81085161,-12.20020502,-3.66472798,-3.49422022
25.20312500,2.66897132,2.80825785,11.53365092,1.48096137,-7.30425104,-5.57944298,6.92909400,4.34794899
25.20703125,5.99777928,3.67153123,8.91937457,-2.09518608,-6.54689134,-10.38871323,10.93461058,10.16701476
25.21093750,2.07803142,7.25575889,11.43760854,-1.49272748,-11.67153323,-11.61274272,8.81185404,10.03515923
25.21484375,6.74900325,9.46451946,8.93045814,-2.54927577,-4.77891862,-8.27619846,6.04882812,12.72524823
25.21875000,8.91193482,7.55075946,5.71970168,-4.88195379,-7.66928630,-8.20551536,1.50538276,14.95053293
25.22265625,8.98795911,6.63322067,10.61583319,-8.06462896,-1.19592285,-10.02218985,-9.28852083,9.51167995
25.22656250,8.85518275,-3.67591147,5.61008370,-10.04957602,3.62903324,-10.42173978,-9.80746832,9.24765412
25.23046875,4.64917108,-6.85850835,5.79080232,-12.08441834,10.69908020,-7.17353708,-3.40241553,2.29776015
25.23437500,9.21229300,-6.32296999,3.47545685,-8.27841952,8.77304816,-5.42976134,-1.99611654,-1.19319508
25.23828125,6.15243984,-8.82683649,2.81803741,-9.13387337,11.60724533,-3.66287026,8.29473785,-4.91721892
25.24218750,5.38273932,-7.46214929,2.95092561,-3.96391026,6.34084008,-1.40578488,9.39967837,-9.00318641
25.24609375,4.55570504,-2.26243986,0.77322012,-2.99789656,1.88897615,1.70124988,4.30056900,-11.35917822
25.25000000,0.66279245,0.37093729,0.24495548,-0.27568316,-2.18013751,-1.89034356,-0.61380072,-9.40141352
25.25390625,-2.88740675,6.42523795,2.11650777,1.71411470,-0.43574457,2.16885527,-6.69928086,-10.70744049
25.25781250,-7.92038820,3.53160990,-3.69848956,4.12448448,-4.04823135,6.49278222,-10.04776677,-9.12595652
25.26171875,-3.48269601,8.65602771,-5.45838810,10.95395187,-9.21794516,5.73869219,-5.47277813,-3.87226630
25.26562500,-4.45182716,10.07737414,-7.81989663,11.90363810,-11.05556470,9.86815479,-3.06852709,0.77796403
25.26953125,-5.21437910,6.45555356,-4.74001691,12.58969794,-8.51116878,8.44647850,8.48817044,4.19189720
25.27343750,-3.64828043,5.85663811,-7.85510811,12.65607073,-6.06419076,15.68647986,12.67614959,6.53380356
25.27734375,-10.80350341,0.93116671,-9.79041678,12.74605304,-1.45961287,13.61832071,10.09983573,7.07636288
25.28125000,-6.98644616,-9.56086266,-5.39805847,4.61975650,4.82569135,10.15009032,4.09078840,5.40780694
25.28515625,-10.42634682,-12.14682800,-7.57274771,0.66238862,6.37680151,9.25579710,-5.85695534,10.81736311
25.28906250,-7.21984217,-10.12574505,-9.74873449,1.11075213,8.13306912,4.72976073,-7.78283755,4.34561258
25.29296875,-6.44751875,-11.52450352,-9.20347684,-4.71622955,7.59903691,8.45409111,-10.49589269,6.48713730
25.29687500,-6.37135284,-4.38335714,-8.80943117,-2.55720793,6.67891898,10.14354229,-4.69703883,2.96923191
25.30078125,0.09439355,0.46029820,-11.29008315,-6.79352991,10.38269179,7.93605879,3.38083972,-0.21109410
25.30468750,3.28691030,8.53800638,-7.23719947,-4.86124261,-1.42134934,4.47785718,6.88117237,-6.79001694
25.30859375,4.78182833,8.60098668,-12.22246352,-10.73514680,-0.40467813,0.45763030,12.09862856,-7.90210158
25.31250000,9.71580246,8.97186883,-6.57441169,-6.80743758,-10.42200125,-3.31029355,7.84274190,-7.10838093
25.31640625,7.52677249,10.14871303,-13.45663158,-8.31396100,-7.59996575,-3.16449009,5.05336982,-3.38655644
25.32031250,5.69579940,5.57599129,-6.04393119,-4.86611402,-7.23143526,-2.60016224,-6.78008146,-7.54869721
25.32421875,12.33200119,3.39247332,-5.59219738,-2.69775163,-7.59928846,-3.21108313,-5.91726635,-6.51833857
25.32812500,13.60809070,-1.20960962,-3.04251234,-1.93631337,-8.71814973,-2.94191429,-6.45895783,-4.54335593
25.33203125,8.25094820,-5.82303442,1.31804871,0.49453640,-0.22327912,-0.90685157,-2.22806852,0.19570827
25.33593750,10.01435341,-12.38251078,3.12290086,-1.04133089,-0.47731931,-9.50558578,2.71456059,2.44078108
25.33984375,4.94379919,-9.31538902,5.85986038,5.04161657,3.96222127,-10.60701886,7.34748126,5.26186759
25.34375000,1.68784896,-9.74232094,7.07431555,7.07663494,8.71611154,-12.22387583,7.80600538,6.74058441
25.34765625,0.71672102,-1.45330281,2.24327653,9.31039739,10.69145626,-14.50545345,3.18916733,9.51443376
25.35156250,-5.60559959,2.05166456,3.80800449,10.44706692,11.43483459,-9.06148249,-0.46987889,11.66733635
25.35546875,-7.31043276,3.58646645,7.07139523,6.49770247,7.80574323,-7.09115334,-8.39205957,6.67919433
25.35937500,-7.88967596,9.58166528,10.00429061,11.60271269,4.84216508,-7.13323203,-8.22124163,10.12209600
25.36328125,-5.99497349,10.16950740,7.31050140,10.18718134,-2.34421280,-3.70516652,-3.15416179,1.79021159
25.36718750,-7.22962193,6.47612988,11.30986321,1.24413132,-5.77382649,-0.16166665,5.25041560,0.08224299
25.37109375,-6.22083632,6.49609826,11.28799218,3.33730122,-9.62144318,-0.90791164,11.10700953,-2.52419295
25.37500000,-8.32791482,-0.86320697,9.83487195,3.57466105,-9.67793470,1.61276644,10.64477137,-10.50002689
25.37890625,-7.74790547,-2.94779388,11.87979371,-2.33290962,-10.94396179,4.19377793,6.39316991,-9.66753895
25.38281250,-7.69027830,-11.21511277,8.91802320,-5.40968564,-8.69298630,5.43347728,1.31403469,-11.53559803
25.38671875,-7.54772942,-12.98263798,9.02132049,-7.18579965,-3.36797750,5.82571193,-6.89448073,-11.17397075
25.39062500,-0.38707057,-13.62452359,8.73793201,-12.28449442,-0.31859729,6.82562858,-8.17363179,-7.27190000
25.39453125,-4.95538228,-8.80312651,10.53836573,-11.34742574,7.37887426,8.69966016,-10.87320736,-6.24504825
25.39843750,-4.18879375,-4.30930762,6.51712054,-13.22355925,12.50910239,6.64771359,-6.44244935,-3.26695085
25.40234375,1.60317205,-1.27626397,3.94034634,-13.23025355,13.77267689,5.87552159,4.70300194,3.59204053
25.40625000,2.60287708,6.28196293,2.14273061,-2.97745358,12.39541738,7.70154781,8.98345784,5.50020106
25.41015625,1.57417229,6.05120511,0.84987770,-0.75404894,11.58116310,9.01952052,12.99633043,9.45828438
25.41406250,2.91139169,10.07614380,-5.55397111,-2.72591108,2.45587917,12.24073633,4.06031151,11.02455614
25.41796875,8.06487055,7.74835015,-6.15692902,1.07378815,-4.01021300,7.11118672,-2.57486076,6.24109633
25.42187500,12.02627926,1.04602300,1.80677263,4.81837308,-7.61875806,5.96715725,-5.83517764,11.42760757
25.42578125,9.60393517,-0.38760280,-0.29503868,8.69303219,-9.19791565,8.04902847,-11.87142879,5.01820600
25.42968750,12.26587604,-1.15837547,-5.41466066,6.31105402,-10.67039192,5.99301124,-9.99781052,2.38617703
25.43359375,7.92297971,-9.26799341,-7.94342097,11.22124236,-10.96195340,1.69454641,-5.51715571,-1.92758937
25.43750000,10.32249757,-8.46608546,-3.79698630,9.87903675,-6.06944666,5.90629662,8.28584828,-5.18003091
25.44140625,3.86205835,-8.18875876,-9.43957265,12.58798824,-4.50411107,-3.98781027,7.06863288,-9.19324673
25.44531250,2.60562769,-4.32591495,-5.45401608,8.48794734,3.48693321,-4.96331615,1.56245101,-11.91780452
25.44921875,1.39762267,-2.78977689,-6.10271712,8.97899698,7.46060143,-10.91241752,0.18298720,-5.74530365
25.45312500,-0.65792648,0.23269541,-8.80226312,1.50043868,9.00968137,-5.18593998,-4.29993081,-9.63780312
25.45703125,-4.60890228,9.76947191,-12.01833479,-1.12679908,11.35019311,-8.58357715,-9.14675252,-7.68634837
25.46093750,-9.02989061,7.33909893,-14.12101809,-0.22162370,6.68759990,-11.21314305,-6.96612136,-3.97381926
25.46484375,-11.39458756,12.81933761,-7.18518093,-1.62751701,7.44085580,-11.50107555,-6.15056356,5.48202535
25.46875000,-8.33080547,9.60150142,-12.58252656,-6.91403253,4.81834156,-11.17700282,3.80153818,1.95637046
25.47265625,-9.95261774,1.87405320,-8.32079706,-8.36763141,-0.87831810,-8.62073987,10.66266721,4.95526316
25.47656250,-6.87555374,-1.91564739,-8.40932472,-10.99189030,-6.74364913,-5.46108101,10.12578086,7.43071551
25.48046875,-4.93076667,-7.72722563,-5.86440092,-7.45849019,-11.31919302,-7.00282920,4.20138609,7.08471504
25.48437500,-9.43125774,-9.50210868,-5.24361452,-8.16758954,-12.04626063,-7.26609806,-4.45077716,9.00295058
25.48828125,-8.13129887,-12.39684415,-3.14588859,-9.21313034,-7.63243518,-3.54538645,-9.15596493,5.20666141
25.49218750,-5.41399372,-10.42714553,0.29395437,-6.08941503,-7.88203205,-6.51743048,-11.89396115,5.44907859
25.49609375,-8.37679422,-7.55435985,-0.64402597,-3.02097115,-1.11123961,-1.83920594,-11.04011465,4.66178682
25.50000000,0.52769655,-3.05021214,2.96666202,0.18787513,0.42734742,-0.88991113,-1.00742711,-1.23085384
25.50390625,-0.19789411,2.33997629,3.08276316,3.62297432,5.84565714,-0.14409700,5.58130062,-4.37374286
25.50781250,4.70627056,3.76776516,0.51987612,3.57947481,8.20346346,2.18879400,8.60043974,-5.51815493
25.51171875,0.89338682,10.76208194,2.02621202,8.79575598,11.02501403,4.34551657,8.68006456,-4.97721199
25.51562500,9.52229818,8.06425155,4.41444740,8.49487359,13.24420938,5.07058659,3.40507321,-5.47995359
25.51953125,6.26544395,9.27513053,5.17316962,14.99971573,7.47010974,5.28107283,-1.90187765,-7.45419021
25.52343750,14.46387537,3.64119629,3.95530430,12.63931600,5.45037381,11.18902846,-7.74607017,-5.34133135
25.52734375,11.62986225,-3.15810721,6.22075887,9.96567772,2.77225512,12.90296494,-2.56705703,-5.63681161
25.53125000,12.94437014,-0.92516676,4.11824078,5.03376128,-3.15254420,12.97274044,-3.10594507,-2.71610273
25.53515625,6.01187790,-10.36270646,10.84746852,3.31305656,-6.59706192,12.18829290,3.04729025,0.71089063
25.53906250,4.09992918,-7.36182290,7.31010464,3.62787327,-9.45403858,11.19085508,9.30600541,1.25919582
25.54296875,4.22276544,-11.19488592,13.59902508,-2.40595488,-11.17598832,3.85564163,9.27236517,6.81234515
25.54687500,2.06024800,-3.12257509,10.44371297,-8.43602807,-4.69584879,6.22336086,3.10534740,7.77722171
25.55078125,-2.44092803,3.18019117,8.24745495,-5.93772376,-5.86300952,6.44291650,-0.00787359,9.41603917
25.55468750,-4.19957487,6.30659232,4.51560179,-7.57490749,0.92534140,2.47152222,-4.78374125,10.84779105
25.55859375,-0.95691850,8.12075260,6.79644322,-10.05826027,4.63072778,-1.55927357,-11.07800396,12.57182234
25.56250000,-5.10712630,10.30948886,4.19001150,-9.42983461,4.55722252,0.56602284,-3.52628085,8.87752021
25.56640625,-13.99109493,11.79130881,5.74315378,-5.61638842,6.60499887,-0.55754145,1.86503130,1.19806448
25.57031250,-9.80184636,5.50228504,6.16988717,-5.76229285,8.28796220,-4.33110713,7.70192492,-4.38258704
25.57421875,-11.66143485,1.49670694,3.52860547,-4.59216015,6.42905965,-2.16063959,13.22328603,-8.24098232
25.57812500,-7.60958860,-2.20620209,2.69542140,-2.02826322,5.68098359,-3.31383269,8.34084912,-11.33231270
25.58203125,-8.46345296,-10.87099640,1.28184735,-0.34893415,2.44437162,-8.22620921,1.15221824,-11.97185912
25.58593750,-6.37129926,-5.62569760,0.15139392,-0.68123854,-6.66807076,-10.54563779,-4.97299769,-14.91661558
25.58984375,-1.95964745,-11.84272124,-1.17115073,2.94027128,-9.18648145,-7.98784572,-9.26876197,-12.81454492
25.59375000,-5.13197189,-9.25743087,-0.42183724,6.42989333,-7.39749008,-9.33470380,-8.51990435,-5.84313068
25.59765625,-5.31814651,-3.48752733,-5.53928559,9.33466591,-4.22564891,-13.42134341,-5.36243879,-4.64317296
25.60156250,2.53360928,2.92186667,-4.47361836,10.37718536,-5.02702393,-8.25155599,2.98000027,1.28185987
25.60546875,3.81002211,7.31401349,-9.08816935,7.64821891,-3.91572358,-7.30975246,6.41166268,5.87463545
25.60937500,3.05808980,10.39858520,-9.85437986,10.07944719,1.48564390,-7.59429297,11.72828587,6.72564498
25.61328125,7.73671495,13.02141429,-11.82775804,11.86075953,4.64338293,-2.20046577,7.51156062,7.74892967
25.61718750,11.87675378,6.32955948,-4.91290864,8.16691620,2.74714522,-2.95909511,0.29995089,15.10147529
25.62109375,9.55796439,2.21557967,-12.96167765,5.72133406,6.04784162,0.12279408,-6.75772078,8.38058127
25.62500000,12.83870372,-1.68541835,-8.31242049,2.76089160,7.63775623,2.13504784,-11.57784475,8.95583459
25.62890625,11.13791503,-2.89577767,-6.93389929,-1.34768734,5.20535681,0.45747247,-7.50169228,4.48678556
25.63281250,10.59068086,-5.44861480,-8.24649483,-3.03490296,5.71634208,4.97940021,-0.43207068,1.05419098
25.63671875,8.07569681,-5.00691200,-10.93600122,-4.04084100,-2.50560434,6.68257222,5.25815847,-1.24886504
25.64062500,6.61944647,-9.61488059,-7.94425848,-11.41141358,0.22094388,10.54483762,9.50445003,-7.34282069
25.64453125,4.54871222,-9.25680021,-5.96087371,-8.97516028,-7.48162804,5.21773189,8.06187864,-7.33659130
25.64843750,0.74169865,-2.37586954,-5.11937986,-15.45747256,-5.56887436,10.01481952,-1.28840421,-8.39772117
25.65234375,-4.78537945,4.24552869,-10.15516201,-9.27989543,-6.51918109,5.98034016,-8.32048764,-8.08370590
25.65625000,-4.68807151,7.81076739,-1.56741715,-7.77046278,-1.96516451,5.26018864,-7.76297908,-5.92721147
25.66015625,-5.68105297,8.81696059,-3.69435983,-5.39225887,-7.04136053,10.01956634,-6.13028085,-2.48476446
25.66406250,-5.94848220,11.94213854,-6.00079210,-1.27134099,-0.58071526,10.04256659,-2.96465252,-6.44567221
25.66796875,-9.21921555,6.22717358,-1.67726834,0.12862901,0.17634760,7.81359434,4.60425273,3.71672320
25.67187500,-6.31679210,6.92592206,3.14122030,2.52726164,1.40765134,9.61254307,11.73145606,4.84118230
25.67578125,-6.16314720,-3.08716091,3.90492557,7.01814587,8.42307188,9.75002798,10.90889435,9.99878230
25.67968750,-7.71134537,-8.64330171,3.58097595,8.54056985,12.33388521,4.66866903,7.88703455,8.51414835
25.68359375,-7.63811993,-11.66853929,9.23174927,6.04111112,9.27249072,-2.15701631,0.19838953,5.19947876
25.68750000,-9.10318773,-11.35830409,8.39042705,7.54719660,6.57277148,-6.20097960,-10.32277840,9.93339126
25.69140625,-6.10286007,-11.04175027,8.00775125,6.77537360,4.34409150,-3.66085600,-9.63151607,6.54945919
25.69531250,-3.45607599,-4.02630335,6.67154964,7.78767988,-4.04615592,-1.89259703,-10.96406226,9.06673460
25.69921875,-0.46696314,-3.41786528,8.12093488,7.90050400,-0.50486018,-9.21167223,2.35023765,-1.03882032
25.70312500,0.68677537,3.08856433,13.35266303,0.73431585,-5.80030972,-9.19580446,3.97381886,-2.75790547
25.70703125,3.04744707,11.42021868,11.42367948,1.62641253,-3.30553927,-10.74364611,11.10003314,-6.32229167
25.71093750,3.86162263,7.42186495,9.18602267,-1.25750734,-7.29527516,-12.50086649,7.44976212,-10.63598307
25.71484375,5.91246022,10.35572719,9.51428056,-4.20598513,-6.36970812,-11.82317935,5.54135147,-8.64872233
25.71875000,9.54630506,10.76337433,7.11336747,-3.52692275,-6.55173106,-9.93924136,-1.17677102,-9.99643645
25.72265625,11.29482838,3.04655981,5.11084088,-9.78609453,6.61858547,-8.46225902,-3.01178472,-5.56339457
25.72656250,9.13918703,-0.80670850,6.56318229,-2.84677669,0.63426014,-6.57657695,-10.70888459,-0.63804278
25.73046875,9.18090619,-4.84662495,7.53029724,-7.86470733,6.17289235,-4.67273132,-4.95018098,-2.09352344
25.73437500,8.04481249,-7.56979257,6.77750730,-11.89642653,5.51723005,-6.92266815,1.75895557,0.13682335
25.73828125,2.86402158,-14.97911051,4.67375576,-8.10470795,8.49373247,-5.67867429,10.37825393,2.38153377
25.74218750,1.60484972,-4.49758665,3.19419917,-4.06155652,8.64729941,-3.59892779,8.67511441,9.67757900
25.74609375,0.76228103,-3.27125982,1.08171571,-3.63876448,3.35853137,-2.43385104,5.34934163,9.70466393
25.75000000,-3.95791452,0.33952192,1.58338599,-0.47526636,2.05041646,-0.00027330,1.52912000,9.65429627
25.75390625,-1.87203776,4.01940718,-0.44991066,3.73580380,-5.36006369,1.55164107,-5.17438554,4.50594055
25.75781250,-2.40840351,8.56641123,-3.87650858,4.73337241,-7.72833391,6.30548622,-9.20722317,10.29536375
25.76171875,-3.81060400,7.60694980,-4.63189444,5.32814822,-11.07147286,5.77709675,-9.47582652,4.19963869
25.76562500,-7.11787533,12.38090433,-2.90511536,8.81127951,-11.00016537,8.31781380,1.44778098,0.70786877
25.76953125,-8.85993705,8.19554470,-4.53168869,12.29663493,-7.32921219,9.36374775,1.29771196,-7.51307898
25.77343750,-8.22369195,2.68603505,-10.11602006,10.50368101,-6.89159021,8.80926155,10.68718851,-9.11619046
25.77734375,-11.04367335,-2.90241704,-6.88884621,10.37680171,-4.93084169,12.51021676,8.97810547,-9.41720346
25.78125000,-9.29843042,-8.56275117,-8.77932874,6.77209307,1.98829753,13.24702934,6.37526343,-6.70431049
25.78515625,-4.67495576,-7.92586638,-11.43277884,5.13444233,7.81966292,8.23868292,-3.90191145,-13.20838937
25.78906250,-7.27556157,-9.00209050,-6.92203726,0.97472659,6.38817288,8.78274511,-13.39175848,-11.99244458
25.79296875,-3.15250506,-12.28076923,-9.58822218,-0.49919484,11.08398039,5.20635541,-13.84685621,-10.84585237
25.79687500,-4.04822841,-5.50203555,-5.31552013,-8.11585878,7.11041932,3.43592796,-7.88188181,-5.04049952
25.80078125,-4.17359957,-5.62557515,-8.36280477,-7.34280658,6.61025213,3.90140338,-1.81928955,2.58590988
25.80468750,1.99102612,2.53606333,-11.04813234,-11.57755759,-0.07692345,4.34676730,12.49057569,2.81856117
25.80859375,2.20733617,10.95659012,-6.42806385,-7.71527623,1.33888059,-2.86057242,12.80325542,10.23546345
25.81250000,1.72189406,13.48878815,-5.77872780,-12.86316884,-3.76935110,1.29979117,8.58085377,11.95338485
25.81640625,9.95873373,9.36211701,-6.99177139,-9.77236777,-2.73034468,-5.15952717,-0.44033606,9.43465193
25.82031250,8.98936813,8.24601691,-6.93764590,-6.85751807,-10.45158850,-4.20591051,-5.70661502,11.33883426
25.82421875,12.63035375,-1.23312679,-3.44160362,-4.02398433,-9.64137658,-2.73282575,-10.39221808,6.10372887
25.82812500,9.46516420,-2.13392619,-0.50955678,-5.85565196,-1.81508508,-4.35311945,-5.51530614,3.47782334
25.83203125,8.36559586,-5.39724072,-4.53884810,-5.21893369,-2.72463551,-6.96113183,-4.16169359,0.31890836
25.83593750,7.36411472,-9.57440205,2.39697000,-1.14041034,0.55375426,-13.59565442,6.50646701,2.60415327
25.83984375,5.81851914,-9.12854130,2.06857254,6.98238014,4.68610496,-6.58225019,8.75479611,-3.97157334
25.84375000,3.25645784,-7.27922042,4.40035608,4.62606091,10.56256703,-10.73992503,9.32383586,-8.24941871
25.84765625,1.31444789,-5.36670892,7.03159492,8.47086323,10.66188448,-10.36632424,-2.31093302,-9.88354078
25.85156250,-1.49505060,2.42526680,6.22989556,9.42317127,7.48681563,-10.72730921,-2.49691294,-10.58880774
25.85546875,-2.74115438,4.77701981,6.83315935,11.79101513,9.09773718,-9.39666963,-6.93006987,-12.96056924
25.85937500,-5.16069842,10.14200577,9.29080371,10.69850970,5.21812308,-5.57343927,-8.87638633,-2.33249408
25.86328125,-9.07727393,12.66908293,7.16591448,12.85627048,-2.22911969,-5.92635904,-6.71829959,0.66430429
25.86718750,-6.25384901,6.05887963,5.34340792,6.33303703,-7.11943939,-2.09573661,-0.80412448,3.52929079
25.87109375,-4.25323266,9.75262733,7.02969758,3.30684027,-7.75861788,0.99913053,10.93528582,5.30692558
25.87500000,-4.96153424,-0.74945613,9.95863706,1.25560110,-14.37193028,1.71621531,10.04669477,8.34077303
25.87890625,-10.07045311,-9.61305031,15.64327258,-3.33583172,-13.28580107,-0.19150660,8.08478905,5.40188793
25.88281250,-8.68102933,-10.03449264,13.48827027,-6.67921462,-8.87532452,4.33097402,-3.26342744,12.52395630
25.88671875,-9.64714923,-12.94966568,11.54064274,-8.29517399,-5.65063963,3.21255711,-9.47902110,6.34999200
25.89062500,-4.83297812,-8.53125429,9.22277748,-11.04681495,-0.07761965,1.66280281,-8.55151576,6.12701904
25.89453125,-6.70059563,-6.16835706,8.16255752,-14.39274476,10.34291727,8.26385459,-7.29783212,1.51253273
25.89843750,1.67462961,-1.92287911,4.43221665,-7.47539890,10.87457361,9.03824967,-0.71044772,0.39531205
25.90234375,1.10585541,3.52601410,5.07998191,-8.93444378,11.77410006,8.76838805,3.20766166,-1.69388297
25.90625000,2.02178096,3.25823233,3.41657583,-7.23692530,11.57676652,10.55196259,9.30161551,-5.70205661
25.91015625,3.91037350,5.61837965,5.17566659,-6.93127281,9.69709033,10.22040563,13.41929693,-4.01534459
25.91406250,4.32308143,11.68006785,-3.77320659,-1.06109147,7.54062457,5.80483957,4.40951571,-7.61758338
25.91796875,10.89230864,9.06179910,-1.17539993,0.40174867,0.49079988,7.10947559,-1.23659922,-6.04056125
25.92187500,8.38058863,5.87960178,-2.99389460,6.06698020,-3.91670574,7.45294540,-8.87570054,-7.82910893
25.92578125,8.77911519,2.52351343,-4.73967504,8.12446368,-9.82908015,8.00031863,-9.02868395,-6.11726663
25.92968750,12.20004629,-4.85828586,-5.82706039,6.13214510,-10.86202315,10.21437860,-6.28387045,-6.65807351
25.93359375,11.64843201,-4.00039843,-3.98364493,13.08156340,-8.33770953,0.67895520,2.72427156,-1.60424016
25.93750000,8.61789384,-7.45738319,-1.15304212,10.59259340,-4.54425361,0.26528487,4.87686871,2.70184826
25.94140625,4.18430863,-7.89683241,-6.26484159,8.71615798,-5.79243455,-3.94476337,9.01093054,6.25673575
25.94531250,-1.45440062,-6.30409057,-4.94566768,5.36029349,-0.84856005,-2.80541853,7.06269027,8.82202290
25.94921875,-4.06293423,3.29518276,-11.32558414,6.79569094,0.37706789,-3.98148567,-1.23725067,10.78030706
25.95312500,-3.68378441,3.72827429,-14.05912810,3.21055515,10.47367568,-8.81997956,-6.45811640,9.98208699
25.95703125,-4.19224165,8.15172536,-10.99323950,4.41491040,7.60262548,-6.81032530,-11.85276262,8.68815049
25.96093750,-6.85636488,14.28361932,-11.21644741,0.07189854,6.66405247,-4.35482838,-12.87334102,4.62518908
25.96484375,-8.39138206,11.21238381,-11.11250081,-7.46273458,6.82099140,-11.23955044,-1.00657523,4.49366418
25.96875000,-11.99816330,9.83667675,-10.89875261,-8.04627112,3.22298579,-10.39583608,5.16645454,-2.41891212
25.97265625,-10.79699999,0.47522700,-1.90217201,-10.79185786,-3.60012282,-7.81350793,6.23082404,-1.90832325
25.97656250,-6.76883516,-0.22292036,-10.92348047,-7.73800657,-5.91545106,-8.90095379,12.44255491,-5.41350902
25.98046875,-6.30803676,-7.25284518,-5.65670332,-10.42098293,-6.32133892,-8.78833569,5.41259782,-11.28684880
25.98437500,-6.91621395,-12.11991472,-4.88536561,-8.91803903,-11.50966966,-6.13724172,-1.77554199,-12.31907241
25.98828125,-7.27506780,-10.24187595,0.73300859,-7.58853458,-10.63949803,-8.71360049,-10.56765722,-7.94492076
25.99218750,-4.22150415,-10.90788452,1.99231639,-7.22377066,-6.21343661,-3.27509702,-10.69866675,-8.02628178
25.99609375,-3.44741844,-8.37357108,-0.61687669,-6.00731343,-7.19480245,-6.08608649,-5.91661330,-4.61043722
26.00000000,-1.81721591,-2.71671428,1.84647231,-2.84485783,1.48992093,-6.68239433,-1.13530999,-0.45515756
26.00390625,1.08155770,5.68074121,-1.80120360,2.12252561,6.93408250,-1.97219912,4.39377000,1.95853486
26.00781250,-0.95246888,6.56846227,-0.98633119,5.78332383,8.81711402,-0.67090422,13.25541170,9.14015389
26.01171875,3.91630942,9.61940001,2.48979707,11.86626486,11.88292145,3.29796489,11.97338464,9.05237155
26.01562500,6.86189473,9.14511525,3.46283549,10.32113213,8.85021777,10.85118086,0.95869184,11.14578117
26.01953125,5.67599199,7.20686529,3.75537318,10.57401290,9.75587087,7.53446027,-1.78087541,14.15334199
26.02343750,10.24322194,-3.52081817,11.91039304,7.57161083,4.89523593,8.38630464,-7.45143772,6.25076808
26.02734375,11.95858630,-3.76045445,7.33611854,7.05859241,-0.20719769,10.34686559,-8.47852530,5.67740784
26.03125000,11.67525886,-7.14060223,8.05682694,5.01976368,-6.44288713,11.19190711,-4.57613886,3.07638318
26.03515625,7.78937286,-6.02312455,12.56087348,5.25764800,-9.66570796,9.04246190,1.00952655,1.30106811
26.03906250,4.04439427,-6.79619431,9.56876927,2.96198290,-10.39194296,12.14892275,9.30347868,-0.85224414
26.04296875,4.73558049,-7.07084991,11.28733910,2.75276480,-9.71165138,11.49983993,10.68928546,-8.31835618
26.04687500,-0.05245641,-2.70581601,9.84370092,-3.36683043,-8.65466890,3.60032930,7.38105580,-12.02604323
26.05078125,2.40922745,2.90168418,6.94117549,-5.74084881,-5.88365328,6.11016652,-4.93801702,-12.71828916
26.05468750,-2.85046124,7.48446959,8.67492832,-10.16576209,0.02154725,5.04196098,-9.03976441,-5.34607454
26.05859375,-5.91717952,5.33798810,8.26245191,-6.32483138,2.49749460,0.51391406,-5.75004114,-4.88418550
26.06250000,-5.04902058,13.49887101,6.68282537,-10.08768720,7.63366154,-1.66778859,-0.36907963,-3.21214244
26.06640625,-9.67163089,9.53859506,5.60370985,-5.20500541,12.98804902,2.13221628,0.50890926,4.99049455
26.07031250,-7.27288163,9.79872228,6.41974350,-6.20879461,8.52988214,-1.54942319,8.12725980,3.45780855
26.07421875,-7.11401460,1.33033532,4.91358952,-0.86476334,7.43234076,-1.97505862,11.95602451,5.39191274
26.07812500,-8.47839774,-2.21430045,1.56780600,-5.94248279,0.94725134,-5.90986029,3.93459676,9.48627316
26.08203125,-4.46222147,-10.18557523,5.74858810,-0.63210041,1.35437822,-7.50304112,-3.24060882,8.97962429
26.08593750,-8.68266019,-11.60814106,2.86595910,-1.00052950,-2.44462343,-8.36920088,-2.24086514,11.08474618
26.08984375,-7.24717416,-12.24672733,0.56895459,1.73975785,-9.32084734,-8.31282136,-11.48137413,4.25963229
26.09375000,-3.74520392,-7.50689458,-2.21103929,5.65121318,-12.07416950,-14.92921102,-7.90482365,3.49312548
26.09765625,-1.01929468,-7.00613188,-4.42690084,7.24363184,-7.73513862,-10.50733752,-5.66060000,4.37552799
26.10156250,2.01495784,2.40123067,-7.30615833,9.56130543,-12.31907877,-8.78081941,3.44106210,-1.33206695
26.10546875,2.00772610,4.17559143,-8.53890090,9.92755267,-5.03759429,-9.70950363,7.37934800,-6.36808265
26.10937500,4.71680824,8.08512024,-2.28932711,4.66373676,-1.62776253,-8.74186273,8.61316725,-2.85798194
26.11328125,9.12829451,8.11087849,-9.17023938,9.63215038,4.57260996,-10.99360650,7.97297648,-6.79751598
26.11718750,8.71452297,8.74831700,-11.61714153,7.35461015,7.90347344,-1.15948468,3.32433953,-8.93201865
26.12109375,9.24361055,8.59810973,-13.45726452,2.33049973,7.71578346,-1.51903317,-4.83550746,-6.38556149
26.12500000,10.74862566,0.06441694,-9.86688978,-0.34354685,9.70529735,0.74327043,-10.59612766,-5.87413896
26.12890625,13.91899490,-2.25108806,-9.86797697,-2.38730731,7.35197270,1.55109337,-8.23147585,-4.40665399
26.13281250,10.81098675,-8.45662027,-8.75913285,-6.67224306,3.11436376,7.01674147,-0.68078712,-3.07446316
26.13671875,7.85322353,-10.94465608,-7.65008853,-7.76331306,1.14564258,9.16877463,5.53257147,-2.19561635
26.14062500,3.95899928,-11.91735731,-5.69820223,-9.60309750,-2.10359602,3.06470396,2.80384455,4.70256453
26.14453125,3.54319784,-7.39623045,-9.39882611,-10.25272976,-4.91057144,7.49763404,7.28932941,6.55662387
26.14843750,-0.57267291,-5.01186248,-4.12764675,-11.85410156,-7.58524294,4.99720528,5.49822615,11.65886448
26.15234375,-1.80328023,3.74484047,-5.72890665,-12.58583093,-11.31763501,9.42919738,-5.42651305,9.24845031
26.15625000,-0.38338337,7.52667110,-1.76365971,-5.58849023,-9.91649835,6.38015788,-8.63566840,9.19052890
26.16015625,-3.48194991,8.90964100,-2.09076617,-4.01387435,-6.70827893,10.42986793,-9.35129825,6.44077286
26.16406250,-9.04894493,9.88542438,-0.17584826,-3.98988752,0.81176551,11.06835374,-5.80807362,0.12777592
26.16796875,-6.20208108,8.34929845,-1.31166813,4.71326186,4.31205506,7.97616372,6.31907732,-2.16688760
26.17187500,-13.02592853,4.64830659,3.48075985,4.73466916,7.77048515,9.06086806,4.87396829,-9.25688181
26.17578125,-9.00628021,1.15474568,2.89211677,8.15359419,7.39868991,5.02618770,8.67064585,-11.67656364
26.17968750,-9.31589664,-4.65964838,1.81265004,8.74221780,11.43812071,5.46713166,5.51366777,-9.64873030
26.18359375,-8.00916549,-10.42018410,7.65756890,7.77363771,10.12965539,1.34648069,1.53124149,-12.88170695
26.18750000,-3.47786573,-10.33630846,7.66578383,9.68078732,3.10904664,-0.91108980,-9.51885527,-10.09883204
26.19140625,-4.70706907,-10.06633356,11.84308807,4.58612459,0.34798768,-3.67178189,-11.17544321,-5.96633408
26.19531250,-4.50656243,-8.50052518,9.98115765,3.62824802,1.31721561,-6.03959546,-10.60078071,-2.42537260
26.19921875,-2.93913044,-4.33953917,8.11778699,7.96202857,-4.12249386,-6.41582834,-2.30000138,-0.15933761
26.20312500,-2.07459274,2.41572754,9.84574292,2.92920062,-4.44798199,-9.16452467,6.95544425,1.41179976
26.20703125,3.28642684,10.51450926,9.30080458,3.80650558,-9.80399890,-11.62295079,11.71108554,7.43144355
26.21093750,7.59378150,8.49772065,11.49150266,-3.84413666,-4.85559752,-11.19983177,10.73372000,11.33053321
26.21484375,4.78549708,6.61968246,6.53809901,-5.75588411,-6.90778665,-10.10381959,3.50483417,11.73673436
26.21875000,12.16352144,10.30626791,10.04365295,-7.11160229,-3.02965952,-3.21572413,-2.90257772,13.70089012
26.22265625,8.76615888,4.04422899,5.26975103,-13.30284063,-0.72789368,-7.09396352,-8.84035559,9.81760275
26.22656250,10.42956197,0.99292277,10.36141444,-6.54936510,4.07388344,-8.73895806,-8.98139750,8.55109902
26.23046875,6.60504149,-3.76581298,4.24602178,-7.45816135,5.22687225,-11.95877838,-2.81562922,0.95747398
26.23437500,6.44294060,-6.59626383,3.88172978,-10.80333214,13.08538053,-5.52535839,4.47694439,1.66634645
26.23828125,7.62476779,-5.65808733,4.01497269,-10.24960409,11.44997212,-4.06267345,10.81233320,-5.93564602
26.24218750,4.47288735,-5.21318969,1.76557973,-5.53453186,8.29370672,2.03071911,11.88301271,-9.11291787
26.24609375,0.63066474,-0.51794582,2.32126864,-1.93999173,6.93974912,-2.30345154,9.07384669,-9.42103261
26.25000000,-2.01195063,-1.73439534,-0.67345709,2.50450827,-3.85284740,-3.67129379,-1.33822003,-10.56629353
26.25390625,-4.69337282,1.63215103,0.49692206,3.90471750,-1.56649990,0.13234802,-6.06895572,-9.22672892
26.25781250,-8.17971278,7.94029868,-5.78264196,7.91959419,-6.36243248,3.63070669,-9.19018066,-5.56001472
26.26171875,-7.98672474,9.21374022,-1.20782332,5.33570507,-6.69922019,6.62185387,-8.02646890,-2.85223780
26.26562500,-5.91754465,11.20698723,-6.21524399,10.54955808,-14.04862977,9.83190451,2.65289922,0.56261536
26.26953125,-6.22137398,5.73290822,-8.20376156,13.57795792,-7.96131223,10.37712954,4.50672829,4.11501744
26.27343750,-7.47111956,2.70296357,-5.18543584,9.40875524,0.02407139,9.71971265,13.51044479,3.60262993
26.27734375,-9.05160824,-4.01296077,-8.26291732,8.51967357,1.54810298,11.71533817,8.63867003,6.93371257
26.28125000,-5.87071079,-8.77851293,-7.45496672,5.89440721,1.42641237,7.80614440,2.33529126,8.73483506
26.28515625,-9.85861366,-11.35664371,-7.56849956,4.30100414,6.06608924,12.23402004,-4.50913592,6.35181699
26.28906250,-5.02251977,-8.00261065,-8.81665481,-0.49700083,9.52379299,5.87076949,-8.13803723,7.30528292
26.29296875,-4.62392147,-10.04754507,-8.07175136,-5.98054666,12.89246224,9.15589851,-8.80383273,6.22153524
26.29687500,0.13034950,-5.00403821,-8.91457573,-4.98957418,10.83718003,6.79335978,-9.52874397,2.10215008
26.30078125,1.81433457,-0.60474322,-6.41318945,-6.30153352,4.85090112,4.05497234,0.12259876,-1.16283420
26.30468750,-1.71271561,4.85164450,-13.65639473,-7.62754114,2.51665805,3.11599207,5.60247620,-2.94144788
26.30859375,5.46127374,10.05569394,-5.09008520,-11.77868136,-2.34498094,-0.60156783,13.09073247,-9.63972563
26.31250000,8.80162147,8.14098764,-8.94342003,-10.67450214,-6.50352845,-2.07560017,9.57912081,-10.07938027
26.31640625,8.45766194,8.16129882,-7.29890673,-9.61097877,-8.71877068,-4.25469581,4.21241365,-6.22787459
26.32031250,8.81106042,6.83892131,-6.86266943,-10.60493948,-12.26121630,-5.75278657,-5.51212214,-9.68494372
26.32421875,11.29862333,1.15916784,-6.96830290,-2.77426447,-12.03381373,-6.10009217,-5.65227727,-3.89246253
26.32812500,10.64287715,-4.57704013,-2.34133135,1.64078445,-7.94787652,-5.47770432,-8.81616579,-2.09051623
26.33203125,9.73919553,-11.37045592,3.26494590,1.65245997,-4.76786861,-6.78660370,-4.01127662,-1.69927322
26.33593750,12.05872777,-8.73414792,0.84154366,2.48467493,-0.75832787,-8.96980025,3.46333566,4.05030458
26.33984375,9.08936144,-8.83215861,2.58043230,5.07802540,6.08086062,-12.53558471,9.68207053,4.91503273
26.34375000,3.81562645,-9.78766128,2.18681955,7.21014786,8.34612428,-9.50943773,8.95753588,7.20270246
26.34765625,-2.99267101,-1.25585595,5.66811058,6.76626879,12.05407552,-8.50074470,4.28696433,11.78957302
26.35156250,-1.28133593,1.32705361,4.59294423,8.94902536,9.84729435,-7.01230656,-3.74594507,10.16527244
26.35546875,-4.23752444,6.50338420,6.80102563,10.73930142,6.81848346,-7.16592336,-7.94577089,7.78994457
26.35937500,-2.75708820,8.40453452,10.86301607,5.28811800,3.76089925,-7.60660921,-11.11118827,11.85598918
26.36328125,-6.04255040,10.65251379,10.52845552,9.91276276,-2.52702589,-3.96945543,-4.34179050,1.95806079
26.36718750,-10.61124525,7.47731905,12.57884803,6.93698188,-9.52849220,-5.11097404,-1.17190144,0.03194252
26.37109375,-7.94280556,1.44191106,8.63544316,0.41397734,-9.79371262,-1.23464858,12.16492778,-3.50110022
26.37500000,-7.09311534,-0.98854012,5.46941010,-0.04075886,-11.26613338,2.17520380,8.97447588,-7.49808401
26.37890625,-6.33582764,-3.09805838,9.43386395,-1.98702105,-8.22110463,1.99748061,4.81792620,-6.39493363
26.38281250,-5.16708468,-10.22129169,7.84175518,-5.70536313,-2.28422173,7.65216279,3.30354588,-8.04028638
26.38671875,-10.36750979,-10.60728124,8.71752347,-5.91592594,-3.70553095,4.07843532,-9.01958808,-8.56281367
26.39062500,-5.81384838,-10.94038480,7.99005068,-8.07566030,2.48252742,3.13529260,-9.03233141,-10.71183295
26.39453125,-3.64520164,-7.43793876,10.69731308,-12.72073420,6.25860007,7.96986223,-12.84182824,-8.11592492
26.39843750,-2.41565347,-7.94892253,9.48005677,-15.09980033,11.61779309,4.49506376,-3.19011234,0.85959157
26.40234375,-0.85265246,3.96722898,0.46932119,-11.22332981,13.99416905,8.82890413,2.16495190,3.68841672
26.40625000,0.93216787,7.95302033,3.41450562,-5.07155728,16.29967295,8.69220650,8.41676847,7.67852331
26.41015625,1.49673903,13.82420133,-1.22702159,-6.07083464,7.55532088,9.92535560,10.72801804,6.73618423
26.41406250,5.87885077,9.22152251,-4.89466752,-4.22068408,4.11217832,9.90249633,6.06786433,9.88621149
26.41796875,10.99551639,10.23788115,-4.79333216,2.07493326,-1.34027009,12.85985494,-5.50779194,12.53831944
26.42187500,9.43068677,1.25718335,-2.59443190,3.39852244,-6.66766466,9.86951215,-4.54257066,11.37246128
26.42578125,10.49591095,0.61889244,-4.72511271,6.64464088,-7.76499330,6.54509951,-8.40117783,8.87530228
26.42968750,7.65551714,-5.36460433,0.66247979,7.94181331,-10.90639512,1.25279219,-3.56643842,5.55810777
26.43359375,11.51056760,-8.27316869,-10.13852942,15.87399825,-8.90711505,5.02094355,-2.21182885,-3.52377521
26.43750000,4.85315494,-9.57298043,-5.56986243,11.26177423,-8.69444227,0.23525910,8.21161888,-7.11876263
26.44140625,8.07266264,-8.63966241,-5.58042197,7.15534417,-7.22241759,0.11194572,14.01652699,-9.35171898
26.44531250,7.34601255,-3.48648292,-8.79715480,9.43386829,-0.98124574,-3.32998397,6.62576012,-9.19657835
26.44921875,-1.07395896,-3.15662606,-8.99608910,6.49379698,2.55538105,-1.81660407,-0.15448156,-9.86847379
26.45312500,-4.27161362,6.05859468,-8.16845378,-2.67358098,6.63072772,-9.60529253,-5.61650007,-9.31827223
26.45703125,-6.46152262,5.98162164,-9.43783870,-0.50792247,11.67877031,-10.33573791,-11.75420645,-9.30969644
26.46093750,-5.80818324,9.65740392,-9.19897374,-1.47773308,11.10360741,-8.58157692,-5.74939298,-7.17361946
26.46484375,-6.42249819,11.81139043,-13.24375734,-4.04364195,7.99531509,-7.48183257,-1.78605805,-1.40429556
26.46875000,-8.10034136,5.52008159,-13.15752267,-6.17761425,6.49251788,-9.60930217,2.02712370,5.59732456
26.47265625,-8.69106938,6.53028422,-10.55389533,-4.94892629,-2.84283681,-6.11583041,8.96402881,1.88576981
26.47656250,-7.76411345,-4.05317727,-7.72389521,-8.54217160,-6.14990738,-6.83613951,6.93733398,5.79055108
26.48046875,-6.14678118,-5.30817544,1.13624297,-13.55448800,-11.99514092,-9.24230590,1.40231189,5.44228129
26.48437500,-6.26145286,-7.44409093,-3.77244939,-11.59415153,-9.77515329,-7.25107927,-4.96059600,7.82738635
26.48828125,-10.66259677,-13.28445179,-5.69728152,-9.83926370,-6.42422765,-5.17859287,-11.91474734,9.31014408
26.49218750,-5.21093766,-11.00641043,-2.63312747,-4.79323577,-5.84618200,-2.13910865,-16.76630890,5.86259891
26.49609375,-5.41130500,-4.80120757,-4.49725513,-3.17459557,-1.46226233,-5.54791633,-2.60216355,1.12582061
26.50000000,-2.98166807,-0.48850369,-0.95427638,0.42451255,0.97453980,-3.42703945,-3.00467794,-3.41009110
26.50390625,5.19798790,4.08422829,-1.46730287,1.06303803,3.54030386,3.05931449,10.08243113,-4.06289781
26.50781250,3.66863685,7.18835905,1.31454115,4.47632843,6.51835299,2.39547385,10.70225360,-7.73814537
26.51171875,4.85602831,9.96190642,-0.60791262,6.30314931,11.58517646,-0.18182535,5.95929092,-7.85007312
26.51562500,5.78429059,8.07290075,3.62091771,9.19613161,13.20173119,5.61018088,1.07882036,-7.99260537
26.51953125,8.36872328,3.40214905,5.67593617,11.90487458,9.06366052,7.10257536,-5.38396781,-5.93827732
26.52343750,12.50700632,4.32972071,5.97522124,9.60524341,8.33421734,8.61394304,-7.35290268,-9.77768528
26.52734375,10.76902638,-2.78478506,7.57934535,12.74876390,2.14627815,13.37952595,-5.98637108,-4.50920583
26.53125000,5.07750283,-4.99389517,14.93608487,8.94931041,-2.64365369,12.66711939,-2.96537566,-2.07350765
26.53515625,8.25845896,-7.65248345,12.11866683,5.49941064,-11.05661051,7.97545153,2.93310560,-2.53155039
26.53906250,6.51078452,-11.10217880,12.77799714,0.34944042,-11.78886490,11.45309440,12.27730419,8.99865281
26.54296875,3.05454967,-5.82703293,9.25204019,-1.85178647,-11.89528733,6.38440160,7.94538348,10.57601312
26.54687500,0.39385411,-5.33375948,7.82414382,-0.75070586,-8.48879791,6.18262530,7.01598758,10.11794328
26.55078125,-2.82746028,-2.69742577,9.90254267,-5.87770247,-5.16828755,6.36436952,-4.61633227,9.55390740
26.55468750,-7.23782400,2.41413062,9.62737682,-6.43988384,0.35513500,1.68818720,-3.03986825,10.18330153
26.55859375,-5.19942799,7.78092872,9.43437612,-7.15537914,3.44249533,5.17785555,-7.00622404,6.88310012
26.56250000,-6.90260507,6.74446167,8.52285682,-10.75112058,5.28359796,0.39924340,-5.53015494,1.11713703
26.56640625,-4.83396537,8.74984977,7.95244576,-9.75516653,7.46319069,0.87912057,1.97416046,2.10764820
26.57031250,-10.45717457,8.11590714,6.37204169,-7.08246694,10.01682567,0.03379360,7.39991302,-0.69067918
26.57421875,-11.08747162,5.09957604,1.15774713,-6.46977193,4.61547721,-3.04960631,7.44362330,-2.00472654
26.57812500,-10.30317931,-2.77887265,4.58697417,-4.57878965,2.76365887,-6.02424585,9.76067203,-11.11403636
26.58203125,-0.88136219,-2.96538627,-1.02312800,2.18497544,-6.34043021,-5.09452220,5.88211318,-8.30856690
26.58593750,-3.77457033,-7.14196709,-1.29447888,2.48497870,-6.01328677,-8.09820475,-7.86770234,-10.26064886
26.58984375,-1.24817386,-5.71847486,-0.97609197,-0.66737218,-5.02589618,-8.80849896,-12.91276226,-11.73706783
26.59375000,-2.64593543,-8.76473455,-6.34714198,4.33020206,-11.33003175,-14.97318614,-9.88648778,-5.21524338
26.59765625,1.62313177,-2.94025619,-3.90047760,10.39379639,-8.37360013,-12.47126583,-4.88012636,-4.33758331
26.60156250,-1.17928659,0.79088393,-8.73689348,6.97045699,-3.69818749,-11.42760051,-0.21850343,3.40864837
26.60546875,1.22520891,5.41159731,-6.54018169,5.72462853,-1.80349420,-10.86939367,8.18471325,7.59497733
26.60937500,7.99198418,9.72553958,-11.04455071,9.69647587,1.20061317,-7.17448219,9.29289888,9.68785342
26.61328125,6.16509415,10.03361553,-6.15413361,7.55968848,0.39817913,-4.67434321,8.95153270,10.95772987
26.61718750,7.79754223,8.86404813,-7.19368370,9.56969121,5.61688074,-3.33177908,-1.50152238,7.91230562
26.62109375,10.31219418,6.91238382,-10.69693743,8.20008929,6.68292965,0.97228418,-2.41091687,10.19441812
26.62500000,8.38083964,1.31472795,-7.50558247,4.68577697,11.50020619,5.04576774,-11.11757449,4.71452217
26.62890625,6.62475409,-8.22999085,-7.67437554,0.42902097,8.22468223,3.65383862,-7.00461872,0.51137828
26.63281250,13.18157281,-7.63789577,-10.92215282,-5.87675606,8.10821389,5.35488350,0.16420449,-3.52295588
26.63671875,7.18134887,-7.62881386,-4.13206552,-6.92117053,4.14964806,6.76446086,4.24690812,-4.21302384
26.64062500,6.38447058,-6.85478816,-12.42010914,-11.38574167,-3.95579696,7.15165198,7.34502808,-7.26770364
26.64453125,4.43363282,-5.71092798,-4.46833054,-11.20345304,-8.76256767,4.04921280,7.39522013,-6.36128391
26.64843750,-5.17362967,-5.41705418,-5.64070144,-11.15663443,-2.96813875,8.57565527,0.55285548,-12.45144424
26.65234375,-4.97723935,0.60765674,-4.13534227,-10.46637163,-7.79416952,9.60524501,-5.90628101,-8.51846220
26.65625000,-3.94074181,2.22762045,-3.34621325,-7.71342694,-8.51172293,6.74829821,-12.28320604,-6.91277323
26.66015625,-5.33145455,8.82657189,-1.77120786,-2.82981785,-6.19011691,11.24179866,-10.54995304,-2.93119136
26.66406250,-7.62646754,7.33052371,-3.98397706,-1.32201052,-3.02743202,9.88161363,-4.03138956,-0.95712024
26.66796875,-7.98716059,5.42206816,-1.14882486,-0.52247799,3.04054958,12.32939718,2.12114436,4.75019370
26.67187500,-6.65000437,6.29146739,0.00797318,8.18568015,0.27031999,3.52310000,9.19745412,7.19454324
26.67578125,-6.48376731,-1.09628837,4.03296949,5.32112834,8.49326336,9.65811815,10.02548723,7.10140753
26.67968750,-6.65849781,-6.97107608,9.49106086,11.80354422,8.30491087,6.11186701,4.68228134,7.31448218
26.68359375,-6.59587495,-7.33567050,8.64319438,6.22402243,6.46208022,-1.98503563,-1.53400767,8.03142935
26.68750000,-6.81996400,-8.89498015,6.12295319,10.28220119,8.37222725,-2.55111056,-6.74212230,10.65909218
26.69140625,-2.97739179,-11.57339201,7.04236041,6.27378082,6.20810189,-1.90974532,-11.70012557,8.55658428
26.69531250,-1.19115399,-3.93808691,9.45881454,8.00088744,-0.15233219,-4.05389105,-9.87741678,3.20493319
26.69921875,-0.13823903,0.37605188,9.83130576,10.65159431,-2.30347744,-7.05599965,-0.55687164,2.67029638
26.70312500,-0.22580024,1.26648557,9.77192156,1.80692045,-4.93221216,-7.06755285,3.74280037,-3.42231826
26.70703125,1.92438652,8.54345532,10.98385062,-0.87757079,-10.55047798,-11.27113352,8.30028543,-5.64888600
26.71093750,5.16709541,10.21076954,12.10915853,-5.62169064,-7.86272511,-11.35057027,5.97718035,-5.14630036
26.71484375,6.80109595,7.75474501,8.69950301,-1.93940719,-4.91540865,-9.30653971,2.39201484,-7.05512512
26.71875000,12.88741588,8.98271413,9.79201161,-11.47269043,-4.94809320,-10.56950848,0.06625903,-4.51952073
26.72265625,12.88979896,5.21062478,5.24658745,-3.86757165,2.72206160,-14.10241577,-7.55011933,-9.04242180
26.72656250,15.75924041,2.28357041,4.70211013,-7.02811119,3.72954368,-4.20681113,-7.93481834,-5.98871390
26.73046875,10.96012232,-6.35044952,4.80364177,-7.06171637,-1.85509533,-6.03670501,-4.99683615,-2.01168652
26.73437500,6.41898205,-9.36593926,5.21856977,-10.68272159,4.58518843,-4.99110568,3.18865461,1.91911176
26.73828125,3.16696826,-9.87999490,6.52634382,-9.20426661,10.45794718,-4.08085151,4.10492689,3.11617133
26.74218750,0.29674901,-7.91104430,4.39602819,-6.28385754,4.60772277,-4.17105840,8.88068352,3.84745766
26.74609375,2.07475086,-4.45145657,0.65824497,-5.23342275,3.64194805,-3.00068723,5.47160327,8.62517639
26.75000000,1.41715324,0.69174536,-0.06739648,2.58882419,1.41203597,-1.06759468,-0.22772699,9.86889013
26.75390625,-0.32261604,5.91935133,-6.55116373,4.89342344,-5.51524522,4.45360258,-5.14122166,9.73685731
26.75781250,-4.81838254,9.44584897,-6.52249251,8.86041466,-7.37538938,2.31958251,-10.87657358,8.00036334
26.76171875,-8.88104744,11.69097240,-5.52155244,9.55187025,-11.03441175,7.35926202,-5.08582381,9.52398643
26.76562500,-11.45320174,13.10097944,-5.09690324,7.37045904,-9.44532709,5.17457649,-0.95903826,-0.75003964
26.76953125,-8.51509672,4.36666463,-3.48786872,7.92317016,-8.74452569,2.74723943,5.73230701,-3.84670871
26.77343750,-11.76814473,-0.58029683,-6.27423741,11.55258187,-8.35849815,12.94227598,11.13353764,-8.21005482
26.77734375,-3.06383878,-1.87060086,-9.93898753,12.76711593,-4.03639617,12.87198081,8.46671486,-9.16253375
26.78125000,-7.40447568,-7.43826843,-6.69249109,5.88644415,4.44552764,8.04055027,7.18367118,-10.05509077
26.78515625,-7.89512394,-9.32561011,-10.97272283,6.29320408,5.57833288,10.42517104,-9.22467966,-11.52404247
26.78906250,-7.39218709,-9.70176289,-4.65026353,1.47942152,10.29435591,11.26834325,-10.05205843,-8.42381696
26.79296875,-2.95900875,-6.23282009,-5.36256215,-4.65189908,9.36957076,11.07136428,-16.80554539,-7.65241154
26.79687500,-9.85351882,-6.34229627,-7.00161683,-4.82003001,6.60093391,3.58215390,-10.12796819,-5.11927447
26.80078125,-2.72355924,-1.07606142,-7.69034925,-5.00680562,4.63657055,1.30451539,0.85523310,1.05148760
26.80468750,-0.58746609,2.50194243,-9.18426130,-4.15208331,6.03203374,1.22820298,7.83896621,6.79401092
26.80859375,1.31564804,10.32411167,-9.36266849,-6.57445759,-3.65471964,1.60621972,12.11496363,9.94277629
26.81250000,1.84236822,11.32475243,-10.29414223,-7.11821355,-3.09031044,-1.17129984,13.03223594,8.86942445
26.81640625,14.08852223,5.88962596,-6.71650830,-9.27290499,-10.37410259,-1.65215473,-0.52407230,11.82600300
26.82031250,9.30499798,5.52713601,-3.32638295,-2.72362115,-9.29128569,-3.33327803,-4.87383047,11.46542309
26.82421875,11.69309362,0.59582155,-7.65049957,-3.45472499,-7.89367869,-5.48748635,-11.65167983,6.75150053
26.82812500,9.24119080,-3.12417249,-1.27136586,-2.64161332,-4.76839825,-8.19501983,-6.66763740,7.60156079
26.83203125,10.34261965,-5.99735665,2.33684756,0.72548343,-1.90851833,-7.92340191,-0.27484430,1.91337508
26.83593750,10.15570724,-13.77793920,-1.00295382,2.95742047,3.05524134,-5.91293214,5.95951684,-6.12654380
26.83984375,3.51457866,-7.30359742,0.70644969,7.87029528,0.95976732,-10.62047743,9.85195415,-8.93844324
26.84375000,1.55054184,-6.24462134,-0.31795365,7.61719867,6.60037745,-8.62175260,8.26380099,-5.98482382
26.84765625,-1.47815784,1.12768360,3.68400946,3.67587365,13.58106490,-10.51136986,2.07154475,-12.29390588
26.85156250,-3.34596916,0.03718620,6.18229294,8.18160762,11.32077033,-10.53091179,-6.19265357,-12.72889346
26.85546875,-2.61026675,4.09840539,10.04665296,9.25180437,5.00489328,-7.88214588,-9.43651008,-8.73420135
26.85937500,-6.94295481,12.39698463,5.33918192,8.56194496,1.16871365,-7.49613913,-8.49766695,-5.65264791
26.86328125,-6.99459108,11.35985816,7.31272422,9.63701857,-4.81995456,-2.49738257,-4.59844927,-4.75656232
26.86718750,-11.33298610,8.09510369,5.30563498,5.13870020,-6.94189350,-3.63604187,4.69953611,3.58441149
26.87109375,-8.84804474,9.33881454,8.80331043,4.68637457,-7.44858875,-2.35773106,11.29922882,2.89594911
26.87500000,-9.12474000,1.59384674,10.15867719,-0.50681541,-6.99213512,3.49202878,6.59828102,5.92180098
26.87890625,-12.42313656,-2.40293335,11.40253464,-3.97890720,-11.97344797,4.06528260,5.09228207,5.92434986
26.88281250,-6.07224698,-9.87866000,12.64172409,-6.76752661,-5.59165982,6.28736771,1.88666656,9.89638953
26.88671875,-12.17524974,-9.13667027,9.16016183,-10.61092432,-0.21703414,4.36901925,-9.63838216,6.78652006
26.89062500,-5.17368859,-9.55832661,2.46183147,-11.55159428,0.76423250,3.21902782,-10.96778192,8.70931540
26.89453125,-3.45511445,-7.49899959,6.99101519,-10.06115207,2.99292219,3.74625904,-8.53295093,4.26639134
26.89843750,-0.18191899,-7.17436295,6.82890176,-11.70057697,7.09398958,8.58219508,1.66484389,6.23548980
26.90234375,1.02002411,2.03780683,0.94937466,-13.09144836,12.72133759,10.34217104,4.12849749,-3.28042896
26.90625000,1.55348225,8.40012592,6.17112388,-8.73643995,8.47035797,9.82889802,10.51178192,-4.67113138
26.91015625,5.27121327,9.54342266,4.56256802,-6.17912342,10.28566093,8.13800361,7.37976884,-4.56243622
26.91406250,3.43478615,8.01839680,-0.93115715,0.65960075,4.58415364,6.47975456,3.54035894,-9.92152848
26.91796875,8.17535037,5.87998374,-5.63190399,0.10930093,1.22111000,7.70933878,0.05142751,-5.48209207
26.92187500,7.27470318,4.78699478,-0.75299595,9.49465241,-8.69748716,7.29978002,-9.15489246,-4.53977605
26.92578125,10.19558986,4.34376535,-6.13986536,10.93800551,-10.40059576,5.49355616,-5.40773753,-6.27801703
26.92968750,11.59630714,-2.97280908,-6.10487198,10.98968585,-11.06780643,3.46554958,-9.31104541,-3.48277968
26.93359375,8.11324923,-9.56443757,-8.13969177,9.22891325,-11.11373870,5.17432459,-0.06172791,-3.38275538
26.93750000,7.06358666,-10.36041510,-7.01508214,8.43636647,-5.04463209,3.65150038,7.40652261,4.03307278
26.94140625,6.25004980,-9.75362478,-10.38792271,7.66208359,-5.13410846,-3.53053315,8.30811543,7.71268630
26.94531250,2.90439098,-7.28576691,-6.49159874,3.70011984,0.66788578,-1.46565155,7.91233404,6.87601676
26.94921875,-1.56285289,0.46066645,-10.22309114,7.49128755,4.09590013,-6.80754896,0.33207969,9.68284756
26.95312500,-4.96170343,5.97036958,-7.55973227,3.31712745,8.69532366,-3.73095583,-3.35307257,10.15350164
26.95703125,-3.89994391,9.10776107,-13.79000014,1.32225966,11.73624220,-9.84038406,-10.79190515,8.50478148
26.96093750,-4.71347283,8.99794765,-10.96636872,-1.53649758,10.13023597,-8.74946516,-6.62135551,4.35219305
26.96484375,-10.09548944,11.44124655,-10.88985932,-3.30151201,7.48792788,-10.28899321,-2.66330847,1.48008825
26.96875000,-12.14328680,7.03727236,-7.43699291,-8.78346724,2.12658368,-11.98950205,4.53166678,-2.47421784
26.97265625,-6.61392589,4.44719272,-8.06559287,-6.39870156,1.63366835,-8.94327667,8.05164150,-8.02380244
26.97656250,-10.82936110,-6.58347202,-6.92585136,-10.08926589,-3.95709570,-7.35924237,10.14241206,-7.10836424
26.98046875,-6.93629643,-6.97754852,-6.68249882,-10.94468011,-13.33226656,-6.12985772,6.55833209,-9.48021477
26.98437500,-5.70791453,-5.40226586,-3.58242553,-11.26814714,-15.63150017,-1.22979493,0.36834069,-9.67329278
26.98828125,-5.16358558,-9.30113340,-1.16066946,-9.22861198,-12.50059188,-8.21368967,-11.08032364,-8.76516090
26.99218750,-7.32220422,-9.58486244,1.61864062,-8.00651394,-11.94610347,-5.57176945,-11.22983908,-5.24764750
26.99609375,-2.92462530,-5.54511401,-0.63202551,-5.50198465,-1.58039402,-5.10595865,-9.99976130,-6.88956772
27.00000000,-2.95100596,-3.48348509,1.40187322,-3.84856216,3.80542880,-4.09874684,-1.71996069,-1.14632619
27.00390625,-0.74342248,5.98909542,-1.13523511,1.32899669,8.97301057,-3.08935318,5.93423107,2.56125779
27.00781250,5.67601609,9.30149631,1.07109159,4.67875627,11.66390774,0.90482300,5.56766146,10.63373739
27.01171875,4.50910638,7.64958418,4.25095733,11.48673764,12.98170806,5.54405743,6.90344130,11.80633048
27.01562500,8.90354046,10.08381770,2.69432544,12.63491047,9.26640780,6.34916103,-2.46508408,9.13385391
27.01953125,10.94774442,8.14946851,6.79337557,11.22947081,5.52456036,9.11553195,-1.25788609,11.64349031
27.02343750,10.06675941,5.66273650,5.43680021,7.49203361,2.26092931,9.63418638,-12.07191681,7.42198365
27.02734375,9.05255086,-1.49225938,5.05869751,10.35934386,3.07244016,6.87774555,-8.41385763,4.24757435
27.03125000,14.13342983,-5.52467250,11.25864070,11.80625281,-2.99774837,11.48544498,-4.81292302,1.19144328
27.03515625,5.58441380,-9.65692472,12.01956100,7.18266103,-9.30273092,14.00856201,2.67168807,-3.07682837
27.03906250,7.50549483,-5.24146726,13.44351589,0.95697441,-7.03633626,9.37739014,8.10605620,-6.02076412
27.04296875,5.15905504,-9.43897647,12.49241431,-5.16764040,-16.50236202,9.92724431,7.17882169,-9.48780833
27.04687500,2.09210155,-2.46586628,13.89913760,-4.55000082,-4.99593364,5.05208418,0.44854097,-9.14551802
27.05078125,-4.08570671,-0.95594014,12.81484972,-2.97079130,-3.71379544,2.81580428,-2.21864979,-11.83689458
27.05468750,-1.24731381,7.31145776,6.12347903,-9.86532006,-1.38177914,1.99150082,-9.32041029,-10.63598425
27.05859375,-8.06825304,9.70131864,4.46472139,-12.41203341,3.94690380,1.92737139,-8.34683242,-4.30911587
27.06250000,-8.26983079,10.79931475,6.84608196,-9.25714373,1.86647936,1.61742298,-6.46526273,-2.55092293
27.06640625,-5.73701538,9.83857876,6.79424332,-8.13306996,10.28507299,0.88183171,0.67511528,2.26762979
27.07031250,-6.12946189,6.03065330,4.40010948,-7.45264300,8.70087938,-2.51513065,7.83725426,5.89238401
27.07421875,-6.54347544,-1.42140934,5.32278887,-7.56942081,7.24334540,-7.75884949,10.62603304,8.01815059
27.07812500,-10.34415758,-5.45447575,4.41028794,-2.78215351,3.19167328,-5.70248638,9.91177275,4.62534364
27.08203125,-7.50154825,-7.15225064,2.56784521,-2.66828831,-2.97007415,-6.59326683,4.52539399,5.06589097
27.08593750,-8.43599349,-11.88656492,2.74219139,1.85549344,-0.63135551,-9.27981884,-4.23197724,9.01392909
27.08984375,-4.79264176,-8.69070545,-0.45613240,4.42333648,-4.54180566,-8.62952109,-12.21790422,4.29140626
27.09375000,-2.10207005,-5.90116300,-2.38349840,8.29277157,-11.14320508,-12.68634552,-7.30067501,2.52143463
27.09765625,0.90478192,-1.11436234,-6.53653539,6.25689427,-11.84477931,-7.47107585,-4.93657135,-0.02252474
27.10156250,-1.00905133,3.46457271,-6.05050300,8.55258040,-8.31568339,-7.23996230,3.82048635,1.09559271
27.10546875,5.96850179,3.60837191,-8.04559149,6.07778648,-6.14066163,-8.65517449,6.23585823,-10.00580263
27.10937500,4.19559385,7.96793938,-8.98015532,8.87346172,1.17029703,-8.78933286,12.90319626,-7.58369068
27.11328125,9.27442919,6.35060141,-11.30199522,7.77203248,2.49189721,-6.32582099,8.35412701,-13.37342975
27.11718750,4.65388125,7.22660270,-10.48027051,5.81834519,7.45310408,-5.27339027,2.68657687,-6.16004247
27.12109375,5.51908782,5.31501189,-17.29388152,-0.23972008,6.90815702,1.53719759,-6.07121156,-8.01187758
27.12500000,9.39767745,0.17561142,-12.92548843,-0.40244029,11.12982750,5.55867754,-13.72041834,-8.73464753
27.12890625,11.58130669,-4.61932223,-7.40942627,-3.52050513,9.20318456,2.11721737,-8.63696337,-5.64267747
27.13281250,12.70569161,-3.91630149,-12.38070663,-3.26759967,3.41349928,7.10046202,-0.09430736,-4.63678305
27.13671875,9.46273869,-7.63387863,-8.43041068,-8.29879853,-1.36217413,10.13472024,4.56631037,1.00006586
27.14062500,5.07319481,-11.07065519,-6.10261085,-10.16717521,-0.41973604,5.89520308,7.14003264,2.50796519
27.14453125,1.27875613,-6.85914482,-7.87414324,-13.17420272,-5.78377129,4.66108038,6.57482691,5.24865842
27.14843750,-2.14977249,1.07336106,-6.32063056,-10.62781514,-4.96012446,4.27458348,3.35333700,11.15581274
27.15234375,-3.38462104,1.51598016,-6.21455076,-10.31003753,-10.03570587,10.10761790,-7.53918125,10.33768902
27.15625000,-8.79452175,5.90825791,-5.37531500,-6.03866795,-6.46412624,9.85176424,-8.50414931,6.85496075
27.16015625,-5.76353449,8.62624491,-2.36672231,-7.58879173,-7.02998810,10.48728561,-8.23068929,7.44332730
27.16406250,-8.78339909,8.51295369,0.99787682,-4.45349571,-5.69705409,10.61294783,-3.50215375,3.20640285
27.16796875,-8.11244157,9.13792165,-0.31015348,2.40589086,0.64772717,11.77580232,4.00503259,1.06283476
27.17187500,-8.85663263,4.41062223,1.46238407,3.64912305,5.14333534,6.15083375,4.88683711,0.72608969
27.17578125,-6.13221662,-3.02203500,5.05188300,8.28760887,3.77157813,6.08627911,7.46585098,-8.24656642
27.17968750,-8.66169444,-4.94177930,5.21132621,7.07441197,9.12742029,5.45904806,4.25867768,-7.49472298
27.18359375,-4.77557573,-9.67114228,7.66057309,8.76857851,13.15908939,5.55732035,2.19572906,-9.89055276
27.18750000,-7.86387524,-10.42259364,10.19286899,6.45156993,7.27535780,-0.72343517,-8.04511115,-11.67496683
27.19140625,-1.45559287,-10.13345523,11.64266085,8.04742022,2.19122248,0.28884527,-13.51572556,-13.58011671
27.19531250,-1.20494791,-5.47127836,5.44609722,2.48080807,3.20771002,-7.15336311,-11.88226824,-8.49376857
27.19921875,-3.07412171,-3.80488015,10.76943377,1.83390242,-1.05804977,-7.68041697,-0.77351547,-0.98209027
27.20312500,-0.61681624,-0.97261060,15.43360787,1.56734719,-6.50350971,-9.64929859,4.24325135,3.12892252
27.20703125,3.96478780,8.30834127,10.63482268,2.03959576,-4.72579422,-13.97556604,12.67400108,8.92809072
27.21093750,7.86023814,11.74385341,8.67658280,0.48512775,-8.75344209,-8.57263694,4.69864744,7.52428452
27.21484375,7.33664299,8.36422316,8.32977110,0.37547886,-6.74331090,-12.13288564,4.25734188,11.79437254
27.21875000,5.22326428,8.05847105,5.55585686,-5.85105752,-4.33028258,-8.04638096,-4.26785985,11.86470042
27.22265625,6.72408871,2.63046091,9.05795438,-9.67601507,0.47576318,-8.71538966,-11.14064536,8.07477754
27.22656250,12.23811139,1.38523116,9.83603560,-8.37637420,3.99531311,-9.75098975,-7.55287114,7.67880687
27.23046875,10.64066239,-6.81935665,5.67077353,-10.27839053,8.80927810,-3.24101127,-4.94560486,2.96935755
27.23437500,9.66254402,-7.01214392,5.49778769,-10.11073948,8.40805596,-3.04190524,1.17482648,1.66224993
27.23828125,10.46209165,-7.46226966,-1.33023233,-6.83892586,10.41382368,-3.91511659,6.21209743,-5.44216254
27.24218750,9.10385168,-7.19485405,1.52310167,-2.18076458,3.72861766,-1.64011569,6.59343444,-5.93881333
27.24609375,4.78261663,-2.48321562,7.13329684,-4.58544330,5.51461124,-3.73119332,6.24910709,-12.39803992
27.25000000,-0.09427159,2.71933981,5.75942597,2.18454128,-1.02001555,-0.43646032,-1.52567958,-8.77429242
27.25390625,-3.89348670,2.58882598,-1.69046967,2.87544426,-4.49666370,-0.74363795,-8.92860747,-7.22279322
27.25781250,-6.10303940,7.14951038,-4.36573503,2.03996210,-4.79543037,4.96956206,-9.61675248,-4.49728103
27.26171875,-9.79628407,9.89185889,-1.82252535,6.64346095,-10.61390749,8.40407547,-7.55231486,-0.04654541
27.26562500,-4.90945339,12.64229733,-8.37733816,7.10873158,-5.83725037,9.53025165,-2.17035385,1.97562049
27.26953125,-5.53299329,10.12615373,-5.21404500,12.25427109,-12.13252066,8.64911253,6.50745754,3.99190288
27.27343750,-6.95569874,2.16034863,-6.44685502,12.91741269,-6.53317085,9.81985759,10.20126957,2.72761054
27.27734375,-8.85851595,-6.06671738,-8.73482727,12.90855600,-4.60548928,12.82623773,10.26589699,5.62669628
27.28125000,-1.99066170,-8.41787856,-4.44036239,7.94535200,4.16415094,12.31111403,1.22943592,7.19286657
27.28515625,-6.58047137,-12.02195611,-9.89835113,2.00639226,8.52466174,14.22243627,-6.26823570,7.70330729
27.28906250,-7.00639886,-11.59604442,-8.76619941,1.64868871,9.83724041,9.60185962,-16.48217984,3.64885472
27.29296875,-5.63053961,-10.40382110,-10.96111615,-1.48307336,10.29969802,8.85805253,-13.08236948,0.92859900
27.29687500,-1.39083407,-4.14643331,-9.24108652,-5.19295704,10.48398226,7.62102393,-4.72679445,2.87883088
27.30078125,-0.68968115,0.27269772,-8.51583000,-5.23974542,4.41599622,2.65246909,-1.44635437,-2.86885606
27.30468750,4.16173981,6.28789842,-8.29181174,-9.85882865,-0.58521362,4.15241640,9.99545297,-3.10741314
27.30859375,-0.78362701,5.71224426,-7.85520218,-11.15667700,0.46135722,2.46722656,9.24036012,-8.01401523
27.31250000,5.90042984,7.88693541,-9.87753162,-10.75599092,-5.77920711,-2.33337837,14.36607592,-9.37896306
27.31640625,9.40482496,10.28125830,-9.97485697,-5.85627900,-7.48982702,-3.19752677,3.61465285,-4.20364904
27.32031250,9.73463925,7.44171718,-3.96922349,-5.77290579,-2.48560376,-4.62442701,-2.49118734,-6.49504044
27.32421875,5.76524335,-1.12096374,-4.82964076,-3.52355352,-9.75470755,-2.45955438,-6.52467269,-6.16178751
27.32812500,11.53507493,-2.49992455,-9.05815381,-1.19402765,-6.00557671,-3.21456758,-4.17486484,-3.93273267
27.33203125,9.77920790,-9.26090114,3.16541185,0.15080440,-2.42835723,-2.01454689,-8.18267683,-2.80946768
27.33593750,10.86018287,-9.94819189,2.04670027,-0.19723057,-0.14125777,-4.96234896,0.62356065,2.30242973
27.33984375,3.61305895,-12.54087932,1.42113313,4.74807260,4.46660276,-4.11931493,7.86412052,0.55373306
27.34375000,3.94324621,-8.25328320,7.15670728,3.46121521,9.61397542,-14.49245611,6.16919355,6.61694235
27.34765625,2.37768356,-4.56107885,3.86014730,6.31195534,12.97908775,-11.85260517,0.33161947,8.12316268
27.35156250,-0.73541924,-0.57821586,7.13394776,10.46123220,11.61166284,-9.27461645,1.69355379,7.86581327
27.35546875,-3.73301171,5.82483210,7.41651578,10.86851846,5.81250745,-9.36825444,-5.90261310,9.86992332
27.35937500,-6.48786387,8.01683386,3.85400511,8.93820362,3.20792212,-4.36208992,-11.50055959,8.65868059
27.36328125,-7.87407544,10.09963798,8.96107404,7.58516291,-3.25709268,-7.20603507,-4.63216436,5.93113041
27.36718750,-4.91441026,5.92731508,11.01577266,3.82603624,-7.81760157,-2.76658163,2.65089593,-1.41123238
27.37109375,-7.72502932,0.78001874,10.00987186,2.15683008,-5.59559194,-1.68938005,10.47190897,-3.85157671
27.37500000,-10.86060867,1.30246372,8.74576257,1.46002895,-7.68343798,3.14511964,10.12733428,-5.95446049
27.37890625,-7.96744441,-4.07838361,10.56636599,-0.35125604,-7.72225391,5.29269265,6.35971398,-8.37026261
27.38281250,-8.46863230,-6.12478220,12.26574186,-4.96448125,-8.98485340,3.95099745,2.53722261,-10.27577363
27.38671875,-7.90880153,-8.14676647,11.75136515,-7.12069143,-5.72063694,5.75451231,-4.70372002,-11.02228869
27.39062500,-6.92013722,-10.65450648,11.54029057,-14.39396281,1.71995350,5.61270469,-11.22751308,-9.80366160
27.39453125,0.09155384,-8.99095238,10.59911058,-10.43766714,4.17454922,5.90918747,-9.20992748,-5.33901006
27.39843750,1.14317281,-2.47100392,7.02873334,-12.29067577,10.09163478,7.44794248,-8.69940535,-4.44245581
27.40234375,-2.44425301,2.24013496,4.96198374,-7.58361898,12.22694652,4.56325704,1.80793212,1.55768196
27.40625000,-0.72424237,8.22535305,6.58851476,-6.41439389,11.10261032,10.55946251,6.26206590,6.44076639
27.41015625,3.78137733,7.64820796,1.55737022,-1.57136594,9.41920977,4.03379913,9.11574769,14.39777725
27.41406250,6.99707606,15.26280095,-3.12054959,1.86153877,1.40413415,10.97910467,8.31303746,11.56368733
27.41796875,8.53444368,7.09217743,-0.23520551,-0.39339386,-1.50377812,8.22014634,0.35261123,10.39415314
27.42187500,10.55658707,5.87818263,-1.94755601,6.56079985,-6.28022659,5.84910594,-7.81102282,5.84178397
27.42578125,12.07401388,-0.31916253,-1.53562667,5.64344029,-9.62916747,8.98322778,-7.89502834,6.03975605
27.42968750,8.59035173,-5.36821447,-7.59409458,9.34410180,-12.38682811,6.28113207,-4.04448073,-1.54816058
27.43359375,11.45848482,-9.01679932,-5.00464196,9.17524807,-10.88030295,1.33710103,3.01444661,-1.24627224
27.43750000,6.48124612,-10.15014483,-8.71112087,7.69234920,-7.47206314,1.20449890,6.48187668,-3.21894564
27.44140625,5.02881847,-11.92688989,-7.72326556,6.07743264,-4.19682694,-0.10798061,10.17690240,-7.65714046
27.44531250,2.67686846,-6.31423498,-5.36702716,11.75209337,-0.25643393,-4.97730260,9.77010386,-9.15469043
27.44921875,4.22222000,-1.50916362,-7.62510172,1.48637565,5.04390166,-10.71121951,2.19009662,-12.00164655
27.45312500,-1.49334736,3.49371483,-5.61455087,4.13539553,8.57755331,-2.84558535,-3.72388893,-10.93122546
27.45703125,-6.29521269,7.01222099,-10.20079440,2.89137156,11.38280281,-10.92660577,-6.39599001,-7.87403144
27.46093750,-5.27250009,6.83600996,-9.74665850,-1.78958330,14.57792397,-8.96299705,-8.66147087,-1.76029861
27.46484375,-3.67230389,9.72191017,-11.68356800,-1.22103519,6.58319740,-8.70661662,-0.40744121,-1.08481442
27.46875000,-11.63842587,8.32489105,-12.06256089,-3.88437067,2.45047834,-10.51489229,-0.20077560,4.03672850
27.47265625,-6.02201409,3.18464669,-8.09916591,-4.05414477,-1.96392517,-8.52090178,12.09065313,6.61136295
27.47656250,-10.46769457,-2.66067023,-5.79103259,-10.03291840,-8.07084792,-9.10671012,8.24585828,4.40525923
27.48046875,-9.65414476,-4.08308494,-5.32776357,-7.48635190,-9.35805224,-6.04513993,-0.10055401,8.22158653
27.48437500,-4.06495178,-10.52111329,0.69418139,-11.60151062,-10.26581874,-12.56805845,-4.26491803,8.27166257
27.48828125,-6.90372641,-11.04863522,-5.51345091,-6.62885282,-5.83655080,-4.14576510,-10.56434684,8.41422808
27.49218750,-5.78011944,-11.18312777,1.22277264,-4.28563179,-11.37624917,-7.01911289,-10.20692340,7.68823627
27.49609375,-3.75629132,-5.49014803,0.65358405,-2.27355036,-3.70065300,-0.89831510,-9.54774483,1.73127535
27.50000000,-3.47804494,-0.86265177,0.29626452,-6.73226806,0.83606397,-6.05456251,-2.82710226,-2.21028877
27.50390625,4.26199171,5.00852849,2.19322720,-2.50079037,7.80156439,-2.46976681,10.84167860,-5.98490340
27.50781250,5.34040559,6.44435958,2.82136082,7.01989064,9.43200011,5.35850461,9.24422591,-4.95276923
27.51171875,0.80397283,11.04374146,0.78781460,6.45943773,14.79514551,-2.92890015,11.96833327,-7.93375251
27.51562500,4.39632994,11.20676756,3.62380187,8.75592687,13.37789519,3.74569064,3.71360000,-11.93840039
27.51953125,9.01483349,6.90555954,4.41655955,9.56908619,11.46108161,7.39181231,-6.32199887,-4.36884364
27.52343750,10.33115153,7.67682320,6.18996566,11.95989435,2.21893298,5.74888717,-9.81411615,-7.30037810
27.52734375,11.77067230,1.56289670,13.87032316,11.48303061,-2.70571487,14.00400189,-7.56181113,-1.51033083
27.53125000,8.55785494,-5.74902273,7.27276139,8.26437407,-3.01222188,12.90438064,-0.48195365,-2.20352175
27.53515625,2.74266952,-10.67599238,11.49900074,4.39271563,-14.69412406,12.93333461,1.63308837,3.40188162
27.53906250,6.78248426,-12.14228353,16.39376964,2.15803609,-13.23747753,6.25891877,7.83070025,4.27248595
27.54296875,4.24497771,-6.19264795,5.08456163,-4.79717588,-10.93967815,7.09222774,6.53268023,8.25049481
27.54687500,-1.41343915,-3.07249113,12.20678348,-6.42761676,-6.70898999,7.20339867,6.41291996,9.17457016
27.55078125,-2.44606343,2.66993004,8.75815020,-4.46542469,-5.42367701,4.87145824,-0.62429282,10.23794664
27.55468750,-4.93360369,5.83211532,10.47467089,-9.56545643,-3.87679812,2.88630577,-5.57318527,8.52712401
27.55859375,-4.14606449,8.62381251,8.13844590,-10.94861863,4.09777944,3.49504389,-8.77267365,2.19751201
27.56250000,-3.46325008,14.32316574,5.99889890,-8.86761261,6.04931261,0.65750356,-5.22569814,3.82774398
27.56640625,-5.25183919,10.46436898,4.45894575,-7.13018705,5.76596305,-2.75258314,0.65596143,2.80252638
27.57031250,-9.21110814,3.50577762,2.10637884,-0.74229199,8.44027745,-1.83580097,5.34165146,-2.48338479
27.57421875,-11.02809238,4.18259943,2.06668085,-5.69864403,6.62397474,-3.83562944,10.83642779,-7.66966820
27.57812500,-5.54345740,-2.59652073,4.23868999,0.12693339,2.98441452,-6.90394383,7.03941627,-13.48241925
27.58203125,-4.33650767,-6.47584925,0.75870951,-1.11449281,-3.72266179,-10.09424916,5.58366779,-13.77773089
27.58593750,-4.99302378,-8.65057213,1.23753981,2.82676324,1.09185063,-6.82974692,-5.46110706,-13.13602675
27.58984375,-3.95524736,-8.69027654,-2.03850825,5.42512331,-8.51377847,-6.90387998,-9.18708147,-11.43402899
27.59375000,-1.99065128,-7.06790710,1.42326104,2.56616091,-7.69731800,-10.29701473,-10.00464782,-8.38543675
27.59765625,-2.30647867,-7.57755654,-3.77681470,3.53949475,-9.69645977,-11.19888075,-2.09709660,-2.11534017
27.60156250,-1.39517772,1.06427598,-4.40859811,8.26221631,-7.08235337,-11.86468862,3.91689498,4.05787349
27.60546875,1.35620119,6.39984178,-9.23866541,11.10351311,-0.34418678,-7.85662720,9.11115410,5.90176721
27.60937500,5.37336524,11.85450780,-8.55820630,8.11468081,-2.57845623,-8.47990628,9.74884609,11.43785550
27.61328125,7.94239001,13.80884750,-8.98903356,8.16863855,6.28610158,-4.16814732,8.82271515,7.54493497
27.61718750,7.87756543,5.99377244,-8.86561001,6.88768589,8.55940708,0.59274751,2.90038445,9.69187503
27.62109375,13.60754875,4.40461564,-11.36285218,5.00750352,9.02238893,-1.17821282,-7.80990173,7.22295238
27.62500000,12.03148211,2.10846838,-8.62105760,5.06812665,11.02592825,2.57743065,-10.45268219,8.77746051
27.62890625,11.86287947,-4.40371767,-10.11159721,-2.32524063,6.43271082,3.48161289,-7.31298341,1.91035593
27.63281250,11.81055566,-8.33361244,-9.61167185,-1.86144687,4.56659575,5.44296112,1.26558323,1.22657493
27.63671875,8.02789591,-9.02739555,-7.07150404,-9.52085747,3.35290438,6.54931516,4.56951386,-1.19846571
27.64062500,7.14385923,-8.12267875,-9.66319157,-7.45130698,-2.16752723,4.83745407,10.71422730,-7.18266622
27.64453125,9.63570541,-8.84326902,-6.10734138,-9.29782110,-11.91936998,7.37505851,7.89374683,-8.13117611
27.64843750,2.57148857,-5.20887079,-3.22141808,-8.68263529,-7.80661972,4.57858323,-0.50420717,-9.78308119
27.65234375,-5.91071438,1.36359367,-6.63151446,-9.47375098,-9.80959810,5.80077598,-6.19086654,-14.41936547
27.65625000,-5.64055212,3.26699524,-7.04620341,-8.99288759,-7.40606090,3.51699547,-10.17818488,-9.38938138
27.66015625,-8.15353855,8.66532046,-4.05051989,-7.51233049,-6.10803489,9.48070324,-10.68073988,-1.91936965
27.66406250,-7.32179787,9.33678925,0.95325030,-2.42907274,-0.59917454,7.68446048,-4.23360510,-3.75332282
27.66796875,-14.51638117,11.41916206,-1.51099809,-1.00278210,-0.53451127,7.39745432,2.76565390,2.34990330
27.67187500,-10.61737619,8.16405092,2.04004231,5.09384947,6.48629839,9.27353666,9.51280616,2.32806627
27.67578125,-8.76296736,4.81481277,8.49212951,2.07960527,4.81213468,7.19334722,8.01852734,4.48407561
27.67968750,-6.74606266,-7.21012955,9.63710545,4.11724219,10.35323955,6.49622731,7.17401201,9.27133984
27.68359375,-8.48552947,-6.79143849,7.32794120,5.78584762,8.71365120,2.52617658,-4.20349397,9.78498720
27.68750000,-6.36716772,-12.38971212,7.72583449,5.71453999,7.02980319,0.11641826,-11.66460786,7.59703342
27.69140625,-4.33338510,-8.49033175,12.24965819,6.72742178,3.17544911,-2.22015899,-13.16766739,9.82887195
27.69531250,-3.43371838,-8.76776488,11.00510656,6.76737025,-2.63470812,-1.32524733,-8.90776261,1.96698656
27.69921875,-0.75086334,2.47562535,7.61702665,5.75255577,-5.56958863,-6.72138640,-2.65482800,2.12109710
27.70312500,3.45408158,1.65369533,9.82149443,1.24276044,-9.17589783,-6.04796085,7.56985883,-1.54960162
27.70703125,2.09704876,4.78641495,10.45910850,3.15322714,-9.04978206,-9.95615573,10.38438331,-3.97682724
27.71093750,1.69037299,8.20632332,8.47166794,-1.19725887,-10.77112386,-9.67284629,7.58587220,-7.06810696
27.71484375,7.29189330,8.32892603,8.15561115,-4.96795838,-6.31319754,-10.73359137,2.29343966,-10.01125105
27.71875000,10.10523746,9.62436212,5.49207427,-6.01400223,-4.73816116,-12.21989301,-1.51299324,-7.38880285
27.72265625,8.30907997,2.89682694,6.87827638,-6.48456253,-2.27681030,-7.88714832,-9.87973249,-6.69420011
27.72656250,8.89676589,-0.15127973,3.58453434,-8.20059334,5.35916935,-7.26491969,-6.58316236,-2.10863955
27.73046875,6.45245877,-5.79192801,6.89977970,-4.11113049,2.35054644,-7.43321453,-5.96595469,-0.87508373
27.73437500,9.49104164,-10.28932328,9.69537514,-10.11363851,8.40208645,-3.35266012,0.60581132,0.82502886
27.73828125,7.24666733,-13.96184847,4.47219718,-2.67784739,13.70224316,-7.20354492,9.28911045,-0.62986403
27.74218750,10.34799741,-6.61629107,0.37124177,-6.53148341,2.37777207,-5.04517064,8.67401939,6.30578670
27.74609375,2.41906474,-2.07922372,2.18953854,-6.25381458,4.24423769,-0.60623773,5.07383908,8.79698802
27.75000000,-3.26671462,-1.37600893,-2.00161357,3.73081293,2.25303646,0.54416638,-0.59481815,10.68091529
27.75390625,-2.43129167,5.62959782,-7.20790287,0.33747952,-6.32908601,0.59893379,-5.36214775,11.79827065
27.75781250,-4.34591505,6.87087455,-4.94769087,5.98985848,-8.14012818,5.74024205,-9.72370327,9.22011841
27.76171875,-1.36354140,11.84702241,-5.83547739,7.32424426,-9.34739112,5.15097034,-7.00159827,8.54830443
27.76562500,-8.98078932,8.79619238,-3.34344061,9.17856838,-9.00296409,11.24793409,-1.59584430,2.81736333
27.76953125,-10.29766043,5.69983231,-7.78470720,11.86748234,-8.10761610,11.79209946,5.92457000,-0.11768635
27.77343750,-9.33347371,5.60888314,-9.00463725,11.65440099,-8.09557055,7.33914982,8.25173944,-6.81965164
27.77734375,-7.05774778,-1.51762393,-8.60559204,10.02967269,-0.09285742,11.86191797,13.08449108,-8.98631735
27.78125000,-8.53098003,-5.80657226,-7.15143306,2.77010965,5.57088691,11.70507914,5.18166436,-12.83253035
27.78515625,-8.03592183,-11.11436852,-9.27930082,2.09740733,8.59218341,10.50124176,-8.12507552,-13.77976601
27.78906250,-10.02756268,-9.84921096,-6.06739876,-0.31934223,4.32889397,9.56567277,-9.82448897,-10.97680997
27.79296875,-5.14467034,-7.01499210,-4.25986986,-2.47089770,8.35435416,7.26131040,-14.76575358,-7.18717495
27.79687500,-3.43059321,-1.36407815,-9.70268298,-1.49705574,10.89053704,5.03113359,-8.17190106,-4.94447854
27.80078125,0.78674937,-0.42292802,-6.93035227,-9.28160634,5.94838577,5.41749685,4.89240858,-0.63999612
27.80468750,1.71911345,3.69034381,-2.00132710,-11.09453654,3.28071648,0.12863288,13.13269853,7.33035541
27.80859375,3.41122720,7.94268341,-8.64422287,-8.80457134,-0.15234333,-3.47678866,11.44406724,10.72927713
27.81250000,3.42542769,11.86407204,-10.08200845,-6.80710123,-2.69969866,2.17205201,11.16192625,8.27277473
27.81640625,8.25948957,5.75389741,-10.27603600,-10.88781780,-11.64466833,-0.90875285,0.42991422,12.23399006
27.82031250,9.43112840,7.63712523,-3.75776586,-9.97669138,-11.54608398,-4.92449814,-3.59397505,14.69607665
27.82421875,11.96394295,1.77464394,-0.61230461,-4.18266064,-8.49789978,-5.84724035,-8.28722632,10.56847210
27.82812500,11.39549262,-3.82322596,-1.30288121,-1.76401380,-7.22796749,-8.14060201,-5.16010236,3.75934285
27.83203125,8.02010160,-6.53412019,0.96444006,-3.20963095,-5.08779948,-12.16772763,-2.93989534,-1.54596985
27.83593750,10.91735228,-10.43224367,0.33391025,0.68678269,2.55090235,-3.50694609,1.92632256,-3.12653397
27.83984375,6.14006572,-6.57297949,5.45933787,2.95844998,8.29116734,-10.00691778,7.12839852,-5.97856342
27.84375000,2.34910816,-7.72312902,4.12641405,9.87523999,6.12947022,-9.40310414,7.08341962,-8.95867224
27.84765625,5.32320067,-4.34633352,7.80021686,6.17877775,5.54665516,-11.37970104,1.67538432,-9.88586886
27.85156250,2.16784854,-0.54863848,7.99077079,9.47969577,8.20810516,-8.79956633,-3.53214730,-10.75325155
27.85546875,-5.80233342,3.91680648,7.85373156,12.03409624,3.96015424,-13.28658956,-7.89747696,-10.84358258
27.85937500,-7.78300278,5.78206117,5.64096286,8.05692190,1.25581695,-10.43687671,-9.22765808,-3.51001254
27.86328125,-7.25984582,9.29508917,6.14229605,9.32040168,-4.37830322,-5.62366079,-3.80742070,-1.34963283
27.86718750,-2.04648449,9.02459445,6.38865668,8.40970396,-1.44606046,-2.70005255,0.37750660,3.08260829
27.87109375,-10.19425968,3.00748234,3.89544475,4.81702289,-7.67409325,-4.51702225,6.93641530,5.83024893
27.87500000,-6.76264925,3.81517954,10.39685183,-3.83556637,-9.23319814,-3.67808985,7.07927492,4.41548490
27.87890625,-9.76642443,-4.01836745,15.44053222,-3.58921919,-11.08736142,0.05468880,5.83565797,7.18482992
27.88281250,-4.60599903,-9.92198170,12.01244403,-6.83913951,-6.69139884,2.50398173,0.71421942,9.84795858
27.88671875,-6.30792946,-9.20039187,10.02377822,-8.51519267,-1.52310361,3.83134572,-5.57969403,7.54036393
27.89062500,-6.25384921,-8.93504174,9.82860043,-9.29040265,-2.59267048,5.57831949,-12.40438178,7.65261996
27.89453125,-3.09702450,-11.27458000,7.53127336,-10.44263282,3.52286305,8.59823709,-11.16680421,4.21281987
27.89843750,-2.60271954,-5.56570341,4.83939258,-13.89473512,6.83126293,10.33834427,-3.57598119,3.00107094
27.90234375,1.33383725,2.51821424,3.68629914,-7.72085778,12.28075142,8.91980299,5.67513507,-0.44884814
27.90625000,0.79772273,8.35571464,3.75592464,-3.66262823,11.75865034,9.74210300,11.67486484,-4.83580541
27.91015625,3.42331506,10.50860820,-1.89259022,-6.58813333,10.45900110,9.91915101,6.91572965,-9.38381190
27.91406250,5.03752892,10.48979846,-0.75833391,-3.52815527,3.64707575,8.14539287,4.13294943,-9.93532524
27.91796875,8.83311633,8.31605681,-0.14326841,0.27660040,0.17408058,5.26403141,0.44752422,-5.79033617
27.92187500,13.57789590,5.99018727,-4.88443898,2.01624098,-4.08780803,10.51862598,-4.31604239,-7.74085938
27.92578125,10.05133179,3.83172517,-3.98463684,12.42230808,-7.04271993,4.40324828,-6.78194121,-4.05511444
27.92968750,13.02427656,-2.00028189,-7.47879736,11.44030629,-10.25818247,8.16163713,-9.06521338,-1.06536910
27.93359375,10.10006428,-3.38530441,-6.46063882,11.81515138,-9.51509889,1.92261594,-3.45348303,0.85265740
27.93750000,12.75107211,-8.34814176,-6.00035625,6.47345047,-6.82855365,2.31308810,0.84595388,-1.27147535
27.94140625,5.17728569,-9.08050809,-7.68822683,6.50784912,-0.51734608,-1.55800016,5.60182161,6.18397501
27.94531250,3.44231364,-8.99453601,-8.83399108,8.49870599,0.56418627,-4.85173585,5.51479453,10.36873586
27.94921875,-4.59718833,0.29660073,-8.35268705,1.85726123,6.31281671,-5.48985808,2.81066640,7.64308508
27.95312500,-5.21658699,3.94585639,-13.84783575,3.68395989,11.67680229,-6.52989495,-5.96041594,7.84402561
27.95703125,-0.95609321,8.09250928,-14.01691480,-0.41250535,11.49294595,-6.58572903,-7.73294558,8.60347887
27.96093750,-6.66883219,6.51303309,-11.68328546,-0.84911215,12.70008900,-6.89219441,-8.21938515,2.02286451
27.96484375,-7.05020069,9.18154720,-8.87531674,-3.52979206,5.08172088,-11.38049849,-3.44643865,-0.26413590
27.96875000,-10.94476312,7.58807338,-11.47889454,-2.56991088,1.99066992,-5.43169598,4.81060845,-0.03711987
27.97265625,-5.96634309,3.87817676,-8.62204291,-4.73294319,3.05793589,-4.52922692,10.10433663,-7.44998619
27.97656250,-5.78264324,1.64376255,-8.30564390,-12.17634689,-4.90148962,-6.26448674,7.04205288,-10.23983492
27.98046875,-9.98016509,-6.68617824,-7.75129968,-9.57087899,-11.81962600,-6.41469659,2.20838672,-6.06468643
27.98437500,-6.44371202,-9.75375891,-5.55188630,-5.87684263,-11.91588349,-4.81942213,-3.40540281,-10.36201658
27.98828125,-5.92143685,-12.25355822,-3.57447898,-6.62771234,-13.92459772,-10.98272214,-9.50375258,-9.46451154
27.99218750,-2.28889342,-10.92370134,-0.75279028,-4.15054603,-2.33731053,-6.41623580,-10.55483014,-7.94508404
27.99609375,-1.89866270,-6.75894261,-0.59149450,-7.25856860,-3.20682166,-6.44553883,-10.92194520,-3.57453112
28.00000000,-4.13557183,-3.33078538,1.33443833,0.05231480,1.05315620,0.81843857,-2.68947588,-0.26560343
28.00390625,-1.96624338,3.42520444,1.97358654,2.77916517,5.43617578,-1.68054538,5.22649066,7.20876126
28.00781250,0.88976655,10.57555841,1.32207254,9.10831913,11.27986294,1.74987381,10.86067403,6.84207486
28.01171875,6.61897576,3.66362205,4.26727671,5.52306877,6.55079572,2.64000677,6.37772925,11.86666296
28.01562500,5.09703508,13.22818627,3.98383444,5.44781262,9.54452830,8.78075236,7.94214506,12.10968749
28.01953125,11.47793900,8.54462475,4.24801401,11.27374999,8.45576320,11.10353119,-0.64899383,11.33568971
28.02343750,9.90530592,1.59219870,6.00140585,8.66753835,5.06413067,11.90113281,-11.27986805,8.85225331
28.02734375,9.91845656,-2.39894978,12.15890566,8.59956461,0.83986150,8.94369360,-10.96903590,4.62443052
28.03125000,10.51279645,-8.06251908,7.20923956,8.10578936,-1.88317792,8.19724667,-1.54013103,-1.71553175
28.03515625,9.23468521,-8.84594133,8.52942625,6.30938148,-4.00829604,9.87742450,4.83506151,-2.64641404
28.03906250,6.57050052,-10.71610725,6.23581165,2.95592805,-9.59544131,12.12863525,6.58103150,-8.29208205
28.04296875,2.47412892,-9.14905938,9.25123256,0.19886853,-11.97891554,4.66330966,10.46538673,-9.81999659
28.04687500,4.95979263,-5.80267615,15.90646133,-4.20857439,-7.73651308,5.28283018,4.89120859,-9.54713493
28.05078125,-3.98623677,2.76068860,11.24532305,-7.67504860,-7.76262535,4.07352609,-1.01582376,-9.36310452
28.05468750,-4.77236586,3.43892430,9.63196187,-8.76932964,0.19095691,4.79394393,-7.82479559,-10.28469011
28.05859375,-8.84682506,9.45076380,6.66614472,-5.77381508,6.02291630,2.42299510,-9.09246310,-4.89122739
28.06250000,-7.58763903,12.91509259,3.15125265,-8.67787148,5.08685248,-1.93271647,-2.80475613,-3.30778565
28.06640625,-9.82775810,9.54764002,4.92955674,-7.27387119,7.59576973,3.16804521,0.88039899,0.87529341
28.07031250,-9.86859338,7.18156449,4.38146057,-2.90447214,10.84768038,-1.95507875,7.11017371,7.49873231
28.07421875,-10.59807298,-0.72324045,3.75263089,-3.96269076,4.71076774,-2.89397272,11.22893884,3.27818735
28.07812500,-0.32039238,-3.24301465,0.31853364,-3.79698012,5.00517452,-5.63208275,6.52351086,10.60290505
28.08203125,-4.49275282,-6.64272510,1.64797929,-1.37582302,-2.08167378,-5.91573239,1.47591592,8.84785007
28.08593750,-3.40630760,-9.01620902,3.87816912,2.32131602,-4.83612513,-10.26104395,-6.48449353,7.48969164
28.08984375,-7.35678801,-5.94818164,-5.85876921,5.87499606,-3.93233926,-6.27556990,-12.12679133,4.03354415
28.09375000,-6.70589251,-9.44290433,-1.68708495,6.35403925,-8.27740886,-8.17125125,-11.83707936,4.25109581
28.09765625,-6.22556401,-4.35507093,-4.56026786,10.57688975,-12.01878843,-8.40318917,-4.16994467,1.58187455
28.10156250,-0.19251490,4.86586402,-3.64207268,6.83972717,-9.02842626,-11.76909387,3.20056476,3.21823394
28.10546875,1.95956062,4.32972702,-5.10026632,6.47437479,-5.22290565,-10.60552522,8.73201627,-6.95678711
28.10937500,6.14410184,9.85079858,-9.83645715,10.80861642,0.98989753,-7.76756429,8.71946632,-7.79502858
28.11328125,3.42672541,11.16855287,-8.94615580,6.78342249,3.79900869,-11.89942977,6.73899555,-11.32761045
28.11718750,7.52381160,6.67535887,-11.33301984,6.24523488,5.69574017,-4.17960556,1.00620785,-7.27857445
28.12109375,8.81853750,5.61347570,-14.09188763,2.75993836,6.82892140,-2.57661832,-8.63002685,-6.22405370
28.12500000,10.99439588,1.85950317,-10.39233746,1.44680985,10.53923811,5.47958104,-5.01073142,-6.29402964
28.12890625,12.17857137,-4.47533913,-8.98688494,0.37262432,4.53863395,3.04614142,-5.64924030,-5.12201123
28.13281250,11.42725613,-8.64106649,-9.80830658,-3.63618330,4.76723205,5.13099395,-2.19476201,-3.81211075
28.13671875,12.01703534,-6.64472518,-9.80714168,-6.47578665,2.79799768,9.44314519,2.62356815,0.42876565
28.14062500,4.33424993,-8.41662148,-6.50277819,-10.37163974,-2.88786574,4.40953928,4.72886697,7.26610811
28.14453125,-1.06405603,-5.93645968,-5.16196729,-12.81429746,-5.69237516,5.67286305,6.31646290,7.28684673
28.14843750,-0.58506026,-2.06377129,-3.67394217,-8.87824381,-9.24570436,8.45587239,3.58363738,7.82710661
28.15234375,-4.43764394,4.81789312,-5.87524172,-10.16041396,-8.72843584,8.64629088,-1.49625150,9.02013561
28.15625000,-6.56407261,10.03138896,-2.21715269,-7.01682043,-5.14234158,9.12922248,-10.56099868,9.47918722
28.16015625,-7.49599054,10.25092754,2.28707880,-2.70858284,-8.00825672,11.86748019,-12.07159814,5.80599801
28.16406250,-5.13014973,11.40029676,-3.08070122,-3.92784648,-3.07180939,10.71820230,-4.55273340,1.07216389
28.16796875,-10.27394823,6.60970399,-1.83400161,1.51323879,2.41377089,8.37129026,1.86569565,-4.61924595
28.17187500,-9.53985153,4.47859055,1.21546071,5.77409571,3.72989703,0.92994965,11.16348586,-7.76367725
28.17578125,-9.90685082,-0.77546157,2.77885113,5.23967027,7.15322787,5.49236849,12.90110543,-8.00473398
28.17968750,-5.45076992,-4.78268612,6.56439194,10.47844117,8.67911309,5.88906979,5.82471221,-11.58267689
28.18359375,-3.16707370,-6.58438109,5.13952910,7.35006274,5.35520452,0.94863943,-0.03384691,-9.93504631
28.18750000,-6.87838458,-10.29314567,10.79481678,9.39740243,5.53380835,1.94319098,-10.57776729,-10.62612449
28.19140625,-4.45928150,-13.41292193,7.51941045,6.76374152,2.04977054,-4.78424215,-12.90260486,-9.33343748
28.19531250,-7.14675015,-6.29161564,10.15897668,8.28284625,3.99312234,-8.12649494,-8.63223969,-2.83917334
28.19921875,-0.97229861,-3.37802018,14.39416539,3.26130177,-4.14911601,-7.11301469,-6.09347022,-1.72746846
28.20312500,2.76323252,2.40704042,8.92620557,-0.31068970,-4.65580975,-9.30654557,4.84549739,3.30347091
28.20703125,1.76771082,4.75849389,11.18367855,2.38878057,-10.36614769,-9.56152192,14.17798974,9.94941674
28.21093750,2.92590153,12.95708563,11.00498104,-0.48736240,-7.00780597,-13.96994252,7.90831375,12.67928166
28.21484375,6.64618151,6.56342594,10.96782967,-0.99431111,-9.71519779,-5.68103595,5.11353816,13.77722853
28.21875000,9.18928199,8.45233129,8.78659680,-6.22697335,-3.07678343,-7.80983523,-2.67491396,11.50979117
28.22265625,9.84235453,4.52379393,5.95668245,-5.06142877,0.61736850,-8.03157919,-10.06505100,9.39549689
28.22656250,7.31227705,-1.23213560,7.84129257,-9.72004200,7.87616211,-11.32938906,-6.30653867,6.49733065
28.23046875,9.08341291,-3.78417337,4.53027661,-10.98123566,7.39100504,-8.45930273,-2.81449027,1.10541435
28.23437500,7.42466932,-8.07150532,7.23794093,-11.97687959,10.04052694,-7.89920605,1.47670491,-1.33631130
28.23828125,7.46220710,-9.01100741,9.49854760,-5.40091167,8.36849053,-7.76269890,10.26035658,-2.32001471
28.24218750,6.28302167,-4.37103525,4.05387043,-5.93330312,6.06290924,-3.16134671,11.59866173,-9.53278713
28.24609375,8.04421531,-2.62888799,-0.37494062,-1.70322708,3.85906781,-1.83297265,7.19588450,-12.87045277
28.25000000,-1.73459564,2.76058990,-3.73468672,-1.35106274,-0.42511851,1.44852918,-1.94851165,-9.59242678
28.25390625,-3.76455710,2.36973547,-0.97089937,-0.35099370,-4.38495498,-2.79904010,-4.17978999,-11.90320977
28.25781250,0.78558257,11.62291416,-2.55129387,8.81516454,-9.61063235,1.49258503,-7.02068535,-5.75499462
28.26171875,-4.03198167,9.80339061,-5.39340445,7.95023054,-11.73187390,6.93329644,-9.18197346,-4.54458811
28.26562500,-5.45706423,9.73123629,-8.48852935,15.13308612,-5.70620173,9.95701855,0.40821743,-1.41099110
28.26953125,-7.59234595,8.85348863,-10.63845123,10.53747009,-10.50959927,13.40999221,5.00560379,7.15569650
28.27343750,-8.26301473,7.27628180,-4.45374774,10.49644550,-2.72690444,11.07537325,9.63549243,4.06388421
28.27734375,-9.16728137,-0.69978989,-3.12148655,5.53412905,-6.09217771,12.44434734,9.02543181,8.57352496
28.28125000,-7.69959092,-9.43632927,-6.20949380,4.93054568,-2.76500561,12.41104058,1.35327461,9.62648240
28.28515625,-8.63168692,-9.01969666,-8.69602117,6.45511957,4.14294369,7.63246733,-0.18347600,5.52992751
28.28906250,-5.21823971,-12.34450102,-6.83745152,2.54617346,8.61748432,6.31946025,-10.80568380,5.26185980
28.29296875,-6.28399059,-8.90167234,-15.34484736,1.31662107,9.63182234,9.11551155,-7.14350653,0.49115016
28.29687500,-2.69516988,-5.31717426,-6.49703957,-1.94832604,7.44305597,6.92132068,-6.09619703,0.46614680
28.30078125,-1.30811794,0.43544843,-9.16929530,-6.42270333,5.78803170,4.51040386,2.35098503,-3.19916093
28.30468750,-1.05187301,8.12067091,-7.95974425,-9.76173298,3.23306498,5.84998820,6.04977274,-6.97759098
28.30859375,1.90544696,8.18277047,-6.33738181,-9.58601264,-2.49031494,-2.68075071,10.00889145,-10.18720335
28.31250000,4.93910654,8.03580095,-10.46146367,-8.07672406,-2.23814821,-0.69108337,5.90765517,-12.38836200
28.31640625,5.82049615,11.11597955,-5.28210058,-6.42290002,-10.33044969,-0.86532135,3.53408132,-5.15720815
28.32031250,8.71293825,5.37350602,-6.73193131,-7.58882521,-6.69158553,-4.25655055,-4.91457758,-7.72210610
28.32421875,10.49714618,5.05521148,-6.73147752,-7.66912327,-8.90530348,-1.58868019,-4.76861667,-9.95951549
28.32812500,12.60623149,-4.51168874,-2.05705091,-0.59376470,-8.46102956,-2.33272625,-8.72609838,-3.70239932
28.33203125,9.37382930,-9.39047462,3.67501074,2.73461825,-3.76561939,-4.83867478,-6.61675819,-2.44886624
28.33593750,10.63847717,-7.99994336,2.01971899,3.08147012,-0.17603739,-10.10641396,-0.19143765,1.32689753
28.33984375,6.46227202,-11.78800010,4.42046803,3.23313172,7.14833915,-8.90953375,12.54691556,4.49404923
28.34375000,4.32827714,-5.00057002,7.95664184,1.94685264,10.33696053,-8.12712800,8.20147767,6.03498674
28.34765625,2.93551158,-5.93648177,7.53590992,5.49728951,11.46071197,-12.81602770,2.61014361,6.75648604
28.35156250,-2.04303076,0.91833620,4.65516290,7.08084210,8.65668543,-8.31113956,-4.11547209,11.95082046
28.35546875,-5.00907319,7.56444108,10.56111359,15.01867168,8.44603511,-5.86508575,-8.93091884,8.17865508
28.35937500,-6.50377281,8.98322144,8.46463800,12.93601528,3.69823032,-9.70620432,-11.63864176,7.82340714
28.36328125,-10.29165879,7.57608768,10.21407860,5.27619210,-1.36474019,-3.32838142,-5.75591199,1.45243335
28.36718750,-8.86801304,7.73894598,7.22114370,5.75974065,-5.23369748,-6.58473056,1.82553237,-1.54665940
28.37109375,-9.72332583,0.02368213,6.81779701,3.84633016,-8.57434070,-0.97645658,6.57985476,-1.96777336
28.37500000,-9.75633437,0.65226162,9.44382108,-0.40471691,-11.70905759,4.64508137,11.94251119,-7.07213588
28.37890625,-9.79956571,-4.78328095,7.82535118,-1.21371321,-10.15298860,6.55304951,9.75690829,-10.81308490
28.38281250,-8.35072121,-6.00748227,6.95689434,-3.57846556,-7.96782574,2.22608637,0.08681303,-15.30228620
28.38671875,-5.12372830,-7.15639330,7.18242961,-12.89331304,-1.27276868,8.76848045,-8.69517808,-12.41280559
28.39062500,-4.63033719,-7.40584369,8.96443424,-10.20269065,3.28246165,8.74653239,-11.40701207,-11.75762239
28.39453125,-0.00805516,-8.84113389,8.02077510,-11.46585590,3.59414967,5.80801079,-10.97404179,-6.02169990
28.39843750,-5.11080806,-3.60878001,8.99410311,-7.10137135,8.34425215,5.85453197,-8.18212629,-3.46953473
28.40234375,-2.01118476,0.93792514,7.72287807,-11.90489899,13.39044171,6.58312790,4.69784245,7.28318315
28.40625000,0.99175298,6.91906045,-2.93164214,-5.87146572,4.28445306,6.49951942,9.05163541,4.62011520
28.41015625,6.23056879,8.60374576,3.76867137,-6.23565890,7.09538877,11.97447049,10.24348378,7.60823419
28.41406250,5.61332760,11.09334536,-1.36197601,0.15044349,4.86445761,7.87295888,5.12814687,16.13882304
28.41796875,10.30616158,10.03785991,-0.09724312,2.39531432,-2.58592535,10.60478864,-3.16441856,13.73157551
28.42187500,10.53792021,3.30409066,-5.45609670,2.26654784,-7.88949543,6.25855597,-10.09718387,8.43127512
28.42578125,8.44173776,3.83199957,-1.62234013,9.08315292,-8.47079041,6.41637308,-7.08620106,5.79814589
28.42968750,12.35475999,-5.50077944,-4.15618276,8.72784114,-7.06840852,3.34953992,-5.57061921,3.03127650
28.43359375,6.17715862,-6.70982457,-8.00570197,11.50388189,-15.22975470,3.01955367,1.26895671,-1.49357504
28.43750000,8.91451706,-9.48348375,-7.72950320,8.23159650,-5.35233013,0.71655220,4.53569694,-3.44344984
28.44140625,7.61991097,-8.13613175,-6.00720942,10.73674301,-5.25074779,2.17359139,11.79357639,-2.51819340
28.44531250,1.71685243,-4.66036401,-6.51568207,8.37592379,-1.07444185,0.59018529,5.22771766,-11.66037521
28.44921875,1.04619015,-1.10967668,-8.86130327,5.22067577,4.63680715,-5.19732325,1.88099035,-14.06731099
28.45312500,-4.27621245,1.02311450,-11.86825403,-3.40738608,12.79965465,-8.93733432,-4.06884206,-8.24013785
28.45703125,-0.01467706,8.63747096,-13.49887164,-1.18144808,13.92225991,-11.05060341,-9.80171371,-8.74447350
28.46093750,-6.12411091,8.04560666,-9.53164008,-2.16507952,8.01632655,-6.43940736,-9.21479713,-3.39377647
28.46484375,-9.91161653,10.77368189,-8.36366962,0.94874891,6.63108361,-5.52782205,0.26652541,-0.59189156
28.46875000,-5.99431156,6.97559395,-9.79363391,-8.27273800,1.69574062,-9.33726523,5.36222833,2.21257508
28.47265625,-8.54275939,4.54142005,-4.83073288,-8.00999662,-2.20480105,-6.84515585,6.93590600,2.42675544
28.47656250,-10.93161897,-5.88608747,-5.77565637,-13.44893095,-4.77945572,-9.28725261,5.58013351,3.85614876
28.48046875,-8.40553144,-4.47663750,-3.20046376,-14.57149303,-9.58500411,-10.27017439,-2.74056398,13.02844779
28.48437500,-6.03967538,-9.14929994,-2.93385176,-11.51176467,-16.22371814,-4.36246914,-2.01700384,5.76188735
28.48828125,-6.15661730,-7.94980269,2.04230227,-5.36964511,-6.80618547,-11.64927267,-7.70542878,6.49143686
28.49218750,-9.46251368,-10.95260094,0.55163931,-11.49519365,-9.96706674,-2.99201946,-12.38179199,2.57563860
28.49609375,1.50236910,-9.97199468,1.44020260,-2.50569711,-1.85763310,-3.03882326,-7.82204714,3.26286133
28.50000000,-2.82078116,-1.27916925,-0.27707834,-5.81868828,1.67842747,0.09125380,-2.83386957,-2.52897173
28.50390625,-2.86233165,6.93479008,-0.68833630,2.91831942,7.68470186,-0.44046573,8.46188914,-2.72474765
28.50781250,3.67454783,3.63472813,3.06389342,0.78842076,7.48269354,0.36064561,9.25657158,-5.25085159
28.51171875,4.58823965,9.11060379,2.44854961,11.99978728,11.66429962,3.85156498,8.65794946,-9.70602363
28.51562500,7.35185007,8.02323385,1.61631728,9.18106561,10.09711510,11.26821115,3.54783134,-9.57568732
28.51953125,7.60052479,4.45510631,4.69164122,11.34457681,9.70133071,6.18591400,0.09976026,-3.99099750
28.52343750,5.41725559,4.76984014,4.25043679,14.75423192,2.95173753,8.87111702,-10.20850665,-3.46417121
28.52734375,11.74617006,-2.28888090,7.46751501,8.78779547,1.93739121,8.15795743,-6.20059755,-2.94462496
28.53125000,8.73484318,-6.52125448,10.33137598,6.68182122,-6.73501515,11.19950700,-7.92520954,-0.64695261
28.53515625,8.91804463,-5.75936494,8.48175410,7.87845454,-10.84124099,12.56291467,1.17274914,3.82483169
28.53906250,8.48778078,-12.08229671,11.22691092,4.26931987,-12.35538415,9.25594113,6.04081441,5.30823911
28.54296875,3.91786354,-9.93344625,11.25467598,-2.80162097,-10.06340804,5.98476613,9.33212311,9.48169784
28.54687500,1.58360723,-3.53219538,8.32240033,-5.58121667,-5.33936747,7.12597641,6.52885491,10.87575172
28.55078125,-0.05186971,0.60717037,6.41214269,-4.95933925,-5.23963677,8.99915647,-3.14678482,12.61074081
28.55468750,-2.70724398,2.98104955,8.85758002,-7.83747685,3.01020866,4.98923190,-7.88070448,13.18711296
28.55859375,-6.80425420,11.41054422,7.24107265,-6.80757758,1.94149720,-0.71246771,-4.33292686,7.89168197
28.56250000,-5.15183932,18.11332328,6.51198433,-5.00286937,4.63665155,1.44539639,-5.81599342,3.92215349
28.56640625,-5.59066446,11.23515349,5.20064490,-7.79321685,10.82672859,0.42433932,-0.44200550,0.83214742
28.57031250,-8.46786223,8.43947129,-1.00934136,-7.01706370,10.18376345,-4.57000149,5.34024424,-1.91462245
28.57421875,-9.75515602,3.63376534,3.52724958,-3.60666863,6.66430968,-6.95822286,9.86539356,-2.45464966
28.57812500,-11.45766520,-3.05605196,-0.24187026,-5.04410959,2.69799591,-3.79552471,9.93340889,-5.24434886
28.58203125,-9.11093739,-2.69862334,1.15106486,-3.20864493,-3.84646338,-7.57663253,1.01167443,-13.33009414
28.58593750,-11.01636603,-8.62033068,1.04482752,3.18028591,-1.32032188,-9.84738101,-10.78919187,-10.29205313
28.58984375,-4.15610684,-13.61384775,-3.42893999,2.15962433,-8.53280030,-12.27579835,-11.22940857,-10.83940813
28.59375000,-1.63181494,-6.31738388,-3.28660880,5.54047470,-11.61377046,-13.28699412,-11.22528092,-11.04614597
28.59765625,-3.52240379,-7.40469845,-0.02850490,8.00178176,-4.17261261,-10.47664635,-4.88884837,-3.38112968
28.60156250,-4.26802995,2.09942668,-5.13625804,6.91873293,-6.58017923,-9.36093278,-0.91265349,2.78928062
28.60546875,-2.39564800,8.25851867,-11.05255669,3.71289656,-5.81350650,-13.49804972,7.53031480,2.84937494
28.60937500,5.87764167,10.52774177,-10.84360224,12.49140391,-0.55308960,-4.58733767,10.04089345,5.17348673
28.61328125,4.80636335,11.70559998,-11.64974170,10.18623015,5.01018299,-7.11243613,6.27831334,7.57115069
28.61718750,9.79775145,10.38655716,-14.22555557,5.87894488,8.20697873,-4.23457972,1.01013226,11.25964929
28.62109375,9.11131319,5.69887521,-10.00004052,4.37930751,11.18560863,-1.76613410,-4.20443417,7.51079549
28.62500000,13.94495954,1.14567043,-10.13389304,0.21344767,5.77889872,-1.03025828,-9.79131387,9.30920084
28.62890625,14.59883219,-2.50223590,-11.15351520,-4.55072520,7.08734215,3.85139923,-8.24872514,5.72578724
28.63281250,6.16303777,-7.63085120,-9.40443035,-4.05261068,8.83295804,4.23210567,-0.97393387,3.37474182
28.63671875,6.69015429,-11.33014370,-8.36396142,-5.69079569,0.10987607,3.75984365,3.22609402,-5.22820113
28.64062500,5.49342031,-7.32260721,-7.58468040,-8.50213358,0.91186045,6.32526352,10.30440365,-8.62294960
28.64453125,2.74310878,-8.47698528,-5.42086841,-10.08859741,-6.23143625,5.45252471,4.15825214,-13.19896625
28.64843750,1.92794579,-5.76749261,-5.54173446,-8.19570661,-7.79978853,6.74137070,-0.86601103,-7.87815017
28.65234375,-0.32532932,1.25036081,-5.49485995,-8.02808578,-10.31457341,8.02183012,-3.36630342,-14.11713509
28.65625000,-7.35307517,7.77417939,-1.26434931,-8.87075165,-9.22009606,6.80285353,-10.47738982,-9.47100439
28.66015625,-3.82396615,10.39124406,-5.55933046,-6.45520015,-6.75393197,11.97190307,-7.95013425,-5.35036297
28.66406250,-6.37638704,11.98622201,-2.64868037,-1.61822153,-0.45162858,10.52426354,-1.42392095,-2.50558778
28.66796875,-10.32538747,6.96651414,-0.62577718,1.48711496,0.20612792,9.93447789,4.05779017,1.22205578
28.67187500,-9.68975324,4.75017335,-0.99169547,4.06472428,2.20267977,7.39556319,5.41572694,5.98475677
28.67578125,-8.94653809,-0.41556178,5.30906368,5.43106813,7.42910619,6.69621293,12.43612124,2.63317420
28.67968750,-6.83582425,-7.52456115,5.44043088,6.79345634,7.63831915,2.45892503,1.39375351,8.54610690
28.68359375,-11.57745673,-13.17759392,5.19018907,7.68708216,7.04347334,3.98188720,-6.39076415,7.70717323
28.68750000,-9.03283886,-9.21346671,6.63942266,7.41053786,8.37822406,-0.49170991,-8.58498916,8.32601780
28.69140625,-5.79592316,-6.56086908,8.47826607,7.29483610,4.89227181,-4.31644294,-12.03853707,4.95763896
28.69531250,-2.18785724,-1.39551292,9.35250608,8.84445390,-0.40958594,-3.42207125,-6.95901816,4.70035951
28.69921875,2.99576083,-1.00899441,7.75467942,3.00489616,-4.19114756,-6.26378988,-4.04442108,2.46788407
28.70312500,0.17098599,1.69231124,9.85562107,3.36936956,-7.03605586,-10.80110079,4.94668849,-3.31604353
28.70703125,4.05308166,3.72045361,6.05111020,-0.96895886,-9.20547240,-10.38088570,10.35150874,-3.33830589
28.71093750,4.83773387,10.93006190,9.05774293,2.58264989,-9.08448943,-8.20462397,6.69017684,-7.44147371
28.71484375,4.93649270,9.18130348,10.54815757,-5.31011051,-3.20278919,-13.28575184,4.33185898,-6.17363304
28.71875000,10.27504659,5.49009655,7.67074882,-4.80845851,-2.56335058,-8.16955385,-0.31220065,-8.82008712
28.72265625,10.75882006,2.51405221,7.63892359,-6.24079329,1.58082406,-9.99851778,-4.52222902,-6.61490493
28.72656250,12.31453122,-1.35337403,2.73766031,-10.12530416,7.53006724,-8.01616388,-10.44628022,-1.09537703
28.73046875,11.38618120,-7.72146847,10.52638777,-8.67815639,9.07952706,-1.95733276,-3.79840793,-4.26268677
28.73437500,13.45295785,-7.29993912,9.58905235,-10.87039379,9.30169737,-5.29106863,2.15000587,3.61002213
28.73828125,10.08870837,-5.30058237,7.82886899,-9.88599663,10.62487795,-5.72599043,5.57569197,2.15311764
28.74218750,1.74654496,-11.36228142,0.85955889,-8.88222731,3.73242641,-6.62377327,9.28238549,5.23688660
28.74609375,2.10733533,-8.17154988,1.69106854,-5.44532705,6.10773636,-3.00534442,9.00648990,7.53517868
28.75000000,-1.73343890,1.31936659,2.47418401,-1.86254493,0.88778308,-2.41756021,4.71670295,11.66044561
28.75390625,-0.89865908,5.18581887,-2.17241392,4.24394523,-2.71325373,4.31968472,-8.32421014,13.33556905
28.75781250,-4.43924429,4.51347268,-3.37737330,3.52394530,-8.74494455,4.76203026,-11.53532899,6.92708384
28.76171875,-2.36815441,8.36303016,-2.86672216,11.20339664,-9.33720300,6.64998721,-8.23919778,2.46799681
28.76562500,-7.12082012,7.32573868,-4.09224493,7.58073315,-9.94436373,8.71431947,-3.69500451,-1.31349883
28.76953125,-9.03663120,8.34608299,-10.82891475,8.14190335,-9.00106359,10.14200555,5.44213778,-6.02197764
28.77343750,-8.41870291,4.23533570,-6.28284605,9.98280839,-5.43158045,11.10846716,7.43002815,-6.11547048
28.77734375,-5.89571643,-3.32495483,-9.25233214,8.80508871,-2.22938363,10.37498394,6.73200715,-8.58115905
28.78125000,-7.09654792,-5.29623438,-6.25345378,7.42766204,3.21778008,11.14851643,4.81965526,-9.49409004
28.78515625,-6.05696977,-12.30265344,-10.09471470,2.01524203,10.21931144,10.97113280,-0.34203786,-9.37726604
28.78906250,-3.83604978,-12.48344512,-7.08134079,3.06569085,10.28319259,13.19614111,-8.96592075,-12.19663734
28.79296875,-4.70579213,-11.51025565,-8.90324961,-3.89850903,9.13725373,7.67796130,-5.80982498,-8.97416492
28.79687500,-0.83341425,-5.98700560,-4.74686774,-4.86158834,10.92668708,6.00487881,-6.59302127,-5.57175862
28.80078125,1.43621390,-2.45169161,-13.61318627,-11.20357605,9.00009656,2.23463722,-1.81731893,-0.95217283
28.80468750,0.64219145,2.93947223,-9.55901845,-8.61238786,1.18444628,1.58981411,5.23048874,8.16422329
28.80859375,3.59250813,11.41054431,-3.54164446,-11.64641081,-2.01997218,-2.15826617,8.88645157,8.76825582
28.81250000,3.75233605,6.52642406,-6.65563516,-6.19119224,-7.44396615,-1.94280059,10.30724361,11.35711348
28.81640625,9.69629184,7.50884761,-3.98105735,-10.90139402,-8.38417006,-1.96570671,2.34563183,12.08097219
28.82031250,6.62497416,5.89824973,-4.13247137,-8.29061857,-15.43889349,-1.65911044,-5.06919221,8.33782715
28.82421875,14.01447605,1.83370299,-4.38045936,-4.19465635,-10.94498226,-4.15866015,-10.37900930,4.02790245
28.82812500,10.60048651,-2.94849057,-0.18478042,-7.81783648,-7.15272457,-8.81229201,-5.01249919,2.43240863
28.83203125,9.16302226,-4.39054696,-1.55158202,-3.45083873,-2.30133935,-6.05077964,-2.18268290,-0.19395708
28.83593750,7.10797355,-7.26957229,0.73058440,3.17244594,3.24219349,-7.03641227,6.26651494,-1.15060428
28.83984375,2.87524140,-10.23341674,-3.32912410,3.72006787,8.05065279,-8.29602994,7.19761229,-2.31855544
28.84375000,5.77104218,-8.74559246,3.76926481,4.56289399,4.60614747,-12.14411188,10.95650938,-11.35358242
28.84765625,0.87560765,-1.15839092,7.28828538,5.97784072,5.07978418,-9.80956077,6.44597341,-8.13674920
28.85156250,1.14919290,3.32115694,7.80468584,12.47460278,6.07332483,-7.48623722,-2.84663685,-9.45116277
28.85546875,-8.59666470,4.80635048,9.23513442,6.34187828,7.60039540,-11.76752175,-8.98913763,-8.26850193
28.85937500,-5.13918303,8.85187979,3.42834816,9.77858365,4.74123790,-6.45730432,-5.96816985,-5.21751103
28.86328125,-9.37162352,11.69413502,8.55454493,7.99348735,0.61613466,-4.21944605,-5.73610048,-1.95241061
28.86718750,-9.92963966,4.33979928,7.31274139,8.58376842,-6.91706917,-4.19735638,4.01391240,2.00206402
28.87109375,-5.02626244,5.26661691,9.88220055,2.48975633,-11.75810009,1.20819964,4.60690536,4.40334136
28.87500000,-5.51988143,0.02235331,7.43347406,1.10635430,-9.90064163,1.09052209,11.37965917,2.39008157
28.87890625,-8.67041799,-2.56624788,8.19844917,-3.05588897,-7.78251521,4.21361644,9.60430123,9.49921507
28.88281250,-4.43334811,-9.26807775,13.96641727,-6.17725470,-7.04202610,0.40254075,0.97483889,10.78028506
28.88671875,-8.00476307,-7.65414711,6.73177718,-8.57186019,-1.22133654,4.30037332,-3.37320775,7.20892361
28.89062500,-6.79546424,-10.29443918,10.79669373,-10.15580013,0.86913724,10.47573058,-12.38176095,6.13764889
28.89453125,-3.83053826,-7.46242163,6.72790992,-11.16469897,8.22615293,7.50830374,-9.89857687,5.82536079
28.89843750,-4.08308661,-2.41270102,4.27008255,-9.85853385,9.32356972,9.93412798,-3.44995694,-1.22527986
28.90234375,1.41335985,1.48838839,4.91169379,-6.18571630,11.58346651,6.33271756,-0.03316579,-2.24107208
28.90625000,0.09286240,7.24180695,1.45217756,-13.11542815,10.01059084,8.53608069,12.10638886,-2.75826733
28.91015625,6.81081110,13.28030179,-0.97582744,-5.98798055,8.96538112,5.61580915,10.23233740,-3.74280828
28.91406250,5.43693592,10.00880232,-1.72394676,-2.07408474,3.66874931,8.31421678,6.14084709,-5.17334312
28.91796875,10.78866367,7.20209005,-0.62321914,2.18146361,-1.88090462,6.27868141,-1.92315248,-8.42300404
28.92187500,8.74655220,4.40739473,-7.95783226,5.92225194,-2.95161265,6.21838030,-6.70251885,-10.65949356
28.92578125,13.23386727,2.64785392,-5.31921846,7.93358362,-10.97768319,8.06283430,-12.33678287,-6.55792805
28.92968750,11.17761330,-2.60642573,-2.50764990,8.84656277,-13.31377866,5.14193286,-7.35349345,-3.16121449
28.93359375,6.93214976,-11.51790232,-9.62079601,11.28622797,-12.21504885,0.94027118,-0.79750794,0.20298592
28.93750000,8.61672194,-12.84494574,-6.56020693,12.11249725,-13.07619632,-1.29703825,6.27013638,2.79624890
28.94140625,4.99202264,-8.20584047,-5.98284979,7.84000115,-2.90622212,-2.46603891,8.81846494,6.35714778
28.94531250,1.26789918,-5.70376231,-7.70183385,6.19847758,0.75090971,-5.78078935,7.17091436,9.08881643
28.94921875,0.16349918,-2.72774878,-13.62082896,11.87665119,4.89440319,-9.56441313,2.67675051,12.13191521
28.95312500,0.27832419,4.92734194,-8.46578446,6.02568465,9.23056899,-6.41840003,-5.83912272,11.33223955
28.95703125,-1.98145046,9.27005969,-9.93191659,-0.31048114,10.40135441,-6.33650205,-10.88546649,9.67214914
28.96093750,-5.66813156,12.81931874,-10.61236495,-2.01000870,9.51614056,-8.68047920,-8.76300653,3.35912834
28.96484375,-9.28023936,11.85975733,-9.42004943,-5.68249141,7.37464319,-8.37748352,-7.11752011,1.52872588
28.96875000,-9.41235959,7.85196110,-9.44370676,-6.13163682,1.51434677,-14.41096008,5.42101923,-3.06526274
28.97265625,-10.04582084,2.61884717,-10.31284053,-6.22026004,-0.24672220,-13.52321846,12.17661838,-4.98111000
28.97656250,-8.81678606,-0.31158144,-7.38526548,-11.15079410,-5.12369123,-7.44950286,9.55375032,-8.17720216
28.98046875,-7.12023245,-6.50455423,-3.76614522,-10.12962864,-9.86990251,-6.45784946,4.84112053,-9.46343552
28.98437500,-6.39637145,-6.51750330,-4.56874301,-8.51709191,-7.83386645,-4.36900719,-2.64021032,-7.55546806
28.98828125,-2.30200583,-8.68491060,0.23464329,-5.12730022,-13.45446347,-3.74082620,-7.96593882,-11.50086839
28.99218750,-3.13047880,-11.21462584,-0.88794554,-5.49397148,-7.12012515,-6.08394198,-13.01071831,-8.17607202
28.99609375,-1.93056765,-5.24172082,-0.74493933,-4.72983600,-6.36307169,-5.24153283,-8.04786934,-6.49268995
29.00000000,-2.70329851,-2.52561369,4.27594918,-1.01168669,1.40252733,-3.81482401,-4.77307618,-2.58818543
29.00390625,-1.50688433,2.19106172,-2.33038852,2.29913837,4.25339944,1.19752769,2.56477155,3.92678602
29.00781250,1.23038281,4.40977796,-0.75912195,6.65558298,11.74655805,3.35510306,9.16246218,7.92668391
29.01171875,2.94451479,7.86495420,5.00014863,10.43697437,8.67419987,9.00274344,9.24240877,12.62251945
29.01562500,4.71137419,12.70222847,3.43688581,9.20758720,10.20149190,8.81289385,4.48229969,11.92380760
29.01953125,8.36791011,7.96689342,4.17931786,9.51128944,5.05997623,10.51476793,-2.51726891,10.61819938
29.02343750,9.26653930,3.15364406,6.04994629,11.48684389,6.42631391,12.63543946,-10.02995494,9.60231510
29.02734375,7.41137981,0.55911710,6.24563059,10.71529487,-3.03043285,13.11455214,-8.95096864,5.24370281
29.03125000,8.23541901,-8.49545875,11.74902390,7.23779257,-5.09197712,7.87440486,-4.13269876,4.38941631
29.03515625,8.49035063,-10.33705897,9.40424295,7.51226119,-8.12180007,10.24891730,1.65605717,-1.33938198
29.03906250,5.78145905,-8.18998492,9.44941050,2.83120573,-9.98906780,8.96232257,10.43468463,-1.09439388
29.04296875,4.92089054,-6.84049603,13.73987064,-1.14295856,-9.56893027,9.09699408,8.17382525,-3.14390494
29.04687500,-0.02804551,-1.77546974,12.59298699,-4.30603802,-7.42070013,9.31645543,7.86345337,-11.58626822
29.05078125,-3.02630110,-1.71980458,8.71431271,-9.00448642,-5.92656981,3.79654469,-2.08716912,-12.97854317
29.05468750,-1.71737563,4.17514847,8.80157912,-11.22335774,0.02104192,1.30799374,-6.56970712,-10.61770781
29.05859375,-5.15992213,7.14942916,2.30191142,-13.79519416,5.52008783,1.28278657,-10.91298313,-5.05237536
29.06250000,-8.75685800,12.05662867,2.62424796,-9.39318936,8.58296488,1.25190113,-7.04977274,-1.26632866
29.06640625,-8.22475457,9.84028899,2.15645539,-7.98662149,8.02066521,-1.66658978,5.07614510,3.33630917
29.07031250,-8.60009168,5.21745369,3.29187107,-4.80749340,10.83915897,-1.19680268,9.00742787,0.54938558
29.07421875,-11.31264719,4.86346560,4.26676754,-6.20036727,6.54286595,-0.97141808,13.39498782,6.41412314
29.07812500,-7.20402499,-4.43085290,2.34120003,-5.42915187,1.89229944,-1.74767427,9.21121978,8.90441585
29.08203125,-7.59419683,-4.35597862,3.41435210,-3.35268974,-0.38703871,-7.34698969,-0.10776715,8.80978987
29.08593750,-2.71982909,-12.21380756,1.75279105,-1.67690359,-5.16460587,-9.91603942,-5.44421318,7.56561693
29.08984375,-6.89355738,-9.75491609,0.81326046,2.26035938,-4.66759499,-9.97871442,-12.80363702,8.15491478
29.09375000,-4.22780811,-7.99373700,-5.64223987,9.65088063,-10.72661017,-13.52592604,-10.70245429,6.18620839
29.09765625,-2.46092060,-6.40601525,-6.36559861,6.94833335,-11.40033779,-7.13879622,-2.98135018,1.74305235
29.10156250,1.22329207,2.42409436,-7.20671165,6.80280088,-11.95022448,-6.92504129,3.54126964,-2.79904527
29.10546875,0.31154986,7.95897202,-5.67156947,13.52497204,-6.10318680,-9.99756580,7.60820583,-6.19253376
29.10937500,3.49642458,13.15705791,-11.76370059,7.41009008,-0.17565424,-8.16189869,7.36547332,-6.55429077
29.11328125,6.41485353,7.46418411,-11.82271637,7.09535774,2.96551256,-5.32863073,5.13098048,-4.58020348
29.11718750,11.21460421,9.31650031,-12.85894522,9.96431029,10.13703252,-3.75011362,3.90857593,-6.42998084
29.12109375,3.31460703,4.40768550,-10.42798148,5.07151369,8.78043371,2.36379959,-8.08590560,-7.72188779
29.12500000,8.78882212,-0.93296170,-10.37662941,7.35043464,7.74147100,0.55274918,-5.86504557,-2.84453885
29.12890625,10.42840890,-4.38332999,-9.28714316,1.00607184,4.93187915,4.78519183,-9.97935390,-4.08929972
29.13281250,11.20198515,-6.98142218,-7.93771762,-9.93548675,4.88224537,5.30875945,-2.30833279,-7.13615339
29.13671875,9.10272093,-10.11684525,-5.47749414,-7.25078047,-2.05179401,7.36752178,4.54908323,-0.47682855
29.14062500,6.12596367,-12.24419765,-8.94597900,-10.80986697,-3.18980793,5.77312934,8.13411619,5.83836211
29.14453125,4.17017293,-7.52920918,-4.93658812,-7.77989326,-4.80772615,10.35214271,9.24950187,5.11321930
29.14843750,3.75552207,-1.41727257,-8.35336879,-12.71970956,-10.67612259,8.85458421,-1.07086973,9.05093658
29.15234375,-3.80417793,0.40261611,-7.67642367,-7.30995937,-10.58644508,10.70932503,-7.59506320,8.14951106
29.15625000,-5.19476600,6.63618475,-4.94771811,-5.99197537,-7.14450032,4.90435387,-9.66524430,8.83568513
29.16015625,-5.90731881,6.29793994,-2.13258006,-2.75040114,-7.98980062,8.89907891,-12.75214034,7.41953646
29.16406250,-5.55704531,10.42955456,-2.65840158,-4.20943012,-0.10118334,9.45902195,-2.85191068,3.36528990
29.16796875,-7.11323396,5.49718093,2.42773140,0.25159705,-1.41257536,12.05338882,3.81306532,1.43114697
29.17187500,-10.06287213,5.71706512,0.47285934,7.32393122,3.97669550,4.23347577,7.58262364,-5.84109870
29.17578125,-7.81361342,2.36284591,0.50493170,7.49404060,4.14177774,5.54907673,10.34011094,-6.08422826
29.17968750,-9.47154591,-6.03815330,6.74071559,9.06630507,6.66066243,4.48089329,5.67953509,-6.07619979
29.18359375,-8.91837947,-5.25845848,8.30249217,11.06871404,5.22359397,-0.51500425,-2.38613555,-13.50250029
29.18750000,-3.94563739,-16.52501009,7.66504749,8.16802533,4.71209734,-0.23498666,-11.70868755,-10.61930703
29.19140625,-6.58993066,-9.41706751,9.49361404,9.45973919,4.23554636,-0.16467092,-15.75276514,-9.05809124
29.19531250,-3.70201651,-4.81922930,10.56945178,6.08474535,1.20874599,-6.35390163,-7.21745745,-3.56244880
29.19921875,-5.08061242,-1.84985765,8.79652048,0.98151970,-4.50127007,-8.47969658,-3.00550463,-6.57306863
29.20312500,2.90547373,1.65189876,7.15700623,-0.71364677,-6.97357753,-9.99740061,9.06864082,3.89527516
29.20703125,1.98926830,6.32258722,9.66320905,0.46472688,-8.88231860,-7.04414979,12.29748405,10.59618194
29.21093750,4.66880334,13.95136766,7.05852352,-4.73141382,-4.75292109,-11.56396236,11.21507201,7.98412399
29.21484375,6.37679877,11.70888418,5.27851445,1.80892495,-9.95636758,-12.07121559,4.73848063,10.78760248
29.21875000,5.57096821,4.01675873,5.76192779,-3.55319596,-7.86228013,-8.43730322,-0.36474528,11.34542043
29.22265625,7.31993227,1.92532636,12.30462125,-5.24980299,-1.57275475,-6.29563233,-8.93353424,10.89205469
29.22656250,13.02824617,-2.55068759,10.24882807,-10.23470155,4.61617463,-8.27902062,-9.94726329,9.70947602
29.23046875,10.95371889,-6.31028814,5.30455636,-9.94790338,5.52082676,-6.98203958,-6.93519595,4.19013709
29.23437500,8.22735648,-8.19832184,7.81598196,-8.90127952,11.57105151,-5.36237449,0.36974767,-3.86346711
29.23828125,6.95353131,-12.18701007,6.16987595,-4.29544833,6.27636647,-1.19789508,8.94117253,-4.24305842
29.24218750,5.30888928,-4.35047577,1.83392119,-4.04745013,6.69267225,-0.62553229,8.20243270,-6.71486621
29.24609375,2.33220668,-8.68390103,0.31287239,-4.85165909,2.80494298,-1.87703872,4.97364119,-8.49036647
29.25000000,-3.25393110,1.47411168,6.08915001,-0.02251876,0.63059896,-1.84168467,-2.11967038,-11.33697562
29.25390625,-4.35438687,6.83531477,2.25407354,3.90545993,-4.78256591,0.77446991,-6.55759571,-7.33545571
29.25781250,-2.84514135,9.23272048,-4.70118654,5.66054850,-4.86741980,-0.12751999,-11.74965426,-7.29856573
29.26171875,-5.96359687,10.51273917,-7.57472451,8.27131044,-8.39609098,6.92273289,-6.85391094,-5.94959222
29.26562500,-3.22390834,11.87084192,-10.76745110,13.27261760,-13.05053062,9.02130630,-0.70370915,-3.59939077
29.26953125,-5.94622200,5.43744053,-4.67629121,12.36217197,-6.46607260,10.03405893,7.38707922,-0.45158723
29.27343750,-7.60914193,-0.84359623,-10.55922508,9.78660944,-7.07167493,6.34310174,8.46725729,11.08649603
29.27734375,-6.04609150,-3.36716046,-7.18837678,9.41780774,-0.17378748,11.34845668,7.48484726,4.41902559
29.28125000,-9.63907244,-6.77154558,-7.56062015,8.14616404,-2.39754425,9.47075673,3.29875841,4.95326410
29.28515625,-5.55050379,-8.83817496,-12.38101447,-2.96045811,6.27877274,11.53407399,-6.97925637,6.95984615
29.28906250,-3.98482826,-12.91764107,-7.00551413,-1.78589651,5.79492593,3.66182829,-8.26668180,7.30848849
29.29296875,-8.15604637,-12.08983614,-7.58990731,-1.03201033,9.46622845,4.08476163,-7.30709153,4.52304488
29.29687500,1.35196353,-5.92436049,-13.57418850,-3.89690591,8.00143378,7.71050516,-7.29543739,-0.46035885
29.30078125,0.95703849,0.77432435,-10.43495850,-8.65058407,6.39400162,6.17613134,3.16924175,2.07602189
29.30468750,3.61355667,2.41292754,-5.83425733,-7.73870609,0.25918805,3.22649362,3.64068037,-4.61210473
29.30859375,2.02181899,8.28118932,-5.72344248,-9.93995958,-0.32292389,3.65299896,9.32266422,-12.27570400
29.31250000,5.23723324,8.95396656,-9.26364979,-7.47826312,-5.07123642,-1.03459995,6.27103794,-9.16336076
29.31640625,3.55899338,7.06384125,-8.48626090,-7.77556024,-8.66761456,-6.77418278,0.94723593,-4.72553269
29.32031250,9.19728413,7.10949671,-8.22537120,-11.20366169,-7.25823659,-1.47110229,-2.71055727,-11.96087631
29.32421875,8.17499838,4.09195029,-3.11651212,-1.43380739,-10.15491720,-8.74641719,-8.69538446,-3.99571169
29.32812500,14.05455059,-0.18935973,-1.31932966,-1.23067673,-7.96044295,-8.46729793,-4.96671248,-2.15396583
29.33203125,10.53703348,-5.55686078,-1.37874241,-3.60678769,-0.53966890,-4.86165857,-7.32219224,-7.60351622
29.33593750,9.33478707,-10.64641400,-2.75377748,-0.24054902,-2.22981261,-5.04104652,4.58601472,-0.60616980
29.33984375,5.88065651,-11.47886125,1.72833161,-1.09420907,8.84986273,-7.59982538,3.12288866,0.45524228
29.34375000,0.13336503,-9.66205368,3.82330283,7.53893280,10.12952999,-8.31961542,8.71376624,7.80422147
29.34765625,-1.06395961,0.27248494,4.11871321,8.13775945,13.29281021,-9.37496363,3.75245980,12.43448573
29.35156250,-6.88379929,4.66857568,6.24196826,9.41908841,7.44510281,-12.63356188,-4.25385521,13.00121363
29.35546875,-3.86455649,7.86892890,6.33528203,9.77979274,5.31214259,-6.59660636,-4.44204131,7.34956660
29.35937500,-3.28196791,12.20047215,5.29103423,10.70477731,0.71067135,-4.59552176,-5.64287593,9.12608663
29.36328125,-8.70057507,9.57424751,9.23733816,7.13606834,-4.65721091,-4.41011913,-6.88960532,5.65759968
29.36718750,-6.69346476,5.29996510,10.66809203,9.06704788,-2.39979707,-4.63530852,-1.24573436,-0.96868643
29.37109375,-7.96196931,4.92352868,7.96361666,0.28886515,-8.18080189,-1.94713708,8.65755888,-5.55610356
29.37500000,-12.66294425,-1.38374327,10.92464327,1.50943254,-13.41657531,0.53653042,11.44423929,-4.86723374
29.37890625,-10.23891894,-3.06108027,11.48348343,-0.81028343,-7.83876096,2.10569424,8.25617287,-10.66044420
29.38281250,-9.91913845,-7.90089768,11.70407773,-5.76267896,-11.31716830,3.70099751,-0.40066426,-8.91491649
29.38671875,-0.02771900,-8.90704610,12.34961349,-10.35108740,-1.25079044,4.72829908,-8.34125765,-9.90757189
29.39062500,-5.19838495,-12.08209453,11.11042281,-12.65720154,3.39217493,10.13392417,-9.48427789,-9.21546860
29.39453125,-2.50228173,-3.70499764,14.10323134,-8.76602036,4.46148088,7.66042113,-10.34291127,-8.02526154
29.39843750,-5.75570836,-4.08597579,3.93583028,-12.38402549,7.49420142,6.82435710,-4.82247960,-2.30870104
29.40234375,-1.48702088,2.79860855,1.90628875,-8.51995601,12.72809906,7.34233316,1.37081108,0.70560123
29.40625000,-0.98594674,8.16854301,-1.32027974,-7.77340310,10.70161765,9.64838277,10.09810900,5.77938613
29.41015625,2.46577754,6.00838963,3.16611139,-5.30773873,8.43169130,10.20123800,14.27496752,10.87517265
29.41406250,5.21041940,7.68122672,-0.41209992,1.50772758,6.40235688,11.41726966,6.80345666,10.67405057
29.41796875,9.82759456,6.92068447,-1.74674993,3.93475546,0.20938317,8.48238737,3.97895265,10.98137397
29.42187500,10.94932242,3.64662346,-1.82516982,8.78782522,-7.03611129,6.15554341,-7.53770786,8.71115041
29.42578125,8.31592838,-1.35684715,-1.74778431,6.36430246,-6.75104098,7.55347693,-4.63257359,7.81286988
29.42968750,10.85262061,-7.02227396,-5.77835888,7.13983857,-10.47327103,4.04639007,-10.31097625,3.70286531
29.43359375,9.31618836,-8.30287702,-5.86431507,15.57467078,-11.57928508,2.06994110,-0.08277492,0.36571317
29.43750000,8.22820483,-11.82138618,-5.38661520,15.01457157,-6.41242233,0.58825660,5.64285653,-3.36090172
29.44140625,7.12305148,-6.37064849,-6.35560662,10.47019608,-6.47298251,-1.09581158,11.01174817,-8.53939043
29.44531250,5.13478875,-4.64887403,-8.89217998,7.26345158,1.63775004,-3.79692146,5.47710552,-9.74315184
29.44921875,1.37424427,-3.95832102,-11.62006082,4.99094848,0.93204713,-7.60309014,-0.11885355,-10.33885494
29.45312500,-1.75963493,1.02855669,-2.68859317,-0.10024922,6.91754731,-8.42758459,-2.78304125,-6.00672184
29.45703125,-3.79142444,8.88813133,-8.72145496,-2.54869054,13.01554520,-12.67495612,-9.06208998,-8.95152611
29.46093750,-9.70059666,9.46300858,-10.00761570,-4.33349096,9.79036183,-13.16664011,-9.00505796,2.57845628
29.46484375,-7.41220186,7.44427689,-9.96397997,-6.75127947,2.78529978,-9.96541135,-2.68224352,2.22617437
29.46875000,-11.99234326,6.94463460,-4.42182969,-6.90823270,0.03673997,-6.02929591,2.88071097,0.10455235
29.47265625,-9.68505131,3.10205031,-9.28873472,-10.01289432,-3.93415998,-6.27680532,10.70517496,2.24755226
29.47656250,-9.84203433,-1.81642690,-9.15487385,-9.48159885,-4.55473496,-8.12391420,7.89477622,4.90357723
29.48046875,-6.89796723,-4.83282994,-8.45672711,-12.57371584,-7.48353021,-10.81349448,5.62303857,8.20731008
29.48437500,-10.27198038,-8.46147979,-3.21959943,-8.60533756,-10.32973634,-7.89162840,-6.31086974,8.33733360
29.48828125,-8.18218598,-9.74096664,-2.29917994,-8.75408009,-9.63522623,-4.34433907,-10.16708806,11.16643625
29.49218750,-7.17405376,-12.11630266,-2.15906168,-5.56433361,-7.13270779,-2.07202895,-13.33319644,5.25856440
29.49609375,-3.67171699,-6.42891786,-1.35010764,-7.68649881,-2.09671857,-3.40242477,-10.49004172,2.22258797
29.50000000,-0.21383829,-1.33916430,-0.43774241,-2.25820386,-1.24399066,4.01200597,-0.62369548,-4.00196495
29.50390625,-0.49237026,1.16398230,1.80691393,-0.18210770,8.09082130,0.58729407,9.09252823,-5.80127876
29.50781250,4.58381711,4.93835004,2.11205207,3.97608278,10.68380689,-1.26712801,7.85353703,-5.58752987
29.51171875,1.76038296,7.21738807,3.08637720,6.80979192,12.36891665,1.48766330,11.16065442,-11.80637258
29.51562500,5.23564003,8.05649517,2.33209248,7.35630409,12.05168865,3.83641934,3.35188111,-8.11042819
29.51953125,6.99969055,4.38445566,0.42199251,9.67722869,5.79622169,10.46833861,-4.28237254,-5.17106783
29.52343750,10.09200527,4.80678415,7.10287480,12.09551881,0.85146640,11.09937924,-5.60446029,-4.32689677
29.52734375,10.69389151,-1.79719852,7.42126459,12.31359890,-1.32354805,10.04721826,-1.29784964,-6.98110517
29.53125000,10.24838370,-4.71100392,11.04385010,9.28815114,-4.90673366,9.26454272,-4.60001356,0.57092417
29.53515625,9.39097177,-7.13683690,8.71798340,7.38339592,-12.51197448,9.49524666,2.82500076,1.51139250
29.53906250,8.11729596,-9.94658256,12.77415124,0.59567797,-12.73143063,8.87807554,5.56000197,0.84146750
29.54296875,3.85198569,-7.92183479,8.82366333,-2.56388016,-12.82808253,8.51137451,6.81732070,8.92239600
29.54687500,-2.59201341,-4.39003521,12.82237594,-4.05843341,-7.90126707,2.96545211,6.83784378,7.94886801
29.55078125,0.77669597,0.76894274,8.00970531,-5.61253065,-7.45987528,-1.97443545,1.15649227,10.81691632
29.55468750,-3.49773733,6.34123340,6.49111182,-10.29650188,-0.47886089,1.16544312,-6.16055627,10.09296932
29.55859375,-8.55757160,12.28305312,6.46005416,-9.74526008,6.13589765,2.34054157,-7.34578501,9.14967592
29.56250000,-3.75892655,15.91389302,7.44424176,-6.19635533,5.40914461,0.37587632,-6.96197937,4.43007270
29.56640625,-5.41859226,7.76472749,7.72449893,-9.57815940,12.43745416,-2.75694035,2.70013000,-1.56383164
29.57031250,-7.53587487,9.32508891,1.84836355,-7.76232475,10.45770654,-5.13059904,6.61593888,-5.98947547
29.57421875,-4.70918986,1.79562746,4.72862733,-3.33768781,8.25771221,-7.73822420,9.12447107,-4.60047950
29.57812500,-11.12822409,-0.89659898,0.12562550,0.71525647,6.19721476,-3.10813354,7.73703808,-11.45016153
29.58203125,-8.62886570,-5.33403080,2.29611818,-3.72947318,5.71856738,-5.36237951,2.36997590,-11.85630433
29.58593750,-5.39280860,-11.07732933,2.18498233,2.37723474,-3.39032129,-9.86866590,-6.23081268,-9.70495798
29.58984375,-2.88024561,-12.39827856,-4.78934251,5.44583037,-10.65185246,-8.10420731,-14.06852830,-11.65444436
29.59375000,-4.39484765,-9.02504675,-4.06275748,5.93793783,-7.63832629,-7.30034659,-12.33194617,-6.95760667
29.59765625,-2.56838646,-9.32723075,-5.53274956,6.12795918,-2.93191514,-12.18083614,-3.74724841,-1.77380982
29.60156250,-0.27982124,0.25631040,-7.58964498,8.49022524,-7.36507525,-9.58813343,0.58038402,0.53700232
29.60546875,0.06259217,6.06049667,-6.14833319,10.09373926,-5.33954517,-7.07823479,12.60091586,7.61303272
29.60937500,5.70920356,9.43555863,-14.57338536,4.55945019,-1.92195796,-7.16028546,11.64023812,11.85324213
29.61328125,5.99116750,5.16652842,-10.17977745,8.75539018,2.97131194,-1.95837847,5.42596487,13.45658356
29.61718750,8.54132509,7.17236008,-11.93829654,3.51087697,5.67660110,0.05625120,-2.22831771,11.12519938
29.62109375,9.95580345,4.79399691,-6.16808688,3.55416325,7.63397743,-3.55959681,-6.73470348,8.35861718
29.62500000,7.85694793,1.67307903,-8.10690424,3.28571726,8.36875039,1.89878501,-14.64688783,3.51583892
29.62890625,5.24831775,-7.21542113,-9.30921740,-2.37186421,9.84787065,4.38475866,-8.41714787,2.19988811
29.63281250,6.13041659,-6.91610255,-9.55533654,-3.89060697,5.54003986,4.74469499,-3.52990360,-1.14185410
29.63671875,9.20787420,-9.84487736,-10.93447996,-8.27507322,-0.06030419,6.29415058,6.40090975,-2.75241926
29.64062500,4.31869968,-6.79482773,-5.29071420,-12.61564914,-3.43275537,4.14427259,8.71200217,-9.45701242
29.64453125,2.44379704,-4.87721301,-9.27917699,-9.40248393,-4.48376534,6.06937573,6.10393577,-10.19098050
29.64843750,-0.71629111,-0.67391664,-3.15581069,-9.31147838,-8.48804722,10.34771606,-2.11922636,-11.98161061
29.65234375,0.36776903,4.57406166,-4.67673447,-7.99782906,-9.99666666,8.02020452,-5.35538513,-11.65365469
29.65625000,-7.02207723,6.85219465,-1.40403296,-9.83825524,-8.38043459,7.90908520,-9.21146337,-8.75405011
29.66015625,-5.76828903,10.20659081,-4.00777939,-6.66092457,-0.52110979,8.97806488,-11.10628020,-8.47134608
29.66406250,-10.53667325,9.71157831,1.98408850,-4.93349790,-5.73069667,3.67894078,-2.66745214,-1.29822038
29.66796875,-7.55166345,7.66529239,0.93879962,0.23172987,2.13880613,10.19395804,5.18255899,1.78859744
29.67187500,-8.75620719,5.01835553,0.90628781,6.28154357,2.27702054,10.71551206,9.68894515,7.40353042
29.67578125,-8.59415628,-2.08160025,2.33818336,5.26382612,8.31570102,8.09737826,5.57407111,5.33684731
29.67968750,-6.36846371,-0.97055899,9.65092288,6.09867216,9.17294083,6.17790718,7.15232055,7.34236034
29.68359375,-9.06498276,-11.32654903,5.01531226,9.06984499,6.68542909,-0.20358027,-3.61837548,10.12873580
29.68750000,-7.29087838,-8.85664294,9.63113581,8.96855125,5.73591973,-1.33356695,-7.01057672,7.19743813
29.69140625,-0.54780535,-8.38296114,8.51895494,5.17641412,3.68476890,-1.65080035,-12.30951625,4.96963203
29.69531250,-4.24424813,-4.01522948,9.10522768,10.58506893,0.41908097,-5.82254987,-4.84159358,3.44137683
29.69921875,-1.99832325,-3.09776861,7.88024041,5.94435560,-6.84378936,-5.51860973,-1.59355388,3.08067638
29.70312500,0.39621709,7.04511044,12.18008887,2.74541324,-5.29183070,-1.78669322,4.57521475,-2.18142972
29.70703125,1.54472325,3.97039207,10.93555697,0.32554898,-10.75696947,-6.52507874,10.47110105,-4.43323177
29.71093750,1.88511463,10.40919402,10.97588779,-3.77377448,-8.71161026,-13.94958561,7.30513583,-9.39774721
29.71484375,9.44981098,11.79394609,10.56038106,-2.59259965,-3.73566190,-11.72137408,5.71354548,-9.69265789
29.71875000,6.50832004,6.71529922,6.79889677,-12.23244056,-3.95091474,-9.92705276,0.83589981,-8.12490534
29.72265625,11.37607329,4.24511706,4.43219979,-5.53005684,5.42510952,-6.44912053,-7.74133566,-8.20922236
29.72656250,11.81515630,-4.91890156,3.95673256,-7.69547611,4.91518406,-5.49594728,-8.70348930,-3.26100384
29.73046875,11.46764589,-3.01838066,7.55138546,-10.58603131,3.24075179,-4.31697384,-4.17178671,-4.78662985
29.73437500,8.40431340,-12.51375127,5.33032682,-10.70518410,10.57131297,-7.23616159,2.38812295,6.03260765
29.73828125,7.84398046,-8.32059436,8.00004192,-10.74798861,11.01279230,-5.01014335,7.96177605,2.05375065
29.74218750,5.89894679,-7.92253301,3.59232655,-6.57214396,9.72211032,-3.00745542,6.49804647,7.39573868
29.74609375,4.23829024,-5.12658292,-0.13577541,-4.20139009,5.10405255,-1.69196195,10.28425470,7.14250935
29.75000000,-4.46754480,-0.62304733,1.52184760,-2.11597579,-0.26977035,3.01025373,3.78738214,7.27760706
29.75390625,-3.07767486,3.53696701,-3.73974716,1.49714675,-5.08760508,1.47796549,-6.19706173,8.22507774
29.75781250,-3.35034477,9.84851266,-1.97705299,5.60679061,-9.98833306,4.92018278,-6.67232472,6.81683061
29.76171875,-7.74775949,7.59920565,-6.47651067,8.26285706,-7.82301319,9.82222989,-7.24151107,3.60521249
29.76562500,-6.83226174,9.66646239,-4.39102805,7.96338278,-13.57768267,8.09278160,-5.45526747,0.80971213
29.76953125,-7.78081019,2.68601127,-9.46800540,8.22099213,-11.22213307,5.22727598,7.04919326,-5.15672691
29.77343750,-9.16589877,1.29959177,-5.03966865,9.89894597,-6.24008180,12.10927722,9.51526556,-3.53033534
29.77734375,-5.86773392,-0.37352318,-9.62797278,12.03701057,-2.79160503,11.47946513,8.89849687,-10.17708398
29.78125000,-9.62176497,-5.96302326,-4.29226321,8.65064007,3.83122863,12.36485338,-0.07559146,-7.71156376
29.78515625,-8.63345512,-5.26736018,-7.44833918,1.80308960,4.42350630,9.72584065,-5.76471295,-7.34817895
29.78906250,-5.62407075,-11.31238968,-5.78285502,0.71754000,8.02877873,10.59586022,-12.44275514,-13.85408591
29.79296875,-1.42475025,-13.22713717,-8.73266888,-3.80619115,3.86864901,7.35282633,-11.33663464,-11.23108649
29.79687500,-1.05549628,-4.87207629,-6.08664198,-5.03287473,7.81542016,8.18031455,-3.32646343,-5.38607394
29.80078125,-3.29044695,-2.77828235,-9.95277694,-8.78763992,5.95797089,3.29598552,-0.29462661,-0.64531661
29.80468750,3.79895982,3.48073086,-9.45193001,-10.96977680,0.50378311,-0.33705773,11.03947131,5.54168278
29.80859375,3.74230994,8.37690606,-7.64166638,-10.65137957,0.72657092,0.96111757,14.02655110,12.21226515
29.81250000,3.59757486,8.89071170,-10.73778735,-8.63557994,-5.74870100,0.04017271,6.94341018,7.48645141
29.81640625,8.74840264,4.90553559,-9.62121774,-8.84639403,-10.27792406,-2.86616561,7.50444264,10.35306700
29.82031250,7.83732524,7.59768103,-6.98020036,-9.92730861,-9.36207499,-3.50250906,-7.98756778,12.56046572
29.82421875,8.88369782,1.34043967,-4.24805497,-4.10396114,-11.25573212,-5.38098016,-9.47686969,9.22894649
29.82812500,8.08726299,-6.58913000,-7.46305259,-2.00660075,-7.65334704,-7.98386350,-12.02051134,5.60208218
29.83203125,9.26849189,-6.43270633,-5.84180852,-1.55997511,-1.00192601,-7.28494567,-2.86011781,-2.91923317
29.83593750,5.38996954,-8.20647784,4.49884799,1.72301471,3.48109791,-11.75899119,5.17211149,-3.66019324
29.83984375,8.78345815,-8.51344510,3.31423549,0.34005275,4.21036374,-8.91496663,7.12043965,-5.59393546
29.84375000,1.66673731,-2.74740856,4.41067593,6.99342570,9.28012324,-7.61923841,4.25981114,-1.51123945
29.84765625,1.81162037,-0.70277496,7.22587213,8.58727242,10.26809347,-12.51136170,2.16014187,-12.22061911
29.85156250,-3.32892523,-2.26816121,5.95016929,5.33855541,9.96119840,-7.21592396,-3.33692605,-10.77758233
29.85546875,-4.83623472,5.47984248,9.77858196,8.23788724,6.85010383,-11.62695978,-7.47995586,-5.24378541
29.85937500,-3.27071441,5.58118708,5.95526758,8.77313348,4.53906326,-10.22661988,-14.17774941,-5.18897774
29.86328125,-5.53982284,9.70903500,6.81390735,7.13016377,-1.60481970,-5.91647463,-4.37330269,-2.82191603
29.86718750,-7.22341055,7.34241177,4.76617883,6.45294040,-8.07122376,-4.22167602,3.67798039,4.98905718
29.87109375,-7.91917168,7.95559369,9.28493531,4.36396124,-13.87140002,-1.78430332,11.71017636,3.64880213
29.87500000,-9.09036390,1.29780076,12.43883635,1.79749178,-8.43138853,1.92806946,15.76231849,5.45814061
29.87890625,-7.35601526,-5.33676353,10.53515882,-1.56183220,-10.40076228,7.91632325,9.86723404,7.53451022
29.88281250,-9.12481278,-6.17365708,7.13192180,-6.46626166,-7.29826557,0.28353067,-1.13676270,11.52141681
29.88671875,-7.90945455,-10.26250972,12.97718503,-8.46048386,-3.82183298,5.33093473,-5.48618925,8.35461609
29.89062500,-9.42719024,-9.41464936,11.29252039,-10.38006901,1.77411233,10.06520300,-11.96156449,4.82798009
29.89453125,-4.91291750,-10.96513996,4.10890673,-9.18246846,7.97165520,10.95927728,-10.48687156,6.78611647
29.89843750,0.01221753,-4.27002717,7.65888355,-10.52343763,12.98727897,8.25254656,-3.62679953,-2.04814071
29.90234375,1.68359908,1.90256540,4.81340726,-8.57949430,12.17463744,8.22530812,4.76602939,-1.66723860
29.90625000,2.59338239,6.96899944,4.46164975,-10.11049147,11.15878561,10.73250509,6.20383784,0.15254524
29.91015625,7.16055205,6.85757238,4.11294529,-3.98176861,7.97377752,7.03933189,9.83467256,-7.20578973
29.91406250,8.31153677,9.33236076,-1.28894240,-2.83454329,6.36884646,7.26274685,8.87834919,-10.81036205
29.91796875,10.34993679,8.82978325,-3.49203303,1.65165310,-2.82343378,11.88399316,1.26113962,-7.34153695
29.92187500,9.56253584,1.82299576,-5.16025872,10.69638614,-4.36679558,7.09116908,-9.49546440,-3.15861248
29.92578125,11.65200848,4.42629484,-2.56861672,10.72783111,-8.53164207,5.58728358,-4.52813197,-3.85967409
29.92968750,12.97649147,-4.16422364,-4.23476413,11.22969686,-10.71666265,5.29552427,-5.02311043,-4.80728358
29.93359375,8.88962595,-6.29348054,-1.60524261,12.70021042,-11.65343684,5.41410862,-2.60998325,0.98857497
29.93750000,7.14053816,-11.73842792,-4.65379911,10.11932677,-6.75707915,3.43881507,6.03978878,2.00405317
29.94140625,3.73462646,-9.71775123,-9.01708615,7.09583009,-4.20971006,0.31181242,9.34325063,5.53135746
29.94531250,2.12157785,-8.43548017,-10.17029168,8.45121098,2.78281263,-8.17795561,7.06681061,13.20543996
29.94921875,2.67186378,-0.40826095,-9.83135201,5.20183879,6.40800537,-8.71188498,-1.72313511,10.19869917
29.95312500,-1.35366375,2.10693202,-11.33245858,2.84346057,9.35458902,-8.11239229,-5.98764330,12.24231414
29.95703125,0.19452468,9.16354389,-8.02585343,1.30220413,11.74075869,-6.35276427,-6.93055831,8.11124065
29.96093750,-7.87583502,8.62441805,-12.03376946,3.38777487,11.11083306,-9.29754740,-7.24198834,3.56064100
29.96484375,-7.99947118,9.07437961,-8.71535009,-4.07871410,4.30948626,-11.14500926,-3.72050533,0.40269938
29.96875000,-9.17615320,10.43824596,-9.18103522,-5.69090971,4.28685124,-6.96143663,4.52208239,-2.58596310
29.97265625,-10.09268001,6.46411963,-11.59903518,-7.97967978,0.03406433,-8.54345509,6.76813468,-5.82282962
29.97656250,-8.39566697,-0.16779062,-5.20255426,-9.57323287,-3.23846336,-13.26531699,9.40188898,-7.34191359
29.98046875,-7.21847644,-9.35743066,-3.57679622,-10.80381480,-5.58427393,-7.92395531,2.04828393,-8.79286007
29.98437500,-4.84400127,-9.52822146,-6.47608341,-8.12520636,-15.57041871,-5.35097867,-6.81955137,-8.57954351
29.98828125,-2.78146114,-11.94514404,-5.61062696,-9.14765775,-11.62324408,-5.75906472,-11.44586477,-12.85531684
29.99218750,-3.57799566,-6.52598231,-4.57553390,-13.14100547,-6.24577724,-6.30600137,-12.62295609,-10.05050820
29.99609375,-2.44573762,-7.58720387,-0.88814545,-3.70148595,-1.97678596,-6.40087305,-10.02211227,-6.97274543
