time,ch1,ch2,ch3,ch4,ch5,ch6,ch7,ch8
0.00000000,-0.35619841,-0.87350821,-1.23265541,-0.96415517,2.17314714,-2.45138758,-0.73777533,-1.73505514
0.00390625,3.77909732,2.96270942,-2.79385033,6.99325996,8.05699667,-2.10837452,2.15331547,-1.83409952
0.00781250,6.22376770,7.49695105,-0.45743886,6.24271625,3.36160358,2.41453199,9.25682002,8.04856981
0.01171875,7.23018490,14.39153561,2.30917515,7.44620598,13.25191897,3.39840756,6.26615670,7.29132922
0.01562500,10.72823740,7.80210871,4.41239743,9.74275892,10.51473453,5.27751637,0.96337932,6.34249057
0.01953125,7.60131812,6.16982520,7.91947689,10.77562263,8.55196095,10.74878586,-6.60263960,10.31978530
0.02343750,8.91783815,1.49533829,7.15805073,15.20911958,5.36885061,4.96932849,-9.96522235,9.37788771
0.02734375,9.61904239,1.16879820,5.09777205,6.08053904,2.20375881,10.24612986,-7.05865503,4.24660666
0.03125000,2.66358660,-4.10493040,7.66040517,5.78591494,-3.33142870,9.54812213,-2.46184642,1.78655812
0.03515625,5.59735257,-8.31428735,10.36056112,5.55738981,-7.43217831,9.22535003,5.96465584,0.48132542
0.03906250,3.61820208,-10.16335484,14.01994668,3.09067209,-5.81546409,7.21596453,7.96745946,-7.24996957
0.04296875,-2.41354699,-4.55569146,13.22141368,-0.50334293,-12.93388816,9.43508565,6.98999216,-8.72338611
0.04687500,1.88667298,-7.32813051,12.91675597,-6.16372505,-6.89677119,6.94553467,6.79468739,-9.39825604
0.05078125,-4.13275624,3.84074505,7.47541424,-9.20844695,-5.75232870,5.64424132,-4.55291820,-9.92616208
0.05468750,-6.89461614,8.16044648,9.78040308,-6.90259832,-0.16452786,5.25037121,-7.96515957,-8.40291980
0.05859375,-11.04580239,10.62284682,7.27387682,-8.55956060,4.35254640,3.22338160,-9.99147540,-4.49415793
0.06250000,-7.45391615,10.19483271,3.88928975,-10.50899086,6.35255616,1.00606908,-7.08267177,-4.12424057
0.06640625,-11.66932491,7.14550198,8.30195129,-9.24911044,7.35972438,-1.77692572,-0.79193612,3.89743899
0.07031250,-9.52933817,2.97993275,1.01248738,-9.21205906,4.62126111,-0.71060051,9.72061677,4.08605677
0.07421875,-8.18835031,-2.02680735,9.55193654,-8.99894057,9.34825243,-6.69597311,12.41206489,10.48285350
0.07812500,-10.15070132,-5.21856047,4.46280718,-5.77524983,1.32378703,-9.00953292,10.31637715,12.48371193
0.08203125,-10.27294007,-11.32249165,4.77449666,-2.39385515,0.96487628,-3.18246656,5.87354953,13.50319689
0.08593750,-6.08984893,-12.05350344,-3.71484600,2.79095730,-4.86553789,-7.73288819,2.09040650,12.69894966
0.08984375,-8.44806738,-9.85618332,0.49931939,5.00191355,-4.19460732,-4.71593108,-6.49775213,8.55749433
0.09375000,-2.40520040,-8.68725556,-1.47561416,3.11408666,-6.47646300,-12.02090026,-7.63262393,4.74710848
0.09765625,-0.08277278,-2.91176429,-4.56277642,6.29232266,-8.47196714,-8.52170014,-3.71704495,-0.95425863
0.10156250,-0.19909674,3.32642203,-9.07532614,8.87027322,-5.40821445,-10.25299822,4.73081196,-2.15588534
0.10546875,3.70192081,4.66659857,-6.92760834,12.48784535,-8.43305450,-13.38115641,9.19265623,-5.14450461
0.10937500,5.21530761,9.96935016,-11.54830605,13.68813372,-2.08303612,-7.08640083,8.44522718,-5.55114711
0.11328125,8.85541675,9.72107760,-10.00219116,9.42943765,5.68842185,-2.75966913,10.28796973,-12.08184669
0.11718750,9.20946645,7.13796425,-9.68569950,5.94282372,6.04897183,-5.08109126,-4.17189202,-12.57190883
0.12109375,9.32375472,4.20972365,-4.48513228,7.48345203,10.91009331,-1.26817620,-9.29487116,-9.97739072
0.12500000,6.21938352,0.09152408,-11.06903459,0.92881277,11.05079899,2.78962566,-9.76355331,-7.13087460
0.12890625,4.27415732,-2.30254457,-7.59329063,1.29724802,13.80053737,2.13276467,-6.94718027,-6.36901619
0.13281250,8.37866601,-6.90629857,-7.35062077,-4.50065419,9.08287482,8.40452974,-1.25287665,-0.04438606
0.13671875,6.64866982,-8.12778522,-11.23863890,-4.91491778,1.38405396,4.84542617,2.75824706,6.46009029
0.14062500,6.40102980,-9.96122928,-9.97339636,-11.81767811,-0.37792755,7.15403493,10.18913516,7.93184711
0.14453125,3.38005319,-5.30061960,-6.75694790,-9.34266092,-4.99253825,8.88539734,14.59392366,5.79221356
0.14843750,0.96725314,-0.79058322,-5.37997997,-12.70642169,-9.72311974,7.33093821,6.42667242,8.99703409
0.15234375,-3.89954565,1.06512906,-5.06946843,-8.32147643,-8.75800238,12.87878598,-2.09759320,7.66734539
0.15625000,-6.55798815,6.79647738,-2.25067960,-6.57545775,-9.06536218,8.80497814,-10.43169161,7.75725511
0.16015625,-7.49538205,6.12921996,-2.94886295,-4.36997464,-8.16520854,9.40766039,-12.67265758,8.81874666
0.16406250,-9.63178536,11.27868503,-1.01620866,-2.46444669,-2.37314939,6.87579396,-4.47123527,0.98100658
0.16796875,-7.54221477,4.95811822,3.94764033,-3.69167433,0.29549464,6.30151905,5.09571936,-0.10044496
0.17187500,-11.77635771,0.73560696,5.20162020,0.24675197,5.74630736,6.53179165,8.62423814,-5.08564596
0.17578125,-9.47128658,-4.60602631,3.45670446,5.04185425,4.25071573,6.06684268,8.78790256,-4.05561837
0.17968750,-7.39189158,-5.06048475,7.29972652,8.22473528,9.57942193,5.08893509,4.54795188,-8.90239451
0.18359375,-6.83982917,-13.39018591,5.98431803,6.12489774,8.39180140,-0.49037710,-0.82557698,-12.18176934
0.18750000,-0.29194962,-9.37448830,9.48491289,5.11507515,10.90400907,-2.56037566,-6.38621376,-8.86703670
0.19140625,-4.31316418,-10.90735488,10.20919300,9.35588600,3.40805859,-2.61692455,-10.19469553,-11.29950888
0.19531250,-0.07378087,-4.34675351,6.86287734,8.26042180,-0.14479146,-9.30443856,-4.63999595,-8.05919938
0.19921875,4.61953346,2.70479253,7.84026783,11.22715575,-2.45598677,-8.84928067,0.88614371,0.92953428
0.20312500,8.09448054,7.23262674,4.99554398,7.05962717,-8.38051245,-8.70397013,3.48224315,4.16543967
0.20703125,7.32142076,11.70571612,10.84715857,3.40674319,-8.60119253,-12.42537262,11.85707833,1.56204794
0.21093750,5.76333790,12.93507565,-0.24752819,-0.83803422,-10.60947404,-10.16678713,9.60339316,7.19372972
0.21484375,9.60644647,10.00388786,6.35984303,0.39094074,-5.00344428,-8.33289684,3.26899495,3.83770036
0.21875000,7.52675720,10.23816458,10.26395760,-6.72412589,-3.45735236,-10.58868998,-4.19704572,8.53476128
0.22265625,8.93846126,6.34623941,8.61672339,-6.91090103,2.68495403,-7.78388407,-10.01702109,7.52860205
0.22656250,6.32658802,2.53277661,9.75340494,-10.37153459,7.17882181,-8.12820425,-11.74052395,3.96606008
0.23046875,6.34487980,-5.58874828,7.11421926,-11.35428139,8.57354630,-6.66303092,-4.64969552,0.85445855
0.23437500,2.79987782,-6.85295732,5.43342343,-9.83553520,7.13971105,-4.44910114,1.20840556,-2.04190969
0.23828125,8.02555740,-10.40225908,4.10235212,-5.75067755,11.02981486,-3.84007442,6.84641263,-5.04085331
0.24218750,1.33874996,-8.45336372,4.74876257,-3.26196492,4.52019769,1.91130340,9.84717807,-7.61660924
0.24609375,-0.72193036,-6.68627523,5.91968679,-6.85147880,4.53436802,-0.43335360,6.90092291,-8.64511365
0.25000000,1.07756289,1.53931273,3.11984013,0.43511895,-2.10320536,-4.37417128,-0.54492275,-12.66849775
0.25390625,-3.00883551,4.98307435,0.58186459,1.73344164,-6.16875242,3.16824909,-9.21511823,-11.35743067
0.25781250,-4.88558710,8.39722237,-7.47872918,4.98281716,-9.49136253,2.91994531,-6.89212883,-6.74293073
0.26171875,-4.93448675,6.10681600,-3.96581479,10.03504012,-6.71160981,6.25585250,-9.23217931,-0.68074796
0.26562500,-8.02499239,9.43005276,-2.06797347,9.45493666,-10.06097495,9.43075785,-1.40157938,0.45139867
0.26953125,-8.47631975,4.34643248,-7.26267514,8.97093490,-12.74606092,8.87028797,12.66639277,5.28498034
0.27343750,-10.37765468,1.14324779,-7.35152518,4.89392411,-3.40849157,8.69988908,12.71263733,6.79158338
0.27734375,-10.17201801,-5.15706182,-8.74589183,7.26280404,-0.05996021,9.54391016,7.38742359,8.47845418
0.28125000,-8.28031861,-5.93054479,-8.08970441,2.64248518,4.54117616,10.67593501,6.10649091,14.88295330
0.28515625,-5.40554583,-7.81902131,-7.40480302,2.83759389,8.06577429,7.78314880,3.40583455,12.46094822
0.28906250,-3.90294877,-10.68281655,-11.11480841,0.02605359,10.93906659,10.52436587,-7.98368353,6.58612286
0.29296875,-7.37425514,-11.60484525,-16.33553184,-1.21168305,8.58248398,6.78621371,-9.28058301,2.21105665
0.29687500,-4.94352032,-1.06006835,-9.52808516,-5.58735317,5.37915776,6.56554444,-2.36690247,3.44775607
0.30078125,3.97184566,2.13950038,-12.02904995,-4.31694015,5.11414102,3.86404003,2.58148741,1.66595273
0.30468750,0.12121612,5.79603216,-7.67784904,-6.88023053,1.99499697,-1.51400974,10.34534564,-4.71639767
0.30859375,2.97914625,8.38659701,-10.00782232,-6.98816002,-3.18367952,-1.08486072,9.11001116,-9.69760218
0.31250000,8.49590973,5.60382518,-4.97532090,-6.43460602,-1.15176452,-0.74379257,6.27312494,-15.62171122
0.31640625,5.46753258,10.46115760,-10.80618299,-11.27692545,-10.85257022,-2.03097682,-1.63161177,-12.12313560
0.32031250,7.56750566,7.75309543,-5.43679625,-8.85199335,-9.92425418,-9.06672250,-7.30151350,-15.30042773
0.32421875,8.99912708,2.59800738,-5.53299583,-7.42902635,-1.73269167,-3.21439846,-11.82912375,-10.40120911
0.32812500,11.15873057,-1.70163446,-1.62756053,1.02566156,-6.08437236,-6.23989530,-12.19133370,-3.22981016
0.33203125,10.57976334,-8.20884725,0.27886457,-3.68939243,-4.33331080,-9.27655299,-4.41682798,-0.47477530
0.33593750,6.52884721,-15.37335176,4.90492757,2.48165798,2.28275223,-9.84045564,2.31574354,3.30282189
0.33984375,1.78557319,-9.36452331,3.65693503,5.83702065,7.96677687,-12.25858814,10.41906786,7.04366713
0.34375000,4.16344583,-6.90419671,5.63423944,7.98471328,7.16963005,-10.57565617,7.41612497,5.76206907
0.34765625,1.24188638,-3.15291857,3.76634938,6.04841501,6.84631587,-8.97121628,5.18924913,5.30294203
0.35156250,-5.71377974,-0.72953574,6.50636088,9.79239509,7.85020082,-9.10845411,-2.53634364,9.09957550
0.35546875,-5.08189564,9.84188110,7.31700883,12.49843164,2.73963873,-10.38680450,-8.56450952,5.26948030
0.35937500,-4.95515936,6.38969031,10.81055383,10.88299158,3.20406092,-8.56338298,-9.46446959,7.57455732
0.36328125,-9.93855507,8.20350450,9.18208055,6.57086563,-7.96081752,-1.06226348,-8.45552915,-0.19800991
0.36718750,-6.75171276,6.82602976,10.28716491,5.01800642,-9.54573434,-1.76831190,4.11946382,1.98170435
0.37109375,-8.13631223,1.91949918,12.50464017,0.33020602,-10.59549442,-1.99475116,10.13346425,-4.22398198
0.37500000,-11.34568706,-0.96560747,11.30562548,2.22567863,-9.26793663,-0.93387362,9.85042570,-3.49998010
0.37890625,-5.43214564,-2.25000801,13.12244445,-7.20036323,-9.18102188,1.67302200,7.00732666,-9.41375901
0.38281250,-8.85218994,-8.68359721,11.82433052,-10.89897628,-10.01262707,3.19301614,3.36264480,-12.66696417
0.38671875,-5.85735630,-9.14168526,6.95209265,-11.26118000,-0.65366109,4.86196035,-1.41165331,-5.17030041
0.39062500,-3.25574500,-9.63344952,5.85926274,-10.08980840,0.36912769,6.33127283,-9.54855924,-8.52431293
0.39453125,-3.50966384,-5.79760900,7.85066329,-8.36186973,8.71556350,6.68522941,-7.88070113,-4.23398737
0.39843750,-0.20267108,-3.63528611,6.59023762,-11.49891807,10.70449635,8.23439995,-5.94098679,-3.28316798
0.40234375,0.82116123,2.53620852,4.69671186,-7.32491258,11.95321478,6.64822478,4.14978023,0.47281415
0.40625000,3.01576517,6.16458594,1.51266695,-7.20931979,14.38388842,8.61620277,4.86388277,3.04933032
0.41015625,4.22877714,7.47775235,1.34213580,-2.90722569,4.14640542,9.75421972,11.75674648,6.36784456
0.41406250,8.41629470,12.10934250,2.62047650,1.77648759,2.99660505,7.36314193,1.45884312,8.36510999
0.41796875,5.67411187,9.81518476,0.11125442,5.02605303,-2.13170105,8.77072877,-5.41758467,9.54327884
0.42187500,12.69655987,2.50120966,-1.83039989,2.58449260,-3.72337243,8.25188676,-12.52514692,8.09191217
0.42578125,14.78144207,-1.25385164,-0.93638242,4.10310402,-8.42653634,8.74914357,-10.33046181,2.85206175
0.42968750,4.77309235,-1.10446650,-9.28731110,12.94297760,-10.36688801,3.57703482,-7.10047314,2.15256640
0.43359375,10.62098603,-9.73767702,-9.13241192,11.15733343,-10.44897568,2.69141497,0.19314701,-1.91817123
0.43750000,8.76012714,-6.44771225,-7.53713906,10.77566064,-4.09661782,3.36990845,8.24236284,1.52142785
0.44140625,2.74979886,-10.86966676,-10.02539055,7.03059303,-0.06934939,1.77033294,9.71141603,-6.38491381
0.44531250,2.17694090,-7.18978447,-7.72256869,4.76036694,1.81695815,-2.36492651,9.16348428,-7.76045035
0.44921875,1.19154132,-1.71121204,-11.36792167,6.13710091,6.32632966,-4.39261061,-0.72764577,-8.00302035
0.45312500,-1.74634035,2.60989190,-6.84261456,1.95753023,8.75647592,-2.21822181,-6.78805510,-8.11148961
0.45703125,-1.95635073,7.16974915,-11.41971471,-0.80256265,9.27685118,-2.75810122,-10.02925603,-6.90657010
0.46093750,-7.59704689,10.29187934,-11.00825967,-3.78936537,5.03782187,-5.68003573,-11.94880788,-3.84649093
0.46484375,-6.57296384,7.41436360,-8.35292683,-3.47123644,7.18966262,-6.93214960,-1.45680846,2.34834016
0.46875000,-12.85627912,6.24560031,-5.70026379,-7.50833088,7.36362241,-9.65186267,6.76529782,3.92177135
0.47265625,-8.84563884,0.29484063,-9.37055822,-9.18200403,-0.89684016,-9.57824519,12.57696022,6.47407310
0.47656250,-8.77309768,-9.33154486,-6.32282601,-14.81649841,-5.15074666,-12.08217982,11.15383090,8.71093207
0.48046875,-9.38359641,-4.29788649,-3.51472526,-9.68383377,-8.19869512,-8.21805488,6.66305849,12.88911711
0.48437500,-8.29695078,-10.93708051,-5.65434209,-9.47502143,-10.74020973,-11.38083775,0.52683949,11.05068746
0.48828125,-6.03506945,-9.18197140,-2.25024809,-8.60297920,-10.71658722,-5.55544784,-6.03085895,7.09446971
0.49218750,-2.63459795,-5.96859339,-3.66961622,-4.12799001,-3.85043163,-9.05441220,-12.96559641,10.57781870
0.49609375,-4.45291249,-7.74069363,-4.11248667,-2.23915080,-4.18136041,-1.86928525,-7.24955418,3.70893251
0.50000000,3.44811252,-2.25612092,-1.10523277,2.24219618,0.61321348,-0.45914538,-1.29057345,0.23242389
0.50390625,2.01808337,2.74464118,0.11060560,1.68759882,10.58155521,0.44201123,6.98361734,-5.21293049
0.50781250,5.22183127,7.53782936,1.78315699,6.71042096,6.34905203,3.75093952,10.00564753,-10.14504521
0.51171875,8.04565705,11.10348921,2.08411503,11.45972004,15.88624757,7.69806999,5.50682807,-9.42877695
0.51562500,8.82590689,10.55098704,2.19294300,10.87821467,14.67861775,3.31517714,3.28550367,-13.12235430
0.51953125,11.47723931,11.56369383,8.93255311,12.53078790,10.83845002,6.19755582,-10.52662264,-14.35961504
0.52343750,6.39692990,1.47921938,7.32531212,11.32232982,7.06406588,10.60151557,-10.77993208,-10.04404532
0.52734375,6.05083420,-0.66193050,7.63898497,10.37687227,1.83569086,9.39598921,-7.28405465,-6.65989381
0.53125000,7.58865969,-6.68750124,5.18325364,8.50959878,-7.09183625,8.54833615,-8.92510972,-3.03365198
0.53515625,4.47774529,-8.13217738,10.29654007,3.77830264,-6.56361220,9.70704033,4.76946083,1.27808629
0.53906250,6.90271279,-11.11797028,7.72549779,5.73373216,-11.10318083,10.45346799,7.27508429,4.11650880
0.54296875,0.50627828,-5.95224127,13.32007224,-0.68425022,-8.76017579,8.52291589,6.89046406,7.49368592
0.54687500,1.60314042,-5.80242441,9.93607087,-2.96322321,-9.74435091,7.37113269,4.63410017,10.05376666
0.55078125,-3.60161609,0.82547133,8.82117340,-8.74644241,-3.35809679,6.05360126,-1.94871486,10.08426817
0.55468750,-2.13855236,6.50034133,8.48620956,-12.71475680,0.43064842,4.08593275,-10.43403410,7.77080222
0.55859375,-6.12701514,4.77648777,10.84922450,-9.38221888,6.03862867,3.17618151,-11.62964002,9.77543689
0.56250000,-8.11948273,7.88273003,7.70741582,-13.82584381,8.28387008,-0.22228961,-8.54683663,11.30775726
0.56640625,-8.54305796,4.96900503,10.86492798,-9.34979989,6.49955882,-4.85641406,0.75683119,-2.10999248
0.57031250,-8.42932292,6.18298892,5.17347156,-9.73033326,9.25216496,-4.04571643,6.23622076,-1.59756745
0.57421875,-6.82386490,2.89643762,5.52824341,-9.81568799,5.55192732,-4.59643099,12.08845518,-7.73100366
0.57812500,-8.39947634,-6.11983875,0.01156235,-7.34808741,3.30869283,-5.15795903,8.93727410,-6.41936973
0.58203125,-9.78358000,-7.74658293,3.67593593,-5.17313208,0.72372595,-11.81799990,5.17612732,-6.78824824
0.58593750,-5.20154850,-8.82283898,2.47527456,-0.13777564,-2.82052255,-10.55346121,-4.49488174,-6.69915786
0.58984375,-5.25434393,-8.75484801,0.52555072,0.14934362,-8.23814871,-9.80168111,-6.98388838,-3.73200438
0.59375000,-0.77112256,-8.37521745,-5.98066041,4.02288921,-8.01129460,-14.97077328,-9.01850178,-6.21331824
0.59765625,-0.84330142,-3.00945154,-5.36799024,5.89153423,-7.83977513,-11.03845048,-2.32876829,1.06658823
0.60156250,2.41360734,2.68972160,-8.29885271,11.28076506,-7.52236613,-11.19595603,0.83348470,-1.43650604
0.60546875,2.51149462,4.92648506,-8.92957906,12.48081754,-4.26724097,-6.51666693,1.50361559,2.47831489
0.60937500,10.14525875,10.73940633,-8.24827856,9.69161551,0.36614591,-9.11453831,7.73554859,5.54653998
0.61328125,9.68971652,6.55366305,-10.88898814,11.85867720,6.79116469,-4.73772664,2.53985469,8.59037305
0.61718750,5.80042646,9.18636376,-12.57596941,6.43762983,5.16432572,-1.09605448,-4.66194613,10.25356951
0.62109375,13.32066863,6.66728564,-12.76533260,2.87040488,6.87522468,-5.91357122,-11.39563987,9.71414914
0.62500000,10.79076258,-4.68508952,-13.45565684,-0.64447488,10.57928639,0.41281310,-14.29968140,7.88370175
0.62890625,6.88052985,-6.18559251,-9.04216256,-7.20243483,9.61236439,6.87100318,-7.35253367,5.68720111
0.63281250,10.51520986,-6.01943946,-8.83759264,-6.95329955,5.48235411,4.26556397,-4.01583379,-0.15988432
0.63671875,5.67380620,-12.27872660,-9.63987584,-8.93978860,2.58427881,9.02713605,4.20487197,-1.28720111
0.64062500,7.13741860,-7.98022213,-6.75250499,-12.50604789,-8.88308413,5.00385564,10.51857993,-10.98491021
0.64453125,1.79573602,-6.33666624,-4.65845987,-9.74621116,-7.97468535,8.58258407,11.07490726,-11.69211161
0.64843750,1.22186662,-0.44134140,-5.16161066,-6.06486486,-9.36389634,9.60468188,2.80790076,-9.21289844
0.65234375,-1.23014336,5.59736975,-1.20294165,-10.76255177,-8.52803119,9.10479857,-2.59457459,-7.79067566
0.65625000,-5.47820253,7.92091817,-0.92715911,-4.31098699,-7.60741699,12.02696747,-3.14099473,-3.08333304
0.66015625,-7.11942516,11.01369705,-2.29832779,-3.16272921,-2.10049699,11.71037951,-8.86725371,-5.40629535
0.66406250,-10.86333742,13.62959403,0.86439836,-2.84667815,-3.53667440,9.01864943,-2.65704691,-1.36898930
0.66796875,-9.77114046,7.22741127,2.05529146,1.91529777,-1.80025658,11.30274995,2.45586225,0.71111113
0.67187500,-10.55473049,4.42970557,7.36935238,5.54297972,2.11132297,6.82234006,8.27194146,7.50516497
0.67578125,-8.31337972,-1.69036592,3.17007406,7.64726569,10.99720348,2.65001796,13.02990541,6.66359511
0.67968750,-7.25164182,-3.66526827,4.73316276,5.33775914,9.90551567,0.82187587,5.18862892,10.67415638
0.68359375,-7.86237052,-9.01123300,8.96119925,7.45455648,9.09245874,3.73429078,-1.70723836,11.67604559
0.68750000,-2.84422477,-11.28354125,3.09465291,11.73821735,9.53208702,-5.63430239,-10.27063957,9.41286396
0.69140625,-5.08257385,-9.46697348,9.10099371,9.18627388,5.44656435,-0.71367199,-6.82943057,7.70974650
0.69531250,-2.68923004,-3.92102636,6.53872295,7.94035436,5.28966464,-9.70983470,-9.14396817,6.65175332
0.69921875,-3.23398689,-2.89688247,8.45316435,8.73234506,-0.94649636,-4.91128943,-3.41319009,2.42697012
0.70312500,-0.48730497,5.19242304,9.43087326,5.60852557,-7.17222018,-8.15475616,4.85951277,-6.36528630
0.70703125,4.54070850,12.92800587,6.46922894,-1.22506974,-7.82798979,-6.71091955,6.73201290,-10.79003167
0.71093750,5.96099994,12.10652444,6.75838884,2.80864722,-5.30172825,-8.72804898,5.06816354,-9.64910017
0.71484375,7.53114119,7.16133873,7.59483996,-0.20092948,-1.74947949,-9.70760991,-0.87739950,-13.03770343
0.71875000,9.51469095,6.40788090,8.81610304,-4.17057961,-2.62413682,-11.17624816,-1.66400831,-12.19045076
0.72265625,11.60433447,2.79425103,16.16884698,-9.83097033,2.28403616,-11.84124410,-12.57854087,-9.61418512
0.72656250,7.59015713,1.47073161,5.12608566,-8.68434287,3.91768580,-11.05468299,-10.36991689,-3.45863214
0.73046875,4.82690758,-7.58944018,6.48599898,-9.01571009,5.16780545,-3.86346097,-7.79932919,1.43797475
0.73437500,11.38809811,-11.28916118,12.29721396,-10.27547510,8.72696672,-5.94883902,2.34030915,2.01176751
0.73828125,9.48142233,-7.98357002,3.87911589,-8.18339846,9.67680624,-4.99409507,6.66697061,11.32453555
0.74218750,4.20799989,-7.90212572,2.95474977,-6.24872368,5.52232035,-3.45591651,13.59618240,7.39234643
0.74609375,2.91341514,-2.82459359,0.75021649,-5.28508900,1.45652043,0.05642599,12.31287093,4.94377860
0.75000000,0.19480583,-3.45825380,1.66947406,3.99645736,1.65383554,0.89958672,3.08893788,11.40235245
0.75390625,-5.56256759,6.36432190,0.40088673,4.07964392,-5.02654024,5.53024776,-3.21783170,6.96758469
0.75781250,-7.47241711,7.81787968,0.45736711,4.21423557,-4.99043668,5.94208605,-12.13520132,7.39451097
0.76171875,-9.12219494,9.19958185,-5.95902285,9.19712482,-13.14060184,5.17319497,-7.27195936,6.27990927
0.76562500,-8.58033502,7.23998943,-4.53775431,9.61385280,-15.47820432,8.25240230,-1.39488395,4.08325611
0.76953125,-9.21696571,4.59177014,-7.42569111,8.29396753,-8.88561966,9.53556408,7.77248944,0.44592567
0.77343750,-11.18554557,2.91630083,-3.32310715,8.56823161,-7.63146595,9.42289976,11.97684524,-3.52020392
0.77734375,-8.76768206,-4.58179683,-5.40561082,8.85897878,-2.94757661,8.65782979,10.92636478,-1.09429838
0.78125000,-8.38051652,-9.63211971,-6.71130594,3.41247749,5.42716212,8.09983301,7.35645583,-9.50755364
0.78515625,-9.49898440,-12.20148813,-7.40301842,4.15367588,7.82984827,7.68113046,-1.11050593,-3.94582645
0.78906250,-3.92066747,-10.41502270,-6.16912952,-0.52752412,8.94457238,7.64366914,-5.87988193,-7.73488363
0.79296875,-2.43751678,-7.97090563,-9.79722273,-2.07714883,8.75807271,7.57709083,-6.36665680,-10.50562641
0.79687500,1.87539348,-4.12531852,-13.09732203,-4.64462434,5.42318478,5.25742095,-2.91730929,-5.95564270
0.80078125,2.69359033,1.97250501,-11.78945876,-3.17113177,6.49887328,2.91939281,0.08967333,-2.22123736
0.80468750,3.60205226,2.85379816,-10.79980435,-6.40554848,2.31087432,3.22511804,7.64838473,5.23304448
0.80859375,4.73886017,8.08883110,-7.32541337,-7.25780277,-0.34054106,-0.02887980,11.18238493,6.46377400
0.81250000,8.30500851,8.65330726,-12.48994950,-3.13511681,-7.36189828,1.38296017,7.06601901,5.55437763
0.81640625,6.03741842,9.42859942,-8.36714395,-6.62170314,-7.52862640,-3.03486640,-3.90620856,7.81090360
0.82031250,10.42243524,5.40110781,-6.45708930,-5.89712561,-9.85749572,-0.08407218,-5.29436588,5.94479967
0.82421875,10.78531141,3.26901016,-5.32501450,-4.33963088,-9.50628732,-1.61004202,-11.80802833,3.14175474
0.82812500,9.70083114,-1.94177236,-0.16557457,-5.01634800,-6.20234729,-9.70344443,-11.35492324,5.08812540
0.83203125,8.34431553,-9.20285071,-1.42931451,1.19576567,4.76005645,-6.08518991,-5.97808588,1.94106318
0.83593750,7.28751320,-8.91585485,0.31055871,2.75707028,1.98115692,-9.88274651,7.87970871,-1.90319471
0.83984375,8.42353988,-9.57497160,1.82579952,5.79590343,8.90778714,-10.05782840,6.75697089,-3.67658035
0.84375000,2.93635654,-4.95641339,4.61509756,7.80614072,9.56269524,-12.49656925,10.74013342,-10.73598112
0.84765625,4.81714547,-3.31335225,7.60175407,7.23081806,7.87964644,-8.62898275,5.16826401,-8.27070255
0.85156250,0.40699041,1.16228552,6.89609422,9.18171788,9.02263247,-8.86321681,-3.48845339,-6.67864117
0.85546875,-4.04595972,4.58957756,5.75431992,13.33536824,2.44452300,-6.76334863,-8.71119937,-5.43476059
0.85937500,-1.96634062,8.89297350,9.36029890,8.67503229,1.28264509,-8.69598282,-11.25343992,-7.68498015
0.86328125,-8.43099954,10.87948138,9.41477606,6.73147001,-5.92537951,-2.84017335,-5.28760872,-4.25461291
0.86718750,-10.84578261,9.82760476,9.96838807,5.97104171,-5.31760809,-1.70618055,2.55603030,3.30073602
0.87109375,-11.33749399,-0.39366598,7.87567725,2.57410754,-7.29495029,-0.21008147,7.21763874,6.99007925
0.87500000,-10.73219126,0.20128433,11.51140137,-1.29738918,-10.36102634,-2.63272483,11.30083984,10.51812141
0.87890625,-12.39321261,-5.39165413,8.10227479,-3.50768880,-7.48431127,3.38350643,11.41278879,12.05936410
0.88281250,-2.09357127,-6.99980756,12.79832175,-4.23478188,-3.84592675,2.97870678,3.38819117,9.17302295
0.88671875,-6.20934828,-10.61989607,10.59232589,-8.33753580,-4.66541149,4.18068256,-1.98972704,10.56426772
0.89062500,-4.36881045,-11.66762843,9.74315138,-6.99384738,4.71901669,7.38514811,-12.32870319,9.88660329
0.89453125,-2.06438652,-7.11770421,8.73837102,-11.37247734,8.88346896,9.24173002,-4.06260633,2.21902997
0.89843750,-3.34579023,-4.52061446,3.74391350,-9.60007021,11.98713021,7.83865895,-0.09056375,3.27613400
0.90234375,6.27012786,1.11876556,2.57696003,-8.31669475,10.39215869,9.52075549,4.12432173,-5.38303833
0.90625000,7.01510058,7.44173915,1.83071513,-5.26829080,11.84087754,7.32522297,11.02741972,-6.00348344
0.91015625,4.96173013,8.84211606,0.20294600,-2.37736557,6.52617829,9.02212271,7.86193897,-13.34561004
0.91406250,7.47359725,12.05114133,4.63154689,-3.53935994,3.91400013,13.02154730,2.50533695,-9.71988123
0.91796875,8.38254076,7.93381609,-1.99182840,5.45124475,3.56363668,7.83104337,-1.95579682,-11.85586026
0.92187500,11.23438592,4.20560653,0.79014533,2.45606093,-2.70376242,9.44829506,-9.54282047,-5.81940462
0.92578125,8.59804077,-0.79900415,-1.25123199,9.46611825,-5.18799279,8.70272487,-9.92794704,-8.70397620
0.92968750,6.94454235,-3.54572049,-4.28788441,7.07151981,-13.05530418,5.50420423,-7.94305596,-2.48248787
0.93359375,5.70369971,-8.62345099,-6.49745066,8.41697100,-8.23160572,3.13304054,-0.98624645,0.64485936
0.93750000,7.21889581,-9.81259927,-8.05626466,4.40796789,-8.19669065,2.08053954,5.19968693,-0.54237568
0.94140625,5.43383020,-4.51557475,-6.12981196,8.43586378,-3.02845436,-2.55978046,12.16481322,8.93123831
0.94531250,4.24411526,-5.82923185,-6.65520935,4.92168565,-2.66514244,-3.92355218,6.69195185,9.24436682
0.94921875,0.16925142,-0.06955241,-8.26803783,2.21564229,6.42184026,-5.10012390,1.37736968,8.31746926
0.95312500,-3.48197286,5.00168096,-12.34171808,2.03607440,5.75038728,-6.64997390,-1.72546828,7.91430168
0.95703125,-4.20141225,6.95122493,-11.54369997,0.68509052,4.96928064,-12.38770322,-7.68412493,9.61557368
0.96093750,-3.04134919,10.13934191,-9.58637582,-2.30528046,9.88897765,-9.19054508,-7.55391065,6.96530930
0.96484375,-11.32137469,7.35017159,-10.37034872,-5.98577649,5.45651919,-9.22657157,0.28832989,3.78451941
0.96875000,-11.92277814,3.55906270,-7.96490767,-7.74282527,-1.69717155,-10.72444808,6.94484749,0.26606464
0.97265625,-7.63134058,-0.39407943,-6.45878555,-8.73539048,-3.53943024,-9.46422250,12.42075716,-1.05153582
0.97656250,-9.42004737,-0.33788672,-8.66834024,-12.03025794,-8.50504552,-11.32788579,13.74118089,-5.28984547
0.98046875,-8.35385669,-5.03731557,-0.74067739,-12.37504123,-6.91203631,-9.60447344,5.52920665,-9.58596432
0.98437500,-6.64528413,-11.10060718,-6.79014267,-7.71455864,-9.82977741,-14.01636544,-2.71111216,-12.15355326
0.98828125,-3.32561882,-14.36662346,-0.74250036,-4.89770449,-9.54917240,-6.70694051,-8.76040586,-8.81902299
0.99218750,-0.92401734,-8.34139842,-4.16873432,-6.70648714,-4.24819341,-6.69864379,-9.69589917,-5.36551637
0.99609375,-5.82136481,-4.30850926,-4.06050638,-1.44615733,-4.81302916,-4.58437756,-5.82727298,-3.06150572
1.00000000,0.73168299,-2.49021492,-5.38706391,0.66250113,2.70089751,-1.03972057,0.83199688,-1.71556541
1.00390625,5.22043525,5.36582547,-2.67555778,5.28470757,4.04135483,3.54356826,4.72487175,4.95056861
1.00781250,1.75029648,9.83597568,2.34759493,9.87825809,8.74228890,3.95987221,5.95719597,4.13689906
1.01171875,7.17931490,10.09710558,3.48765497,8.39472069,13.09370466,4.57921807,5.41005788,10.06273076
1.01562500,8.65120427,13.46325776,5.63010054,10.65717617,15.25237645,4.93932264,2.33541808,9.49270993
1.01953125,7.03713952,5.79857080,5.78881595,11.77967838,6.11836863,13.78073964,-9.14987339,10.35598295
1.02343750,8.43540597,1.48053098,2.82504026,14.80602357,6.18250991,7.66021833,-7.84011641,6.27686857
1.02734375,6.55376394,-1.42634462,11.34073620,10.35609272,-1.97677892,8.95831191,-11.36501240,8.00560939
1.03125000,8.84582462,-6.97496586,11.11073845,6.45992664,-3.97471242,10.16962850,-5.36242980,1.39579689
1.03515625,4.33770641,-3.81179154,8.50825789,4.00865165,-5.13608796,11.49661537,7.21270863,-1.29952342
1.03906250,-0.74835595,-7.29960824,11.40011836,3.30359173,-10.30449590,11.81643137,5.04046305,-3.72196125
1.04296875,4.43362425,-3.40470504,8.72518216,-3.93479387,-11.60282969,10.63937392,10.97929691,-8.62651913
1.04687500,0.96253610,-0.25923711,9.19451164,-6.00210670,-11.06162763,7.90741312,3.85944415,-5.58178244
1.05078125,-5.18374769,3.16746224,8.55348706,-6.97553894,-3.45763354,4.50383060,-1.60016778,-9.91467509
1.05468750,-3.44702704,4.44516818,8.27906721,-9.10940112,-1.09057044,4.92696453,-6.55742696,-8.75599255
1.05859375,-2.19433954,9.08149482,6.01470106,-8.72368775,5.80121916,1.36636608,-7.80353983,-6.57021518
1.06250000,-7.05830834,8.58855093,6.14839424,-6.68767246,8.99912809,3.32273634,-4.28568191,-5.28167950
1.06640625,-9.58882930,8.40797052,9.03720837,-10.71295879,4.42535690,3.66957990,-1.44156967,-0.03606024
1.07031250,-11.90601635,6.05888414,7.19036284,-10.64588089,11.45396320,-2.55432160,2.92042585,0.73004376
1.07421875,-8.33245159,1.29902498,6.12075320,-5.20548633,4.39134921,-6.41942182,9.65024324,9.70445028
1.07812500,-3.94165669,-7.00891122,7.20556244,-6.02712445,5.39062609,-8.30801934,9.41944669,11.63438552
1.08203125,-5.58623778,-9.09136845,2.60958352,-6.44858999,-3.25744244,-8.32305888,5.54787182,16.78462010
1.08593750,-10.28087079,-9.94346943,-3.30276159,-1.64978500,-3.37987563,-10.99166823,0.48337269,11.19279979
1.08984375,-2.73596681,-8.88389343,1.34719204,2.79502382,-6.17910954,-10.57018628,-7.97525215,8.49609311
1.09375000,-6.62614784,-4.79384991,-2.94591992,7.18736826,-10.09832310,-15.59441380,-7.56988553,1.49053721
1.09765625,-3.08229086,-4.84109817,-7.68195402,5.13687159,-6.51239754,-12.99171471,-6.45559828,1.35886747
1.10156250,0.15844316,-3.49917870,-6.76431878,7.95530347,-9.49756135,-12.58270014,-2.94683328,-4.49817154
1.10546875,4.43642124,4.33095156,-9.83402266,7.21417941,-5.46661239,-12.31039410,8.79500913,-10.44701498
1.10937500,6.50994651,10.87122258,-9.58351099,12.13266370,-1.25965559,-5.62225518,8.63912980,-6.29542978
1.11328125,6.36391893,13.86285245,-11.89972129,8.21079449,4.95837073,-4.62235711,9.12206731,-12.46920449
1.11718750,7.84287391,7.80373111,-10.93417945,10.22682901,5.45067552,-3.97112366,-2.24287406,-10.31303068
1.12109375,7.38973559,5.87502871,-8.22950132,4.03473434,11.23407788,-4.87291816,-9.64080135,-6.09338234
1.12500000,8.87096870,0.86275263,-9.96597915,1.36221394,10.12169712,3.66709123,-8.69627985,-5.97735806
1.12890625,10.85910422,-1.90155167,-8.05331039,-3.79800011,10.13555009,0.19347893,-8.85219361,-2.36770843
1.13281250,6.86225840,-7.74122457,-9.61468934,-5.21748027,5.09767528,0.74695644,-2.40332403,0.00364586
1.13671875,4.36615049,-9.73984448,-8.54970998,-3.78282416,1.84336135,6.90834770,3.89333269,3.24094960
1.14062500,3.06223174,-5.59914719,-9.53918586,-8.05612165,-2.91700221,7.22179894,6.84137711,3.40124051
1.14453125,3.87004301,-5.26997097,-8.58341938,-10.48102076,-7.78553267,12.05915754,8.05014262,10.90061147
1.14843750,2.07231300,-1.31970892,-5.39973879,-11.09361297,-8.66612051,9.38780648,5.14733184,11.15747117
1.15234375,-4.88259509,-1.68876437,-3.70863124,-10.43076057,-11.36539208,3.46715277,-7.74411186,11.80939637
1.15625000,-2.93938436,8.83275625,-2.59154569,-5.77932825,-11.14615012,11.07460952,-8.36056771,10.82171899
1.16015625,-1.36612414,5.14954234,-2.81195624,-4.76702307,-5.66363783,13.24382451,-8.74623712,5.74794766
1.16406250,-7.91701764,10.73477977,-3.01153869,-4.37980160,-2.44850408,8.17499528,-4.57061409,5.79498500
1.16796875,-9.73200731,4.98643461,1.76819845,0.67099565,2.79003629,11.11250222,3.12479670,-1.65018664
1.17187500,-9.67492100,2.77642647,5.50421093,0.30339178,2.48561311,5.18085445,9.36028406,-3.46638750
1.17578125,-8.09086119,-1.09466549,4.94668710,5.58977413,7.29350936,5.86714332,10.56793208,-5.71597614
1.17968750,-12.29139335,-3.51803126,3.57244435,7.07654096,7.56807574,2.39873159,7.06899619,-5.29704506
1.18359375,-4.66643029,-11.19315941,5.06803063,8.45990522,7.72423592,2.30776526,-0.45579216,-6.89974568
1.18750000,-5.33810421,-12.54237832,10.00352145,9.19169610,6.00322729,0.98360214,-5.04024638,-9.33775243
1.19140625,-3.24167417,-6.20081936,5.87606870,9.65642310,4.73501140,-4.18659909,-8.57844708,-5.57595088
1.19531250,-2.78313573,-5.31731827,7.60564506,11.87130151,0.59547071,-5.74334602,-8.25779416,-6.59004558
1.19921875,-5.26786239,-3.67596357,3.70710451,6.80430825,-3.14790980,-6.46211567,1.65827052,-0.36440279
1.20312500,5.77191926,7.35390714,5.33617836,8.28638129,-10.48955611,-11.91062537,7.11199216,2.10685338
1.20703125,5.46764046,9.04668352,8.14712639,4.41699140,-8.13950516,-7.15482509,8.79637332,1.74343438
1.21093750,3.86916455,10.72692616,7.12273193,-0.96910083,-6.60056825,-8.25162879,9.94731782,7.47156833
1.21484375,4.63562471,10.83888326,10.97523533,-1.09617777,-6.19523498,-5.45920137,2.66167974,8.24250279
1.21875000,9.20056471,8.42380638,9.09513499,-5.80767052,-1.54685034,-9.36599639,-6.87470245,11.77827816
1.22265625,5.29067323,7.59555207,7.35009261,-8.10703539,3.32258773,-8.55056525,-7.90012370,4.88551875
1.22656250,4.49349765,-3.22368578,9.74623808,-8.33379448,6.98846295,-9.78002649,-11.98307909,4.02827921
1.23046875,9.90654489,-7.40215137,3.53649880,-10.49610995,5.51514467,-2.63815808,-8.98660563,4.85021131
1.23437500,6.56464649,-5.48491580,3.06369048,-10.10102434,9.53088476,-5.28383372,-0.88795691,-2.21094043
1.23828125,2.77418931,-6.43839032,8.42127692,-6.82569086,7.99620337,-1.03612540,4.62696572,-7.64081181
1.24218750,3.21508339,-10.69194535,6.25345469,-7.94419354,8.79452124,-1.45056575,9.83518959,-5.23074123
1.24609375,2.09546050,0.15940675,5.41635250,-5.32080675,2.05325378,-1.68189202,7.57418020,-8.09101818
1.25000000,-0.40134444,0.17044429,0.65542245,-0.89467955,-3.74904506,-0.00222517,0.23171674,-9.69873540
1.25390625,-7.72440201,7.21317115,-1.50253079,4.80031550,-4.27963452,-0.16483984,-2.86980787,-8.46299047
1.25781250,-4.74631941,4.99313709,-0.70615060,-1.14728799,-8.16865039,5.06104244,-8.64186115,-7.19428299
1.26171875,-8.63803564,9.38468962,-2.77569635,7.07827687,-9.76524916,6.90465538,-6.40939974,2.29431904
1.26562500,-12.80686796,9.92869984,-3.53882150,9.04911610,-9.98621927,7.67140249,-4.60450937,1.51406829
1.26953125,-13.75291716,4.34960785,-2.65220997,7.34472296,-10.37047284,13.13891907,6.83759323,7.68911327
1.27343750,-8.38609869,-4.44746573,-8.91755845,7.72537672,-9.64425054,12.12691708,10.43049330,5.97345753
1.27734375,-5.98500512,-1.82895804,-4.03245614,8.09599754,-2.07608306,11.35668175,11.34246712,13.99432556
1.28125000,-9.76248179,-7.11636483,-6.79822535,6.14275632,4.01996605,7.06177765,5.18153869,12.58860263
1.28515625,-6.25827126,-8.91994318,-4.36665323,3.04277296,4.06887508,4.67243584,1.41928294,12.82133620
1.28906250,-5.85794134,-11.75221971,-9.17010364,6.64027285,6.36681317,5.99144027,-5.82171108,7.96107357
1.29296875,-2.56159182,-6.70204937,-15.97759865,0.26475337,16.62033828,6.38915896,-5.31930261,5.69833349
1.29687500,-2.11629509,-4.37029539,-10.84018858,-0.13745155,8.49377071,5.45627389,-2.51088781,-1.34115694
1.30078125,1.00910540,0.99832869,-11.54083492,-6.14220985,2.97192443,3.73527376,1.79367304,-3.43255466
1.30468750,2.52707115,6.35154326,-11.41369306,-6.15097904,2.05102871,2.47146789,4.89122133,-3.83370047
1.30859375,4.06601338,8.55998608,-9.78638958,-6.76307352,-2.71232691,-1.12127041,9.83628765,-9.26159231
1.31250000,2.53139690,8.57888655,-10.23150336,-5.59382187,-5.52093648,0.73185751,9.14513861,-10.76950810
1.31640625,7.98016184,12.27570133,-5.89388291,-8.42450858,-9.15197887,-2.27407968,-0.40042227,-12.02833768
1.32031250,8.86575794,7.59983258,-5.14686699,-7.45132018,-9.94726424,-6.22287750,-7.06029616,-13.86062302
1.32421875,8.94748014,4.40051944,-4.29068942,-4.95780814,-9.28268359,-6.60193966,-9.60332425,-10.05211263
1.32812500,12.60665378,-0.61717728,-3.70381285,-6.55994971,-8.05590679,-9.68147330,-11.35267803,-7.84126971
1.33203125,7.96602431,-4.85839655,-1.36612862,-2.09635776,-2.48207549,-5.82106387,-1.71649947,0.75302070
1.33593750,10.72719070,-8.00175039,2.60150414,1.86523745,4.77616717,-9.98862867,2.57602613,3.57767146
1.33984375,6.80252802,-8.04275467,7.30415627,1.44400865,3.38541296,-11.43265276,5.82198187,4.87542299
1.34375000,1.52938501,-5.70744790,0.53527046,8.00401050,9.64903484,-7.09736644,7.30461044,8.18274005
1.34765625,5.63344122,-2.87663253,5.89758624,9.27808949,7.87892716,-12.00275918,3.12527597,9.19684853
1.35156250,-3.59252794,3.13708422,7.40683806,6.24869078,12.19275463,-6.38109245,-1.57267711,7.54046110
1.35546875,-6.02010848,9.56510395,6.49484810,12.48557434,2.30244727,-10.73471485,-11.59739651,12.04106223
1.35937500,0.08380790,7.19318104,12.24687588,5.64168951,3.87241617,0.32926533,-9.67353825,8.00628872
1.36328125,-13.38602702,7.49764810,7.28528999,8.60708852,-1.96743654,-2.90349417,-7.69906946,4.10830722
1.36718750,-11.49635423,8.31301194,10.65457548,-0.56069974,-12.14520366,-1.93351935,0.89618947,3.73273256
1.37109375,-12.20695235,1.38579365,8.74361372,3.28795570,-8.08295429,-2.00868578,6.27488082,1.58026220
1.37500000,-11.05282849,1.44950811,12.12536193,0.03264451,-15.05103603,-2.08642945,11.24649380,-9.75301350
1.37890625,-9.67169970,-5.30822430,8.25818387,-2.98889292,-8.30981479,-2.47503098,11.27066683,-6.60163003
1.38281250,-11.49974944,-10.67689389,12.84659901,-5.44659079,-6.83148912,4.03199308,3.21757694,-8.61908946
1.38671875,-8.04589405,-11.69665911,9.40463297,-8.57875086,-1.65663662,4.64735670,-5.77574251,-3.85499997
1.39062500,-4.81588837,-10.47105113,10.76347084,-13.07891376,3.75804881,5.08703534,-6.45546852,-2.72455260
1.39453125,3.10897830,-4.10245663,8.34477386,-7.85267866,5.78537451,5.28229386,-7.10112393,-6.54520521
1.39843750,1.01229805,-6.44570428,5.75895092,-7.46883233,12.47677675,6.84159639,-2.54539349,-5.27924228
1.40234375,4.08096475,3.47260416,4.67629239,-8.58789399,16.84160085,8.42525800,4.54221584,3.67487022
1.40625000,5.31816580,9.21228271,3.47846080,-6.16548039,11.43176158,8.00030144,8.34253802,2.63335953
1.41015625,5.75932419,9.74944949,2.40961235,-3.86885543,7.44493330,11.36384027,5.94828960,6.09408906
1.41406250,8.91081567,8.19517069,-1.12357097,-1.29611019,2.68710260,7.23631533,7.07258338,8.31067691
1.41796875,9.86704384,7.41105171,1.42501369,3.50808652,-2.88508302,6.96944345,-3.89402651,6.69094149
1.42187500,10.20432655,6.74910703,-1.00593030,2.56246920,-3.52050213,3.88973833,-11.98811487,9.62016014
1.42578125,10.04151568,0.71140696,-1.46900874,9.19391120,-8.37289089,7.00522497,-9.00336369,6.51367859
1.42968750,6.74140457,-5.36576266,-1.23218879,6.71154502,-7.50112764,7.95812349,-7.78932595,2.51245618
1.43359375,6.61794854,-8.39317679,-1.92272286,9.60639968,-11.77042006,6.00831878,-2.31304801,0.76390830
1.43750000,6.64385129,-9.64174031,-8.66177935,9.32165847,-7.82906685,-2.35145280,7.31610753,-2.62377279
1.44140625,7.93179819,-9.25788715,-5.12724698,6.40836715,-6.25339427,-3.08402149,11.16330074,-7.59208943
1.44531250,3.63940604,-7.34524300,-8.51683320,8.01898324,2.43305967,-3.07700733,8.91058235,-7.68073157
1.44921875,0.68252260,-0.95355742,-8.12423202,7.63684321,1.21458617,-6.31905417,1.29513402,-7.24431851
1.45312500,-3.62367838,0.80255683,-6.81475692,4.25485036,7.96309717,-8.88727606,-5.51668619,-4.87156478
1.45703125,-6.93940158,8.68891259,-5.38549003,-0.11187520,8.99225216,-6.39164940,-7.21637278,-7.50044965
1.46093750,-4.63434088,7.59308146,-8.57161400,-1.22907438,5.95722454,-5.00885837,-8.26625979,-4.06974070
1.46484375,-9.66498915,10.56093201,-8.96899268,-6.70187449,5.85083972,-9.66062426,-4.07158104,-0.76420867
1.46875000,-10.81168554,3.83742733,-5.65198767,-3.48698178,0.92680010,-8.57868859,4.28657253,5.18339633
1.47265625,-10.15414749,2.32523297,-8.20419834,-14.12180808,-3.88719405,-7.82570563,10.05898896,6.67589134
1.47656250,-7.86919320,-0.77252037,-9.66910984,-8.65667273,-10.54849268,-8.85093738,11.73337826,9.42528147
1.48046875,-5.25584333,-4.72193547,-4.12073631,-9.01653857,-10.18221457,-8.80813529,9.64194790,8.57458469
1.48437500,-8.58732412,-9.90034640,-6.92795413,-12.11232435,-7.57141221,-6.55352412,-1.43160275,11.68686592
1.48828125,-6.57569141,-9.93397098,-3.71992802,-9.17781250,-8.85768408,-5.69139530,-8.25517140,7.93455744
1.49218750,-2.71686251,-8.54927921,-3.62291162,-6.79356385,-4.95066113,-7.09831624,-8.80306955,8.03217346
1.49609375,-1.46331999,-5.80536791,-3.36101916,-5.03004268,-1.48634522,-0.00478084,-4.43179416,4.55646344
1.50000000,5.45286083,-0.40573048,-2.16906982,0.60976973,-0.20332147,-4.40629702,-0.20962238,-2.82524756
1.50390625,3.73775475,3.82093766,1.56792861,3.54616295,6.82715152,2.19698227,9.58360165,-5.42686223
1.50781250,8.07227888,6.51281170,4.16983824,9.36740178,10.32624668,4.72571169,6.31948266,-7.62315134
1.51171875,5.21701492,12.80638549,1.28483186,10.13533704,13.77087392,6.83329830,7.24424156,-8.89402265
1.51562500,5.15565726,12.47826699,1.92782128,11.39009228,11.32159424,6.43783879,2.61132553,-12.71976715
1.51953125,10.38035353,6.75149830,7.42441231,14.21160289,7.92362244,8.96165642,-8.86153462,-11.91873579
1.52343750,14.17557851,1.63266993,7.03416616,11.50235798,5.03491508,12.61097023,-13.93508146,-9.59391339
1.52734375,10.97091468,0.03494687,11.84744562,6.76432461,1.44535865,12.00250825,-8.54029875,-2.79442590
1.53125000,6.27265948,-5.80501575,10.60866899,8.91071891,-4.12901059,12.38626251,-7.34526965,0.43749788
1.53515625,5.01574100,-8.31174700,10.85694248,7.19339482,-6.45469411,11.54701772,5.77598204,5.34059531
1.53906250,4.13494643,-10.93038723,9.48921642,0.30835341,-11.72425178,10.50720238,6.72279271,2.01632465
1.54296875,6.45559755,-5.57740201,9.26620371,-1.74715476,-9.11846316,10.94208912,7.56426805,4.71276295
1.54687500,1.73865799,-0.10719008,9.88736050,-3.33182936,-9.91484230,6.23409022,5.94725502,8.21787822
1.55078125,-7.46790465,1.13071472,4.44834651,-7.75718245,-2.65017003,7.28293289,-0.61707828,11.40474988
1.55468750,-6.86684212,2.50258476,11.38783503,-9.27570957,1.44690069,2.66325117,-7.16698494,13.60107738
1.55859375,-9.09255379,7.65417088,12.86591974,-11.42436520,1.37527691,6.28476732,-8.08475731,13.26209468
1.56250000,-7.47265727,9.24050810,5.66392084,-9.78965352,7.63153229,-2.05380202,-6.19340282,4.90900941
1.56640625,-13.47738926,3.73993664,7.76742145,-12.29787350,8.88288083,2.82028146,-2.29396946,2.39886621
1.57031250,-12.16599605,3.78834518,6.48445145,-14.50342438,10.69896643,-2.31601062,8.33348521,-4.66971300
1.57421875,-10.70156098,-1.76192527,-0.20570796,-8.80448008,6.77150060,-2.65479020,16.24572774,-7.35909217
1.57812500,-7.59086569,-5.07361228,3.04725773,-3.95203498,8.37725225,-7.87167538,10.62261094,-5.93518330
1.58203125,-9.70772071,-12.70769642,0.93269564,-3.51832946,0.38161623,-12.32423689,6.09574832,-7.30523962
1.58593750,-7.65990114,-8.48053849,-1.43491190,-1.87256387,-2.11988676,-7.91180878,-0.18773647,-8.11524940
1.58984375,-5.56944288,-9.69605895,-4.33089104,4.34696154,-6.08023111,-9.78880807,-6.48385997,-7.31636467
1.59375000,-2.16417422,-8.63490682,-4.78397409,9.61673619,-7.54665648,-12.32296224,-7.08096084,-8.44608330
1.59765625,-3.06855667,-5.55644508,-6.39850997,8.91993329,-9.17765909,-11.19243006,-5.09112746,-2.82252914
1.60156250,2.36200792,3.43257011,-8.13311315,7.63785913,-5.32464889,-13.90727923,2.81779556,1.35350332
1.60546875,3.56708695,9.66803784,-12.34379949,9.34302512,-2.74721338,-8.54876893,10.64030827,6.28713193
1.60937500,6.18376352,7.25760690,-9.00183869,11.19814107,-4.33225296,-9.42123382,7.95641680,5.91658001
1.61328125,8.35916818,12.37240812,-11.03830202,11.11506015,1.30001579,-7.47816170,5.72663305,11.43547076
1.61718750,11.34274949,12.18573514,-10.77510088,1.70370264,9.63530720,-3.94590353,-2.24250288,13.54385505
1.62109375,11.74382824,5.70332856,-13.10423304,2.30790276,10.93277957,0.48860329,-7.72021181,10.96011790
1.62500000,6.74296549,3.06070265,-9.86490300,-3.49855378,13.55681986,0.06721097,-11.36949270,10.17393712
1.62890625,6.72355795,-2.11757681,-8.49076884,-3.28917378,9.50705975,1.80454533,-7.89895690,1.30900440
1.63281250,6.39498284,-9.01938372,-7.47208236,-3.36356154,1.06653952,4.12747932,-3.99277905,-0.80365880
1.63671875,8.13007763,-5.95639763,-7.31849884,-10.27498529,5.03058910,6.56398001,6.72022566,-2.84975463
1.64062500,7.08369267,-7.54788316,-10.47857507,-8.66618248,-1.02097805,5.57306160,11.11556859,-4.71538290
1.64453125,1.22559662,-7.45621193,-6.36456280,-10.90809899,-7.75485314,9.45860831,6.30007682,-7.42982345
1.64843750,3.41051553,-2.98031985,-2.33234134,-13.44305497,-7.02615648,9.81205043,2.64300713,-6.07154120
1.65234375,-2.86577439,4.24620272,-3.99987737,-8.54133545,-10.72824983,8.59628016,-2.10246540,-10.71752225
1.65625000,-5.80256304,5.55056655,-2.31965254,-8.27673625,-8.24047146,8.57402784,-7.25004211,-9.44113828
1.66015625,-5.47015193,9.78717758,-3.21494449,-0.01481846,-5.56159577,9.57260913,-6.09560686,-7.86028676
1.66406250,-11.24293731,9.19456078,2.28017797,1.78419740,-3.28911158,13.50940128,-3.36436009,-2.39920226
1.66796875,-9.15272475,8.48727475,5.66235515,-1.39364664,-2.63207788,6.12758086,2.05048701,0.13863848
1.67187500,-11.19455003,5.46480720,4.12538255,1.55557343,3.63876516,8.40719049,10.00604597,3.25688943
1.67578125,-10.65392966,-2.27599643,2.75132390,6.09565795,7.23755074,6.29361154,9.99654182,9.96167707
1.67968750,-7.42870140,-5.95917173,8.75332810,4.26999663,11.18340737,3.25218969,8.10923662,10.80561814
1.68359375,-7.48174885,-10.13315587,3.68089480,9.52910138,10.58174969,0.09372722,4.01323840,12.50067270
1.68750000,-6.56926461,-9.20001813,8.49160708,12.21660130,5.90058176,0.01508955,-4.96763977,9.38808185
1.69140625,-7.23682750,-5.36544468,8.54148600,7.60387041,6.22483398,0.04400502,-5.54971478,5.99191566
1.69531250,2.72640325,-7.43080945,9.07020491,8.23412371,3.95244316,-7.28839164,-7.60175174,5.21305831
1.69921875,2.80714156,-0.03022063,5.93913345,8.66099116,-4.21858025,-10.26209847,-7.42789788,0.41910337
1.70312500,4.47681907,4.34693561,11.55553427,9.02785100,-6.91353351,-8.28336074,3.41719410,-3.32469730
1.70703125,1.37740331,9.39646950,10.35822769,3.58241960,-6.56816766,-11.01204868,5.77871343,-9.59522684
1.71093750,4.72769137,7.41845357,6.50890788,-1.31201042,-8.04038301,-10.50622562,4.10753526,-10.06235216
1.71484375,5.52695663,10.73748178,4.41187291,-1.11254457,-4.68213541,-8.16170207,-0.26375316,-13.23995870
1.71875000,7.82986747,9.23624601,9.76287045,-1.70487590,0.58467193,-7.71346614,-9.60367740,-16.11955815
1.72265625,8.52138743,3.78071407,7.58561734,-8.57252871,0.48135502,-9.05630575,-11.34922575,-11.82577003
1.72656250,7.24283622,3.54193578,11.33939884,-9.70601320,3.45791293,-10.40898762,-12.07899400,-7.58973508
1.73046875,8.16139707,-5.94033390,7.14507269,-8.70180539,7.95092159,-9.09691349,-3.25468952,-7.22354896
1.73437500,5.22634213,-11.02668113,1.82815641,-11.43121568,7.13220521,-7.57112777,0.18943531,2.37932469
1.73828125,8.91798731,-7.61977115,1.40751719,-5.92551993,6.57649491,-2.24938661,9.24124451,4.97701647
1.74218750,4.14811607,-9.18450411,2.23165956,-5.68499663,5.58965404,-3.13884423,8.93807217,9.90169040
1.74609375,-2.19353292,-6.81316953,-1.50903561,-2.07056278,0.29117582,0.30160207,9.98478586,6.13271347
1.75000000,2.13658442,3.40239361,4.03222091,-1.78139175,0.87969292,1.42074647,-1.02146491,13.44831368
1.75390625,-5.07731869,5.57660405,-0.01734467,-0.16889327,-3.32004483,6.48843386,-5.21102404,8.73708876
1.75781250,-8.63480512,8.91380825,-6.46936464,4.10381269,-9.74756180,1.14176043,-11.49699316,6.04237676
1.76171875,-6.36446138,10.65600189,-0.40672267,7.23128425,-10.05276272,4.21678377,-4.95934536,9.38183966
1.76562500,-10.60357481,8.69692988,-5.65272932,7.39626827,-11.59974219,8.39791209,4.05218249,2.50099063
1.76953125,-12.46666151,4.06409590,-6.37860706,5.66175539,-11.13903655,9.82997246,6.58794035,-2.65924002
1.77343750,-11.88433806,1.74962072,-5.14855281,7.55423300,-5.45106691,8.09026180,12.00716714,-0.67864059
1.77734375,-15.85230984,-3.38837255,-7.67866656,8.43061267,-3.71596511,9.86626386,13.73619171,-6.91881257
1.78125000,-7.87139219,-8.80960818,-6.81032036,9.02333995,-1.82756721,9.24598430,6.65236254,-4.07825046
1.78515625,-3.26205427,-15.39018868,-9.59983426,5.27566535,10.27017104,7.85938799,-0.71099567,-6.76961406
1.78906250,-5.74110308,-10.85868321,-10.40350983,-0.11675932,6.81937073,7.05443064,-6.54419963,-7.87711432
1.79296875,0.62785701,-6.02033465,-11.88231225,-1.48224859,8.36487998,3.25191788,-7.76417525,-8.50866369
1.79687500,0.51648940,-3.42446728,-7.73606431,-6.10279209,3.23536962,-1.46692027,-6.52999755,-4.29477306
1.80078125,-0.09816851,3.00181959,-14.45674604,-2.68753874,3.18111954,4.10091069,3.45051764,-1.94100075
1.80468750,4.44027259,3.63712955,-8.36331287,-7.54600747,4.23041778,1.93371993,10.07294900,2.98445421
1.80859375,2.70939239,10.83029187,-14.78731062,-8.75090765,-4.54519050,-0.68933929,8.21816517,1.56629771
1.81250000,8.41858441,8.45743388,-7.58029048,-8.69216786,-10.10472763,-0.35616161,10.61607189,7.12859100
1.81640625,9.62016951,8.98654532,-8.74046068,-8.90535475,-8.08785487,-1.44914103,-2.93059545,4.39173925
1.82031250,9.07531882,7.94570094,-3.86304756,-8.02760202,-4.81177104,-1.25431409,-8.11743980,7.54930252
1.82421875,10.41021675,1.53476199,-2.46917897,-8.09438140,-9.13256057,-4.02983387,-12.90007133,1.92844498
1.82812500,5.87531798,-3.35910032,-2.42104830,-2.32184209,-4.56813025,-4.01878306,-9.27789744,0.67947215
1.83203125,8.04788200,-10.34973013,-1.45301731,-2.57424954,-0.76464856,-10.07476108,1.57568715,1.71266732
1.83593750,7.99252260,-9.12876058,3.10578974,4.25739360,5.87002704,-6.05620854,4.85599742,-4.02236587
1.83984375,2.22506933,-6.62140795,4.03394523,8.59959967,7.35200679,-8.38780825,9.60871705,-7.45273767
1.84375000,2.54586729,-5.60749329,5.53099384,7.77395925,9.10901565,-10.76371782,5.25436805,-7.85403319
1.84765625,2.81803044,-5.68277063,6.44757948,7.91688376,9.02590294,-8.82787143,4.29902091,-6.33401704
1.85156250,-2.65151615,2.79337482,6.53409751,6.00895530,11.76952440,-9.59730229,-0.96732246,-8.18629655
1.85546875,-3.69414063,6.62546310,6.22755819,10.91921166,7.50278603,-12.08805117,-6.77140007,-7.62693110
1.85937500,-11.72610139,6.96516335,8.72546171,3.17648897,3.29854503,-6.46685620,-11.12390846,-8.44664477
1.86328125,-9.77935830,10.29639481,14.67002261,8.64995527,-3.02227464,-4.99263465,-4.60667592,-3.43431121
1.86718750,-10.66571626,6.93133186,9.08475180,2.61021341,-5.60301102,-1.28885258,-1.20763218,2.39842819
1.87109375,-12.58052308,2.01593736,11.95258378,-1.29782944,-11.39588377,-1.75561978,7.47904965,8.21896094
1.87500000,-12.15054448,-1.41985751,13.06419975,-0.88551654,-8.13515172,-0.63914144,13.01284508,5.29715909
1.87890625,-8.91813561,-5.73572442,7.87438177,-8.70245659,-12.82183066,-2.77971420,5.12956890,10.23785474
1.88281250,-7.20810497,-7.09158035,12.01150121,-5.24635459,-7.47358525,2.53746547,0.63465960,10.84989778
1.88671875,0.05529181,-9.33207428,13.89652708,-10.33989986,-4.21223286,6.51695984,-8.38790591,10.51058459
1.89062500,-4.96894780,-6.60457099,8.21740604,-7.44509981,0.92415988,5.58502575,-8.00076195,8.38606821
1.89453125,-2.99420500,-5.09007732,7.41100295,-9.78643316,6.43552546,7.45908020,-8.05153469,4.99294189
1.89843750,0.49239487,-1.87344169,8.07395969,-9.90573391,8.90804445,7.06036269,-4.35494593,1.06939820
1.90234375,0.85049174,1.53872851,4.28878559,-4.41975409,10.37380673,8.08275569,0.86810593,-1.57446639
1.90625000,0.64375292,9.78826839,2.08823998,-5.59021035,8.36821423,11.27988115,5.70565276,-5.85393533
1.91015625,8.64954492,9.13080867,-0.46186207,-3.83947515,10.92021070,9.24923986,6.25991134,-11.41293239
1.91406250,4.13189737,12.65226534,-6.32248679,-1.36137418,1.75369180,10.42724355,5.93612488,-11.80665625
1.91796875,4.15424473,10.31774062,-0.21718455,3.88236150,-0.04026482,5.11200615,-5.51314600,-13.93348626
1.92187500,9.41452027,3.11847725,-3.47236987,5.35483342,-1.51878040,4.94781792,-8.44288899,-8.90510672
1.92578125,9.09304190,2.37379875,-4.10247717,8.47111634,-7.94508905,5.93969704,-12.13424421,-9.09756975
1.92968750,11.94561074,-4.49390674,-3.44476572,9.26211047,-10.94856086,4.86099637,-7.12476065,-5.67645736
1.93359375,12.07731076,-9.39643876,-1.44328305,10.77030168,-10.09991768,6.47242050,3.33829795,2.48892475
1.93750000,5.74342391,-4.75764390,-7.08119543,7.56345460,-8.55666620,3.19044691,7.08413192,6.44133780
1.94140625,5.34961208,-11.53962561,-6.20426801,9.13580373,-6.00242187,-1.63179473,10.32590929,5.97320011
1.94531250,0.03579351,-6.13259459,-7.64891063,5.88338350,-2.10757412,-2.14119807,9.55237079,7.30740366
1.94921875,0.52914168,-0.37375104,-7.13258015,3.99915662,3.85773172,-5.16286994,0.83240718,14.00425673
1.95312500,-2.19973174,7.08267251,-7.67602774,-0.53272072,7.88847198,-5.05514403,-8.18764076,14.80414290
1.95703125,-6.71651194,8.56896717,-11.76389030,1.21478746,11.40301394,-4.65537238,-8.22529754,7.43854283
1.96093750,-8.28069614,5.63553547,-10.33458428,-4.25299615,10.98576856,-10.32963951,-6.08603115,11.28907662
1.96484375,-6.89135819,6.95155304,-8.16340710,-4.38835324,4.60349067,-7.60704397,-5.69005427,3.76792741
1.96875000,-12.36534971,4.45916924,-12.28427723,-8.98306332,1.27059632,-10.83443339,2.42582450,-2.04122225
1.97265625,-9.11883204,4.19049983,-6.38491298,-10.30737749,0.47908983,-7.63870905,15.89806876,-5.31275636
1.97656250,-8.59241797,-0.65573967,-7.03840260,-9.76182671,-9.42815461,-5.86172593,9.05219216,-7.10211224
1.98046875,-4.45642898,-5.31676602,-4.24795234,-12.51858895,-7.38027848,-9.17308402,8.02871667,-9.39168091
1.98437500,-10.06822779,-11.28035809,-4.15342435,-11.26166717,-8.35569504,-9.87023803,-2.97178368,-8.03607128
1.98828125,-5.17211055,-13.13714982,-3.62670473,-10.06390780,-12.31563734,-6.49824340,-2.28808164,-8.14050443
1.99218750,-4.14019533,-9.13584202,-4.14347564,-10.59903100,-6.66977429,-6.67344028,-11.16494935,-6.04838912
1.99609375,-0.14653147,-6.12234248,-3.00006132,-1.87398826,-1.32426359,-0.36726826,-4.86559782,-5.93416931
2.00000000,0.53653594,-0.82095384,-4.72393607,1.07938505,1.22283759,1.05870411,-0.16782102,-4.32541885
2.00390625,5.12312960,9.45365788,0.25722782,4.86434252,7.11652751,0.73184829,6.21559288,0.17281167
2.00781250,5.86123053,5.45457750,1.42224301,6.15589128,11.17376951,4.24293843,4.56808173,3.71774990
2.01171875,6.57968775,9.97967443,3.23739368,9.32035938,4.87615565,3.37299849,9.01114811,4.11287672
2.01562500,6.33200965,10.96226487,4.91680686,9.29354949,10.45171175,6.39603701,-3.01063986,6.70223430
2.01953125,7.24850425,8.54511378,7.71788588,9.29578587,6.56019899,7.59774882,-3.94877895,6.61294336
2.02343750,9.21733405,1.88620593,7.38029762,10.27095932,2.74261074,11.10908465,-9.53169388,7.00454021
2.02734375,6.85847163,1.69998762,11.88546070,12.39521979,0.37721043,10.23003007,-6.96986930,4.48476412
2.03125000,8.74537791,-5.97062125,11.25580812,6.80865337,-2.49130904,8.50307390,-5.39909182,0.71340736
2.03515625,8.98608315,-9.21622313,9.87999722,7.17561026,-7.42930594,10.71085322,5.23745599,-2.39501292
2.03906250,4.62363416,-7.26244942,10.85294959,3.07198411,-7.87037532,10.06654811,7.32121447,-1.17988499
2.04296875,1.44553173,-8.21651633,12.16599660,-0.05718963,-8.80831505,9.08081300,8.64849775,-3.20639539
2.04687500,-0.22568990,-7.74845500,10.53669672,-5.68720577,-3.97305866,9.54373553,3.31098106,-9.26597281
2.05078125,-0.26829689,3.52441179,9.62120288,-5.15742163,-6.66550559,6.38248845,-2.67631366,-9.49430768
2.05468750,-6.33948241,2.16356157,6.07409484,-10.38252860,2.07262787,3.11418403,-7.68018515,-11.58378716
2.05859375,-6.66182584,9.49473478,9.92354605,-9.29490633,1.57601425,6.06379271,-4.03727079,-7.12374521
2.06250000,-10.63714969,7.84726138,9.95168476,-10.08612171,4.47776130,1.82211472,-9.11379718,-2.84934433
2.06640625,-9.59390482,6.96051118,7.48467738,-8.71874739,9.26370351,-1.68508889,3.41893744,0.30327239
2.07031250,-11.26699308,3.94912288,5.09686212,-10.75727460,9.67835390,-5.29251126,6.71282888,7.89021442
2.07421875,-8.33479089,-2.29064169,8.21580649,-9.05497330,8.45462864,-3.67634897,12.19438031,12.49327682
2.07812500,-8.39285572,-7.85674048,8.03997363,-8.81499722,4.75387657,-3.78788091,11.77747600,8.01084548
2.08203125,-8.49958445,-8.41700543,-2.06561566,-7.26118285,-2.06674479,-8.93168040,7.22884537,8.97549667
2.08593750,-6.87543131,-11.92728300,2.49561418,1.68378110,-2.34614649,-10.79095817,-4.27242168,8.78698141
2.08984375,-8.09395421,-9.85539813,-3.86222609,3.52231763,-8.72308422,-13.94418284,-10.72135380,4.37969949
2.09375000,-2.31113155,-8.67428755,-4.86288895,4.79966432,-5.73542718,-8.05320019,-11.09926067,5.86830210
2.09765625,1.52673829,0.35717996,-4.78804119,8.58209638,-9.97329657,-17.72440391,-5.13034480,4.51591264
2.10156250,-0.18693546,-1.38033949,-8.27254292,10.33794079,-7.13764669,-9.18557857,2.78227814,-3.82810003
2.10546875,2.83466487,5.77663142,-11.11628307,11.59297786,-3.66767836,-7.37620662,10.58421181,-9.10651605
2.10937500,7.08737427,11.08977477,-10.86409299,15.20769920,0.12434535,-8.08675094,6.08364814,-8.36825354
2.11328125,8.33565176,10.00832950,-13.34848534,7.57414738,5.91332176,-4.18023375,4.81505446,-14.12204277
2.11718750,7.57634072,8.10334817,-13.26119389,2.09004734,10.49555244,-4.22969029,-4.20322846,-13.28182255
2.12109375,6.65367157,5.62690014,-9.46340498,4.67306085,9.04155347,-2.37158427,-12.89190940,-9.03736883
2.12500000,5.65296247,-2.29123505,-11.18862327,2.21709635,14.93898077,5.03462551,-8.55013987,-6.94084909
2.12890625,9.73862676,-1.08584859,-11.88363154,-4.30874510,5.66011332,3.04475345,-5.03229251,-7.04976210
2.13281250,8.76892760,-8.37184942,-9.31697901,-7.24577342,10.42126762,5.74759595,-0.43955218,-2.84906308
2.13671875,3.78915501,-10.94337647,-6.28904954,-9.57057741,0.93403234,3.88120513,8.98117738,6.69690570
2.14062500,4.13732984,-9.13235545,-12.28058103,-10.50352826,-2.13311380,5.22696194,9.83874360,9.40048827
2.14453125,5.72032417,-2.88561599,-1.39578522,-9.64906987,-5.94419075,10.43349279,6.18138615,6.42777059
2.14843750,2.94589634,-2.73660421,-5.47229295,-10.15729816,-6.91120218,8.81668919,2.90307909,11.03167675
2.15234375,1.47109710,6.41967631,-6.96559339,-6.08857526,-11.05657058,9.34115423,-7.01203479,12.64622023
2.15625000,-4.69706673,5.06834948,1.71167185,-8.81252084,-7.53868034,11.66604599,-10.07584387,8.55455855
2.16015625,-6.55465344,8.06908435,-2.76761277,-6.15951713,-6.97388998,8.79104780,-10.92808970,5.97735807
2.16406250,-6.94595231,9.55510241,-0.42044710,-2.89171382,-5.23406724,9.74764418,-3.43445801,5.22770320
2.16796875,-9.13424212,2.07563937,2.57306559,2.18578320,1.47231906,8.95877347,5.21879067,-0.69201918
2.17187500,-7.46402467,1.05812546,0.21716954,5.25952880,3.00325874,11.25404704,9.50500373,-3.10744073
2.17578125,-11.87876723,-0.43838509,3.16344529,8.29307119,8.03715650,10.38174692,10.16240695,-5.25206501
2.17968750,-13.02774397,-6.05797005,0.54656947,6.77914599,11.68152164,3.44593474,8.36130788,-8.22458059
2.18359375,-11.51676727,-8.13452273,3.51383534,10.87345577,10.22811204,4.36839619,3.73682270,-4.11553001
2.18750000,-8.38942221,-11.02321294,5.32407184,9.50646314,7.35140606,-2.66870769,-6.34420847,-6.55512987
2.19140625,-6.09984603,-9.49142219,7.22744231,10.29405904,2.36541785,-5.31587050,-6.63734590,-7.33560119
2.19531250,-2.90464586,-5.34777169,9.19496878,10.22687204,-4.53667081,-7.16000409,-2.78175777,-4.34701758
2.19921875,1.59762461,0.63695312,7.88674533,6.54664614,-3.42795919,-10.94586763,-4.83230172,-2.73513749
2.20312500,0.46064222,0.67174394,5.86746355,4.49220693,-7.55646243,-6.87382291,5.72172939,3.01141462
2.20703125,1.77159068,9.98871413,9.66427196,5.41399042,-5.72115902,-10.67854197,7.55100284,3.54146473
2.21093750,5.91318050,10.48339538,8.29828041,2.64054709,-11.48732938,-11.59095895,6.49336457,-1.64957256
2.21484375,6.91458001,10.79720229,9.06630157,0.81819451,-6.96640737,-13.40355255,4.56836443,9.02660942
2.21875000,11.50411666,12.55163706,4.40560789,-9.27682107,-0.73191037,-8.57115822,-3.80295064,9.42473808
2.22265625,8.86224419,4.77041263,9.86044536,-8.21493225,-0.87526988,-1.62906106,-13.86934911,4.96175962
2.22656250,6.64159198,-1.54863111,5.06105322,-8.04240943,3.87893003,-5.17572043,-9.89998910,4.09817646
2.23046875,3.46575887,-5.80892866,6.15546797,-8.21767792,8.06900581,-4.90758224,-5.31678961,3.61613716
2.23437500,4.20011022,-9.76723677,2.57851445,-8.81223173,10.80099307,-6.68594451,1.61595453,-0.14353868
2.23828125,-0.32613746,-9.87412385,6.02850437,-6.93413608,6.91481750,-2.23687376,8.07318154,-4.79260324
2.24218750,3.23106318,-4.51468998,3.36466188,-3.65569418,6.12451988,0.23960482,8.61238146,-4.20676672
2.24609375,2.23685407,-3.26787639,-0.37444776,-0.46656424,0.88938759,-1.01329406,9.47447352,-11.01593928
2.25000000,0.56386259,-2.53139518,1.87902467,-0.78515050,-2.65347438,-1.23491443,0.18854432,-10.38362643
2.25390625,0.69529694,3.14148602,0.48354180,2.40247435,-8.82674199,0.58577699,-5.62655038,-7.58962155
2.25781250,-6.21315914,10.52786948,-6.00924740,0.13126884,-8.43388733,8.44306021,-9.83139062,-4.95773450
2.26171875,-7.54650010,10.86195716,-3.45355733,4.11058135,-5.65226983,9.04988367,-6.08066264,-4.10301495
2.26562500,-7.10737906,7.84665862,-1.56823210,8.51041276,-6.14781093,7.85655252,-4.97320030,1.72839731
2.26953125,-6.66556834,-0.17072272,-0.34970836,9.52927713,-10.93063215,10.67619172,2.58799448,0.93743202
2.27343750,-10.73500244,-2.83029879,-3.98760222,7.78918546,-5.26301800,10.77822161,9.69735884,10.77800125
2.27734375,-11.16773699,-3.55199202,-4.44043413,7.45048898,-1.08956817,14.11968291,14.59288525,6.82634511
2.28125000,-9.02418492,-6.12013959,-6.72562043,0.77918864,3.48517606,7.55870127,7.25233432,5.81348212
2.28515625,-6.96167149,-13.93948786,-5.95040052,1.81517778,6.49602147,11.17188996,-1.91093466,9.47888644
2.28906250,-4.81415029,-12.18527250,-9.82675632,0.53136341,8.56815581,9.65810760,-6.04156795,12.17147379
2.29296875,-3.55109353,-9.41448125,-6.29650837,-0.49475320,10.11039877,6.88171140,-7.22206103,7.92055504
2.29687500,-4.31364014,-7.87654700,-16.19793736,-3.23915036,11.07704572,7.71344559,-3.09332356,2.76678440
2.30078125,1.17642077,0.35320275,-9.98454018,-3.77581489,3.40954909,-1.08262316,2.39187290,-3.07350581
2.30468750,7.12010131,6.09483946,-6.40978827,-9.37274399,-0.69074816,1.23185628,9.49598533,-4.60857942
2.30859375,6.39986583,10.84688055,-12.98378128,-6.09527630,-0.76549208,0.79774730,9.64062592,-9.94548801
2.31250000,4.40088654,13.04724501,-9.57610013,-9.06199873,-2.57328153,0.38394289,2.23522414,-13.36011396
2.31640625,8.84082416,7.63476600,-9.13271192,-4.40792305,-12.17490322,-6.97715205,-1.37450537,-12.79666827
2.32031250,7.02151391,5.02310863,-3.42337520,-7.48267205,-5.02104206,-4.59215966,-4.00906579,-12.66668865
2.32421875,11.50427365,1.72531470,-7.65053196,-2.75232407,-7.59951421,-7.19430149,-12.23197899,-7.18984027
2.32812500,5.64254857,-4.70546834,-1.84728713,-1.60654915,-8.52532880,-6.79839801,-5.82487270,-5.60460405
2.33203125,7.82627651,-8.10477189,2.93776669,-2.24105770,-4.65520370,-10.90287116,-0.89495218,0.08608265
2.33593750,5.11759722,-9.10401640,0.52693516,2.80911201,1.46717364,-11.93705505,1.66362804,2.02657914
2.33984375,7.44170130,-9.64802187,1.83388448,5.12323736,8.00083964,-5.18206754,10.18528591,6.86852943
2.34375000,3.44112459,-3.72291071,4.69016752,10.34291147,4.78917680,-9.92593267,5.79279612,4.68016346
2.34765625,2.38438133,-1.16428070,2.33593392,13.12348888,9.07570802,-11.27205321,3.89141236,11.79123925
2.35156250,-0.44556551,1.58059745,8.49455040,11.83174686,11.62453764,-13.44488233,-6.01928974,7.13290487
2.35546875,-3.85413202,4.57228138,10.41791364,6.33052001,4.59181971,-6.28395402,-9.72270043,8.00288610
2.35937500,-8.11518606,9.28987199,7.73380739,9.89307148,3.06184449,-6.02998092,-9.15055625,8.72647861
2.36328125,-8.40922167,7.17392628,10.62684370,7.44224443,-2.01687680,-5.31272248,-5.56739389,4.77857964
2.36718750,-7.28482806,5.59105279,12.30256909,5.66533583,-10.79611147,-5.60121780,-0.77489233,-1.10568115
2.37109375,-11.70715218,2.47974113,11.33045738,0.06588718,-10.34534029,2.24407421,4.70847331,-4.05440700
2.37500000,-8.74132000,0.51367649,13.36202443,-0.26946340,-8.77219435,-0.36058301,5.57790774,-5.39734716
2.37890625,-8.93855157,-6.46602380,11.10888788,-7.57720821,-9.15546019,2.15939491,7.67858782,-12.52728372
2.38281250,-9.71810862,-6.78375366,8.65096895,-10.31311197,-5.48232857,4.16451205,0.60642178,-10.98021993
2.38671875,-7.01155136,-12.56367737,6.51619732,-4.92273655,-1.73847598,1.27173295,-3.20784608,-10.81433180
2.39062500,0.35016393,-9.31350048,11.07255251,-13.66187802,5.10969120,3.91956171,-8.78277050,-7.89807262
2.39453125,0.21549982,-6.17160259,4.79530657,-7.75465248,5.16381469,1.92764936,-7.44585080,-4.02916652
2.39843750,-1.23315009,-2.20419085,6.75735052,-12.08467104,12.41647719,6.17029105,-0.54648534,-4.54593510
2.40234375,5.81305176,2.83339709,3.19349127,-7.77585062,10.72388032,11.39838802,1.45966635,0.55644408
2.40625000,2.61392495,10.72037472,3.61997398,-2.46082972,11.91486571,5.31118900,5.53741543,0.19839898
2.41015625,2.88838162,12.05119581,4.10450060,0.02130812,6.14374458,10.56548968,9.46850073,4.13717663
2.41406250,7.82824182,13.45406363,1.07366275,0.03478537,4.14704341,12.60061261,1.95287330,7.52267156
2.41796875,3.39156092,7.28673374,1.82325098,0.26972766,2.10251442,6.06210434,-5.09666538,9.93253883
2.42187500,4.10842133,4.90055514,-1.77480812,3.34931322,-4.56443425,6.11128627,-9.78921024,5.23435246
2.42578125,8.05641439,3.08346551,-7.87840669,5.37956145,-4.43422442,5.13505187,-13.02803234,4.71578571
2.42968750,7.81252818,-4.44694464,-6.13095894,5.39691325,-11.31119871,5.99391789,-6.15679484,-0.82514973
2.43359375,8.30389768,-4.22965601,-4.44509688,10.34834384,-10.20198057,4.94345267,4.23176720,-2.38133720
2.43750000,4.13075222,-9.52033756,-9.15361747,10.51206235,-8.34664009,2.53242426,9.66271444,-5.85169029
2.44140625,3.60908848,-7.07512675,-7.68499507,9.16744113,-9.75409063,-3.12550621,11.90893530,-4.88220387
2.44531250,1.31596746,-8.78367320,-7.74577183,4.67178284,-0.28304205,-3.21819632,8.04604540,-6.95105828
2.44921875,-0.85079157,1.86891669,-10.90896139,7.54847888,5.39619302,-6.99338141,0.99166669,-7.86028353
2.45312500,-2.10150216,1.19455119,-6.52377244,6.65870417,9.21010240,-3.39737600,-5.45922991,-8.63608174
2.45703125,-3.95371178,9.31504416,-9.71288658,1.58983849,7.21130676,-9.00602750,-8.78789338,-4.98591952
2.46093750,-10.57939944,10.61476539,-8.37066346,-4.37844168,7.47556682,-6.28619355,-10.42008362,-2.59620251
2.46484375,-6.41171358,7.81744704,-5.43823236,-2.68510575,2.79703048,-10.04136260,-3.03389415,-4.90989539
2.46875000,-13.64112786,3.87043488,-5.59527629,-6.36759099,3.36755185,-8.16544549,3.65874450,8.20321415
2.47265625,-11.34839143,-1.49423221,-3.11910614,-9.84770077,-0.79144335,-8.32391448,10.26388891,9.52485910
2.47656250,-6.99548003,-3.97097738,-5.62505574,-12.00477970,-6.77427766,-10.16865073,15.72487145,5.81626273
2.48046875,-12.62036882,-7.75914889,-6.74877661,-13.66771732,-9.62134643,-9.08471628,7.05560180,7.96682810
2.48437500,-9.20736078,-12.09551606,-6.00153417,-7.66794753,-8.27222950,-7.35847217,5.27142232,8.09153934
2.48828125,-1.01012352,-9.07465667,-5.95223675,-9.08017974,-6.22093920,-7.88877964,-2.49959471,6.27954955
2.49218750,-3.78328722,-8.61452691,-4.52396211,-1.54287879,-5.77377460,-6.89874259,-6.43347439,4.65426842
2.49609375,2.32842278,-2.60997475,-5.58645136,-3.65313775,-1.97810824,-3.17719501,-4.10496242,4.65001479
2.50000000,6.23225322,-0.61567957,-4.18596066,0.03637508,0.54344206,0.15185891,-4.61928038,4.64697114
2.50390625,4.65892432,5.77968033,-0.56261133,5.96669795,4.44542558,-0.13472956,6.37710469,-6.74513503
2.50781250,3.33615800,7.55707862,-0.35000302,7.60745203,7.94330611,5.31191823,5.27400415,-8.77329339
2.51171875,6.93599272,10.46931366,3.89608992,8.24799739,9.80042026,2.78336975,1.01524959,-12.34259755
2.51562500,12.30304152,12.74549087,5.85261676,15.33371200,10.93336830,8.72662832,-1.10058892,-12.89679399
2.51953125,6.44846188,5.80064691,8.27031375,13.41557314,10.97241234,10.92687840,-9.32173461,-11.45152708
2.52343750,6.32037317,0.76540095,10.06903252,15.42279210,5.30305534,9.47639676,-11.39882879,-10.27073942
2.52734375,9.91438699,-3.57663978,9.03326105,10.01901907,3.83224144,10.63601290,-11.87907619,-6.57522860
2.53125000,1.89875622,-4.30426259,8.34598674,7.26518533,-6.70089593,7.46606698,-0.16493159,-3.41113305
2.53515625,9.47760865,-7.82634397,10.75848633,3.66034911,-7.19648011,8.90807504,-0.28092809,1.00973036
2.53906250,3.93359620,-8.70080546,11.31533711,1.38618434,-11.55660999,12.30407586,5.73892273,7.60798302
2.54296875,2.25398005,-5.27127042,10.32955165,2.76122413,-11.44446487,11.31219091,11.37068174,8.82359976
2.54687500,-0.90953112,-4.20071332,9.05409952,-2.59505544,-11.51082806,6.42050399,4.97326758,7.56260711
2.55078125,2.22869985,1.43977427,10.14373884,-6.61591677,-5.68156975,7.20334452,-3.77372740,11.50881368
2.55468750,-4.65748465,4.00271753,9.51909109,-5.29123259,-7.13346984,5.75642295,-6.99898764,13.87309789
2.55859375,-6.78284325,6.24636300,6.29526288,-6.89792705,3.34554985,2.84547721,-9.77863306,9.40608510
2.56250000,-10.68786766,8.34123895,7.82369527,-11.67710402,3.80236446,2.88142837,-6.67801579,6.68995786
2.56640625,-9.63977715,7.51592724,11.81369838,-3.46678645,9.02730970,1.63845468,-1.47695403,1.58259037
2.57031250,-7.69676835,5.72816630,2.63270577,-10.99631961,7.40605473,-2.89593365,9.41437691,-2.87179732
2.57421875,-6.38649424,1.68443119,4.84770032,-7.48717105,7.11145110,-7.07677939,8.86451308,-5.78112273
2.57812500,-8.19858891,-8.04010588,3.45335777,-7.42503158,6.98128995,-9.71559548,9.41665411,-4.61200318
2.58203125,-9.25293522,-11.37582404,4.17635372,-1.82410762,0.81271321,-7.34478180,4.52683338,-6.68345201
2.58593750,-7.01622074,-14.08696242,1.92011237,1.06110433,-7.15857342,-8.62525119,-2.57514246,-5.72677809
2.58984375,-6.75637755,-10.41229838,-3.97997308,1.22748143,-7.16219193,-9.93119811,-6.49411554,-4.60359728
2.59375000,-2.81826529,-7.43116898,-2.58189201,4.47959304,-9.61994100,-14.62627897,-6.17986527,-3.64293661
2.59765625,0.43413268,-2.59498664,-8.36299473,9.54928441,-9.08527264,-12.54917698,0.08049439,0.76782856
2.60156250,4.56634368,0.35490108,-5.93300781,7.67302002,-7.06644875,-12.46545213,-4.32079555,1.67109680
2.60546875,2.21633046,6.82151401,-9.98458566,12.33553800,-6.18904669,-14.58015514,3.98119583,1.84155992
2.60937500,7.91987092,8.97606839,-9.41054277,10.93917909,0.74772992,-9.52911840,10.45005686,5.79443171
2.61328125,6.91396133,7.90015682,-12.62812508,8.53171418,3.41168081,-4.04038548,6.43545119,6.47690551
2.61718750,6.89320389,10.01593217,-10.83405649,9.75400148,6.06573833,-7.09029513,-4.94905369,5.47746332
2.62109375,7.43753501,3.85524094,-10.70041480,6.16027755,6.35963155,1.22103938,-4.10686931,8.75132059
2.62500000,9.06416195,-0.46767569,-9.45399653,-0.23460624,8.27649051,3.65120254,-11.31315426,5.42191529
2.62890625,5.60585169,-1.61835117,-9.51229270,0.79897869,9.16878761,1.77844192,-7.97847476,3.38338434
2.63281250,9.01465149,-7.48419004,-8.06377010,-5.09756440,4.91058966,5.64961507,-2.99864175,0.60944373
2.63671875,7.79580809,-9.91823033,-7.78741536,-6.33023648,2.54471676,5.79519273,2.35602773,-3.32574503
2.64062500,6.87110370,-10.26280478,-7.04725014,-8.69080260,-2.93364663,5.72312916,10.46048129,-5.63216023
2.64453125,2.77941952,-6.42901147,-4.77926038,-14.79213368,-8.28746742,7.69394584,8.52570549,-7.54318469
2.64843750,4.95683020,-1.53713690,-5.89997593,-8.43518479,-12.95264264,7.49314721,6.60366565,-3.47038822
2.65234375,-0.77194027,3.22572062,-5.81416082,-6.91487073,-9.90465594,12.45040900,-7.07640752,-5.29959892
2.65625000,-3.03280489,7.20317055,-1.66524007,-9.33523858,-5.92402567,11.79925797,-7.54630640,-9.31817806
2.66015625,-8.28073659,4.62561874,-2.34567597,-5.20589255,-4.78706596,13.70195568,-7.84868644,-4.75804600
2.66406250,-7.95277790,10.89792856,-2.26160331,-1.89418876,-5.40607877,11.90469222,-2.38245761,-1.51366409
2.66796875,-7.82429468,6.54248720,1.71819665,1.47457382,2.89712163,5.71647875,2.63374817,1.52310280
2.67187500,-8.58439851,2.25894421,0.90909425,-0.81075117,7.52144219,11.19690381,10.83250325,7.71624748
2.67578125,-7.46267322,-4.37146925,3.59615364,8.37905623,9.43844140,4.92493040,11.31057514,9.88600250
2.67968750,-10.91605543,-6.84095543,6.96453920,7.92428194,10.75575182,2.42709541,7.43859463,10.92763073
2.68359375,-3.77979174,-10.26615187,2.79513687,8.79123491,10.00273796,-1.98891829,-4.25098444,10.48219259
2.68750000,-6.95149754,-13.90879791,4.94036601,9.08064646,4.98251702,1.78939153,-3.27780954,9.88852811
2.69140625,-7.12137276,-9.49129193,5.14194217,6.85498203,4.30955120,-2.47298189,-9.35352331,7.97813690
2.69531250,0.39604494,-6.33475424,3.66181720,9.83982292,0.72222476,-5.85623716,-7.96975829,6.88581089
2.69921875,4.34615915,-0.38124270,4.34270494,8.74788542,-1.68370103,-8.20253003,-4.07707553,1.12056063
2.70312500,2.45534797,3.87478311,5.30766245,0.50169868,-4.51648231,-12.15447040,7.07188883,-6.31777977
2.70703125,-2.98583668,10.90581891,5.69581053,3.98554097,-6.47552479,-9.94458368,7.63339792,-7.28040162
2.71093750,7.51659769,12.07404478,9.88666565,4.22439641,-6.24459253,-8.59694973,8.12549911,-15.34612122
2.71484375,9.33255952,9.03970446,9.99388464,-2.85331947,-7.31048382,-9.88611622,-3.42935500,-10.28807812
2.71875000,11.31028208,8.16405332,9.33285144,-5.54844909,-1.06270516,-10.95671466,-3.98658010,-12.91325110
2.72265625,11.00670210,2.12347391,9.35319249,-5.00387548,0.46037060,-10.04460410,-11.24068670,-10.05463445
2.72656250,7.35412108,-3.56066412,9.36718891,-9.29330432,6.93475527,-6.20158118,-12.04973983,-2.79360679
2.73046875,5.74367689,-4.92144589,6.41632904,-11.63892758,8.74929126,-4.36116515,-5.58574589,-1.52926772
2.73437500,11.75726545,-9.49768946,9.83548458,-8.90417841,5.28939069,-9.03086640,1.01037123,-1.48474489
2.73828125,3.84905325,-7.36963417,3.01563116,-8.01013770,11.07312681,-3.81866955,7.38402350,5.86147460
2.74218750,3.05807281,-9.26688274,7.47884387,-11.84730130,8.18260564,-3.71177035,4.73677728,3.89946820
2.74609375,3.98233671,-2.85505319,6.12058108,-2.24740152,0.38384275,-0.19039596,2.38856390,8.92152592
2.75000000,-2.97904566,-1.35435878,3.72453934,-1.36134733,-1.55780830,0.80411902,-1.06787023,8.13604149
2.75390625,-5.51874196,6.29944067,-4.20654799,3.35478928,-5.15910567,2.20319908,-4.68000637,12.14761731
2.75781250,-5.83342866,7.73321911,-2.46117997,3.21588590,-8.88624148,2.96585443,-12.54312126,8.37540682
2.76171875,-7.25301066,6.44254544,-5.89435801,8.69929390,-10.00253004,6.43337197,-11.03437026,5.01250904
2.76562500,-9.35523648,9.63128720,-7.04359740,9.40912389,-10.44388122,3.12061912,-1.52097498,0.19909976
2.76953125,-10.20096468,1.67453756,-7.45840596,12.18195718,-7.90655810,8.67080956,8.09698877,1.48657630
2.77343750,-7.13418224,0.48160790,-4.52176098,9.48636122,-2.83045193,8.30058190,10.29474437,-0.87660384
2.77734375,-8.11257770,-3.45268222,-5.20403619,7.89528532,-5.43704004,12.16899361,12.17441043,-2.92949530
2.78125000,-6.04245686,-9.80819452,-5.99328895,3.28223290,6.69476381,10.29865819,3.50745371,-9.14376309
2.78515625,-10.05454886,-11.06977000,-6.72038200,4.92531119,7.58801695,10.66118445,-3.39011078,-8.69429519
2.78906250,-3.56205061,-14.09737298,-11.14424652,-1.83868573,10.12867477,7.59144754,-7.22126401,-5.62170684
2.79296875,-1.60768249,-10.55358821,-14.72459539,1.76255560,9.02290822,5.30510576,-7.98957519,-5.22079848
2.79687500,0.90524115,-6.03762133,-10.03290569,-4.35723820,9.32598442,4.47076563,-5.64842511,-2.73895462
2.80078125,3.16729183,3.07064173,-10.86206945,-4.09184464,7.79952894,4.09891671,0.60045697,1.16377164
2.80468750,5.95421805,6.13846973,-15.39086646,-6.79376990,5.97574897,2.88870941,7.84050178,3.12554185
2.80859375,6.38260841,7.61324331,-5.65735745,-6.52589944,-6.56940829,2.58769430,10.67782554,4.79233652
2.81250000,6.65954348,6.02960869,-12.53758560,-9.70827968,-0.83495510,-0.77614682,3.39375877,5.27344077
2.81640625,6.46197041,8.04602381,-8.83425725,-8.57363682,-6.85121998,-3.22676160,-2.85360137,9.45966835
2.82031250,10.08929690,6.39060999,-8.27803534,-7.87163255,-8.76976951,-4.06504860,-5.68655596,4.07815591
2.82421875,9.06086921,4.76947661,-4.45395016,-8.54417509,-11.41085003,-3.16004450,-10.87248330,6.17381149
2.82812500,10.26930779,1.60585272,-1.05615589,-2.78846501,-0.23260759,-2.67657522,-7.45212456,3.03151321
2.83203125,10.58589636,-7.43642574,-3.47996645,1.01063104,1.95926040,-4.01015877,-7.12542362,-1.89480829
2.83593750,6.40961403,-9.53994598,-1.15742597,0.25319001,3.32615202,-9.99352237,0.36327395,-5.69251730
2.83984375,6.32650724,-9.24966252,4.16301978,3.93268135,6.47055638,-7.06691365,9.63897351,-6.33150894
2.84375000,4.47946264,-4.34328016,2.12004752,6.63015580,6.41666335,-7.44036029,6.63666937,-10.26925244
2.84765625,1.30342076,-2.45875052,3.81951423,8.00345472,6.85431174,-9.30348410,2.76045342,-10.94856158
2.85156250,-1.12029793,2.04052274,5.64787989,7.12171780,6.66133447,-7.89406005,0.35917448,-10.09869707
2.85546875,-1.38451438,3.55416980,10.25188089,10.78957399,3.51832070,-7.48144272,-7.96104747,-9.59889956
2.85937500,-3.97906077,7.18968947,7.42246542,8.87487244,0.70139131,-7.64179052,-10.96886459,-8.15919259
2.86328125,-9.58497778,12.59464565,11.13702021,3.42763389,-0.62538060,-4.13885536,-5.94543056,1.92724757
2.86718750,-5.46959368,5.70467735,13.12473696,6.29894365,-7.79087711,-2.30164501,0.51256468,3.95909027
2.87109375,-12.34013134,0.31130422,10.14098239,3.71885736,-7.11003783,-2.84969183,8.36316526,7.84015804
2.87500000,-9.21392382,-1.24972656,8.51983311,0.07977286,-11.61069304,-0.03659983,12.89400044,6.71295801
2.87890625,-4.07275777,-4.15393602,12.10608283,-4.50802597,-10.71801019,0.40721620,8.24756442,8.68209456
2.88281250,-8.60700990,-7.49056841,7.86952056,-6.11088726,-8.92718071,2.11910355,2.83885207,9.16443845
2.88671875,-4.52675699,-11.45806663,9.89644505,-8.86604259,-4.10176618,4.59766616,-7.12157296,7.51087860
2.89062500,-2.96425728,-8.94779886,7.71508185,-6.96647815,4.65607314,5.55061331,-9.74664983,6.69194112
2.89453125,-1.01318106,-7.59442366,5.35844200,-11.48377095,6.14403421,7.48534527,-8.74834589,3.79147628
2.89843750,-1.82584320,-2.37737452,8.81662359,-9.49186171,13.82326858,5.99510430,-2.26473319,6.34470082
2.90234375,6.68547754,0.24436165,4.02431339,-11.55091421,11.69992985,9.22818238,2.15606931,-0.95341389
2.90625000,6.87948229,7.34838887,2.19252025,-5.91379791,11.69941730,12.79796943,3.91173204,-11.46513887
2.91015625,4.66959483,6.92980750,1.38186273,-7.54227861,7.44968674,5.35606299,10.70136023,-11.42794098
2.91406250,7.14636060,14.04157769,0.82236622,2.17602670,7.20836368,10.65746514,3.48082785,-11.76722522
2.91796875,5.56557562,11.60627927,-2.99778992,2.69999246,1.84047632,5.31508181,-3.09728651,-14.62595423
2.92187500,9.80445102,4.61696473,-4.71240236,2.21184868,-5.30767274,10.39493239,-15.35090254,-11.02598285
2.92578125,8.84274823,0.52014933,-3.70089180,8.02821874,-9.51833463,4.27178952,-8.50565786,-7.16288325
2.92968750,8.71990531,-3.65943705,-10.84872005,7.43488459,-8.64962804,4.33814213,-3.79544046,0.31787343
2.93359375,6.34029621,-9.27859893,-4.13758002,8.06121739,-9.45124045,4.44391727,0.48577914,-0.12968739
2.93750000,5.86283853,-11.20414574,-7.22690875,10.08708931,-8.46524024,1.61453426,4.07747173,5.60227360
2.94140625,4.88636166,-9.95407088,-4.99361743,8.56411396,-7.00211706,-0.01093533,11.36177748,6.01640065
2.94531250,1.42213101,-3.32613791,-8.45728686,7.54235933,-0.10033802,-3.72302736,10.27541383,7.85717835
2.94921875,2.21419762,-2.03594038,-12.08104373,3.86999379,4.10478976,-1.84400170,2.12349936,12.94706235
2.95312500,-3.91979223,3.39625533,-11.15260391,6.20396823,2.35285080,-8.95021231,-4.44163979,11.97625496
2.95703125,-9.57197175,8.93304767,-10.60845553,-1.45673286,9.22713358,-4.57776922,-7.16569948,7.67483501
2.96093750,-9.55718636,7.93961287,-7.94905366,-2.71663031,5.86949348,-9.96490477,-5.70782528,4.45296408
2.96484375,-10.94447347,1.44084576,-6.90592326,-6.71655741,8.31968984,-6.16302613,-1.39123814,0.45891235
2.96875000,-7.90480314,7.02504080,-5.66832531,-7.44834746,4.75861714,-9.16987066,2.92430365,2.44264210
2.97265625,-13.87499300,2.09469240,-6.76055815,-11.15802538,-0.12571678,-11.00726994,12.01107712,-6.40928769
2.97656250,-8.06334378,-4.05327540,-10.04478796,-10.51302734,-3.67222759,-10.82168948,9.94161111,-9.48373212
2.98046875,-10.35186302,-7.03546541,-3.59545385,-7.45808005,-4.06362825,-7.75071068,5.81432933,-6.23381630
2.98437500,-4.59996922,-14.15099138,-3.37868491,-9.65935960,-10.61780330,-10.43485642,2.44048277,-7.66629394
2.98828125,-4.14003691,-6.09034805,-4.25606398,-12.19385551,-10.17837709,-9.45558279,-10.27831109,-7.75952118
2.99218750,-1.85683382,-9.23395291,-5.60139879,-6.54301737,-7.58893637,-5.05890073,-11.95565016,-7.51377127
2.99609375,2.04475795,-5.68583375,-2.95503384,-1.79741965,-4.07858816,-5.89771915,-3.58125915,-2.00223864
3.00000000,1.74605517,1.44752136,-6.53873906,1.26244651,1.85906256,-2.61069775,-2.47012199,-0.34723877
3.00390625,1.14049964,5.66177152,-4.03789662,1.31073639,4.84870649,1.54649325,1.39271054,0.08908664
3.00781250,5.60235448,9.58058400,2.01761460,8.17343026,10.30727737,4.66548688,7.96022684,4.01456042
3.01171875,5.86893849,13.70412071,0.45253057,10.80784336,12.26098304,4.98438455,2.32760198,6.11286207
3.01562500,7.60265479,11.36524341,7.38045870,8.91565145,13.52705812,2.34706689,-2.92705164,7.44508091
3.01953125,10.46669240,7.45486133,3.75816609,6.35990971,7.22189484,10.00730446,-2.13452975,6.40040046
3.02343750,8.52994316,1.48891029,10.75801351,12.74032776,6.99613152,8.16984262,-9.05236060,8.36261282
3.02734375,10.90497170,0.91997606,8.13841362,10.09977969,3.46168388,7.29635012,-9.72356336,0.58460874
3.03125000,7.16882548,-6.32934000,6.05915096,10.40303277,-5.62889780,9.56069540,-6.91886239,0.56725890
3.03515625,5.50064959,-5.65735288,12.86177701,2.17435085,-6.63192362,12.05299472,2.92611672,0.49882595
3.03906250,2.62677973,-7.45156979,12.89077809,2.96140011,-7.93580320,8.88471413,7.24441440,-3.85062028
3.04296875,5.38557718,-6.68742697,9.34884571,0.04671230,-7.51659470,13.10436764,5.15710181,-8.36823385
3.04687500,-0.22077143,-2.38886884,12.65042657,-2.46746310,-8.99858763,7.05599274,5.13924751,-5.95184831
3.05078125,1.91474862,2.67396515,9.43754630,-5.77267593,-6.23015315,7.42051016,-0.78584995,-10.24599156
3.05468750,-1.28780227,8.74391872,11.00194184,-9.60644342,-1.89040657,6.61457476,-4.60614543,-6.02367350
3.05859375,-3.37089794,6.82687068,8.49347280,-9.64805431,2.23303574,7.52145265,-8.73614522,-5.92587919
3.06250000,-9.70299232,8.07517065,7.64377776,-11.97152750,6.34275479,-0.27953566,-5.99836745,-5.98305258
3.06640625,-5.42071122,7.89429196,8.87627259,-10.54577596,7.95247116,-0.96159965,-0.66329909,-1.47376746
3.07031250,-12.92684423,4.80839147,8.24454996,-10.44933381,11.48377423,-7.58407578,11.31905948,6.46648989
3.07421875,-13.95498837,-2.69300721,6.74401088,-8.74040203,2.91008874,-7.79630854,10.25657552,9.68783818
3.07812500,-9.21376817,-3.83686273,3.85812590,-6.29952818,2.36481071,-2.47448304,12.95463207,11.82600825
3.08203125,-8.13448311,-7.22241042,3.55266720,-3.90361948,3.56629701,-9.78994784,4.69354351,11.25741467
3.08593750,-6.39368744,-11.01500448,-0.05205374,0.43830632,-2.10613084,-11.82998800,-3.46565596,10.26624692
3.08984375,-4.71363770,-7.45707547,-0.91490227,3.82198281,-6.64180443,-10.87090940,-10.80932501,9.18450674
3.09375000,3.34510259,-4.52041817,-6.61727170,6.15395095,-8.72783011,-13.21137117,-10.73358987,8.62666154
3.09765625,-0.29753029,-4.62119503,-5.44971432,9.70653794,-6.19036341,-11.77931445,-6.49203885,2.70803374
3.10156250,5.53288048,0.78301594,-4.89984890,10.23258115,-5.46092409,-9.21749140,2.35806831,-0.51485588
3.10546875,4.03826296,7.56878399,-6.27057155,7.81441252,-1.76939690,-8.95974129,9.49470943,-5.28085377
3.10937500,4.71978548,8.90970212,-10.31251189,12.30393688,-1.23318107,-9.87573896,10.55125419,-8.64367468
3.11328125,13.27873262,9.88468644,-11.69074375,7.33992949,0.23052814,-8.18676635,2.45792191,-7.60582796
3.11718750,4.16732417,8.91491114,-10.45650080,7.25908219,6.86859297,0.36300249,-2.81242158,-11.64236785
3.12109375,6.29863132,5.96773256,-8.74973874,5.38990306,7.70157618,-3.27480796,-8.52228071,-13.06419810
3.12500000,10.23145057,0.85595199,-6.28439317,4.57720963,8.12807591,1.81779253,-13.78651211,-7.90117686
3.12890625,9.90089834,-3.52256928,-7.97240953,0.47262604,9.24358101,1.13247201,-9.05023014,-4.62459074
3.13281250,5.61310586,-10.69199309,-9.68105773,-5.60334724,4.47362665,4.87813158,-0.46004942,1.00158425
3.13671875,5.86546211,-9.97176086,-7.42162784,-10.11304568,2.79855265,3.74481373,5.37764741,3.04915722
3.14062500,4.47888836,-10.36816088,-7.29385759,-4.40729126,-3.57247059,7.75809615,7.63457533,8.07961799
3.14453125,2.63767362,-6.47215210,-7.55257098,-8.86598016,-2.44814002,7.90116964,9.32863995,7.94807693
3.14843750,2.08001256,-0.71260824,-6.07582751,-10.90248029,-7.56667378,8.91428875,-0.41707594,12.12118806
3.15234375,-2.68874838,1.98642376,-4.60919333,-6.63127941,-10.60939565,10.73880836,-7.53545993,10.60622512
3.15625000,-7.19285008,7.61088032,-5.93653949,-9.94569584,-9.66881060,9.49020779,-9.07433099,14.34628232
3.16015625,-4.49257059,10.20382466,0.42981842,-9.99116570,-9.31022867,11.66176654,-8.88850378,4.81001635
3.16406250,-8.51064480,4.78428100,1.19566363,-3.19601187,-5.05480811,9.26894685,-5.86927597,2.84234301
3.16796875,-10.05284906,5.91739158,2.94204878,2.18895614,-0.26668310,7.53073064,5.43776472,-2.21716906
3.17187500,-9.00960231,3.04767990,2.36700358,1.05246218,4.05613295,4.35853146,9.29297389,-4.59212456
3.17578125,-10.57798234,-4.00796401,6.72288230,3.51682775,0.39079345,5.16717259,12.08510922,-8.47522334
3.17968750,-6.63616826,-5.35340329,2.59750530,5.95342697,10.58812445,4.70270833,9.70341975,-4.97540147
3.18359375,-7.47357105,-11.19728067,6.51468189,6.10281959,12.28051691,1.48599840,4.61877612,-8.64973918
3.18750000,-4.99970476,-9.38467945,6.60006503,12.85771135,6.15937290,-1.43095392,-3.74679044,-12.29210399
3.19140625,-3.18942092,-6.65917948,7.70093485,9.58268607,4.85866188,-4.28099873,-8.94461087,-7.35974647
3.19531250,-1.25230547,-9.20912834,7.96991183,9.97680478,-1.35339246,-8.11678894,-2.64658618,-2.45139259
3.19921875,2.44070025,5.41731939,10.28394295,4.39833573,-2.72361379,-7.05575738,3.15768072,-0.52125000
3.20312500,4.22046490,4.62352666,9.46702264,7.66438902,-3.04404140,-7.79117956,4.47662574,1.25827641
3.20703125,4.80731846,11.68862951,8.54583397,1.68762730,-5.72682426,-12.65357313,5.78669910,3.46040926
3.21093750,7.25001153,14.95958771,4.56511127,-0.02939709,-7.36522557,-9.75037555,8.18837545,4.03693636
3.21484375,7.10841169,11.52436787,6.17664644,-2.27009244,-5.49538542,-8.93890711,4.61817274,10.62644297
3.21875000,6.44543034,7.42146703,2.30305137,-4.06595425,-2.44304299,-6.62778474,-5.28568106,8.26536760
3.22265625,7.15681581,4.89318362,7.27808055,-5.66523337,1.40115126,-7.42131254,-12.41283056,16.41234445
3.22656250,8.93598262,-1.15885133,5.42609806,-10.34772856,4.69307947,-5.69333137,-12.48259004,1.99742819
3.23046875,4.49401625,-0.94017172,6.17632974,-6.02577973,8.55284515,-6.63461390,-8.14706897,4.81679727
3.23437500,3.22036018,-7.58284561,8.60884757,-11.18253890,5.15786800,-5.76487393,0.56303992,0.96327063
3.23828125,5.64698022,-11.18752961,3.26299096,-8.71165440,8.63067294,-8.32210997,6.35991621,-2.03077427
3.24218750,1.44408080,-6.70214511,4.85553874,-4.67588290,8.65174480,-3.31624509,10.93848605,-6.68380973
3.24609375,1.89417188,-4.28349674,-1.41294214,-3.60084222,0.63982306,0.03150322,8.17653294,-9.94992715
3.25000000,-2.38982854,0.93385800,0.22813624,-6.25381583,-3.22685339,-2.54786138,0.97620604,-5.82192263
3.25390625,-3.78394113,1.37771973,-0.34180831,1.18429725,-5.84831528,2.14148552,-6.21220823,-8.98960867
3.25781250,-6.51035992,9.93056343,-1.15462452,5.44169837,-8.51077400,6.30080134,-10.33280795,-3.79684386
3.26171875,-9.02312612,6.46583273,-0.28773703,11.14559133,-10.16618781,6.67431831,-11.82516126,-4.09915113
3.26562500,-9.11629481,8.51792003,-4.47455458,7.43537352,-9.96233566,11.12768653,-2.89139815,-3.67663706
3.26953125,-9.25072040,7.26296024,-5.90602743,10.75420122,-12.71445083,10.30831155,7.52935841,5.70297776
3.27343750,-14.10176180,3.56947828,-4.54306157,2.41795877,-6.77141010,7.89236807,9.41322450,9.54792402
3.27734375,-9.47635985,-6.02439707,-8.28999738,7.39935812,-6.01665464,8.63217580,12.58721899,12.14081628
3.28125000,-11.97121614,-12.25382130,-12.52021878,2.68029941,4.28749064,13.20737585,7.04589242,11.33991477
3.28515625,-4.96412529,-11.80906221,-6.05699030,1.43405546,7.11169346,9.37742600,-0.99052836,10.28571206
3.28906250,-1.94237650,-10.17007794,-10.59579014,-1.95904817,5.82280192,4.70672640,-6.68215880,11.76121762
3.29296875,1.22725234,-8.85417029,-8.50115841,2.44767605,10.05062204,6.71414679,-9.41149351,6.81121837
3.29687500,-0.80645931,-5.14612824,-12.34581336,0.00931520,10.23435626,2.28569055,-2.92686721,1.59454927
3.30078125,2.96230759,0.16416990,-8.20941253,-8.22801621,6.54149851,1.83223884,0.60575160,-2.24379626
3.30468750,3.21920118,3.84006458,-11.90824082,-7.53240616,3.20354780,0.71504173,7.31721927,-5.99001904
3.30859375,5.98863124,11.53676207,-13.97778139,-5.66455533,-1.48352606,1.42084011,10.27251281,-12.11286111
3.31250000,11.27968751,11.05595602,-11.71980461,-6.96364077,-2.72358299,-2.87736165,4.47000620,-13.24229420
3.31640625,8.32997650,10.33943657,-6.16817860,-6.46266293,-6.04450144,0.66657081,-2.92426225,-8.74025073
3.32031250,8.76493672,7.80899141,-7.50155774,-4.90131196,-4.19704262,-5.80398866,-11.53019225,-9.87799320
3.32421875,9.71467032,-0.45995595,-5.40454850,-3.16484629,-7.91275561,-4.19768669,-9.77912046,-7.89964270
3.32812500,10.36951260,-2.55042605,-3.17188305,0.87759405,-4.90504121,-6.12934696,-9.52349683,-4.62338913
3.33203125,5.80754332,-2.70193407,-3.93736629,-3.48686634,3.44964041,-6.78136327,-0.90639448,2.94272415
3.33593750,9.33324323,-10.30542580,-3.67696570,-1.79580896,1.20746807,-8.53221295,4.64002379,4.43293073
3.33984375,8.75825218,-8.20507788,3.42780971,7.08910914,2.42293751,-9.74669279,12.48103540,3.54636053
3.34375000,6.46904249,-4.89769505,2.32712773,7.08625148,8.23408201,-11.11284899,5.75671227,8.26278869
3.34765625,-1.17422201,-5.12755519,4.78080056,7.00426796,12.33703579,-8.48675430,2.03739657,11.75512172
3.35156250,-3.19620060,5.39533729,7.26869138,13.07187137,7.55112021,-9.77982720,-3.07020466,10.95082458
3.35546875,-4.46069830,6.63270589,4.41631760,12.42412961,4.78849603,-4.82867489,-8.14063462,7.55458497
3.35937500,-7.89301392,10.21194075,9.15618662,11.73430153,1.96609234,-5.98438546,-8.59364947,7.55873842
3.36328125,-7.59172977,5.97777766,10.65328117,12.67031978,-1.07915966,-9.26573079,-8.29733813,2.51881464
3.36718750,-10.06186669,5.11453216,11.90815856,4.84348132,-5.57838083,-5.31570726,0.37423551,-1.96380632
3.37109375,-9.42889583,8.41344588,8.26175613,-2.01169384,-13.71120300,-2.53847299,13.41439668,-1.29117063
3.37500000,-9.24159220,-2.12164476,11.09117652,-2.24581915,-12.06717949,-0.79241600,10.46135545,-7.59022016
3.37890625,-12.26631619,-5.73959953,10.73548330,-2.19105782,-7.95250164,4.35214634,7.21766350,-10.38209425
3.38281250,-10.36686390,-9.08698939,10.11280529,-3.82674830,-10.12680521,2.17910157,1.01723704,-12.05087790
3.38671875,-4.12899668,-10.36861562,11.85667110,-7.33898621,-0.81722781,2.24477514,-5.16254213,-7.02889532
3.39062500,-2.09883688,-7.08124955,12.22821280,-10.35544155,2.52315090,10.34572173,-9.78008055,-6.19421454
3.39453125,-2.29407606,-7.18810141,7.86245218,-6.72103991,7.92064646,3.88718135,-5.03058822,-2.89590870
3.39843750,3.48681097,0.58204848,2.88344852,-10.18077929,10.79368536,8.49188248,-6.73209087,-0.74665036
3.40234375,4.55543409,2.37468862,5.70803916,-12.72119772,5.89824325,10.63062240,4.40658612,-6.55871795
3.40625000,1.26124689,9.48740249,1.82749454,-4.90518437,9.92423324,11.39847234,5.67198638,4.31970164
3.41015625,5.44172156,11.42182187,-0.07766015,-1.36901697,6.06288264,8.30979348,5.14454755,4.07768498
3.41406250,12.06586916,12.20658462,-2.93235355,-4.15761385,5.00105942,11.03119540,4.03955077,8.42271918
3.41796875,5.85620795,9.00864181,-2.35326627,4.71026414,-0.90289810,8.81127547,-3.90373341,12.38447549
3.42187500,4.29558880,3.34283992,-2.92538058,3.68793315,-4.87410517,9.54268605,-10.01121694,6.72070256
3.42578125,6.50458443,0.50462243,-0.83213832,7.64497337,-12.31076362,11.85975567,-12.73636034,6.83420138
3.42968750,5.20862083,-7.07975817,-3.02119321,8.64909498,-12.33893820,7.24495361,-9.25924709,3.53283040
3.43359375,9.45056571,-6.57267798,-10.26080286,3.01223454,-6.84709658,3.06594210,-0.85611318,-1.67163438
3.43750000,5.25315117,-12.28696026,-3.81792510,7.67233410,-8.75263143,1.50070584,5.64610319,-3.27235464
3.44140625,-0.91146978,-8.64932454,-5.57501780,8.19481878,-2.44599249,-0.28374611,12.16022012,-5.70153156
3.44531250,0.16611649,-2.66783270,-7.30760142,8.32487692,3.74966519,-2.72794883,8.54240229,-9.66144770
3.44921875,-0.37382943,-1.31345518,-8.81960985,3.52657810,3.43879511,-1.66621844,0.22321712,-16.26328526
3.45312500,-1.56989929,4.29311714,-8.58580181,1.80015012,10.34335428,-6.36649910,-4.42438867,-9.57516306
3.45703125,-7.75346036,8.74672928,-9.01659414,1.17510167,8.17093512,-11.18904087,-10.89399562,-3.18193399
3.46093750,-7.87116141,10.21013938,-10.95713580,2.10810284,8.46863353,-8.19260156,-12.15810576,-4.65401025
3.46484375,-6.23842797,5.78803573,-11.35610013,-4.88630616,8.93845171,-9.77942043,-4.08733533,0.90400562
3.46875000,-7.31554138,5.13588362,-8.63950208,-8.92846894,-2.29063395,-10.74215522,7.60528939,0.21000549
3.47265625,-7.88297203,5.02028125,-11.53874518,-10.16426002,-2.59972165,-8.87330881,9.64000168,8.63501848
3.47656250,-7.65064682,-2.59855375,-8.14804547,-10.80944945,-5.20121958,-9.76859064,7.10901650,10.13394713
3.48046875,-8.14482784,-2.99181455,-4.91944102,-12.24765448,-7.97712751,-7.45643310,6.01176165,9.14171359
3.48437500,-5.19854524,-10.50328226,-6.77162162,-10.75909663,-12.79754808,-6.67709643,-0.15217514,12.16974022
3.48828125,-2.02091605,-9.06202908,0.18729116,-6.72721706,-8.81407812,-7.41954584,-5.50839928,11.05579505
3.49218750,-2.82763022,-8.66059522,-5.98124470,-2.90299695,-6.15922996,-8.33966471,-6.56514741,4.53144442
3.49609375,-4.46669225,-3.74365799,-1.73304787,-5.13669231,-0.97893428,-6.44089621,-4.67612672,-1.80109373
3.50000000,3.33759394,-0.02960389,3.78194399,0.54356708,3.35874686,-2.86949619,0.32445932,-1.89699471
3.50390625,4.36157843,3.82450202,-0.95851180,3.20344776,5.67927655,1.97255155,3.41537893,-5.76108340
3.50781250,4.10217111,9.17584649,-0.06413976,6.33025792,7.59041680,-0.55821488,6.86468943,-7.03567187
3.51171875,12.57820144,8.44008647,1.98482558,12.11957631,13.39726330,6.16670312,9.01376674,-11.65261506
3.51562500,11.41068343,12.10141003,-0.24988082,14.61296938,11.95997456,9.33228283,1.13885392,-12.15986742
3.51953125,7.10530989,7.51983200,6.11589547,12.17027713,6.70872562,5.65297423,-10.56171718,-10.07828116
3.52343750,7.67914888,9.27729740,4.83620251,16.77658096,6.00177290,11.23902707,-11.21114362,-12.50257406
3.52734375,6.81118214,-0.24080247,5.46891189,7.82812559,2.94502691,12.79296438,-8.61447696,-7.51772742
3.53125000,6.85193495,-5.67266720,7.62883882,8.33339801,-3.16686943,9.09612618,-4.77144945,-1.50479399
3.53515625,9.38952477,-7.50651533,10.73246046,7.58883267,-9.16998687,10.12836335,4.72516386,1.04436829
3.53906250,5.44481095,-8.80960315,8.26436061,2.64035184,-3.18848085,8.61951359,9.31024185,8.03203742
3.54296875,3.89790084,-8.20275870,9.78343254,1.26805906,-5.71860865,8.14257693,7.26491773,6.96035704
3.54687500,1.40953685,-8.52357127,6.84781215,-3.76412773,-8.56579231,6.40051787,5.85922258,10.11759561
3.55078125,-0.33816304,0.74004367,9.36159904,-4.09341023,-10.07979736,7.86648728,-2.13060468,12.21337397
3.55468750,-3.01111413,2.63279346,8.76763494,-7.37121217,-3.82061511,4.39971646,-5.24256391,9.66708643
3.55859375,-5.06343585,9.74166203,7.32635942,-9.15512937,4.73173373,4.15819035,-9.06313492,10.40618333
3.56250000,-10.90254495,5.05381757,9.53369896,-8.81896522,6.88867923,0.83039195,-7.94330339,-1.15056967
3.56640625,-11.82734393,11.53163897,10.80720547,-16.67840350,8.03444338,-1.25896352,2.32642730,-0.04155001
3.57031250,-9.19764065,4.98012477,7.05298393,-12.23978179,11.50094982,-2.65735235,9.74639403,-2.39187207
3.57421875,-9.55946645,1.89456583,3.29336481,-6.67715850,7.01871038,-3.89640022,11.90123497,-2.34092504
3.57812500,-7.64239837,-3.77188331,3.30565768,-5.88220914,3.86083462,-6.35232486,9.59740776,-7.49442378
3.58203125,-8.72319363,-7.07702732,3.49184500,-3.47778548,1.56486040,-7.87323433,5.30112799,-12.28649624
3.58593750,-9.09846411,-10.14537212,-0.34416747,-1.94794998,-2.54083457,-10.12722695,-5.04317436,-3.69086697
3.58984375,-2.04404896,-6.66886560,0.31562755,3.45706621,-1.99330144,-12.19966315,-6.43959215,-4.26414431
3.59375000,-4.03236376,-4.75481840,-1.91126991,9.78606437,-10.90429625,-13.40083908,-9.04759771,-2.79106603
3.59765625,3.17668313,-2.61632732,-6.38609171,8.88215708,-5.43818075,-12.70140479,-3.69597870,-3.95047576
3.60156250,1.07322833,3.58698833,-7.12041638,9.36452272,-6.44307211,-10.71664013,2.20280264,-1.06687181
3.60546875,5.91477791,8.35598485,-9.60453803,17.34218434,-3.44944696,-12.08095670,7.70190521,0.61756701
3.60937500,6.86449064,8.44898847,-6.51519566,8.92234930,-0.99279646,-6.66175404,6.91162302,4.63783145
3.61328125,10.80587105,10.10502382,-8.74982374,7.57199164,7.07502974,-6.81844443,4.76022080,9.49969732
3.61718750,4.75312910,8.44174658,-10.68616195,7.15570910,4.96228290,-5.26062311,-3.96027982,6.71517086
3.62109375,10.90181973,4.97243972,-13.63066180,7.87036768,9.36158419,0.43398757,-6.74810502,11.61395318
3.62500000,8.54151514,-1.74086868,-10.44386197,-0.73958249,9.63004198,-0.74531465,-8.50845115,10.77471856
3.62890625,1.08074144,-5.12982127,-8.48882170,-3.62169311,9.36193568,2.30599197,-9.54607763,3.98369220
3.63281250,5.67732877,-3.21375624,-9.53960406,-2.20166419,7.45726131,5.49850534,-0.53039382,-2.12493980
3.63671875,9.01379835,-8.78412875,-6.81890069,-8.05294793,0.15888391,9.71078884,2.03661098,-3.23346930
3.64062500,6.53783096,-6.05316449,-9.70921614,-10.28135354,-3.70606450,11.02732045,9.50943655,-8.03123424
3.64453125,1.26459227,-8.34093518,-3.33027253,-13.13668267,-3.85763137,7.38460420,6.36701284,-10.65262547
3.64843750,3.22082344,-1.20325012,-9.30411223,-11.19938841,-9.91679554,10.31749728,1.93945020,-9.73071672
3.65234375,-2.17911193,-0.15662726,-5.22607512,-10.22831548,-8.17624323,8.31822471,0.32711744,-5.29690802
3.65625000,-3.43156220,2.69748092,-0.18450890,-6.17159080,-9.53390072,7.80625072,-9.32540588,-10.38852319
3.66015625,-7.25230629,10.53463680,-3.40924695,-6.10420680,-4.81860657,6.98974710,-9.74775077,-3.99692528
3.66406250,-6.76532088,9.76073720,-1.28016035,-0.91543301,-5.66586621,10.84894065,-5.64790532,-1.85655441
3.66796875,-6.32821458,7.10386303,-1.36052191,2.77906605,-0.02064152,5.46537439,2.99055171,0.49267899
3.67187500,-10.77242181,0.51494230,1.18615935,5.77068877,5.27669860,4.85040651,16.08183555,5.94938396
3.67578125,-6.68888102,-1.22753425,3.73874939,4.28433162,10.03916444,1.59549199,9.51845749,10.67630018
3.67968750,-10.56817511,-5.04046696,8.81258537,6.39256196,5.69819148,8.17491354,5.58758344,11.47388899
3.68359375,-8.22234053,-9.70014676,9.12905402,11.49592791,4.46278567,-0.78534968,0.57683972,6.54260282
3.68750000,-3.21611675,-11.46374905,7.78232568,10.43382334,5.20968258,0.87375809,-6.81182621,9.36069196
3.69140625,-0.74649170,-10.00616043,8.04179644,11.26480886,2.29928387,-5.58904790,-6.90137027,10.87465344
3.69531250,-0.41366965,-8.80641597,6.18326996,6.61054481,1.90045465,-6.20850614,-4.04124255,2.50014715
3.69921875,4.95033163,0.64793089,9.46444362,6.74072256,-7.42767613,-5.21677448,-2.38257156,1.18986153
3.70312500,6.68183106,1.84708323,9.14039618,3.17557668,-6.75153652,-8.59037312,5.29610616,-5.76674635
3.70703125,7.49487463,10.46102273,4.40891446,0.22011855,-5.29842785,-7.22076556,11.04186574,-6.21799671
3.71093750,4.12806152,5.88661875,10.53466440,0.60133614,-9.09838911,-6.43894689,6.03068748,-15.47210679
3.71484375,4.60912255,11.73218934,7.65637469,-4.09264996,-7.79539324,-7.15611983,-1.82719049,-11.55487560
3.71875000,7.78630651,4.19428828,7.57289872,-1.64204109,1.98415753,-9.18315516,-7.37925782,-13.56094244
3.72265625,6.02957810,1.91626164,9.30958304,-9.62627854,-1.40569460,-12.62580917,-12.45593755,-4.39500890
3.72656250,8.77873173,3.65600133,9.67410251,-8.10104100,4.76720904,-6.01355561,-12.50059442,-8.75688268
3.73046875,6.84655199,-4.33628264,9.57372045,-6.92338198,5.76795877,-8.42556091,-6.38121904,1.93392199
3.73437500,1.87408705,-12.43899500,4.79641755,-6.74502316,11.62789656,-7.29126077,-0.25983495,-1.17648297
3.73828125,4.15576709,-7.76907125,8.88712063,-9.02248849,6.84458449,-4.56423719,6.68955365,6.54376951
3.74218750,2.27541382,-7.89884717,8.07504965,-7.72209036,3.09916733,1.33817861,9.72834734,9.38967705
3.74609375,-1.42993590,-2.99806907,1.11393657,-5.04205056,4.20652621,-3.45620951,6.05265167,6.43820711
3.75000000,-2.66483115,0.70497364,-0.74437759,-0.04529966,-3.59865716,-2.69877165,-2.05009187,12.24188268
3.75390625,-4.23729853,1.90771215,0.11681184,3.54550856,-5.14771414,2.85583448,-9.87006564,13.09167151
3.75781250,-7.73383764,8.41370691,-4.12582307,8.54327460,-10.62565861,3.19770133,-6.51661048,7.09291440
3.76171875,-8.81327496,8.23303514,-4.50822880,8.26640247,-9.18772901,5.11372914,-9.16209266,6.07372866
3.76562500,-8.83685220,11.71416709,-2.09300298,7.46314273,-11.88115591,5.31785255,1.93158195,-0.85707215
3.76953125,-12.09003412,5.27119620,-2.87045472,9.60376269,-10.65932604,11.38154265,4.60092713,-2.30457799
3.77343750,-10.99267183,-0.44926272,-4.41223734,3.68671775,-5.85693359,8.85849353,11.64545547,-3.94468195
3.77734375,-6.09812966,-5.60899491,-6.02805832,6.29899449,-0.25351118,8.02598561,7.82594870,-2.56832553
3.78125000,-8.24696753,-8.85074185,-7.40564871,10.49635762,3.14681872,7.28891718,6.96289299,-8.01195470
3.78515625,-6.92831784,-10.92206452,-9.40915835,3.17057744,3.32340330,10.10330142,-1.62864062,-7.79165541
3.78906250,-2.85546892,-11.56000893,-10.70414755,3.39526245,9.44883530,4.62730870,-8.80285898,-8.27487639
3.79296875,-1.26329912,-9.92284383,-8.19737124,-1.68815129,7.54657862,8.83862063,-7.20728527,-4.98782100
3.79687500,0.52181379,-4.63128993,-9.91387946,-4.32716696,12.53461303,2.66788196,-7.07079406,-4.08772321
3.80078125,0.93371623,1.29651838,-15.40602543,-5.18392628,8.93918247,3.83569228,0.48047622,1.49548856
3.80468750,1.74952883,3.63441193,-10.39984936,-5.40824677,2.50656238,-1.90189852,6.71480451,6.05062073
3.80859375,4.52724575,6.72638365,-8.86079813,-6.19293377,2.06598370,-1.95869758,6.67579284,4.73615520
3.81250000,6.77455097,11.60987136,-7.29557870,-5.68426520,-5.34980099,-0.58066958,0.51145977,16.23425077
3.81640625,9.62372438,9.92454198,-9.38530524,-6.98391287,-8.69958103,-4.72704419,-1.79021483,7.29807195
3.82031250,6.41737140,5.46958929,-5.80468839,-8.10441599,-8.17888234,-3.27731822,-6.99933580,10.25098437
3.82421875,8.76228264,2.34770002,-3.94777453,-5.41179127,-7.11042357,-5.51527806,-9.93631986,7.34622807
3.82812500,9.05406202,-0.67145156,-6.42553816,-2.66117164,-7.21748841,-6.82838291,-7.54998280,5.03926858
3.83203125,9.30494037,-4.18248779,0.92948612,0.21935946,-1.79365108,-8.60069184,-2.96998367,0.05950195
3.83593750,8.61287831,-6.78031451,3.97801695,3.93251943,5.39036617,-10.97927502,8.24622502,-2.16983355
3.83984375,4.59307194,-10.03891040,-1.19768961,5.13935146,9.40129258,-7.88426565,10.77600265,-6.52481882
3.84375000,6.91620631,-3.70880420,5.72246437,5.54861302,7.21521027,-12.79512222,7.25882142,-9.26090102
3.84765625,3.11684715,-0.71641253,3.09187825,9.04067182,6.90465349,-6.75092375,0.61531169,-8.99109970
3.85156250,-2.49514166,1.91760756,4.68056562,6.54980694,6.45907607,-3.35311094,-2.78190857,-7.06758123
3.85546875,-1.06610870,4.78584481,8.26516253,8.47663669,7.34844794,-11.03044633,-7.68718944,-5.80122293
3.85937500,-6.95049810,11.72242738,10.48058208,9.37238842,2.86674475,-6.76202828,-8.35803465,-8.96099159
3.86328125,-3.93481918,10.80489218,5.97657929,5.30177764,-7.36388141,-6.29471678,-2.93054984,-1.78894783
3.86718750,-8.91497096,9.21585182,10.35998154,5.20716298,-12.61680223,-1.06578248,0.80164911,1.44945355
3.87109375,-11.25506179,5.98588228,9.10240075,-1.58100314,-12.14422759,-2.36318439,8.65453248,4.45071616
3.87500000,-11.68819990,2.17631356,9.63402920,-3.74506685,-6.76753310,4.23241763,10.11635030,6.88435436
3.87890625,-8.91146872,-3.56848251,10.64198864,-5.76145018,-6.79210514,0.51272194,4.44830298,11.10684375
3.88281250,-5.16623141,-10.96641631,8.75064435,-4.67592633,-10.55384095,1.78406905,2.91280862,11.03755529
3.88671875,-4.43612336,-9.00338904,5.17207084,-6.44970849,-0.19739143,5.69746705,-2.77895927,11.67311985
3.89062500,-5.83954774,-9.69195339,7.29266208,-8.18399883,2.62477065,3.50678588,-10.64211168,8.68977978
3.89453125,-0.31893848,-5.74475533,6.58983649,-13.27673659,7.65448576,7.17044692,-9.37996214,4.10421605
3.89843750,2.83734198,-1.04504990,5.58551891,-8.34522483,9.89535440,8.87473055,-0.45282271,2.49080058
3.90234375,1.26006198,2.94373690,6.88632925,-6.26017980,10.25889226,13.37187788,4.54079463,-2.68056346
3.90625000,5.33069898,11.16701387,2.01032777,-7.43579496,14.07909546,9.38883011,5.31115827,-6.57312076
3.91015625,7.97584596,12.13580486,0.21607499,-3.70745868,8.13584179,11.65056851,6.26828206,-6.82135083
3.91406250,8.60825634,10.67199095,-1.08362263,1.65137259,6.87042645,9.45827338,-0.00306948,-13.36694818
3.91796875,7.54688945,6.29805239,-2.21813726,2.42790609,-2.25796004,8.70990727,-4.21299523,-10.40981271
3.92187500,5.52528250,4.12923452,-2.06470523,3.42570826,-4.46497924,8.38137036,-6.13613631,-6.32590758
3.92578125,10.53798810,-0.66565126,-2.84424784,7.86702700,-10.56396048,9.76692323,-10.83254145,-3.94358516
3.92968750,8.89157339,-5.23687063,-3.14508511,6.11151298,-9.35861457,4.49896020,-3.25552754,-1.64779363
3.93359375,7.45481219,-7.25971543,-5.76643234,10.35885201,-9.57368294,2.33211035,0.60975683,-0.40687268
3.93750000,2.62023220,-9.88757313,-4.42186561,6.76998688,-6.12921797,1.64270490,9.11819822,4.76719976
3.94140625,4.83456891,-8.21617754,-8.55410525,8.78445495,-4.54577407,-0.62812558,11.34462660,5.22463304
3.94531250,3.26214175,-6.59329647,-5.11753827,6.99680444,1.14676739,-3.24147708,3.76898263,11.77364695
3.94921875,1.78048359,-1.72577937,-6.20239776,5.83014337,2.60563966,-7.63545843,3.26150056,10.31754061
3.95312500,1.82778435,1.04283695,-12.97844836,7.02537311,6.99290397,-3.41372168,-7.98787847,9.47097575
3.95703125,-5.16230071,7.58123651,-6.68229588,0.99003524,9.20309796,-3.57531788,-11.76155868,6.18439564
3.96093750,-9.43377233,8.50299141,-7.80041952,-0.45633543,5.85506515,-10.47800107,-6.00709797,0.35473219
3.96484375,-11.12949290,4.37823541,-11.04238425,-8.31088796,3.99975960,-8.88886272,-2.54255195,2.96673975
3.96875000,-8.06999482,2.16356163,-6.56698740,-11.47849077,1.69869287,-10.59585692,6.00904651,-1.94462274
3.97265625,-7.33010425,3.27547923,-9.70485335,-14.42425858,-1.02204797,-5.61156281,5.94028149,-4.13034828
3.97656250,-5.96843655,-4.83422796,-7.83572601,-6.06430571,-8.56301598,-9.21193161,12.02556590,-8.24719429
3.98046875,-7.79226821,-8.52405326,-8.34271731,-9.89691188,-9.17989990,-12.39579988,5.68436997,-7.23518904
3.98437500,-5.61089099,-10.73133753,-6.45824285,-10.78532333,-14.07773107,-10.31353462,8.17923814,-10.34335114
3.98828125,-0.95012159,-8.63293841,-5.70554388,-9.43389706,-10.59422678,-8.34710557,-2.77123316,-9.47144732
3.99218750,1.45885219,-7.62126292,-0.32047128,-6.22389231,-10.95505469,-7.70486788,-10.98615488,-10.05869106
3.99609375,-2.66452039,-3.06780178,-4.62764143,-2.96780231,-4.33423737,-8.70403364,-6.20604798,-5.89703304
4.00000000,3.06768945,0.24081621,-2.72675330,0.32838104,4.10973139,-6.79074218,1.22303609,-0.31441619
4.00390625,0.13852310,5.98973179,1.18409313,2.23617428,6.10946792,-0.55646601,4.92948263,1.75707853
4.00781250,4.33709728,7.88921513,-0.43439423,12.81914193,9.21348653,0.65250171,5.37694778,4.99477201
4.01171875,5.10577256,10.88252214,2.48785623,10.65103258,10.16587242,4.17434022,8.85634623,5.29933345
4.01562500,10.31550520,8.62061008,6.24236554,6.54448014,9.09986962,5.26778870,0.72654949,6.45660166
4.01953125,9.51604863,10.12290097,4.97572787,12.78115439,8.45325470,10.46094079,-9.61966848,9.80228590
4.02343750,9.18632300,1.19981694,6.93542099,11.76455220,8.17373934,10.93721068,-10.04728600,8.58289236
4.02734375,9.89861738,0.16512797,8.26083379,8.81514439,0.84713214,10.19041896,-7.30475145,3.25627952
4.03125000,8.32759507,-6.75719893,9.71649307,10.72069731,-6.26397829,13.57266225,-6.79572610,0.94374648
4.03515625,10.28568738,-9.18822746,7.63349361,2.34267760,-7.91661094,11.10514476,2.71022102,-1.10982685
4.03906250,2.58839835,-7.83544715,13.17216524,3.22224577,-11.20210007,9.06530046,5.88239362,-6.76652169
4.04296875,4.95553593,-6.08098275,8.61978127,-0.19938339,-9.69909785,9.62037762,9.08055634,-8.02682562
4.04687500,-0.39575778,-7.06872208,11.35091963,-5.17860079,-10.40734974,8.40132864,5.80565424,-10.42861591
4.05078125,2.05363489,-1.09255632,8.53645606,-7.66226832,-4.18310133,2.85469267,-4.36100309,-5.89098684
4.05468750,-2.32545599,2.26403298,11.36264728,-5.21573933,-6.02083737,5.62001616,-4.75361569,-9.31895841
4.05859375,-9.58902918,7.85550080,7.61845884,-12.10709675,-0.29430525,0.81517207,-13.57515111,-8.90212110
4.06250000,-11.26486938,7.05614970,4.37815570,-8.86797253,6.04297877,4.13602234,-6.02432547,-3.39375793
4.06640625,-12.98586837,3.92951526,6.91541008,-12.29600536,8.82015272,0.68394403,-1.46808251,2.18288093
4.07031250,-8.93932584,6.22924538,5.77202745,-8.99364866,7.59065815,-1.67829278,10.08158328,4.14139880
4.07421875,-11.19626623,-0.51617631,2.13881471,-6.59027518,8.64283886,-5.25962266,7.90738609,8.61421271
4.07812500,-9.11035324,-3.03349655,6.58766988,-2.89803500,3.84771757,-7.59162590,10.28574656,10.50181095
4.08203125,-5.98098627,-8.20437205,2.22662525,-1.41529876,4.50077005,-7.18069941,1.84068821,7.99277111
4.08593750,-5.93468557,-14.30914191,-0.94433391,-0.15424121,-3.52835163,-7.99389425,-3.04403450,9.79715333
4.08984375,-6.64688871,-10.24483314,-4.40909690,4.51173795,-4.12567985,-12.35625196,-4.54840567,9.24785703
4.09375000,1.43368187,-8.07980442,-7.37560942,9.62856078,-9.95554613,-7.15409860,-7.19832763,6.89641033
4.09765625,-0.78645916,-5.19671369,-6.86894341,11.20326040,-10.44301096,-13.72551551,-6.99235772,-1.07980005
4.10156250,4.31568023,2.44776221,-9.30396323,7.37283264,-9.86408135,-11.83629762,4.22572159,-3.24294375
4.10546875,4.23960357,4.48359046,-6.50164414,11.32898497,-6.06715072,-13.72767466,4.46918002,-3.07289361
4.10937500,8.54956158,7.34795781,-9.30244831,10.46540160,1.51874393,-7.06227944,8.82626629,-7.35791384
4.11328125,6.95703508,10.37652593,-9.35355474,10.07718266,5.69890203,-4.76282599,4.71652641,-13.01745672
4.11718750,10.40238471,7.38232610,-11.93907083,4.96781311,6.72578426,-7.29887165,0.49691178,-9.54986832
4.12109375,6.01001813,5.06415637,-8.57857688,2.70048913,4.96154893,1.02139215,-7.99340890,-12.81999305
4.12500000,11.92648998,4.27291514,-12.19714446,0.90536703,8.77904205,2.65379907,-12.31188161,-8.62692935
4.12890625,9.99925541,-2.07695654,-10.90645682,-6.41952648,9.92406364,4.18839836,-5.97012780,-7.79442621
4.13281250,9.95925267,-7.20517850,-7.47548601,-4.00581853,4.43168711,6.72463599,0.43324176,5.48252060
4.13671875,8.51149916,-9.45883452,-7.68816280,-8.20209738,-0.62017212,9.22389619,7.08134389,3.76267693
4.14062500,7.14680022,-8.50539170,-9.75017772,-8.50430585,-1.73749168,6.38891409,3.80449488,8.82996643
4.14453125,2.12138233,-4.88928142,-8.66773630,-10.70690234,-2.22570137,7.59329880,8.56142358,7.50334439
4.14843750,-4.39818322,1.43343360,-4.70060235,-4.82248188,-9.73453972,9.33791926,2.27996617,12.22292125
4.15234375,1.96676595,3.92039967,-3.69477595,-11.14215403,-7.50193066,10.06125150,-1.66671888,9.60956961
4.15625000,-3.59419503,2.34018939,-0.88211307,-6.53828400,-9.40554926,9.35947835,-8.81349646,10.05263417
4.16015625,-9.26853170,8.69152942,4.00873290,-5.50739038,-8.04837926,14.24912464,-7.78252443,8.17879185
4.16406250,-6.29008918,6.20454115,4.62764187,-0.59495797,-2.86273133,6.52970175,-3.81268711,4.86008224
4.16796875,-13.26288949,5.75665914,1.95924900,-0.34736937,-0.10472958,8.61008526,2.92624306,-0.61740265
4.17187500,-11.96656877,0.81561795,4.51443367,0.42533381,2.47002410,8.86801901,8.27146861,-5.33336091
4.17578125,-10.40129286,-2.72463062,6.53568139,2.45899137,3.55704893,4.79595493,11.61483900,-5.01732383
4.17968750,-5.11308578,-7.04164178,1.59605205,3.83059420,6.46676694,0.01965555,9.03928945,-7.09424915
4.18359375,-5.97198882,-9.11289819,-1.36788790,7.06640597,9.82700953,0.96270318,-1.45755407,-8.39546975
4.18750000,-4.85165856,-11.98969467,7.83198261,7.15317102,1.60068655,-2.35304792,-2.78167981,-10.38190220
4.19140625,-4.41650374,-8.21816648,7.59118637,6.49408075,2.70910981,-4.45013637,-5.31776423,-5.81247480
4.19531250,0.66310530,-9.69972105,2.63982974,7.24700464,0.27344982,-4.62128648,-5.59846348,-8.65669110
4.19921875,-0.02308219,1.91573993,6.70464770,4.39596303,-3.21763149,-7.50569954,-1.92582938,-0.78023766
4.20312500,5.59978036,2.42676829,6.63503162,9.36198421,-8.85306514,-10.20140758,2.46297834,4.56518741
4.20703125,6.83216668,10.26269540,8.20546022,3.07834983,-9.04610297,-7.17929136,8.01885013,5.23707126
4.21093750,10.37284413,10.14616362,7.42774354,-4.44246472,-5.45390239,-10.76766572,7.22310362,6.82876225
4.21484375,8.50458946,12.70878584,9.13994433,-2.28461379,-10.19152272,-7.90328360,3.85954613,8.56196747
4.21875000,7.05037070,12.30978770,6.71952022,-6.58939394,-3.87190986,-9.99527171,-7.18544458,7.35104502
4.22265625,8.89374458,1.36496314,7.72392215,-9.46384179,3.77972865,-6.31366311,-10.17092234,6.99143786
4.22656250,8.87664843,-2.90755380,13.09473888,-10.71403652,2.53321182,-8.69180211,-13.05163897,8.48516480
4.23046875,6.20750609,-2.34560686,8.55836751,-7.38358579,6.64838726,-6.80381998,-7.46819141,4.25450616
4.23437500,8.29687701,-6.00251042,4.48032387,-9.61619769,9.42515853,-8.50837575,-0.17422091,-2.47104458
4.23828125,5.53489934,-8.00128387,2.93791278,-6.15943117,9.21751844,-0.47034431,8.45942902,-3.36923585
4.24218750,2.98925596,-8.24876264,4.00214330,-3.15497573,5.66563757,-2.40224848,8.42016322,-4.48575852
4.24609375,4.09652981,-4.72357562,2.22053255,-2.09004564,2.39137159,1.91668805,6.88040732,-7.72911670
4.25000000,0.00100279,1.03641304,-4.11726824,2.44505080,-0.73087172,-1.17947324,-2.51847243,-10.54487255
4.25390625,0.01892206,4.18650694,-0.58300662,1.63406854,-4.62652859,-0.75712312,-8.52913098,-9.25041093
4.25781250,-6.26533369,5.96820328,-0.97586899,3.71217921,-7.83536072,2.41541574,-8.87767042,-7.19188284
4.26171875,-8.73118903,3.68521621,-2.39461568,5.32472839,-10.43831583,6.21484610,-5.20098270,2.55703407
4.26562500,-9.12955080,5.11573695,-2.06793053,7.12572924,-10.93343376,9.27674520,-1.64732260,-1.84024337
4.26953125,-8.65817242,4.53514085,-2.40211410,11.21366870,-7.67681424,9.77305489,3.73837768,3.18356871
4.27343750,-10.91708272,-2.90753712,-4.60681584,10.88318671,-4.82573662,11.18422710,11.05632618,7.10153924
4.27734375,-7.93138078,-3.00826083,-0.11682840,7.78842368,-3.88636072,7.28753243,10.43110945,10.71181667
4.28125000,-9.06777322,-8.99183414,-7.53145565,1.77351677,4.44762512,10.65042512,5.16165185,8.45649603
4.28515625,-7.85705665,-11.76175977,-7.87385513,2.85574139,4.22475726,10.00815067,-0.45205647,10.19259250
4.28906250,-5.27055974,-14.23919427,-10.16222811,-3.87852757,8.42060178,8.15941076,-5.44457518,4.85332851
4.29296875,-2.94271310,-7.39877195,-13.74375408,-3.71429850,5.49140709,4.97119579,-9.57589043,5.77497684
4.29687500,1.99859019,-3.09892346,-11.27561184,-9.18095473,8.05721790,8.52794372,-1.85875596,0.69478442
4.30078125,3.14696981,-1.02970803,-9.72076238,-6.31617591,6.04131336,2.46111622,-0.67818460,0.42146181
4.30468750,2.40081710,7.72918996,-7.24130196,-9.20047192,-0.40545139,-0.73652811,12.33791138,-3.90333841
4.30859375,6.64251683,9.57263938,-8.85234536,-7.98741016,-0.30239850,2.50092479,11.32323020,-9.67379765
4.31250000,6.46691733,9.36765814,-12.79387458,-8.31863788,-4.97930120,-2.93116270,5.00694599,-10.94730017
4.31640625,12.19176393,10.14384163,-4.28076879,-5.15555108,-8.50503012,-1.06659226,-3.71157229,-10.40389274
4.32031250,10.10110943,7.01625569,-7.04109838,-4.16585151,-10.29589514,-6.18753551,-5.97369944,-9.82327168
4.32421875,7.64260579,4.69850332,-6.12112123,-2.90893798,-7.16856093,-5.05412752,-8.08890120,-8.98626608
4.32812500,10.81067682,-2.04546192,-1.72074774,-3.35689996,-4.94262523,-6.41748627,-9.96620766,-1.59791338
4.33203125,8.58272105,-5.64070513,-0.65049852,-3.58819866,-1.34849957,-6.58904001,-3.29726529,2.32778368
4.33593750,7.06522192,-10.87751313,2.38875385,0.20026144,2.81576470,-12.95608525,5.25503138,-0.88969023
4.33984375,6.22246164,-6.89468786,1.57506347,3.81648884,4.55839149,-8.71322897,5.80286679,3.45659837
4.34375000,3.58567155,-6.35691200,6.98920026,6.93042981,11.46877426,-11.69465536,8.59457234,8.34261847
4.34765625,-1.39117222,-5.72320213,10.19617426,6.65468291,9.96246117,-9.44526064,2.87416729,7.01831036
4.35156250,-6.59596601,2.03471082,7.11891767,8.81705286,7.47551448,-10.83430336,-5.97000984,7.92303908
4.35546875,-1.70882444,8.31244357,6.16318241,9.82714392,3.74110657,-7.18626100,-9.33474413,7.99607969
4.35937500,-7.49941019,8.46194687,10.11333527,9.36437007,1.56404461,-7.73651943,-9.11234778,5.15495809
4.36328125,-7.43682902,5.51884595,12.20061868,9.80239483,-5.13790208,-3.91288827,-5.28890538,6.74236726
4.36718750,-8.92214515,7.24131222,7.38985179,3.71206451,-7.44444729,-3.19121196,2.38212199,0.83734618
4.37109375,-8.18823705,7.44158859,8.69327228,2.01855045,-11.23890779,-0.78758379,8.27122378,-4.23121101
4.37500000,-11.78137841,0.90532350,9.29523243,0.12347525,-9.92605723,-3.58800507,10.01833327,-6.31877795
4.37890625,-6.67892054,-5.47523387,5.24449919,-3.99240826,-12.49670848,2.52746361,10.15258245,-9.60400932
4.38281250,-8.68790684,-8.58540545,12.06705450,-3.11507029,-4.81790474,0.54969351,2.66598013,-10.74198462
4.38671875,-10.92552934,-8.83755920,10.99002194,-9.20087714,1.60463842,3.22269166,-1.65000691,-6.00674534
4.39062500,-3.78686248,-13.92797369,8.74255602,-8.18077544,0.55078885,5.76432266,-6.90420517,-3.12385820
4.39453125,-1.29188489,-6.49486620,6.72110532,-12.68587113,7.52546102,8.83031224,-2.34157410,-5.75318104
4.39843750,-2.77069414,-1.62543079,6.24946034,-7.01655247,10.69977020,4.34698665,-2.11707099,-2.99251849
4.40234375,-2.12669724,4.65304693,2.96187951,-6.43413896,12.04516814,10.41262438,2.35023254,-0.75142896
4.40625000,1.65779988,9.50715188,-5.62883686,-4.09751407,8.49061684,10.07794060,9.33825136,1.58807599
4.41015625,6.90552578,15.06028224,0.32820881,0.06909175,10.36361014,11.93151250,5.67953651,4.19266481
4.41406250,7.30017542,9.95852990,1.71428897,-3.29470414,5.32530439,7.75403361,3.34143098,9.02174127
4.41796875,4.24916408,8.01432174,-0.89160742,2.01563283,0.53422375,6.28010438,-2.67390489,5.87891738
4.42187500,10.45777825,7.63373862,-1.95920723,6.30223764,-5.03041870,8.61075436,-9.05311266,7.29815998
4.42578125,9.73983599,-1.02299036,-5.29725891,7.56175196,-6.78537467,2.65757665,-9.24398795,5.53663745
4.42968750,7.68500738,-2.44581092,-4.28310116,9.62339974,-11.59683506,5.47845464,-3.27181896,3.31721916
4.43359375,7.20724051,-6.44080760,-1.47299273,12.38285833,-10.89472561,2.05698904,-2.84551437,-1.01444386
4.43750000,6.56290929,-11.78895860,-8.30860494,9.59645006,-10.05324878,1.04565266,7.99951282,-8.12945736
4.44140625,-0.02151996,-8.99552918,-2.88618483,8.74612702,-3.74043420,2.21505307,7.58296519,-4.93070301
4.44531250,2.52388765,-6.30095442,-6.82148308,11.43312731,-1.55629814,-2.96922793,6.91216453,-8.94889974
4.44921875,0.90243341,-1.14819271,-6.96275288,7.86234823,2.38639076,-3.39910933,-2.50533484,-9.34430373
4.45312500,-1.95980554,5.29155102,-8.44442719,6.38774464,8.94948077,-5.75514890,-4.70823336,-5.71815679
4.45703125,-3.94732500,6.96472545,-13.01380786,-2.55745174,8.13775931,-6.53511981,-5.97376951,-6.23480114
4.46093750,-8.79310145,8.88619974,-11.97976625,0.18946754,8.41733434,-9.70230654,-7.61535113,-5.81826690
4.46484375,-9.84708697,6.27561004,-4.56300226,-5.62454504,9.63402590,-12.34371015,-1.84719816,-3.22867625
4.46875000,-8.47521102,6.29878694,-9.87207744,-9.86019321,2.39401214,-8.16837920,3.59251052,-0.34513023
4.47265625,-11.81985512,0.20502993,-7.55195019,-8.39611135,0.22766059,-12.47883097,10.12349703,8.66465917
4.47656250,-7.93377470,-2.94171464,-5.70753714,-13.13323978,-10.68315559,-13.43245601,9.23602773,9.43093066
4.48046875,-6.54138512,-11.94192062,-8.92879496,-11.21899179,-6.99105026,-11.40010410,11.14279655,6.70904016
4.48437500,-3.14910962,-10.73947067,0.63953858,-13.05522673,-10.99241017,-11.70030130,-0.14589915,12.84116409
4.48828125,-4.63830515,-9.50357125,-3.35093808,-5.52842856,-7.97269391,-9.75830651,-10.42301510,10.34339207
4.49218750,-0.99292423,-11.24991199,-5.74616145,-3.25077927,-7.41369992,-3.22579572,-8.50644953,4.85567467
4.49609375,-0.71454122,-5.36348345,-5.02285123,-2.68167612,-4.18970710,-3.91861691,-8.37638700,1.46780771
4.50000000,-0.13549982,-1.62127122,-1.15790857,2.19125198,0.80797252,1.26726980,-0.97623411,-4.25840827
4.50390625,6.63076456,3.38637197,-2.53618341,4.93734935,5.92216308,2.36041282,2.06646763,-3.67863985
4.50781250,7.16795787,9.39957945,-1.48270233,9.38400237,9.58360705,2.91042664,6.06246774,-9.89933129
4.51171875,6.72624112,6.52498236,2.33721858,9.25973885,10.10286599,4.83956164,2.29919761,-8.12586171
4.51562500,11.33111440,11.11465311,5.46232412,6.80662699,11.71639746,7.72801085,-0.19063081,-6.67510107
4.51953125,9.24768654,11.10972991,7.27408234,12.06003382,12.31830698,10.51465020,-8.80452594,-11.63206533
4.52343750,10.41212413,1.78712557,4.48918267,9.88285514,3.25518260,6.47521315,-10.95968861,-8.31855628
4.52734375,9.32927406,-1.38427670,4.83973423,12.79230105,2.40214144,11.05531345,-10.67585934,-7.78940681
4.53125000,7.09724594,-3.55031152,9.30400709,8.21062815,-3.43011560,11.45613104,-4.29659858,-2.66705233
4.53515625,8.18302281,-8.38440288,15.99298564,5.50891263,-7.77108541,8.94878921,1.22620744,5.96501106
4.53906250,8.38041942,-7.21576338,11.79666713,0.60106915,-8.61542747,9.16596906,9.08636338,3.52455634
4.54296875,5.15918775,-5.16772693,8.60112692,-2.78827802,-12.17398251,6.00227191,12.75892520,8.59101379
4.54687500,4.67127500,-1.73223181,10.42185103,-1.27042244,-6.28104964,5.52366231,3.02702423,9.13480592
4.55078125,-3.77038341,1.01934200,12.08817901,-5.35070302,-5.20594494,10.67200174,1.68163526,9.33221065
4.55468750,-4.98987142,3.66630249,6.19044896,-7.41889515,-7.43442908,5.56714475,-6.51841452,6.02593362
4.55859375,-6.64855969,5.79336472,9.75555979,-7.90423405,1.41902746,2.78913659,-10.00561895,8.32751682
4.56250000,-7.81191345,6.72537587,7.51252431,-11.70812669,5.96062990,-0.76160249,-4.91432001,1.09585200
4.56640625,-10.99338791,6.87132794,9.78673314,-14.17647136,9.07177938,-1.01854954,4.03017425,-3.42851595
4.57031250,-10.56199134,3.30381945,4.01947822,-7.89977540,6.43195229,-4.63160214,6.28022677,0.77291100
4.57421875,-11.75951961,-2.75961045,4.68506157,-11.09594488,6.79227800,-4.15237154,10.45217527,-2.62136025
4.57812500,-7.84402153,-2.06791191,0.91029323,-8.77819864,0.93095224,-5.57704651,10.41753911,-9.43174643
4.58203125,-7.81747264,-12.01863426,2.37350046,-0.07519158,-0.65395690,-9.46183519,6.11269555,-6.28299050
4.58593750,-3.42861425,-10.18235064,-2.99714304,-0.56805400,-0.48338948,-11.14050318,-5.21778190,-8.93199719
4.58984375,-2.95087366,-8.54130841,-2.27381558,5.75321167,-8.38705524,-13.02990505,-9.55335904,-10.66948663
4.59375000,2.29958198,-8.97466546,-4.87785638,7.21690916,-7.61991421,-12.17823134,-6.28423545,-1.13192148
4.59765625,-3.15155919,-3.30386713,-7.57889420,11.23742557,-9.47826806,-10.99190086,-4.40904278,-4.14333631
4.60156250,-0.21556456,3.32540053,-7.97008388,9.09973262,-8.27751870,-10.72441154,2.75086189,-0.29536048
4.60546875,4.23493833,7.92481927,-7.73861093,10.90600630,-4.75000727,-10.95228505,8.01968033,-0.68454286
4.60937500,6.13731068,13.41045497,-7.73548371,10.62531713,-2.33177319,-5.68839086,9.63607285,6.82318710
4.61328125,7.39988088,7.33133030,-9.60330043,15.11125678,3.23661658,-5.56865478,9.42121020,9.83673840
4.61718750,11.55284154,12.01685610,-12.04165288,9.96209973,6.12968307,-4.10839882,3.92702249,8.92880175
4.62109375,10.23944259,4.67337069,-10.56734375,1.62702762,8.82933350,-1.60693445,-14.08147093,11.55572903
4.62500000,7.86633358,-0.37422783,-10.63811107,-1.76361146,8.24686347,-1.96979847,-11.09413652,8.54921780
4.62890625,8.01122039,-4.59410893,-10.63918142,-1.05484332,7.93212917,4.69650415,-10.57225918,1.22902967
4.63281250,7.74501067,-5.20820760,-7.48649266,-5.87568398,6.49108982,3.05826581,-2.68744474,2.26069626
4.63671875,7.22874323,-8.80569590,-7.04869690,-9.14641975,7.87885417,4.20340784,0.38956641,-2.42136982
4.64062500,1.83762717,-7.15496331,-5.69157278,-7.37416997,-2.13211368,8.55250067,9.85338400,-9.65779467
4.64453125,6.35244923,-5.14089475,-5.10290624,-8.18208873,-5.85504769,7.61974273,10.24862625,-4.45542560
4.64843750,0.06065164,-0.93654778,-7.59503886,-11.97731247,-11.26729688,9.49699830,-0.02912260,-10.04676061
4.65234375,-2.09530928,2.26412607,-3.61803856,-8.40288593,-11.34669867,12.01289079,-1.66615504,-12.50821620
4.65625000,-5.91056962,8.29717285,-6.88008586,-5.58795693,-9.75220564,11.40329405,-9.97351261,-7.81133453
4.66015625,-6.70342411,7.77039425,-4.42364304,-10.73203419,-7.99277998,7.21514007,-9.10059629,-4.26941014
4.66406250,-6.51091004,7.13202075,-3.59206058,-5.35969651,-5.36721595,9.13839884,-4.53103664,-0.80774590
4.66796875,-9.69644408,9.81656711,3.63106524,-0.51152177,-1.11426773,11.65873165,4.85892436,1.99576446
4.67187500,-6.54857659,0.34818276,0.64936074,3.22385719,5.84837700,6.48601053,9.12996004,6.66039086
4.67578125,-9.76451832,-2.87698857,4.00869331,1.86034329,7.41413276,5.60519681,12.26772145,7.31603372
4.67968750,-10.92259129,-7.70679109,4.14441917,5.99129352,4.87721661,5.69380094,6.59465153,13.26382423
4.68359375,-8.13072622,-12.31833218,8.43284981,6.63833258,10.49520720,-3.44815454,4.73940540,7.51786499
4.68750000,-7.84186917,-10.10073294,7.54754617,7.23209027,5.98579617,-1.36523562,-3.70051221,7.57267748
4.69140625,-3.66646037,-9.71296136,4.67396620,13.27654405,5.19715754,-3.91920070,-6.21342907,4.21034642
4.69531250,-0.11270425,-1.57247474,7.44514409,10.14065859,0.32961196,-6.77227996,-7.76703549,1.44109445
4.69921875,2.46258448,-0.45771973,9.48245126,7.04815288,-3.88811108,-7.83991016,0.16272671,-1.07777109
4.70312500,1.42579322,3.98539347,8.51637047,6.61863619,-1.57943722,-9.85810109,7.62988044,-1.74572690
4.70703125,6.19635712,9.14909023,5.85586512,-0.37248634,-8.57351655,-9.01012366,7.10454828,-8.78805713
4.71093750,10.00579852,9.49941484,11.80135146,6.76527557,-8.31608520,-7.92911281,4.69349533,-11.09574654
4.71484375,6.78076953,11.92532564,7.61983072,-2.91616609,-6.88951186,-10.38270770,1.27505407,-11.46412850
4.71875000,9.87256890,7.03982339,6.06052220,-4.90330162,-0.77054778,-9.54846939,-5.49836818,-11.59720943
4.72265625,7.80064981,5.26391835,7.77925400,-4.85416150,0.38943518,-5.20627099,-9.91584979,-10.84088099
4.72656250,8.73635341,0.87723656,6.44373570,-11.54711465,6.60027846,-7.12551828,-12.38284878,-4.87514725
4.73046875,5.98191696,-6.03898783,7.63160236,-9.04954408,7.93144163,-8.98431489,-5.75516727,-3.06569384
4.73437500,5.36750681,-7.43756562,5.39635060,-8.01844882,9.36093907,-7.28505629,3.13628749,3.67729135
4.73828125,4.69882423,-6.84110930,2.06207196,-6.49942682,7.22099720,-9.00242345,11.09370819,4.76390750
4.74218750,3.04791866,-6.07262685,1.28579272,-3.57717763,6.10853106,-2.77142821,11.14160353,9.32792722
4.74609375,4.69437472,-1.36664229,3.10677155,-2.68816398,5.53921255,-3.87968823,8.28613302,11.65765460
4.75000000,-3.40475419,-4.53942081,-1.29236632,-6.10711838,0.93990150,-0.03370500,-0.89615008,8.19747053
4.75390625,-4.22821202,6.29109929,-1.49723996,0.97222539,-4.45819669,-0.57196729,-7.25060297,10.67025874
4.75781250,-4.31401521,8.75850326,-2.69382069,7.29364175,-9.55072742,11.21211917,-11.55167940,9.27852438
4.76171875,-11.29633947,8.16147353,-3.01928297,5.22227345,-7.04657129,7.87279764,-10.36903061,8.13532304
4.76562500,-8.00779859,7.34553851,-5.16120847,9.90047690,-14.61083660,8.90304962,-0.79415586,2.62848169
4.76953125,-9.77013094,2.73126294,-5.58434076,7.59002123,-7.36998026,6.91222673,5.38571884,3.92928819
4.77343750,-11.50144298,1.76781063,-9.98972849,8.05259687,-7.63482443,4.99477975,12.77495862,-2.53357510
4.77734375,-9.43623565,-3.98753226,-6.27834796,5.59053823,-3.37061145,14.67545343,12.21203064,-6.73186282
4.78125000,-12.03643457,-6.14735277,-6.75028536,8.56758253,2.19117457,9.72611634,4.91820531,-9.76602325
4.78515625,-6.27893495,-11.35679168,-10.88542737,4.05826597,10.90515983,9.55962271,2.35865466,-9.61433946
4.78906250,-3.09619557,-11.16943517,-9.32509093,-1.71691248,6.47004291,3.93016419,-10.05202878,-9.96735577
4.79296875,-0.05582673,-6.96367328,-8.26796680,-2.89234797,9.04535365,7.11451335,-5.42441441,-6.93888792
4.79687500,1.59035251,-5.71011362,-6.90993578,-0.62533452,7.46002299,5.24200385,-3.41719013,-6.16167402
4.80078125,5.25728818,0.47113571,-13.14529669,-4.60404071,8.42712725,2.70321620,1.87480670,0.35092634
4.80468750,6.31439253,5.02583489,-7.74504016,-8.98664988,5.62750625,0.77433186,6.02468572,-0.57548136
4.80859375,4.99506512,7.44146868,-8.78069057,-10.35748561,1.87133023,4.51389323,5.77410820,2.45986863
4.81250000,8.21244028,8.36039519,-10.95455949,-8.10851837,-3.11596262,-0.12236858,6.73534610,5.91431756
4.81640625,9.14423721,12.18946939,-5.22461256,-8.96201376,-6.34409025,-0.82637560,-2.38688893,7.76535809
4.82031250,9.74927396,5.37402605,-5.14885567,-5.80139268,-8.98189504,-2.04976619,-4.89890551,5.12448996
4.82421875,9.09180177,2.43858054,-1.90154659,-7.26588922,-7.79158308,-6.41155004,-9.63379355,4.69779127
4.82812500,8.21891657,-3.38593382,-6.12709226,-3.11857658,-7.91370805,-7.48887057,-8.35851645,5.03245106
4.83203125,5.31447116,-11.32740564,-4.95777412,-0.52905634,0.08810441,-4.93169895,-2.78931350,4.60930636
4.83593750,4.86331445,-7.80392441,-0.41205153,5.33106050,4.27203696,-6.60363683,5.68229453,-2.44311563
4.83984375,7.98794883,-11.31554434,5.24242070,4.27161472,9.20101233,-9.93484486,9.19927376,-2.20632942
4.84375000,7.40219392,-5.30206477,4.79741541,4.57445878,8.58566218,-7.36246853,7.44191522,-5.31715009
4.84765625,0.02100462,-3.14939332,4.17409671,8.98625208,9.83076566,-14.65448250,3.96376279,-11.71670137
4.85156250,-4.67684930,-3.02215916,7.10629789,7.42613412,11.95308589,-10.72144658,-2.37338787,-11.11242834
4.85546875,-3.11585098,5.20018293,7.63635100,10.85197706,7.01310090,-6.72953712,-10.76152631,-10.67394894
4.85937500,-7.84971520,7.79309311,7.50810124,7.55937754,0.49943241,-6.05397664,-7.67337499,-5.02364866
4.86328125,-9.47014672,9.95594568,8.22243537,11.63251409,-3.10985572,-2.15861619,-3.57171347,-1.65932971
4.86718750,-6.06308314,7.44991949,10.39223785,7.18593598,-8.33946030,0.44351868,3.44705420,3.55144222
4.87109375,-10.38416398,1.28851223,10.64806384,0.88425570,-7.18017937,-0.60588171,6.91090708,6.79984581
4.87500000,-12.45803823,-3.45452505,9.01225188,-0.23290025,-12.73110637,1.50614623,9.75754091,7.73633943
4.87890625,-11.17405525,-8.12997641,14.64412940,-7.26674530,-14.36580604,2.40522861,7.62008263,12.29871719
4.88281250,-6.21922788,-11.21882063,10.94977443,-4.20589308,-8.07053815,5.59029698,2.66256169,12.11111303
4.88671875,-6.03475745,-11.18625783,13.30424439,-9.91560688,-4.80126142,5.53602105,-5.71861267,12.64773589
4.89062500,-9.44217098,-9.30057369,6.40964484,-8.39145218,-0.51703996,3.22213300,-7.56573860,4.78262534
4.89453125,0.75673127,-5.71224974,6.13035951,-11.28782945,6.34559511,10.39278005,-6.47978895,4.69959177
4.89843750,2.00982989,-5.58329681,5.81072740,-1.91516451,11.23472774,6.79976402,-2.29286706,4.21288733
4.90234375,2.02196138,3.55847925,2.85655203,-6.35068915,15.08034020,8.64853532,6.48058906,-6.76158028
4.90625000,5.13220918,5.73146637,-0.08291821,-2.12001397,6.99558372,7.71052567,7.59470887,-5.28110659
4.91015625,9.58856023,9.31178215,3.07463458,-1.28727454,10.00198505,8.69787218,8.36873814,-7.88745226
4.91406250,4.49614166,6.78002086,-2.73542446,1.34117782,2.83679058,9.24038489,2.79885377,-14.65091000
4.91796875,6.52392640,9.94815234,1.40394979,3.79634092,1.94047845,7.72648023,-6.39734563,-9.26670300
4.92187500,10.06941653,6.06723536,-2.61625913,2.88199477,-3.37740783,6.03649158,-10.31048357,-12.00228571
4.92578125,6.81141974,2.21262237,0.95566963,6.41951911,-10.60524682,8.46340464,-11.31270216,-5.03299079
4.92968750,8.34814188,-5.39662094,-5.05204917,10.29917610,-9.87042770,5.64776335,-5.59837041,-2.36477922
4.93359375,8.94899686,-10.59391617,-7.06684379,13.10281945,-10.85154712,4.13097463,0.62090191,1.83501005
4.93750000,7.51077032,-7.11653020,-4.88631593,10.45249238,-10.87080038,4.67752496,9.26718467,4.84655634
4.94140625,1.89525105,-5.29029087,-3.49217212,9.41985094,-6.09644595,-3.03293352,10.18157277,5.46885006
4.94531250,-1.79916792,-3.12555626,-6.80504436,6.55610159,0.27028237,-3.93113768,8.55111130,10.99511029
4.94921875,0.04341541,3.43140131,-6.70306994,5.72511160,3.74572952,-4.27579535,3.58699659,12.67770530
4.95312500,-0.87669802,7.98549846,-6.20996980,4.45422103,3.04538259,-7.52363126,-6.05054601,10.20235696
4.95703125,-4.80370685,5.25796885,-6.69004768,-3.82001946,7.90445078,-6.49726464,-9.35755365,9.19199143
4.96093750,-7.93266203,10.83395386,-11.08108443,-1.91701798,8.42931869,-9.90457815,-3.60040844,6.48836535
4.96484375,-11.47087021,8.14712263,-3.87955457,-6.60754332,8.91287545,-6.71067062,-0.00208005,6.02234099
4.96875000,-5.62078847,2.07234393,-10.55614569,-7.46030528,-0.27868309,-9.88336721,2.67204408,-0.03587506
4.97265625,-9.32933541,-1.26936051,-9.18987496,-10.38197369,-1.88801820,-6.87997437,8.52500553,-2.54911110
4.97656250,-6.22686076,-4.60032386,-5.64389812,-10.44855730,-5.17718411,-10.66805842,13.20073861,-5.25102188
4.98046875,-6.23489601,-5.12501293,-2.51356355,-12.18214958,-9.00645979,-10.45925393,5.05067446,-7.49449419
4.98437500,-7.13987633,-5.47448919,-4.82694635,-10.79224421,-11.83459570,-5.99712263,0.90516156,-8.06503814
4.98828125,-3.60634897,-11.97362224,-7.13051148,-9.16355471,-7.96747326,-7.70278927,-8.11067783,-8.05733734
4.99218750,-4.43382756,-7.98538532,-3.32731341,-5.67720854,-5.37557550,-3.01864876,-5.80730557,-3.68342610
4.99609375,-0.59047565,-4.45382313,-4.54793783,-3.63018679,-4.68580666,-1.52049476,-6.36119971,-5.79139272
5.00000000,2.17265209,0.97393612,-2.05714446,1.78222052,0.25366188,-2.14783697,0.62535994,-1.00210265
5.00390625,0.16082780,5.81848964,-3.02652794,3.85519874,7.10360884,1.00031279,4.72766660,2.04541202
5.00781250,2.91117435,9.40882363,3.07277803,5.07124432,9.43761657,2.19080721,14.08185350,1.08886713
5.01171875,6.24644892,8.41349406,0.38804403,14.52741223,9.71359609,5.04688417,7.03243729,11.89806137
5.01562500,6.32885096,12.52048079,2.68885090,12.82176622,9.86024627,9.03856153,-1.36955413,5.39958859
5.01953125,8.86591762,6.81779759,6.14601020,11.88938407,10.56814189,7.59463689,-3.74463101,10.44051286
5.02343750,11.49327432,3.64855711,4.16081631,7.66654427,4.99320253,12.12886886,-10.11062386,2.44072327
5.02734375,7.20345081,-1.09450427,7.32235416,10.24143162,-0.78191039,9.41600717,-10.91024012,5.32589774
5.03125000,12.17451694,-2.78264312,8.44116195,6.57267028,-5.59803360,10.85039137,-3.21476143,1.56243814
5.03515625,8.06474871,-4.23405347,6.70279708,1.73435362,-8.89050366,12.82940401,3.42687553,-4.34770063
5.03906250,2.70197024,-6.55144545,4.60848623,-1.20692187,-13.07306196,9.94383591,6.87775193,-1.19245448
5.04296875,1.56451988,-6.95824704,9.92284115,1.28356574,-8.32927670,9.17384265,9.45281139,-2.53519738
5.04687500,3.51116684,-5.49518009,12.45827692,-0.98585364,-7.88764553,6.57699075,3.58497339,-8.76302119
5.05078125,-0.68994300,3.15117191,7.79248313,-8.98151567,-4.34612055,5.14171809,3.15772989,-9.00169590
5.05468750,-1.75861388,4.54447944,8.31923390,-8.12863381,-4.30628255,6.30495374,-6.81971147,-9.92728553
5.05859375,-2.72185759,8.93963084,11.37002295,-10.75031344,3.96257400,7.68045778,-8.88403823,-6.21393726
5.06250000,-9.95687690,10.06143470,8.99169132,-14.22527468,2.35455356,-1.30576475,-9.85436970,-3.51407114
5.06640625,-9.82596047,5.84162709,4.00016519,-12.43018947,6.74280710,0.74164788,2.12543867,-2.53041040
5.07031250,-14.86321599,5.14744114,7.62417026,-8.66882299,4.63014526,-3.92021426,4.56062551,4.05819000
5.07421875,-11.93039706,-1.86242510,1.73796496,-4.11325357,8.18502921,-5.37458623,10.40048781,6.80307076
5.07812500,-9.80224292,-6.03471776,4.37071601,-6.48329604,3.87465177,-7.09956608,9.01393619,10.91485143
5.08203125,-8.58445219,-6.08270845,5.04546904,-3.79389231,0.32501821,-7.73159462,7.27785500,7.80496834
5.08593750,-8.23336137,-9.33355312,3.72139926,-3.24745384,-4.69162526,-8.00521091,-1.73814434,9.17381129
5.08984375,-3.73289546,-10.94588885,-4.59425446,5.34276729,-6.25002732,-9.52527352,-9.08104069,10.32207470
5.09375000,-0.80069295,-6.86415027,-1.05235346,5.40844415,-6.09512971,-11.63159297,-4.07726330,3.70132289
5.09765625,-0.77471387,-2.76768600,-4.88366814,10.68923202,-4.42875634,-9.40149669,0.43027033,2.25284161
5.10156250,0.90647304,2.78731060,-7.76479375,9.77284638,-9.80521526,-14.18891649,-1.54691688,-0.27476422
5.10546875,2.60113308,4.21314564,-8.06414249,9.10327633,-4.90868609,-12.83396350,7.30742255,-4.37618433
5.10937500,7.03717519,7.25706953,-8.07785520,8.41189241,2.20606623,-9.88220182,8.86267719,-8.24420574
5.11328125,6.73921095,12.14484505,-13.40966378,10.77634734,-1.08028284,-4.70206618,7.16522820,-12.56799166
5.11718750,11.61995413,8.38059471,-14.77288573,8.62678333,5.81810908,-2.00160997,-1.83842695,-12.74643954
5.12109375,12.11904775,6.49941062,-6.84218562,1.81411118,5.60811181,-3.05881694,-10.74670595,-7.70385749
5.12500000,9.51723561,-3.81609363,-11.63493529,-1.23140699,11.97446392,0.72234838,-16.09889550,-8.55848218
5.12890625,7.89111085,-4.11096661,-10.22823772,1.97692276,6.82848994,5.02669585,-6.05499714,-4.51204739
5.13281250,2.63765006,-5.54848822,-8.66457352,-5.30082873,5.43665050,6.34563312,-3.42441176,0.45178134
5.13671875,5.64575262,-10.67457849,-7.10409476,-9.33769496,1.86506841,6.18881598,7.38710196,3.77616869
5.14062500,4.46946975,-9.38043022,-12.38772457,-10.55942434,-4.79285145,5.43142424,13.15745331,9.13109453
5.14453125,-0.55548991,-2.49082088,-6.58861569,-9.81839984,-6.73121471,6.39325745,7.39309869,8.94079889
5.14843750,0.01605963,-5.55407217,-4.32553449,-9.96345486,-6.75277835,11.81791264,7.38510791,9.55702641
5.15234375,-5.93741901,3.09089082,-5.56449271,-8.56898870,-8.54694929,9.54098057,-5.55361379,7.77868519
5.15625000,-2.09793060,8.62799087,-7.77862847,-6.66359995,-8.09337905,16.16869773,-5.75894271,8.42345005
5.16015625,-7.49842858,9.23262559,0.63277263,-5.62359911,-6.16371806,10.74164067,-7.25369981,3.50320319
5.16406250,-9.05454428,3.50384851,-1.71724193,-2.38644247,-5.25302551,6.88025772,-6.10378494,-0.37222764
5.16796875,-9.37529997,5.03769191,1.30169228,1.30644536,-3.85615157,8.64240295,1.68575793,-2.80647184
5.17187500,-9.59606359,-2.16852890,9.85787327,1.82321727,1.20668067,4.54020177,12.25079559,-2.55436847
5.17578125,-16.80440879,3.38990420,5.02308402,5.84969314,11.58912020,6.94047384,8.89413368,-1.53672425
5.17968750,-6.40684523,-6.02638509,3.45845940,8.87190848,8.24209813,-0.03388386,9.21891937,-8.49628811
5.18359375,-6.93980506,-9.85036999,6.32626413,6.30456904,5.57951247,1.66501476,2.73521145,-8.64726972
5.18750000,-6.37910037,-12.19795029,7.71815860,13.22480093,3.55382005,-0.23250888,1.10723996,-7.48412107
5.19140625,-3.58283225,-9.68989248,7.14794505,10.47948306,4.55568407,-6.98000922,-7.60833982,-7.33433262
5.19531250,1.22173238,-6.44199141,7.61251067,9.95257328,1.78114012,-4.33985312,-7.08282885,-2.93877563
5.19921875,2.42656523,0.40188746,5.68935529,7.81425993,-1.26017245,-8.47244218,-2.63580064,-1.42404743
5.20312500,4.44790323,5.59881846,8.69279633,4.72142137,-6.64306860,-12.00097531,5.72919481,0.40510588
5.20703125,8.28573026,6.39579486,5.91414464,1.85673729,-8.61494470,-8.61955697,7.48484050,7.05743321
5.21093750,6.07807562,12.84329431,7.07056358,0.67886254,-7.35745937,-10.19805861,6.39307084,8.65863333
5.21484375,7.18038177,14.73980423,8.92822622,1.15289207,-8.12153499,-8.67269261,0.51942041,7.34693658
5.21875000,6.59877586,7.63461293,9.79486802,-6.22053426,-2.54334972,-7.94796360,-8.59038724,8.58885596
5.22265625,8.99396665,4.71544119,8.24761334,-6.93770817,-1.47194734,-7.55024808,-9.61218663,0.30295952
5.22656250,8.00255267,1.98560812,4.52559481,-6.67063485,6.79558903,-10.82640022,-11.29164217,0.49487543
5.23046875,6.85979886,-3.51293559,7.74377039,-8.20077061,12.08265955,-6.22995281,-6.06009108,3.80362833
5.23437500,7.93511272,-6.23861655,6.37371194,-10.34602915,9.10989818,-5.02211743,-1.50821407,-3.62254968
5.23828125,2.81350471,-8.49784918,6.10076182,-6.57049771,12.91167150,-2.47199636,7.19465419,-4.29973464
5.24218750,6.94463714,-8.47227018,0.22169618,-5.15317780,11.15295387,-1.82470499,7.66887020,-6.17384040
5.24609375,1.73703321,-4.20624782,4.09235104,-3.33352863,1.71143431,1.58393339,4.36526657,-7.03232979
5.25000000,-2.06638921,-0.11997545,0.79443079,-0.83803781,-0.81102148,-0.17782309,-0.72091919,-9.32415783
5.25390625,-4.32153822,1.83591597,1.46231995,4.17273702,-7.02119294,-1.02997291,-2.72840048,-7.89122826
5.25781250,-7.28402867,4.26012112,-0.90714499,1.87150117,-9.41365834,4.97464535,-11.13726148,-5.03487165
5.26171875,-10.31966925,6.26808362,-1.86291014,7.16913524,-12.79938137,8.04233441,-8.46267426,-3.82547910
5.26562500,-11.24087114,8.58530708,-4.79020060,9.23488373,-13.43312207,8.11272156,-0.70146092,-0.59529181
5.26953125,-11.39040684,4.75448269,-2.56963310,6.18366675,-11.81548327,12.92039630,8.16756725,3.10665620
5.27343750,-11.04618776,-0.38213565,-6.90016191,3.01428327,-3.55466039,10.88236091,11.11824447,10.90484454
5.27734375,-9.58142879,-3.01647130,-3.91424487,6.91979737,-7.62315773,8.49557578,10.73452118,11.37477147
5.28125000,-10.32030380,-9.08280609,-6.60250319,2.73805170,3.52168015,8.70575191,1.88095299,10.68139795
5.28515625,-6.08006004,-11.25786704,-10.87612888,9.07758892,3.97989895,9.99922413,-2.74596879,14.57857066
5.28906250,-2.16490682,-12.12890219,-10.96955432,1.67795693,11.32550504,7.79268181,-6.36391453,8.42461386
5.29296875,-3.60420318,-9.25132424,-10.55879043,-2.68422802,12.25749061,9.27572691,-7.36664633,6.97355540
5.29687500,-2.08001302,-2.02059269,-12.79677937,-3.96599521,11.64407998,2.21811040,-3.79899050,4.71181016
5.30078125,3.79074681,1.99785778,-12.13088899,-5.05836092,8.39112763,3.55422671,-3.27485296,-2.63265659
5.30468750,8.03100186,6.99728199,-14.92342012,-3.29289404,2.38874579,1.18964005,7.02563846,-2.40765189
5.30859375,5.76383885,9.26829554,-8.41843192,-11.83836643,-0.56672752,1.64761318,4.73953188,-11.12886358
5.31250000,5.98801090,12.46505601,-7.62487836,-8.83499468,-4.90775475,-1.29228807,3.09456842,-11.60117241
5.31640625,6.42673628,7.28065856,-8.73412083,-8.25010179,-5.82789827,2.73004890,0.09493700,-13.96798188
5.32031250,6.93156433,6.45719413,-6.14050092,-7.35817096,-9.02896165,-0.68419423,-6.32431497,-7.34396524
5.32421875,7.08971571,3.65350042,-1.97691505,-8.36776692,-4.65999050,-3.38489313,-9.54291698,-9.50135738
5.32812500,11.74533011,-3.83046357,-4.90719423,-2.26361521,-6.78215996,-9.09577751,-9.73666855,-7.84783724
5.33203125,10.11413813,-6.31826981,-4.81192508,-0.94599447,-3.13805314,-4.77193304,-6.17732818,-2.05619827
5.33593750,8.06918452,-9.66354094,1.77416324,2.77280497,4.34495770,-8.57930073,6.32034602,5.47957354
5.33984375,5.89600708,-5.26133005,2.80181544,4.20101617,10.91790752,-5.81966320,8.18568169,0.68227590
5.34375000,3.46958332,-7.88163047,6.97850923,6.28718720,9.32889854,-9.17301157,8.02125462,7.02797149
5.34765625,0.78394634,-2.01516310,3.21844739,5.79896676,8.64513282,-9.62468924,4.48239831,12.57448353
5.35156250,-1.76047082,2.87861565,9.78066417,8.54520884,6.61730201,-7.35959460,-1.64877994,7.35479352
5.35546875,-3.37006002,6.41188391,7.14372398,9.88607826,7.82735381,-11.58556758,-5.82877009,7.80037316
5.35937500,-7.00321132,12.55323191,6.65617699,7.86269215,3.29683372,-10.68110930,-8.25722269,4.61451718
5.36328125,-5.24598503,6.43933891,11.63399740,8.85445974,-1.53138689,-4.27170241,-4.07098549,4.88108223
5.36718750,-11.55383948,6.81960660,8.67517100,3.37993447,-6.25734963,-3.84829355,5.73052989,0.70177200
5.37109375,-12.07602609,5.17163176,10.67505392,3.11989343,-8.96264063,-2.70253202,2.23572174,0.16893456
5.37500000,-8.04457631,-2.64960526,10.49294962,-0.34249200,-13.65332273,-0.61410836,10.67386294,-4.56105322
5.37890625,-9.10877719,-3.54967402,10.85691388,-4.77363420,-9.45343202,2.76913969,7.53110096,-6.19305814
5.38281250,-8.42302161,-7.78877424,11.80787627,-5.87986157,-4.06681156,3.61712040,5.93783454,-8.04884787
5.38671875,-3.62724186,-10.14261937,10.81790754,-7.38683103,-1.23991112,5.27122766,-5.43903067,-11.45282761
5.39062500,-1.58637754,-11.25294175,8.18765785,-9.24333546,3.82814356,5.02683694,-6.90254326,-9.65168316
5.39453125,-2.21366236,-10.36195066,6.47305148,-12.46724097,7.87806167,5.10219552,-7.79803219,-3.49924347
5.39843750,-1.25870321,-2.37134371,4.36177848,-4.48461376,7.81089842,6.65224324,-8.06479304,-3.24468831
5.40234375,5.38999265,5.71097306,3.66394364,-1.48250530,15.55900395,8.33517635,0.30344654,-0.36194894
5.40625000,4.93321015,6.82679860,1.81691075,-5.27134615,10.65051377,8.09973150,8.97064161,5.65004426
5.41015625,4.12608532,11.75033893,4.44786757,-6.91109487,6.03916087,7.07977147,3.53503838,2.81913500
5.41406250,9.64152112,16.98718604,-1.12943337,6.08583721,2.97133490,11.48075073,2.77922238,7.64746306
5.41796875,11.06005850,7.31645194,-3.90387322,2.41224249,-3.73370838,7.89853766,-2.78198325,13.77380597
5.42187500,10.80222631,3.27210085,-1.53239800,5.48299610,-5.34581234,7.61139127,-10.23473564,5.48614992
5.42578125,8.36742747,-4.45289517,-5.13849682,7.15177914,-7.90364583,6.38546625,-8.17084249,7.86998025
5.42968750,10.05907543,-4.34743979,-5.27937343,10.10669844,-7.18742386,6.28081556,-10.18330458,3.42716417
5.43359375,7.87338293,-6.93900601,-7.31683056,11.75257307,-8.46476135,2.86138756,-3.77979411,0.89062399
5.43750000,4.35356242,-10.32402644,-8.47657136,7.01397851,-7.88391465,0.55083096,4.83978493,-1.16554117
5.44140625,6.04487749,-7.45433701,-4.85363177,9.77549349,-4.81088404,1.50078381,10.73293212,-3.45698034
5.44531250,3.97714133,-6.30793624,-13.92181648,5.92742009,-2.84781414,-1.20032830,9.95481379,-8.37206527
5.44921875,-0.81833590,-3.44978160,-10.53391974,3.77610908,4.76531987,-2.55527794,-0.97558783,-7.56386268
5.45312500,-4.00350501,4.40231514,-12.28331127,1.43030861,4.87894398,-7.29939008,-8.87128398,-8.29799315
5.45703125,-2.78258066,5.95260961,-12.66769990,1.86433379,8.89794791,-9.00839566,-13.92269871,-10.19058809
5.46093750,-3.57853011,7.91895552,-7.62765708,-5.73554313,11.90091830,-5.98919490,-8.92880449,-4.20966455
5.46484375,-6.64476099,5.30776293,-12.38743426,-7.13843767,4.51102487,-2.52966602,-1.81374862,-0.92140512
5.46875000,-12.71777396,5.54247920,-11.42199384,-10.67787615,5.25060071,-5.18259928,8.29645203,5.15840784
5.47265625,-7.02195069,1.72382410,-7.87321854,-9.53901483,-4.29686565,-10.26663187,7.96465948,2.71256810
5.47656250,-8.96589558,-4.45535764,-3.28591175,-9.31220753,-6.14077787,-9.17578556,10.64116739,12.79766727
5.48046875,-3.30967649,-6.89276267,-4.93576677,-9.84274925,-9.67863582,-13.40554960,6.68889149,9.80391462
5.48437500,-8.01474569,-11.20757557,-2.92840348,-11.02101779,-8.58173481,-13.69910871,0.16998209,11.23629354
5.48828125,-5.70624050,-9.89563763,-3.07255458,-6.90727243,-9.21246888,-6.67505335,-6.30299494,8.13011890
5.49218750,-0.81085291,-7.84033516,-3.05471055,-5.62707764,-3.37079949,-6.94502593,-9.63274905,9.78367378
5.49609375,-1.01460082,-0.13089122,-4.10608416,-3.40607143,-3.21783527,-2.79176663,-6.95779272,0.63011313
5.50000000,-0.82584243,1.38948029,-1.56004469,0.55479659,3.37380424,-0.04725490,-1.55136034,-1.62852686
5.50390625,4.06574274,2.82551958,1.11506527,3.36318307,5.54008442,4.23648797,9.24475801,-4.04408636
5.50781250,9.41427340,8.56483386,-0.80589318,4.90951813,7.08236443,-0.90262991,8.52867700,-8.51924275
5.51171875,8.98765661,10.18043328,-0.13684648,10.26233055,13.35323085,3.96569001,7.71984904,-11.34705233
5.51562500,11.11371099,8.74357932,0.03085087,13.43908206,12.69476119,7.65756334,-3.70455083,-13.66808249
5.51953125,9.38648640,8.56970490,3.89035303,11.25672429,7.55539440,8.38940420,-9.11264534,-11.37285332
5.52343750,6.15894341,8.22235284,8.76123094,10.69888084,7.40314632,7.88154010,-15.20931982,-8.66523766
5.52734375,6.49141512,-1.50967495,6.08164593,9.71408358,0.70151710,9.52446314,-9.20747264,-7.93760616
5.53125000,7.63797665,-5.26403715,11.51110027,12.26451857,-4.27039759,14.61660457,-6.34997316,0.13066862
5.53515625,2.31846244,-11.85512539,5.65530088,8.88373109,-8.10977003,9.29434178,-0.45004026,4.97130243
5.53906250,5.49498977,-7.24661484,9.04384708,0.23675557,-8.76083715,12.43170179,8.74457182,3.93890368
5.54296875,6.81703691,-7.51746627,9.96045849,-0.77142196,-9.50126109,8.93554857,7.27617030,4.13826501
5.54687500,-1.41237045,-1.51247810,9.39832235,-3.79746976,-7.60237400,10.22370213,7.08526863,8.23454798
5.55078125,-5.61640390,0.30321568,7.17175338,-7.36882345,-5.33496656,5.76616889,-2.34417014,10.13178548
5.55468750,-6.07437532,8.22565498,5.30408138,-8.36880894,-1.00367827,5.09930629,-7.59237599,6.60389661
5.55859375,-5.24809645,8.47360283,10.51583512,-7.99883923,3.99349011,7.45334234,-10.49431727,8.32864524
5.56250000,-11.05784663,12.12652005,10.95032338,-8.02468972,4.77453147,-1.45984843,-5.97012310,4.15952242
5.56640625,-13.28722496,9.99940628,7.47978807,-9.75982086,7.58061303,1.13117668,2.56743150,-1.29775694
5.57031250,-9.80462984,4.67812153,6.60893315,-11.48285533,8.04299990,-6.54390800,8.58617220,-0.61528845
5.57421875,-14.91843449,-0.15238827,3.39299579,-10.07590892,2.20069566,-2.23735492,9.99327573,-4.85578144
5.57812500,-11.64079002,-6.31639377,2.16776142,-5.16935367,6.72438133,-3.77028407,8.52745670,-7.31721875
5.58203125,-7.78667440,-9.06590817,0.27801477,-2.03853251,3.25502078,-12.49160011,4.03377549,-10.50874048
5.58593750,-5.27515424,-15.15102974,1.35741957,0.80274810,-3.73745437,-6.27777077,-0.89193367,-3.19465002
5.58984375,-6.90904400,-7.10738539,-2.25187983,6.92310954,-5.39966879,-13.87016692,-6.57380322,-2.10285799
5.59375000,0.84548379,-7.59933196,-5.37676207,7.08281152,-6.37830313,-9.24000746,-9.31761986,-6.69649603
5.59765625,1.96234944,-4.43086171,-3.99345477,11.55665254,-9.03207331,-12.05674251,-1.59763072,-3.33981984
5.60156250,1.74601411,2.06183251,-9.98025789,13.10656901,-9.56946708,-11.46521952,2.11598145,-1.53996728
5.60546875,2.94143827,4.72871744,-10.31043001,9.10159405,-3.38641103,-6.94317922,5.66060287,5.27674707
5.60937500,6.28521385,9.32115700,-8.55700529,9.70315134,-0.43892957,-4.62601387,8.20008032,8.91868827
5.61328125,8.18040510,12.17058369,-7.90286708,9.72221856,0.88085389,-4.99978823,5.00095136,11.97146870
5.61718750,13.27507484,6.64233522,-13.79156919,9.10526259,7.11489293,-1.80746404,-1.67235368,8.88255483
5.62109375,6.89143181,2.50026175,-10.77911854,4.24110814,10.89209080,-2.48484010,-9.15932173,9.66338947
5.62500000,8.45246934,4.64721804,-9.83981243,-1.37445811,10.43253950,2.73919368,-12.14450451,6.84827268
5.62890625,7.19704915,-4.04698744,-11.04289576,0.16191307,6.32747348,-0.04411298,-9.29945239,3.28517856
5.63281250,4.52465320,-9.80272639,-9.68546523,-7.96549451,5.72624952,7.87520801,-2.41413281,0.52019202
5.63671875,6.75864104,-7.83526041,-7.44287181,-6.02396528,-1.80343920,4.57099214,7.41829724,-4.72841230
5.64062500,-0.13168349,-8.04702224,-7.50221326,-6.41299356,-1.93300060,9.60195996,8.78741455,-2.61331877
5.64453125,0.10403114,-2.11397873,-4.73848342,-8.14738581,-7.47288588,7.33019215,9.30432572,-6.20911159
5.64843750,1.13661209,-5.16867995,-0.53549163,-10.47980343,-11.16834505,5.83179458,7.14765655,-8.16252868
5.65234375,-4.13969913,6.13173626,-3.41168123,-10.33465009,-10.85094708,12.30504004,-1.49589062,-9.82297081
5.65625000,-2.61704349,5.58724671,-4.32857518,-7.97876119,-10.55713489,10.61339442,-11.35921666,-5.84300164
5.66015625,-10.53252443,10.45875743,-4.01825549,-9.35450319,-6.14089688,9.71079939,-7.89459051,-4.53507219
5.66406250,-7.05913756,7.61364799,-4.83759456,-6.04267633,-7.58853173,8.35078185,-2.63643365,-5.06816397
5.66796875,-9.03036032,7.29851834,-2.06921320,-0.52882677,-1.09625559,11.94495561,2.90316710,6.63403514
5.67187500,-13.71217190,2.10220485,7.32789031,1.90834671,5.99504285,10.83157118,5.00585882,7.96670120
5.67578125,-11.56219026,-4.22934108,4.66831359,4.77323746,4.53075732,7.11270487,11.40860598,6.61523535
5.67968750,-6.62442722,-6.42823366,1.82218600,3.81072482,9.07610786,1.74462174,8.04074224,8.77889507
5.68359375,-7.17869880,-9.13976188,6.23320053,8.38136781,9.01327944,-1.96678214,1.56303011,10.54269266
5.68750000,-3.20708820,-8.17824771,5.11498657,10.81233089,2.34479643,-0.32892194,-1.91984669,8.98777053
5.69140625,-1.88622602,-6.23207893,0.67761582,10.86588067,5.20118711,-2.24987409,-10.63057564,5.84821512
5.69531250,-2.02202269,-1.78162808,6.19851018,10.67030879,1.22939299,-7.68854091,-6.99176023,0.15301341
5.69921875,3.02769408,-0.44605526,2.59626808,4.93075432,0.42310388,-6.75796028,-0.09122972,2.73457978
5.70312500,3.36804890,3.33135407,6.74104952,3.27068866,-7.38518382,-5.51937550,2.29790455,-4.86353535
5.70703125,4.93066307,9.28412734,4.39207814,3.81853699,-7.20410833,-9.20998895,9.06898020,-9.52943083
5.71093750,8.56648462,7.46555375,7.95569857,-3.09381131,-7.15845267,-12.22328349,7.32819466,-9.51113182
5.71484375,8.11372108,8.75329306,4.03573777,-0.61737182,-6.95743349,-13.49498646,1.77226486,-14.31390018
5.71875000,2.89660857,12.84799584,7.43624874,-4.95115290,-5.11861832,-7.43594722,-1.74943190,-8.76190466
5.72265625,6.48161379,4.83086107,5.90161810,-8.33567778,-1.75526042,-8.27363447,-10.18055354,-9.73176587
5.72656250,11.87554192,2.85330138,9.51376757,-10.30124805,3.60365526,-7.38262989,-12.58786659,-8.07347469
5.73046875,8.10353847,-5.27637265,5.27541798,-12.77544435,3.33643736,-7.94912270,-4.83109182,0.83307305
5.73437500,0.24042973,-8.70057760,2.83937525,-7.38006097,9.64243301,-4.10771354,0.44973320,0.20282154
5.73828125,3.93141265,-9.84173004,6.67782754,-5.13004024,10.71593680,-7.92036020,10.23360175,5.35062095
5.74218750,3.28229865,-7.99576576,5.10725634,-8.81082957,3.09941033,2.04451701,5.48019224,8.37886073
5.74609375,-0.23765360,-6.08566643,-0.69597789,-2.85114651,4.01279980,-0.05063284,6.17434602,7.71008689
5.75000000,-6.45511848,0.64422753,2.97267686,4.39929551,-1.75963489,3.31300762,-0.48146847,11.67395765
5.75390625,-5.20676369,4.87353028,-0.97051614,0.68263082,-8.64271923,1.66567489,-4.96417575,11.66144650
5.75781250,-7.12026218,6.64364470,-0.40859417,3.02116521,-8.00626032,5.98835351,-10.23509445,8.29843634
5.76171875,-9.51815510,8.35454573,-3.23625312,7.06989944,-7.87234343,6.82959616,-6.59103653,3.57405684
5.76562500,-11.03241280,9.27983796,-1.07457364,7.42201908,-11.72439729,10.37312785,-2.19491554,4.36809095
5.76953125,-11.65339219,6.42845978,-6.37650888,11.15724250,-6.58716486,8.33353969,3.39352502,-2.12317956
5.77343750,-8.45313914,2.97053843,-6.18335458,4.41044157,-6.69742129,9.30575858,12.33897878,-3.87616178
5.77734375,-11.34937116,-3.23149948,-8.51420069,4.86438934,-4.18481337,9.95447084,14.58156215,-3.33321283
5.78125000,-5.82055653,-7.34741861,-7.98050020,3.25612066,4.65540162,10.12984031,7.91232540,-6.24913517
5.78515625,-8.59840765,-11.70888426,-7.69906977,1.84998603,8.53489339,9.02210516,2.46514347,-5.15563835
5.78906250,-5.23835702,-10.91391154,-7.75163930,0.12332492,8.05654305,5.40552753,-7.63211818,-6.33039092
5.79296875,-0.24170569,-8.82290612,-9.04182729,-0.07180458,9.27299366,4.19846730,-7.19182824,-7.68365182
5.79687500,-0.25519057,-9.26592812,-11.43890238,-5.54647869,12.75566736,1.21027094,-3.82610282,-7.69161616
5.80078125,4.16750984,1.83364002,-9.01813292,-6.87608690,7.74163745,3.89397979,2.08569342,0.30975600
5.80468750,3.36709487,2.50373354,-11.06871789,-7.51154578,4.54078484,1.95176063,6.14087270,1.28183719
5.80859375,7.36914672,11.35115130,-7.27162059,-9.59970241,1.02870899,2.84702200,10.12378435,5.03250740
5.81250000,6.60374254,12.71597415,-10.31803105,-6.82852313,-6.33818190,-2.16753230,4.61405118,8.22112721
5.81640625,5.30756712,13.49231019,-11.08114568,-6.44227145,-5.04893586,-3.59271659,-1.44533137,10.21684168
5.82031250,6.55207650,11.25741302,-6.71968571,-9.51071056,-7.15739003,-5.30113130,-5.48026521,4.30892789
5.82421875,13.08898485,2.56748955,-5.33921746,-8.54657832,-12.94252546,-6.06721047,-7.17013949,8.33690225
5.82812500,10.68454101,-4.39808859,-2.91202634,-3.89299677,-1.67905150,-6.73735853,-5.74555894,5.96178141
5.83203125,8.07384305,-8.29539049,4.06533739,-0.43016724,-1.30119593,-7.79755445,0.26150068,1.15637500
5.83593750,6.35247306,-6.81493151,-1.51615984,0.79246371,3.74069834,-9.33202192,4.34614880,1.09605432
5.83984375,3.94504623,-7.38991795,-0.47208642,4.10606794,4.46066549,-6.60258950,6.84180404,-6.52407829
5.84375000,6.25273539,-10.83237928,5.39076496,5.80139994,10.42275112,-9.10746610,11.03811962,-6.35523924
5.84765625,0.95713834,-2.85426975,8.12760075,6.30686712,6.61542619,-5.79717794,3.93285738,-7.19950030
5.85156250,-4.65863111,1.71007480,5.85912985,9.18994366,9.07947309,-7.81086466,-4.20717124,-7.71571067
5.85546875,-1.61974680,6.31472597,6.01204809,10.53101419,7.32665226,-7.86508911,-5.42082387,-6.52792362
5.85937500,-4.67188048,6.96636147,9.73707295,14.39183088,1.59728050,-5.98047334,-7.97037094,-3.32966590
5.86328125,-7.35719005,11.17709300,8.35083461,3.52422834,-4.27671955,-3.96032573,-5.59976596,0.36563801
5.86718750,-10.04156047,9.77935670,10.62223229,3.02265919,-7.92198039,-0.93885368,5.83839839,1.64206260
5.87109375,-4.24655341,1.58598702,9.77381672,2.57787977,-8.29685597,-0.51257212,11.65372947,2.21145372
5.87500000,-11.36870243,1.06160427,11.10915900,2.06826676,-12.53793217,3.53648126,12.72663999,10.10594918
5.87890625,-11.17662081,-8.73427524,11.25895848,-3.06008125,-10.20248560,4.96349206,11.36289557,10.49229120
5.88281250,-5.84532701,-7.64909793,13.65807125,-9.00252336,-4.27960041,3.18198995,6.66622122,11.81678356
5.88671875,-3.78275403,-9.68486759,8.59052363,-10.47325329,-6.70059836,6.57680217,-4.60820403,8.78324897
5.89062500,-7.79938986,-8.71617423,6.52634483,-7.22034096,2.63825391,5.32755372,-10.28648803,9.86488047
5.89453125,1.06983158,-5.12197923,6.95194157,-8.31598102,7.87572870,6.39445199,-6.47744713,4.87971814
5.89843750,-1.42343680,-2.50749134,5.66743077,-11.39268173,11.61250836,10.25869254,-1.08076866,-0.85573857
5.90234375,0.12346601,5.48108687,6.37075022,-8.20375110,10.06746705,7.88859701,4.82597872,-3.51585727
5.90625000,-0.55369340,10.27878342,0.70644190,-2.95918981,11.32563147,9.07788445,6.98298638,-7.43051175
5.91015625,7.63191811,4.20012725,-1.47492860,-2.33775978,9.98071490,11.99648096,5.37714980,-10.89738796
5.91406250,5.93614667,12.16232176,-0.49675453,-0.28449074,2.28102864,10.83636086,1.50975708,-10.57077960
5.91796875,8.13135853,8.39373144,-0.52248277,2.41108851,2.36187487,12.32979020,-2.52709266,-14.14172564
5.92187500,9.07709838,6.87137950,-2.68806296,5.81159781,-5.08529392,4.61963799,-11.39183155,-9.76699158
5.92578125,8.28640317,1.62504429,-2.54837209,8.01591417,-6.93462477,9.70323312,-6.39984859,-7.78239029
5.92968750,3.93785209,-1.66684527,-6.53941824,8.53105770,-13.58092948,6.04466297,-8.04359079,-3.44557538
5.93359375,7.22760856,-10.83283616,-8.49164355,8.98010808,-10.58191698,4.66032569,-0.51063482,4.35566067
5.93750000,6.99921925,-11.96690487,-8.37040723,11.83521249,-5.51867999,1.85306133,6.91882399,1.71803865
5.94140625,4.24603760,-7.67365730,-6.85243562,8.91972391,-6.30743229,-0.64817809,8.67391440,8.26839301
5.94531250,3.81142889,-6.90746731,-10.24071783,6.21972229,-0.07146113,-6.38594887,9.70019909,12.88781155
5.94921875,-3.99270728,-1.02435865,-11.43598354,4.52439587,6.86347327,-5.66023249,0.50514097,7.34607636
5.95312500,-1.88319105,3.83718561,-4.53511122,0.11144759,6.70292450,-6.39589420,-8.74807873,9.51871297
5.95703125,-4.02549259,9.91856672,-11.76185848,-0.84626990,5.43203268,-3.59903977,-7.79747394,11.02815411
5.96093750,-4.53227835,9.79180113,-11.79038258,-2.75767094,10.32279847,-5.16932342,-9.95970937,5.35104818
5.96484375,-13.66775110,7.25871504,-6.76602950,-8.78444978,8.48013403,-11.32876266,-6.41359172,5.50483667
5.96875000,-6.58260081,5.14529514,-7.63032153,-7.15232538,5.09997612,-12.25682253,5.71418164,-2.08066973
5.97265625,-9.80276041,2.63243166,-4.05481198,-11.58941326,-1.17777431,-7.82397143,7.98569281,-7.76051233
5.97656250,-7.89602607,-5.64945020,-8.63643655,-10.23602646,-4.80333520,-9.31215244,9.61579821,-7.01139315
5.98046875,-9.11047578,-4.08437579,-4.13282294,-9.16613493,-10.52637121,-9.12526865,6.06338733,-8.72806581
5.98437500,-5.93145559,-11.04329808,-6.24839430,-12.63775382,-10.93443496,-7.65123275,0.90241343,-6.23668843
5.98828125,-7.45786045,-12.07355474,-4.19831796,-9.43577699,-10.27316546,-3.48551977,-6.03433944,-8.19043929
5.99218750,-6.43451274,-10.43293265,-2.48387181,-8.86160941,-6.60152488,-5.38295647,-4.16198141,-4.13018025
5.99609375,1.55569741,-3.26336053,0.28260828,-3.37054473,0.21340596,-5.02570388,-4.64685056,-3.32188751
6.00000000,5.53168260,-0.04604341,-3.27177173,1.79769201,1.93542466,-3.36551082,-1.16558619,1.13788447
6.00390625,3.44702103,3.12586370,-3.75456190,7.60025412,3.33394166,-0.44756576,5.47936177,1.75174816
6.00781250,7.09241810,9.53955395,0.68988346,8.04102593,11.07416886,-0.76918147,9.47451659,3.29417207
6.01171875,5.15263399,10.97623784,2.42215682,11.46548639,14.11626846,3.08339671,8.29144598,5.69254993
6.01562500,6.22878946,9.43974077,3.99900782,10.96566849,12.86374158,8.23823554,4.46862934,7.88905634
6.01953125,9.11034417,10.69861275,3.72835712,10.95739517,7.52494129,9.42547429,-8.46718579,9.84312538
6.02343750,9.43810542,5.10688998,6.70113126,15.60981349,3.57716083,11.42984799,-9.53526109,1.84656670
6.02734375,6.82597959,0.12378109,6.38444247,7.95822284,-1.64361728,10.06976280,-12.91286128,3.77612086
6.03125000,11.53873502,-4.40156354,9.60181138,8.46776445,-4.38362652,9.93143696,-2.26142528,1.28135770
6.03515625,7.80731591,-8.99487067,10.53901687,8.19787510,-9.59544148,10.89213883,6.43406680,-0.26722914
6.03906250,3.73759024,-8.24025791,8.74528950,2.05815713,-10.99632247,12.47096231,11.44729241,0.07691756
6.04296875,4.02117000,-8.57640517,12.21939386,-1.03897719,-14.99284385,8.45185953,2.43348769,-3.85786998
6.04687500,0.69491214,-5.87896722,7.57436318,-3.54790486,-8.66870553,5.83235842,2.48126783,-10.07478405
6.05078125,1.86114670,-1.09179923,10.09694619,-10.80025777,-7.51583232,6.97078906,-2.83497022,-7.82281882
6.05468750,-3.94012486,6.36726189,8.75726466,-6.41383403,-1.39525165,2.06234285,-5.49614173,-8.54432806
6.05859375,-9.60949426,6.05651513,9.83256072,-10.24693587,0.46627773,0.96877323,-6.54358848,-4.70871054
6.06250000,-8.92992439,11.24894784,9.45512179,-6.93139964,4.58304425,4.83490666,-10.95890045,-2.48186344
6.06640625,-9.89512026,6.60024711,6.95233477,-10.35691684,8.13090192,-0.60452505,-2.44300395,-3.17932729
6.07031250,-9.27966485,1.62975657,6.01020855,-6.82529058,7.59660377,-2.87493920,9.68053285,3.82299033
6.07421875,-8.45963996,-0.00460411,4.53856980,-8.26638732,7.85025938,-7.95946091,12.77664557,7.22911482
6.07812500,-8.15200621,-6.32104625,6.69722134,-6.29891399,-0.26278136,-7.11530450,9.98325260,11.91080391
6.08203125,-7.53763433,-7.93150366,1.24952454,0.10836593,1.34032796,-8.93360391,0.11013548,8.00622705
6.08593750,-5.23699263,-7.50305930,0.04031204,-0.58106073,-0.33919892,-9.64900953,-6.15684897,9.60886896
6.08984375,-2.11373137,-11.92702527,1.25819730,2.88596734,-6.40977361,-11.81991257,-7.22233690,9.26691546
6.09375000,-1.58840439,-7.88349041,-4.78528029,4.18504466,-11.62180440,-11.02297714,-7.16249599,0.56439275
6.09765625,0.69404203,-2.59548017,-6.72510467,9.67054035,-8.39289307,-12.04816494,-1.94820933,0.40373773
6.10156250,0.32816116,3.99417636,-7.98844443,10.40589662,-3.82649723,-13.39716307,4.50669024,-3.78147863
6.10546875,1.85066155,6.35794626,-11.86439297,12.59845826,-1.14329121,-10.24628530,6.46266704,-6.52113198
6.10937500,9.40302478,8.63297630,-9.00115817,11.79189920,-1.12506433,-8.40937792,5.59897013,-9.38147055
6.11328125,7.37737077,11.38348116,-8.54894043,8.40694041,4.58803923,-7.16923651,2.13453267,-11.14423669
6.11718750,8.12536022,8.87090304,-12.50421581,7.79761874,6.24819382,-8.01653275,-0.66043828,-13.15831170
6.12109375,8.71189953,6.14537924,-12.33779004,8.25052308,4.24942468,-4.43263133,-5.84823039,-9.75975630
6.12500000,8.13259571,2.71135986,-13.89401571,-0.95944150,13.14589353,-0.43816917,-12.41381900,-4.29301063
6.12890625,7.68768356,-0.62049593,-8.19047069,-1.72741440,8.70653568,2.19096878,-10.73773597,-7.66242205
6.13281250,9.18043550,-4.84701917,-8.78562004,-3.24594844,6.48304796,5.97203087,-3.61574130,1.52107170
6.13671875,5.01009993,-8.64938382,-4.82653152,-10.13819121,-0.44533987,8.05804651,5.07748052,5.16790155
6.14062500,6.04983278,-7.93014172,-8.57167398,-9.92559657,-8.25650468,8.37644226,11.67327211,6.21199698
6.14453125,1.07668367,-4.01114540,-7.38403039,-9.38862016,-7.76442319,6.36794542,9.20216482,7.85956560
6.14843750,1.42995250,-0.53226328,-12.29758792,-10.48203117,-13.15675227,5.55501073,2.53815230,11.23928080
6.15234375,-2.96914224,2.38973030,-1.28804987,-7.25682852,-12.65861784,11.83710888,-4.59035554,10.55634445
6.15625000,-6.78029372,7.12055510,-3.14786074,-9.57730339,-9.39120525,9.27067365,-8.09006708,10.82367505
6.16015625,-6.14339097,8.79226082,0.08247074,-5.98939058,-9.07298796,11.84120606,-4.35954073,8.58466614
6.16406250,-11.12865033,8.47197797,2.50658070,0.80330746,-2.27479162,8.82205874,-5.58279985,2.40433563
6.16796875,-8.27142079,6.75400483,0.76238589,2.91851746,3.50110046,8.22339649,-1.65435067,0.09568223
6.17187500,-12.97080625,1.91635845,5.83009416,5.21524759,6.99667402,6.64859247,8.98690053,-4.05613736
6.17578125,-9.20334062,-2.12187265,2.93910070,3.88074674,8.99675911,8.76898470,10.13738651,-2.39023327
6.17968750,-9.02101874,-5.37876627,6.95674244,6.28973100,8.17186754,4.53857881,8.97668423,-7.03632632
6.18359375,-5.82644259,-8.06953511,6.86061484,14.35860915,9.54861734,-1.30695107,0.56535218,-11.55235228
6.18750000,-3.29302828,-12.17009987,11.43771163,9.24278637,7.74190936,-4.69232916,-4.93872271,-8.28084574
6.19140625,-2.88852902,-9.36167805,8.59990415,6.71204158,8.76195610,-4.28606327,-10.00380382,-3.25532924
6.19531250,1.33891833,-3.69077077,10.64453910,9.71962206,-1.23631807,-7.84374867,-3.15093882,-5.35199045
6.19921875,-0.04025436,1.57427804,6.67439646,9.14421105,-7.20454446,-5.91748654,-2.03859804,-2.70984694
6.20312500,1.67663252,4.13571664,6.94914671,4.18190543,-5.32129771,-10.08691189,2.28866180,0.32185020
6.20703125,3.38091819,11.59671180,8.06018357,5.85031669,-3.77986971,-12.54982291,4.67286880,1.69414831
6.21093750,7.35579918,12.23289888,6.35856219,5.60203468,-8.55235395,-8.42455497,5.87561749,6.82872546
6.21484375,9.65352817,9.18606269,9.02955271,-2.25495987,-6.88169227,-8.88655048,0.62354372,8.33845953
6.21875000,8.32278247,6.94104116,12.49967114,-0.11579851,-4.09644277,-9.87274909,-2.06903176,7.81391344
6.22265625,8.63037471,-1.84058628,5.61573103,-7.12332294,-0.26833647,-10.52991685,-14.84276274,7.79419179
6.22656250,8.17704315,0.35316470,6.68638675,-7.76631276,4.80320924,-6.64408101,-9.79949536,4.00225178
6.23046875,11.81640462,-7.11891107,7.71500414,-10.48385517,8.05691200,-9.22396040,-5.08148222,-0.30396771
6.23437500,7.59271706,-5.70890322,7.16261146,-11.81767815,8.71452225,-6.03397213,5.11210845,1.65830299
6.23828125,3.61848345,-8.32778383,4.84462635,-9.35214051,9.32305491,-8.23659731,9.27278730,-5.33217443
6.24218750,5.08809010,-8.10394408,5.54944938,-2.97592759,6.14815111,-3.88948348,9.08787742,-8.75093318
6.24609375,1.15731107,-6.07760252,1.92963425,-2.57131653,1.68604849,4.03019749,7.82959886,-8.50582025
6.25000000,-4.49940846,1.02721822,1.05345988,1.34612857,1.86268809,0.59165837,-0.74356222,-12.38412039
6.25390625,-4.45837352,6.83278609,-0.44052646,4.69939951,-4.22959446,1.85614346,-8.22605147,-8.06729427
6.25781250,-5.47046793,7.15421825,2.24114190,7.98420821,-5.57437885,3.34579538,-7.65530564,-9.48829252
6.26171875,-5.30631749,9.09921062,-1.60802645,11.53408647,-12.84621662,10.38063492,-3.25249086,-3.89437588
6.26562500,-9.34932702,9.25851356,-4.15501125,5.64806047,-15.84499456,6.70082502,1.33750539,-0.86479344
6.26953125,-11.80793610,5.06023054,-6.03757284,14.14745570,-7.46698915,9.14867028,4.03564870,6.39603037
6.27343750,-5.44420406,1.47276401,-3.25090370,10.40893572,-9.18862337,14.07764807,11.63300753,11.39868913
6.27734375,-11.75254351,-2.86103206,-11.53400803,4.35121275,-2.53994970,12.59958814,10.04316986,14.77534923
6.28125000,-10.17480672,-12.38235327,-9.71804996,3.27099047,1.44903150,9.10821081,8.41269361,11.01349590
6.28515625,-8.76181589,-5.86198581,-10.89175935,7.93838116,7.08289258,8.01877600,-2.79681876,7.04924915
6.28906250,-0.94590416,-9.43705048,-11.55638572,2.37148996,8.70488258,9.85609398,-6.83061652,11.07575880
6.29296875,-0.54383055,-6.72937737,-9.19322720,-2.55823267,9.14841097,7.91525862,-7.29982154,6.20091217
6.29687500,1.97559625,-6.52868996,-8.12324914,-3.25722334,8.38355985,4.17699589,-4.67629916,-1.01246420
6.30078125,1.56988118,-0.38430841,-14.02256970,-4.33178434,6.46243608,7.38986485,0.13484445,-1.15351818
6.30468750,6.61231096,4.04641594,-15.12333553,-9.04164828,3.39909904,1.97618336,13.73738385,-7.62117156
6.30859375,9.69728004,8.83390193,-6.99627615,-8.77912926,1.09401179,1.70327632,3.28894547,-8.42595593
6.31250000,11.71819187,5.20412272,-6.08389560,-5.25401767,-4.03692171,0.08799516,6.64934598,-15.23822809
6.31640625,7.77628887,10.52037293,-8.30276379,-7.59700931,-9.23960099,-1.37817991,-0.10217699,-11.00223899
6.32031250,9.43601872,6.06118121,-0.73600794,-6.01061952,-10.30047048,-3.09896628,-9.02597511,-4.32131436
6.32421875,6.01951931,5.96444497,-1.50943560,-7.60678176,-6.85602022,-6.70321118,-12.66530909,-5.92178180
6.32812500,7.70129362,-2.93645142,0.05499213,-1.96166570,-6.28232157,-7.10630890,-11.54273177,-5.96310724
6.33203125,9.03364579,-10.74123845,1.91914551,-3.05368668,-0.38401889,-8.92430362,-4.84269966,0.77807763
6.33593750,3.29212072,-13.91965026,2.54867913,-1.16657464,6.04319340,-7.56064402,6.39108392,1.47400957
6.33984375,3.20354284,-9.00549826,3.77628658,6.31836172,8.22985649,-8.46527863,6.72241361,4.47216749
6.34375000,4.34653109,-8.40580078,8.32789204,8.74479006,9.32981972,-8.82673962,10.39061843,9.14237596
6.34765625,2.80985318,-3.23974030,4.09605308,6.05681002,9.03729227,-10.13914450,-0.54821145,4.79795033
6.35156250,-1.34744937,2.10899788,7.30399504,9.50778417,11.03841113,-4.92085455,0.80550686,8.50717860
6.35546875,-5.21064691,7.95839868,9.57032794,9.83877979,8.19697799,-6.31682585,-5.59190086,6.41856409
6.35937500,-4.21059664,7.91668554,8.99367930,7.66435748,0.42922176,-4.82565795,-10.61331486,9.46736945
6.36328125,-5.98231342,10.30308287,11.65982918,6.45736002,-5.51950552,-3.21841228,-6.60971175,0.38310987
6.36718750,-7.84510552,5.70143584,15.95846588,2.18542581,-7.27060142,-6.34573516,0.59295873,-0.96237107
6.37109375,-11.70641596,2.97711490,11.97812880,4.43681169,-10.79154378,-2.16034818,11.61159002,-5.90025478
6.37500000,-7.46949160,-3.76199349,10.52586799,1.26173029,-13.09896892,2.38193794,11.02792377,-5.91626424
6.37890625,-9.93243561,-7.38945782,7.27070873,-5.25142063,-11.94594684,5.44486365,7.42729212,-5.55265649
6.38281250,-4.52723776,-12.92928294,14.45821377,-7.74222231,-6.54739880,7.73540105,2.07628506,-8.13915286
6.38671875,-6.79226730,-9.33043302,14.66435057,-11.26657627,-3.11528441,3.74128712,-4.41991069,-8.06548330
6.39062500,-3.85872057,-11.31631053,4.38954228,-8.31453229,4.67098397,5.59721043,-9.02759587,-3.40799828
6.39453125,-3.23414534,-8.04602931,5.80322991,-9.24013453,7.25563989,7.87557136,-5.67548176,-7.81514844
6.39843750,2.47792606,0.42197346,6.58379913,-12.29817898,8.73844798,10.04349872,-3.31539821,-4.28964216
6.40234375,2.47513132,5.28368321,6.85886674,-6.50572615,9.58932176,7.06932744,5.65790063,4.62766097
6.40625000,4.74928147,6.61011998,-2.57614093,-6.04401484,8.36884345,8.40353988,4.87569364,5.41161947
6.41015625,5.32301769,11.26803869,0.56043895,-4.99868781,13.85644678,11.92466239,6.75979424,8.09734114
6.41406250,2.87805633,9.12122217,0.47641616,1.57599277,3.74666196,10.50952310,2.15666408,7.38311893
6.41796875,2.76623228,7.32531193,-0.50153430,2.81621161,1.25302583,7.35248828,-4.96594199,7.99833817
6.42187500,10.90504167,6.55963029,-2.61118449,4.71804405,-3.38173564,9.77412629,-11.05743218,5.86879248
6.42578125,9.92631858,-2.16711385,-2.14575337,4.88188348,-9.71009688,6.15184815,-12.35667252,8.81535242
6.42968750,9.41832331,-5.37986266,-6.19711500,9.04146384,-12.41145363,7.08182780,-3.97592381,3.37725509
6.43359375,8.53580037,-7.81007227,-5.71558744,11.44616922,-11.85368997,2.50869369,-2.13645074,-1.14896526
6.43750000,5.42092617,-12.65020540,-4.62293847,7.19666058,-9.06273380,-1.57577377,4.90919270,-6.33191189
6.44140625,3.39870574,-9.33090447,-8.33515736,9.91058568,-6.50983774,-0.96513803,10.79782240,-8.75723767
6.44531250,1.90846393,-6.00132830,-8.36766359,6.43475632,-2.63253338,-3.74580458,5.61890186,-4.16355227
6.44921875,-4.47532720,-3.81678752,-4.70203668,5.44980194,0.24006585,-4.84364725,1.79934164,-6.25585499
6.45312500,-1.66843056,4.02153593,-9.05236892,2.85592070,8.73583079,-4.75304860,-8.04894131,-10.44516114
6.45703125,-8.48143086,10.73808233,-10.57719667,-0.87950578,5.40203833,-7.08818682,-8.01567587,-8.22439795
6.46093750,-5.16120516,7.79291063,-6.88517034,-3.51430524,7.99178350,-5.81453689,-6.04998972,-4.99473083
6.46484375,-9.54520923,9.58772751,-7.17713076,-4.50849643,5.06965824,-5.41970364,-3.83041450,-2.71373213
6.46875000,-13.88871804,4.04584702,-10.21299789,-10.68160563,1.73197849,-7.13444077,8.87980567,4.59309533
6.47265625,-13.99886483,3.14108185,-6.14015008,-10.92877746,0.17633727,-11.03189120,9.81879814,8.69525130
6.47656250,-8.11597243,-7.25942522,-7.93208168,-11.74367193,-3.77860464,-8.17753535,11.43069866,8.25895793
6.48046875,-11.46455927,-10.72376071,-4.53847712,-12.89599659,-10.35153647,-10.68852347,6.18708746,9.26104890
6.48437500,-2.60773728,-11.82279124,-6.13214757,-10.13806532,-7.21140658,-10.32565586,0.01957823,12.84870149
6.48828125,-4.13458322,-10.19320713,-4.00645934,-7.80203842,-8.55546160,-5.16846879,-8.89358142,9.70491708
6.49218750,-4.65818881,-8.84449694,-5.99133390,-5.80474229,-7.54904607,-6.15839711,-9.23067263,5.43371109
6.49609375,-0.43071608,-2.22576368,-4.67156376,-0.03091238,-3.61485072,-3.27584745,-4.30072565,6.98366438
6.50000000,2.09007571,2.66096555,0.61989886,-0.48027595,3.02198844,-2.62876275,1.36765496,2.87440473
6.50390625,0.54377517,5.30995600,-0.32348219,5.89473232,3.57806293,2.52271754,8.91147629,-9.38749610
6.50781250,3.83329851,9.34748857,2.06784861,7.26274629,9.70900422,-0.25760056,8.15136713,-10.16385188
6.51171875,7.89558027,8.44327785,-2.51831236,10.19010442,11.06376078,6.30792012,7.51878601,-9.45753735
6.51562500,7.75701608,10.35476297,-0.22705242,11.65614906,13.22750833,5.98526152,1.67842480,-11.90627864
6.51953125,8.51780066,8.35209491,5.04819289,13.91949927,10.90019544,7.39451360,-7.82861213,-10.29098353
6.52343750,9.21692216,1.31340797,7.46607367,7.50739395,7.76357770,10.53607885,-12.92151054,-11.10750610
6.52734375,9.39565690,-0.71688098,7.88564628,9.23249443,-2.56773077,10.36421168,-7.49784702,-6.05394718
6.53125000,7.19842195,-8.21280177,11.00916945,10.56584987,-4.89523231,14.03483835,-1.24199415,-0.56492837
6.53515625,4.98456977,-11.65568594,10.57450534,5.90301612,-8.64276019,5.24832651,2.11756946,2.74175334
6.53906250,5.17762474,-9.61071183,10.14451694,9.50748147,-9.91654680,9.68482057,4.52758528,6.16404239
6.54296875,5.96944950,-10.00421258,11.08932132,-3.68476004,-7.42798105,10.64951645,5.87526506,7.60551500
6.54687500,-4.46500684,-5.92996021,10.34336654,-6.98456491,-4.04413797,9.43829596,4.48287549,10.09833483
6.55078125,-2.65567277,3.69872643,9.66403487,-3.62588782,-5.53380175,6.48475115,-7.69133407,9.82277230
6.55468750,-4.69093814,4.85444225,7.41406257,-8.78079395,-4.65192268,4.42261337,-3.14384794,7.79008577
6.55859375,-3.33263041,10.63488201,10.71028294,-11.14556997,-2.59102287,2.04726142,-13.25474977,6.70322777
6.56250000,-9.95524569,8.65227798,9.08740932,-10.39571545,4.78904310,2.07496076,-8.57100221,1.57915577
6.56640625,-7.82350148,8.72125244,6.89889097,-7.61190719,6.53094558,3.23547897,0.24089681,2.46512439
6.57031250,-9.38401557,5.50309123,2.98905296,-7.29408427,8.68571389,-4.35447448,5.36052792,2.82334453
6.57421875,-9.68193048,0.79830826,8.30917335,-8.99595655,6.75778999,-3.40031985,9.10965017,-7.95151208
6.57812500,-8.53664654,-5.79508456,2.90785106,-5.74226457,4.40047139,-2.56453709,10.86432996,-12.76285191
6.58203125,-8.72511572,-8.46595355,0.29463967,-7.39724874,2.76281914,-6.00486237,5.17039642,-5.61791402
6.58593750,-5.85698800,-9.89124961,-0.98765140,0.14852685,3.04094062,-10.96540409,-2.00751648,-7.30836944
6.58984375,-0.42648226,-9.62720303,-1.95031885,1.03720234,-11.09748092,-7.80050485,-7.02795867,-5.81005288
6.59375000,-6.30144048,-8.52311960,-4.21149447,5.22825226,-6.68430721,-10.65278806,-9.92306395,-2.48322718
6.59765625,-3.54331076,-2.74989610,-5.66519074,8.67782733,-10.35863945,-10.73248244,-4.73744507,-2.52451595
6.60156250,2.22143356,0.10195695,-7.21659361,11.76211715,-9.03501260,-11.52084041,-0.48070217,-3.44827686
6.60546875,2.66740992,7.23900212,-10.97813012,13.08403195,-3.82665946,-8.33911592,7.68881398,3.33413736
6.60937500,8.48190772,9.70148468,-17.33535458,14.91732819,0.48365967,-7.59016855,5.99183729,8.79876043
6.61328125,8.16925307,11.12816759,-7.71954614,9.94840364,4.56324495,-2.46380958,2.45058563,6.02636466
6.61718750,5.82184644,7.41493811,-8.09807733,9.41217581,7.14127162,-4.51566844,-0.32822191,8.69583180
6.62109375,9.88120593,5.47208471,-11.17987264,2.82921833,8.23013577,-0.19553571,-11.48743119,5.25068281
6.62500000,6.98553228,0.16714362,-9.52480271,2.42848192,13.16166157,4.95477222,-9.71826425,9.02644681
6.62890625,8.06135441,-5.16617286,-7.63660755,-0.60804772,9.48409526,2.35798643,-6.55793409,2.67000953
6.63281250,7.26431358,-4.31489413,-12.11435826,-5.04813940,6.81298884,4.51881860,-1.64757577,2.71256434
6.63671875,6.60920866,-8.32230851,-4.96365617,-6.74243858,-0.94177418,7.13329303,5.03664661,-4.00957224
6.64062500,3.86350185,-9.29638264,-10.94555312,-9.70972801,-4.96328930,5.73913629,9.51588853,-7.63512389
6.64453125,0.96885388,-6.89030116,-9.07730233,-8.66402667,-2.13161830,6.21141005,6.54325729,-8.70069530
6.64843750,4.40153788,-3.85371090,-6.98319243,-12.48275098,-10.52251168,8.48120956,5.06862132,-9.46525514
6.65234375,-2.28165417,2.44156953,-5.33965643,-3.52736185,-12.85585953,8.64347928,-3.39019960,-9.23741044
6.65625000,-1.81807114,6.96525679,-2.86374180,-10.49341376,-12.38365096,9.49028874,-9.29536290,-7.65639129
6.66015625,-5.17655466,8.14075260,-3.80692472,-6.58451395,-5.80344637,11.85901935,-10.53609080,-5.63737171
6.66406250,-7.64873240,9.61821582,-2.65227943,2.16428884,-2.49327448,8.71108111,-6.53910338,-3.83702652
6.66796875,-11.80156728,6.53865375,-0.62602787,-0.26764945,-0.59432152,9.21650380,1.16690440,2.14828296
6.67187500,-8.98692684,4.28951784,2.67897235,4.40547408,3.41550558,10.05256581,8.62312238,5.16038880
6.67578125,-7.57984980,-2.35878226,5.27144046,6.26599361,3.83695842,8.58097240,10.27265442,9.31869391
6.67968750,-6.49327834,-9.08482578,7.24338434,6.26676272,9.70895298,2.57033096,7.11034664,11.95520208
6.68359375,-5.17809319,-9.16687328,10.18957788,7.51219237,10.37018116,-1.08628875,2.78122299,14.93509727
6.68750000,-3.91695556,-12.39916915,4.23171370,8.24192037,6.16048010,0.38144251,-1.83239576,8.95425930
6.69140625,-2.11080336,-9.34962227,7.24216980,10.97927122,1.60078444,-2.14175679,-10.67264776,3.40649232
6.69531250,-0.73536652,-4.96374930,8.76790357,8.98973683,0.34953413,-2.82308891,-4.78929478,-1.06520888
6.69921875,-0.07014866,0.44786695,6.08742758,5.93537120,-7.49811234,-7.11668385,-3.02277280,-2.15926759
6.70312500,5.68343383,5.95587091,11.71884786,5.53415748,-10.37236274,-5.96603120,4.63665575,-3.66863040
6.70703125,6.04003896,8.79584705,11.85980184,5.82372076,-6.63240860,-10.21456133,9.07794838,-9.02645658
6.71093750,2.30802833,11.94779156,7.51539150,1.64324861,-8.02168323,-12.52180540,6.85531501,-8.49369591
6.71484375,7.56968578,12.74908521,7.97392971,-1.31945641,-5.58510506,-7.69889244,-1.16726547,-14.62006337
6.71875000,6.67162791,9.77412215,4.67392987,-6.97199842,-1.99107773,-9.52744715,-8.58248776,-14.51258887
6.72265625,5.29059487,6.00913394,8.78408992,-8.03224965,3.48741332,-8.91151280,-7.04335604,-6.16992087
6.72656250,7.25782734,-1.28280318,9.86540134,-7.62886112,3.79939097,-7.03086535,-6.66721421,-5.70682747
6.73046875,9.91724610,-5.04231609,8.59722117,-8.84633210,7.43565265,-5.32370707,-8.16534599,-2.91742431
6.73437500,3.91478454,-4.80460334,2.85791868,-8.38748222,7.68051970,-4.44429091,2.22598806,0.70655831
6.73828125,3.88471385,-12.19834123,5.03127874,-6.32078909,8.98908924,-2.24156370,4.92525399,6.40520111
6.74218750,1.25542378,-8.58202788,3.90213318,-1.68334673,4.98459790,-2.08385631,12.63536589,7.19760294
6.74609375,-0.37587624,-5.17961048,3.22133411,-1.73986113,2.44119658,-2.80955860,4.97153656,8.07629118
6.75000000,-1.52779251,-1.56272196,-2.67175029,4.09641124,-0.49559657,-1.07389317,-3.27367139,8.33241279
6.75390625,-9.01949645,6.78431331,-0.78932579,3.42956461,-5.94614102,4.87640310,-9.60309618,8.95944707
6.75781250,-6.37801811,5.84638764,-4.58296959,5.45487719,-12.04620584,2.29293718,-8.67410305,7.13397161
6.76171875,-6.26523022,6.79650664,-3.89673523,9.21237142,-7.79331483,8.59707040,-9.34530850,7.01729054
6.76562500,-11.61684694,9.29214493,-9.63114242,4.94653992,-9.73902527,11.75720471,1.56414573,0.25330563
6.76953125,-11.42130507,6.52285522,-4.78331307,8.14927818,-5.04890281,2.50120127,8.64640073,-1.60139401
6.77343750,-7.96818713,-0.36651864,-3.07524252,6.98263673,-7.58924647,11.40203756,10.66051174,-3.57609741
6.77734375,-16.03465998,-4.43534138,-7.57585814,5.85770729,-5.39541826,11.30296031,13.22160044,-5.53082379
6.78125000,-12.07169632,-10.32170295,-11.14283926,3.70342614,7.25239161,12.34637519,7.38108897,-7.80849621
6.78515625,-4.26311354,-9.73998784,-8.01554893,4.23504740,7.49832850,9.19977473,0.29996559,-8.77341786
6.78906250,-2.60579663,-10.92824801,-9.80617659,1.59911630,11.63316823,9.17938626,-5.82140640,-2.38529520
6.79296875,-1.87668781,-6.58394058,-9.92216394,-1.60327535,9.52849274,4.74565744,-7.42914998,-8.83430331
6.79687500,0.43250216,-2.21875874,-15.45618698,-6.75632530,7.38127172,3.01761276,-4.58930710,-2.00990882
6.80078125,1.05748024,7.28386978,-14.64409251,-6.32505393,8.21990683,3.03474485,-0.04012430,-2.24688452
6.80468750,8.34792280,8.38248491,-11.86703216,-4.93965738,3.11507953,-1.01784620,7.56851905,2.33469655
6.80859375,3.50797590,12.74058006,-7.14403580,-9.76217962,-1.38070617,0.87473508,8.37148720,7.55328283
6.81250000,7.80226802,13.74981913,-3.95358646,-4.76906349,-3.57444652,-3.32347502,5.38823944,5.56663195
6.81640625,8.48197111,6.09680506,-7.68686887,-4.54479236,-5.14916307,0.95172889,-0.10970480,11.42379946
6.82031250,4.52241677,7.98028862,-6.21189154,-5.06659235,-9.43142968,-6.15470160,-9.32650217,11.76456836
6.82421875,10.37224786,2.94628218,-3.48333617,-5.18999848,-7.31261000,-6.77383180,-9.16611293,7.61998725
6.82812500,5.23637468,-4.32651791,-4.66389035,-1.17185079,-4.86628667,-6.85702469,-10.47333071,3.69285988
6.83203125,7.53340979,-6.72195849,0.72541846,-0.55122121,1.68940544,-8.62539810,-1.63207840,0.55556974
6.83593750,6.71119923,-8.58103827,1.34311474,3.09176178,2.65182624,-9.21826707,3.75117938,-3.06058835
6.83984375,7.52789193,-6.76470287,3.80507275,4.15976965,3.20021011,-10.02695563,10.33311901,-3.08354308
6.84375000,5.42478326,-4.88162200,5.15174051,5.39540499,6.81565184,-12.37309875,12.21515685,-9.21099578
6.84765625,3.23248298,-0.27433000,6.73795149,6.70966046,9.20195810,-6.30661372,4.56989864,-11.13929992
6.85156250,-1.37904769,-0.11056287,5.13703129,11.99254607,10.31873401,-5.57014166,-4.42600668,-11.08560104
6.85546875,-5.06596155,6.77824655,7.51786458,10.21821708,8.91272316,-6.75581700,-6.33151829,-6.09986619
6.85937500,-6.05311276,6.37643598,11.87818667,5.73419591,-0.94802270,-5.43391668,-12.21215572,-4.48568877
6.86328125,-6.79052570,14.68342270,10.31326983,9.05180007,-0.52576141,-3.22545611,-3.44697088,-4.97931016
6.86718750,-6.32271199,11.36996345,9.99337479,5.86036040,-7.40842730,-2.38804155,3.43050173,1.28965723
6.87109375,-9.29649992,2.28758957,8.22538893,-6.07084230,-10.39791538,-0.82711676,10.39400967,4.31012554
6.87500000,-8.46784510,-2.20265232,8.24744478,3.03656158,-8.95898221,1.03751665,15.40500945,4.72947230
6.87890625,-5.80594849,-8.11223931,12.04519475,-5.03935208,-9.57909563,-0.99095561,11.04993150,10.09804688
6.88281250,-8.73689232,-7.90540509,8.70047507,-8.11441932,-7.10561764,-0.96533953,4.89257486,10.25805209
6.88671875,-5.96877040,-10.27968577,10.66411549,-7.96248923,-1.76999995,4.11118482,-1.70018810,9.03210160
6.89062500,-2.25286312,-9.41175015,10.41008741,-7.16662892,1.25885458,1.82451902,-11.30450545,8.62523384
6.89453125,-1.93280168,-8.36258812,10.60730213,-10.69266655,1.42116775,2.33712453,-8.13184343,1.26553665
6.89843750,-1.98031934,-1.84251899,7.48975425,-9.85538161,12.47181581,10.75079968,-1.55657881,1.43944360
6.90234375,2.73455887,1.22342470,5.32465559,-6.78214699,11.58129109,8.00809492,5.20947641,-3.24467358
6.90625000,1.37419995,3.81992329,2.57122430,-2.04984082,7.60406314,14.51742633,5.17715647,-7.62683617
6.91015625,7.57613115,11.83044518,-0.41843825,-7.08334123,8.31007490,8.07660275,6.29635552,-5.95935909
6.91406250,4.47729539,13.59223954,-0.25488985,0.71471439,4.73921519,10.93740073,4.81762865,-11.17413660
6.91796875,5.99604307,8.02373322,-6.04666781,5.94658992,-1.14585309,10.24926012,-0.21043623,-15.70796138
6.92187500,6.53354294,4.00389720,-1.00997604,2.98649958,-6.19322103,6.18151347,-17.03463491,-9.66480540
6.92578125,11.58385478,1.40719275,-4.94778038,7.14382187,-7.21084836,8.07121158,-9.88430153,-7.13917636
6.92968750,5.47080984,-6.44380092,-6.89728527,6.91914480,-11.57309839,3.16994523,-7.91337949,-3.69525234
6.93359375,7.76223897,-7.81003547,-5.97437333,9.24304168,-12.22145825,1.30956374,-0.02988602,1.72175070
6.93750000,5.20924350,-12.13038187,-2.49827548,7.44073246,-7.47545574,-0.79086327,6.82412988,3.09611745
6.94140625,2.83139124,-8.57756534,-8.61748252,4.10637141,-1.81454964,-2.72234861,6.59363268,7.17649021
6.94531250,1.60856230,-2.75348669,-10.19473710,8.33565418,1.09938311,-2.13996506,10.40269865,13.16663820
6.94921875,-2.23661581,-3.34102655,-7.03805409,6.24481285,4.98812695,-1.50905177,-1.48429657,11.68126073
6.95312500,-2.90429228,2.90683034,-9.97824511,2.73829460,9.40853488,-5.18821365,-2.14585207,8.83494316
6.95703125,-5.41868470,8.07219091,-8.69292130,3.25283522,5.87274265,-6.48685193,-9.60851164,9.01509875
6.96093750,-8.48002076,8.33336391,-12.69516381,-3.77497649,7.08143132,-5.24166185,-7.71670339,6.75110877
6.96484375,-8.05710869,10.26334767,-9.07690878,-9.74837539,4.61282132,-7.87575872,-1.50844968,6.23136513
6.96875000,-8.86939113,6.55561269,-9.12207884,-8.38975970,0.90727807,-7.76874555,5.10150830,-3.41128735
6.97265625,-11.46782951,0.11232125,-7.48701692,-5.62622007,-3.34245590,-11.97163729,9.26890027,-5.66489445
6.97656250,-10.56590565,-2.77662275,-7.01489462,-11.19023448,-5.92722115,-9.96817896,12.37666760,-8.56308950
6.98046875,-7.71931766,-11.77121800,-5.47496147,-11.33820153,-7.48721952,-9.18119066,6.42755645,-7.65554407
6.98437500,-5.45618478,-7.52115354,0.44794969,-13.43783099,-11.09331556,-3.29750519,-0.38450576,-6.76902404
6.98828125,-6.22051360,-9.49600820,-2.50961121,-6.80004097,-14.29536790,-8.18496028,-4.16726402,-8.72097065
6.99218750,-1.55987952,-8.84308625,-4.16462149,-5.75696269,-7.16871574,-8.78768111,-9.40553098,-9.70781377
6.99609375,-0.32721269,-1.83193467,-4.25588173,-1.60199323,0.79610074,-8.06337539,-8.83868567,-4.61543097
7.00000000,-4.55377096,-3.35793045,-1.75016108,2.35334909,1.12298472,-2.70100017,-2.19525873,-3.05780817
7.00390625,2.02607195,4.62681522,-2.41827468,4.17323547,4.81072129,-1.49285855,1.10601227,6.73308948
7.00781250,10.55199412,8.93434007,5.13637027,8.34159556,10.17789079,2.77634802,7.78716018,3.14439224
7.01171875,4.51748550,9.51951710,2.18399332,11.80654111,14.09175549,5.92419175,4.42116953,2.18695406
7.01562500,7.23393686,13.62509980,2.83235147,10.89755395,11.86424414,5.22919472,0.28127890,9.44289051
7.01953125,6.11635148,7.72612976,9.28629761,11.02889296,7.37475542,11.61351190,-7.26913122,6.17055195
7.02343750,10.36709672,2.99978255,8.39915945,6.54655439,4.41410257,9.73523824,-9.95235271,5.38052063
7.02734375,9.31288269,1.77501018,2.56774878,7.78391273,-1.13354515,10.28928870,-13.37130125,1.97391567
7.03125000,11.70199106,-6.50902877,10.43717489,7.77582912,-7.94366469,9.88611573,-3.01558814,2.24287257
7.03515625,5.74430781,-7.98790705,9.90138735,4.23033639,-7.14958514,10.78465549,2.32999980,1.32153084
7.03906250,4.58379693,-10.61283177,13.75975543,-3.60890117,-13.21178682,12.34644761,6.15301567,-5.68386891
7.04296875,2.92927917,-6.31197345,10.19474855,-3.41163545,-8.67782459,11.21954134,6.81205202,-9.39792976
7.04687500,7.46594177,-2.16210032,5.99415944,-4.20418845,-9.53941950,7.99099553,3.53934435,-7.45784391
7.05078125,-1.36385324,1.90476003,7.20220193,-3.57180555,-7.41198677,3.83381134,1.81166780,-10.53278308
7.05468750,-2.84626122,4.72979093,11.68786907,-8.85461268,-1.19220390,0.11473760,-9.08546815,-7.28310103
7.05859375,-11.03756952,6.87484669,7.40068382,-8.89742411,2.45438501,-1.64149945,-11.88816460,-5.52702090
7.06250000,-7.28429927,5.72943961,6.19347131,-13.08019651,8.07117537,-0.28414560,-7.79358455,-3.02916685
7.06640625,-9.93316780,9.31578298,5.45726359,-10.60108784,12.34059469,2.45140421,0.79127585,0.82257844
7.07031250,-8.34882696,3.52651007,4.08646346,-11.73080657,6.47475733,-5.20547742,6.62043543,6.40110580
7.07421875,-8.76115584,-0.23708771,3.08556557,-8.40610670,6.68830496,-5.17138433,11.12584895,7.86128592
7.07812500,-12.06997768,-5.32300122,6.20999096,-2.01967026,4.69316288,-3.65055060,7.27270511,9.79195220
7.08203125,-8.21185353,-8.98872883,0.36719040,-0.80770542,4.66226027,-4.40082138,3.29734595,12.00049569
7.08593750,-6.04598475,-12.07086632,-1.60953044,0.87885243,-1.58804674,-13.16783138,3.72771800,12.67272045
7.08984375,-6.19394752,-8.13028234,-3.68776989,2.97519824,-6.94357731,-8.64482353,-9.04301017,9.67890053
7.09375000,-0.64053842,-6.45344149,-4.38232526,8.59101375,-11.33883756,-8.43741746,-8.74490575,4.95160150
7.09765625,0.46556196,-2.09418080,-4.72887612,9.23807592,-8.47601566,-8.53576197,-4.85833168,3.24376164
7.10156250,5.19135718,-0.87532502,-6.00994197,7.20586810,-6.21574114,-7.07897452,2.94811103,-5.35489827
7.10546875,8.61791347,5.86846659,-10.46049466,7.36373797,-2.19139972,-10.36715063,8.77088404,-6.87697658
7.10937500,8.29262191,6.17741324,-9.88278134,13.01801334,-4.67978769,-7.72795919,10.82013113,-7.39590652
7.11328125,10.85695982,9.12401408,-13.09629114,10.04419107,3.61912967,-6.23070853,4.44057962,-12.88199874
7.11718750,6.76275845,7.37455093,-8.94736258,3.88921390,6.29452516,-3.26894147,-1.21233682,-14.39048853
7.12109375,11.17056599,8.69593936,-9.18246869,7.73723013,7.43109756,-3.31760483,-6.43732682,-8.55181088
7.12500000,8.01301238,-0.96973146,-12.90803657,2.78358492,6.85877379,1.78690798,-17.94476586,-5.20712616
7.12890625,8.55651841,-7.54352809,-11.18126495,-2.47001126,7.91519512,5.56040992,-9.69087414,-2.64656352
7.13281250,7.48475324,-7.30213881,-10.41676233,-5.93673966,5.16775072,7.20327837,-6.29206022,1.19127361
7.13671875,7.33886159,-10.20057537,-5.27907484,-8.86249663,-3.12077890,1.12469625,4.83868826,6.98259531
7.14062500,2.77822701,-9.86005841,-6.65546304,-9.46591032,0.36147117,7.10556745,8.86135890,3.47055630
7.14453125,1.63369804,-4.64860967,-7.84717066,-9.17684166,-8.34441217,10.42892504,9.03310011,6.17998747
7.14843750,6.09875420,-2.37738549,-6.24326923,-3.58858174,-12.47699850,8.65723184,2.82525998,7.41414575
7.15234375,-5.38926743,4.31511243,-3.43819783,-7.48485532,-7.66508337,13.84334087,-4.12521749,8.71774996
7.15625000,-6.02593207,5.88207459,-4.15631979,-6.25704533,-10.51176047,10.34214997,-6.87170637,5.85900627
7.16015625,-6.79001649,7.61909265,-3.69165994,-5.63874211,-5.24631098,9.86758331,-9.38285284,3.94434584
7.16406250,-4.55098601,8.42541172,-0.54468492,-4.32981204,-4.78775863,8.49245024,-3.29096498,1.23947701
7.16796875,-15.85757924,5.28454363,2.90433155,0.75253144,-2.25208062,4.56719524,1.44525730,-2.18819776
7.17187500,-9.74546301,4.32316102,4.99924358,2.34231053,5.82338086,5.18884447,14.11383208,-4.29022973
7.17578125,-8.73596981,-5.07629272,2.60059054,1.63805110,2.26819796,4.71932757,12.06345175,-6.72292762
7.17968750,-9.02787978,-8.71161170,8.29479954,4.36586933,11.47937474,2.90452393,10.84385813,-9.79386169
7.18359375,-9.47323836,-8.18548986,9.71385740,2.79893300,6.83032715,4.68485177,4.35758594,-9.88019242
7.18750000,-4.13098521,-10.51628584,7.49185648,6.77122997,9.53608190,-3.37978894,-8.96581092,-8.67559422
7.19140625,-2.63129829,-11.31160489,4.05370639,7.74083003,5.40481436,0.08074669,-7.61995148,-3.92851119
7.19531250,1.04601957,-4.65892250,4.09379416,5.05496588,-2.07393902,-3.70403883,-9.69897220,-2.99523390
7.19921875,0.71664615,1.21381357,10.08230137,7.33385631,-0.50124089,-8.08651124,0.72167465,-2.38974580
7.20312500,0.81831041,4.06975680,3.60446158,8.43724914,-1.62176998,-9.14193128,9.21503617,-0.07779272
7.20703125,6.76435061,5.86138205,2.99123816,4.92653325,-6.88120747,-7.23683707,7.20007224,5.02810829
7.21093750,6.89906478,13.71739142,4.83978478,0.98682516,-5.54043761,-11.22692203,5.55039174,8.01894354
7.21484375,2.48759903,10.41599898,7.01425384,1.39021756,-4.96679959,-9.41981604,1.40245611,3.10350176
7.21875000,7.85456686,9.79259905,10.46846166,-4.85692229,-4.17420934,-9.39582884,-3.56688975,7.23642114
7.22265625,8.16495983,5.26936123,6.99679901,-9.67326868,-5.06366487,-9.07291036,-7.22220309,10.14774012
7.22656250,11.15985907,0.61108372,5.21089906,-10.82434648,7.71799318,-8.62165963,-12.14204562,1.26004713
7.23046875,12.24914761,-7.36306540,8.88278038,-5.02603122,8.86620173,-8.43987141,-4.52475282,6.07183144
7.23437500,7.16399491,-10.21600785,5.26320106,-6.15071207,10.20605948,-4.89602037,1.03931473,-1.97721429
7.23828125,6.67137153,-7.74401637,8.02876516,-6.92431748,9.02334614,-2.90060973,10.72518017,-4.93575724
7.24218750,1.66775080,-7.60444622,4.92640361,-4.60563880,11.77454831,-1.65304344,11.13402932,-6.03366127
7.24609375,0.65936439,-6.79719227,1.79686506,-4.34095356,1.95285878,-3.57775600,6.37615490,-9.16383760
7.25000000,1.12471135,-0.42383126,0.77806398,-1.98224391,1.72774842,2.89093918,-2.62843390,-11.06869866
7.25390625,-3.01111693,1.12926928,0.58345996,-0.26396243,0.72611512,5.36693200,-5.41326314,-7.67691853
7.25781250,-6.25894337,10.63622391,-0.80510295,8.09333585,-7.87445429,4.53957533,-10.92660174,-6.39881842
7.26171875,-10.61799411,9.16036502,-5.54219894,9.20360057,-12.58467490,4.00958530,-8.87929919,-2.18703620
7.26562500,-10.22506066,8.24034126,-5.05724094,5.60420961,-9.19731632,8.16400137,-5.32212382,-0.10317541
7.26953125,-15.07171073,6.22667896,-4.62027133,9.26612654,-10.41941616,10.46969218,6.24584028,5.39298104
7.27343750,-12.74407023,0.42302283,-7.20396848,2.16372126,-5.39580594,11.15779939,6.91499968,7.86767502
7.27734375,-8.29440177,-1.97303803,-5.82188625,6.58910248,-2.38860616,4.00243307,9.52917827,11.99792906
7.28125000,-8.43619841,-8.79415799,-7.59857595,2.42918926,-0.45156816,10.67334541,8.88631064,15.49644949
7.28515625,-9.01584987,-9.97682522,-12.00267052,3.46003561,5.79222037,9.04412774,2.25178822,11.53155716
7.28906250,-6.57271594,-6.56150591,-10.17146766,2.58243747,9.08435209,9.09975545,-3.97710682,9.57774716
7.29296875,-2.45776810,-9.73900339,-8.66479662,-0.79451014,13.69700330,10.80380341,-6.19000271,6.59628886
7.29687500,-0.44744849,-4.35081884,-9.75579061,-5.83091486,12.32569398,2.98976296,-7.35722327,3.25863889
7.30078125,1.50860175,-1.00685731,-9.40877431,-0.93692445,5.69965030,-1.11002336,3.25858741,-1.41968558
7.30468750,-1.49843383,7.54063957,-3.87808477,-5.00731590,5.48058928,0.59076142,6.87605969,-5.54736435
7.30859375,5.37380891,9.54212108,-12.34391442,-6.33177959,0.67829874,-0.08808687,8.14605031,-8.80310660
7.31250000,10.86442223,12.96044113,-9.18413387,-10.90323092,-5.31247775,4.78938902,9.59292915,-11.16257382
7.31640625,8.24215774,10.47459849,-11.91976533,-6.12201400,-11.00431409,-3.64993368,-5.78967055,-12.16347780
7.32031250,8.67728470,8.89658862,-5.41866360,-2.55137846,-10.64441801,-4.64713334,-3.14688961,-7.93595644
7.32421875,9.12729958,4.10723297,-7.99985650,-5.05937374,-10.85625662,-3.59514842,-10.72722699,-10.64377254
7.32812500,11.32302072,-0.48972622,-4.38576127,-1.46401791,-1.06004858,-8.57223878,-11.08264306,-3.81537935
7.33203125,6.43794577,-6.29885814,4.44252555,-1.15150381,-6.35549327,-6.74365422,-0.88471923,0.47158788
7.33593750,5.70321729,-8.11749827,4.07787199,2.41047303,2.77465048,-5.49105897,7.20403703,4.26386618
7.33984375,4.41134926,-9.77671492,0.80442218,3.07505340,6.94773443,-12.77740714,7.24369855,6.37936381
7.34375000,3.95027325,-5.60862111,3.99973300,8.14251152,6.63097046,-9.34606479,8.45529247,6.66115858
7.34765625,2.83676572,-2.18779805,5.26100546,7.78261927,11.17423837,-10.64624162,2.13971644,10.66842046
7.35156250,-1.34565350,1.40037710,7.95838783,11.31247450,7.56617879,-7.24916907,-3.53850037,7.72428762
7.35546875,-8.04512817,8.75270444,7.16220671,11.41184936,5.02809129,-11.12500798,-7.03639811,8.97986836
7.35937500,-1.47568050,10.47106664,5.10704308,10.66469971,4.40478007,-4.32627210,-8.29804217,6.36598087
7.36328125,-13.09486683,9.51232475,13.40254658,10.63613090,-3.77474622,-6.38572463,-8.45415607,-0.49896654
7.36718750,-7.96809751,6.46686856,9.89935326,2.09149984,-3.94179055,-3.67960030,2.34722638,-1.33571913
7.37109375,-7.70467350,2.38445484,13.25919761,2.61668339,-6.02453782,-4.17889066,9.61301681,-2.34117357
7.37500000,-8.95998596,-3.84699568,12.85378205,-0.73228104,-7.19575974,-1.11446282,10.92501102,-7.87898041
7.37890625,-14.39102535,-7.07223804,10.08031761,-2.19883188,-6.55924881,3.69294100,5.72958874,-6.45412452
7.38281250,-8.11407336,-11.47488011,13.02124904,-2.72054710,-4.45491198,4.50853955,3.91238078,-4.74343107
7.38671875,-5.65487078,-10.63690564,10.77662927,-10.02958010,-3.70162475,4.23928968,-7.18911989,-7.37344998
7.39062500,-3.68811678,-13.64210821,9.81439349,-12.72347999,2.81399075,5.47838137,-6.49151321,-8.24148956
7.39453125,-1.99223457,-5.92163166,8.21448280,-9.76922780,4.39916504,5.82218313,-7.00763058,-3.50802102
7.39843750,0.34344770,0.00346551,2.85239580,-11.25190037,13.11423724,2.34773841,-1.47508562,-1.48343868
7.40234375,2.43453826,6.69547516,8.35390868,-9.06630261,12.61286250,8.47011384,2.10268830,1.00269089
7.40625000,5.55240377,10.55313708,2.08972785,-2.02567907,13.31601860,7.85450911,5.52971248,4.95381306
7.41015625,5.34921610,11.60902754,0.21607291,-2.82990790,8.70475117,8.22756763,5.10252963,6.57863209
7.41406250,6.92637655,12.05194198,0.25552135,3.96490498,6.23503380,7.85265631,2.93357967,7.40847907
7.41796875,9.56361345,5.46406354,-0.15134530,2.65633160,-4.34137603,8.29949313,-5.49352285,8.28728009
7.42187500,10.48210857,1.71341832,-1.83849049,4.22682183,-4.80515871,9.29130984,-7.67732335,9.35494914
7.42578125,7.83070448,-1.89973190,-6.61413165,7.39656359,-7.79643349,8.21588231,-10.85882752,4.86791947
7.42968750,9.58897325,-7.14651376,-8.10969492,9.00932377,-8.84943976,2.59259618,-7.28952300,6.45561480
7.43359375,8.25633696,-9.82039901,-5.18762020,10.32439354,-12.09115360,-0.20414076,0.06284847,-1.89791372
7.43750000,4.62625341,-8.44055470,-10.32724374,10.58360072,-5.44679253,0.70302459,11.58556344,-4.51740060
7.44140625,4.82775593,-9.03220764,-7.77165822,13.46762496,-3.84021295,-0.49114363,13.89725980,-9.95856765
7.44531250,2.08609076,-2.56413535,-9.69475280,5.44744410,0.72874080,-3.79026610,11.60765541,-5.70006027
7.44921875,2.57110786,0.97602734,-8.55417931,6.42321102,7.53751351,-8.93063094,-1.16473660,-11.31597865
7.45312500,-1.73234982,6.33818862,-9.42625520,4.68775343,6.13994026,-3.85803553,-4.06158695,-8.13593890
7.45703125,-2.21023576,6.78156602,-6.50424578,2.96622690,6.36062821,-7.96919303,-9.24692270,-5.54518489
7.46093750,-6.31977715,10.19362438,-8.68026883,-1.29432735,7.32584114,-8.16040252,-7.63340945,-3.38137539
7.46484375,-7.88051562,6.74838231,-6.10235564,-6.42637104,5.98739650,-5.23576893,-3.74622592,-2.60927042
7.46875000,-11.97463135,6.85268889,-7.92365832,-8.21715972,2.57761523,-6.93839145,0.74080963,5.97574280
7.47265625,-11.07416096,1.09759297,-5.66505129,-6.07898591,-3.08582138,-9.07288829,13.37778767,5.20604065
7.47656250,-6.74432930,-0.93112373,-3.92563698,-15.07753013,-4.11058389,-6.25161361,12.25360362,9.12625484
7.48046875,-8.02014686,-4.45999292,-5.86003248,-11.34116685,-9.02225240,-9.25042089,9.72767670,15.02677006
7.48437500,-7.33494530,-8.92603050,-3.32054230,-11.41996081,-5.71492335,-9.87650494,0.29471905,9.28361253
7.48828125,-6.53719655,-8.97598052,-7.21120856,-8.82067006,-5.23484400,-8.73465942,-6.72642095,9.72851822
7.49218750,-4.19449111,-7.97666980,-2.81721848,-4.88169489,-7.74624284,-2.67811387,-7.37222696,5.00482472
7.49609375,-2.65333743,-4.67336543,0.42113766,-4.99626587,-1.46974160,-4.80422048,-1.85730988,5.04739251
7.50000000,2.42923974,3.88774555,-5.16671239,-0.74162060,-0.12889883,-2.66110946,3.89630133,1.84480355
7.50390625,8.45576845,6.05405329,0.48007636,4.33551019,6.24791579,-1.47725560,6.27480326,-8.38682007
7.50781250,6.15381024,10.16772304,1.64656258,7.22041890,11.94812401,2.15846728,7.32258356,-9.05503322
7.51171875,6.43782549,12.93528043,4.81813472,9.58579965,12.39525002,5.26141127,7.75788608,-13.15684965
7.51562500,9.97718059,12.31720272,5.07990825,12.54328109,10.73750246,7.36557676,-1.58488170,-9.51312582
7.51953125,8.05685444,7.17052984,6.53430931,12.47362674,6.89733210,10.36700276,-6.54829801,-13.63393711
7.52343750,8.38453663,5.28131949,3.25612122,14.94218443,6.54346264,15.00910238,-14.18392595,-7.61414442
7.52734375,8.38626940,-3.78484252,8.02785171,9.79464537,3.20024139,9.76539464,-6.29192104,-4.99783145
7.53125000,7.68070131,-4.22236154,8.95258646,5.92042269,-1.13511357,9.85609949,-9.76555754,-1.92514156
7.53515625,6.66053243,-5.55186122,8.71426184,10.87932092,-9.70620821,11.43082680,1.65141377,2.51199843
7.53906250,6.80725548,-8.33759537,10.37013969,4.17469601,-12.16629798,8.83673317,9.95034431,1.73856108
7.54296875,5.46055469,-1.85594915,12.46608539,-2.70513385,-14.02363142,6.31098825,10.43606387,6.40614582
7.54687500,-1.19058272,-4.66849482,9.72759317,-6.61431916,-9.44447710,7.50287010,1.20975154,7.17383037
7.55078125,1.69015628,-1.51675275,8.88540279,-5.61354785,-8.67441498,6.01817679,-2.67485276,11.35810464
7.55468750,-1.81629525,5.82689457,10.81088777,-7.99289598,0.55971379,6.85910458,-8.34740741,6.12162889
7.55859375,-9.96055062,6.67882654,10.30773186,-7.44496576,5.09108964,2.83615899,-13.39997386,8.11400274
7.56250000,-7.26485737,10.43980794,7.80218195,-13.44387727,5.96486715,2.56445669,-9.82792863,3.98610221
7.56640625,-6.41130720,6.57189892,7.50637025,-10.58789233,9.50721249,0.32824631,-1.62209159,-1.64700068
7.57031250,-13.48373230,2.47651839,8.94167767,-9.15312130,8.47441605,-4.26140228,4.71148351,-0.79703427
7.57421875,-9.51306070,-4.74934666,5.30996525,-8.28592285,8.52694709,-5.97812996,8.79636034,-7.42975270
7.57812500,-9.98986907,-4.12925671,3.97450861,-4.67011516,6.00893515,-9.20453708,8.05742585,-9.71600324
7.58203125,-6.30436141,-12.31624900,4.23476096,-2.87389539,-0.46904785,-11.26209928,1.96314738,-6.04073314
7.58593750,-10.19711636,-10.03106778,1.58099628,2.28997166,-3.73682481,-11.60675684,0.41459029,-1.99421051
7.58984375,-7.46025615,-13.35731856,-3.51402458,0.45461340,-11.64632511,-10.49481091,-7.26076298,-4.58447640
7.59375000,-2.17739324,-6.63948187,-3.69504779,3.55162028,-12.99215968,-11.96849079,-8.16506098,-3.99032733
7.59765625,0.83033697,-1.34879132,-7.01557092,8.06189244,-10.39136794,-12.02907226,1.25488226,-4.11100204
7.60156250,0.17267971,1.92545886,-4.74118413,11.91212816,-7.75459025,-11.04481863,3.30267509,3.37267166
7.60546875,1.37512432,6.64236991,-2.98434257,11.68288878,-3.96188313,-8.45864485,7.67543267,5.50227822
7.60937500,12.48956857,12.93819099,-8.83693844,9.34793234,-1.29234202,-5.00250771,7.26724424,7.38373439
7.61328125,3.35838275,9.12420696,-14.48451581,8.42665959,3.18693382,-6.32464262,4.64162833,7.22558915
7.61718750,6.65664941,4.82207689,-8.06107517,6.61977549,6.82226300,-2.32988078,-2.97789671,10.31625263
7.62109375,5.94132032,5.95874885,-8.41982630,7.22734421,10.46666951,2.55369816,-10.13952655,8.82147044
7.62500000,6.75857391,-1.99564243,-11.65118194,2.56443751,10.80633290,0.47865032,-11.85132787,9.04030188
7.62890625,7.88057029,-4.54332435,-8.63098948,-5.20914003,8.08224683,4.19510058,-4.79133728,2.72582273
7.63281250,6.67766012,-6.19310494,-6.78106479,-7.57667171,4.56686953,4.99791484,-1.94218001,0.27848352
7.63671875,6.24912914,-9.68008437,-7.06067883,-8.19653909,5.46099922,4.69924832,9.39020885,-2.29653762
7.64062500,6.42359894,-8.51733277,-8.73975639,-7.53502193,0.56287500,7.90183657,9.74889354,-7.34601494
7.64453125,3.04104451,-7.53932765,-4.87105027,-12.42151447,-7.57037567,8.45106363,8.31820827,-7.64319593
7.64843750,0.78645952,-3.83801505,-6.62123273,-14.51135243,-6.59672606,9.95561995,5.75765949,-14.03403820
7.65234375,4.62690511,-2.87229541,-3.93378831,-15.82534857,-9.44232405,6.61724912,-2.80516901,-8.66940906
7.65625000,-5.35641654,4.90298206,-2.30367367,-7.74499865,-9.99707942,6.30778060,-8.42409223,-6.58094832
7.66015625,-10.02441802,7.32371199,-5.56381032,-8.64170657,-3.19894238,5.93848319,-11.25601001,-1.46947532
7.66406250,-7.40262106,8.47482061,0.46538157,-3.15185373,-7.70788128,9.80037488,-3.89314935,0.59282600
7.66796875,-13.48104922,7.48236695,2.73950971,0.26226540,-0.65574425,8.50067650,-0.32504606,3.94732046
7.67187500,-8.14214921,3.23102843,3.09732271,1.70552952,2.18060154,9.92808774,11.62447524,6.08736088
7.67578125,-11.13927207,-2.75323020,8.75559209,4.65704290,7.65786717,3.38714062,11.78956007,7.67412590
7.67968750,-5.12317224,-8.03054537,6.68609438,8.96860084,4.93225027,1.59495185,9.68287733,7.27042374
7.68359375,-2.85009773,-12.08888132,7.16728160,7.13466397,13.21317040,-2.41868875,2.39996926,15.13932691
7.68750000,-7.38547210,-9.96968103,12.39096133,7.76276321,5.49407789,0.01171141,-4.61797518,7.50477804
7.69140625,-5.96336252,-8.05001132,8.54406345,9.93236121,3.63352798,-6.92493189,-9.16244461,9.22524697
7.69531250,-1.47197904,-5.23937508,6.24422965,10.39287493,1.58334023,-6.75936471,-4.70444373,5.77542940
7.69921875,-3.08895276,0.33098179,9.13670849,8.88401458,-7.62653001,-6.73823614,-3.31479949,0.89883528
7.70312500,7.08706002,5.66678182,8.22491842,7.18664109,-2.65480985,-8.15389525,3.24459549,-3.49746776
7.70703125,9.02371917,8.87294021,7.52749744,-0.13202080,-7.83493902,-9.15466746,6.40778734,-7.35369797
7.71093750,7.34286444,11.78401998,9.16833242,1.25866386,-6.58284365,-13.11266462,3.37898212,-12.14719348
7.71484375,4.32179536,10.58707429,4.83574902,-2.77435869,-9.84578250,-7.22124154,-0.81465398,-11.14358370
7.71875000,11.02502470,6.96396737,5.36481956,-2.98630901,-0.68819368,-7.83370293,-6.49219656,-12.24268339
7.72265625,9.64206728,3.99181029,9.46544039,-7.56384345,3.66330651,-12.36580301,-9.11323295,-8.76060736
7.72656250,4.37261769,0.00866199,9.30312927,-10.17355546,3.27942738,-8.84270687,-12.10198436,-5.62988353
7.73046875,10.02309598,-8.76977230,11.21413556,-9.79438064,9.07915210,-6.78572873,-1.29340999,-3.27849542
7.73437500,5.89825570,-8.51395154,6.11928938,-7.89845307,7.44143343,-4.98667561,6.15595537,2.31692679
7.73828125,2.46221233,-6.00391865,6.45237349,-7.74464076,8.52564911,-3.39513464,7.65572477,4.39800535
7.74218750,2.57833066,-9.91632726,2.76380866,-4.31572122,11.74151156,-1.52525374,9.02869541,6.73739876
7.74609375,1.37568942,-0.32936485,1.75672803,-5.76612252,2.20161532,-3.08145428,5.10361254,11.01015479
7.75000000,0.85005591,-3.07413212,-1.72212671,-0.76898073,3.07393525,-1.37242872,3.52143598,11.58611379
7.75390625,-4.03391026,2.92507826,-0.80431906,5.26190350,-4.94698899,2.44310302,-9.20037636,12.57470118
7.75781250,-2.22355715,9.18274660,-3.65098531,4.91053143,-7.04019069,3.45114923,-11.55730237,13.08091063
7.76171875,-4.07721794,5.73769616,-5.46342264,9.44921963,-12.96352355,7.52434678,-9.59539740,3.47241565
7.76562500,-10.42129526,5.99225808,-5.33337268,6.95494041,-12.05671225,6.29088860,-0.80403990,-0.84798986
7.76953125,-8.95596144,5.61502330,-4.71570405,4.37046928,-9.96374425,7.00875141,4.45144800,-2.25247479
7.77343750,-10.82904948,0.14350197,-3.48353032,7.79551814,-7.48989606,13.21467329,7.77178893,-7.78796464
7.77734375,-12.62258058,-4.46041297,-12.51320139,4.54955800,0.03724236,11.59873911,9.95458684,-4.18705606
7.78125000,-8.66252190,-6.61541962,-8.10675984,2.60413921,-0.07629273,9.85615519,6.18371228,-11.14463861
7.78515625,-6.17585634,-11.99989638,-8.75491663,4.53515081,3.57725833,5.82353832,-2.01359373,-8.58780051
7.78906250,-2.31898646,-8.90109200,-8.51383336,2.94915182,7.73128396,10.30133140,-5.44629734,-8.97605129
7.79296875,-2.30415004,-9.02814297,-8.90633165,1.86474606,9.81861092,6.31565973,-12.75225909,-4.21385654
7.79687500,3.75616046,-3.91658315,-13.19657458,-4.37445611,14.27716855,5.08398832,0.84712622,-4.34299795
7.80078125,3.70273369,-0.85223805,-13.21934435,-5.59347585,9.39712864,5.05107843,3.69566096,-1.40091492
7.80468750,1.08022650,6.30881376,-14.14252216,-5.62489862,4.54300895,3.32813097,5.98833783,6.42636926
7.80859375,7.48960523,11.02633236,-11.32322586,-9.46536964,-0.95361857,1.59251728,10.60048156,5.38440125
7.81250000,5.52652462,11.47619072,-8.21164858,-9.83113627,-3.58815688,-1.84284961,4.33615492,10.89014614
7.81640625,9.52902872,9.45385185,-8.68034701,-3.91282734,-6.51611048,-2.20265542,0.51215243,9.34574766
7.82031250,7.67725243,4.99062734,-5.63321428,-3.64000416,-6.27718188,-8.42478413,-4.15121887,4.26012691
7.82421875,9.00264206,2.68626176,-3.31118571,-8.21971126,-7.13299096,-3.47486931,-9.09348908,9.17811237
7.82812500,9.61220702,-2.85798087,-1.44749418,-2.01938834,-4.36123256,-4.20546965,-3.29111483,4.42219600
7.83203125,5.51593662,-8.74444377,-1.47505714,2.30862696,0.17365140,-6.55958690,-4.80039354,-1.10100482
7.83593750,9.43121698,-7.64319950,-1.36681139,-2.20940770,1.53175579,-10.19751758,2.04237531,-1.91590125
7.83984375,8.73200712,-11.59116734,-2.96562617,5.88483497,7.99548538,-12.76028602,10.91910460,-4.66418326
7.84375000,2.23675218,-3.45195427,3.33218274,7.15447961,11.75773453,-8.81656118,5.68884377,-8.43657925
7.84765625,4.39399630,-3.26330782,2.78387583,9.51033363,11.79517593,-7.52365718,5.59322606,-8.82889646
7.85156250,-0.60138022,-1.25366846,7.25488106,9.11372404,5.51328748,-10.30914743,-3.44195552,-12.67174302
7.85546875,-4.29609376,6.49306985,3.73133967,8.95231812,2.34970011,-6.69147356,-6.93069258,-8.70522957
7.85937500,-6.74882075,8.26793940,10.98520361,4.55836956,2.01117942,-7.15314464,-11.33319484,-4.83819972
7.86328125,-10.05381951,10.12231862,8.07309182,7.63125163,0.53749281,-3.84049907,-6.56774051,-3.22357559
7.86718750,-10.32707711,7.22968547,10.12212125,7.06524987,-11.13142613,-3.64031061,0.48715633,-1.89484598
7.87109375,-8.92370401,4.21209655,13.02506576,3.15131417,-9.43268744,-1.25279453,10.87148397,7.55336173
7.87500000,-9.59526565,-1.40598560,13.87871018,-3.97490563,-12.25843343,-3.18377715,9.61099674,4.52391318
7.87890625,-8.02280419,-7.24512599,9.14162801,-5.72668571,-8.68145175,3.34970213,8.53232270,7.07470114
7.88281250,-9.42250843,-9.78871346,12.10320568,-2.17494897,-6.49532551,-1.19229322,4.82750363,10.86942974
7.88671875,-7.90808156,-13.20851283,8.68979482,-8.12324131,-4.79224003,4.97839595,-0.53780580,13.29777265
7.89062500,-2.89883032,-11.38535059,6.90520712,-11.40189666,1.44024349,5.73129230,-7.79438784,8.68028362
7.89453125,-0.26805078,-4.91316916,6.57941894,-12.24660183,8.53821618,5.62526369,-9.50096414,0.78347756
7.89843750,1.48322492,-2.38455091,2.56601668,-11.39130980,8.25478523,7.91956286,-0.50652714,1.55762908
7.90234375,1.89514091,7.06766238,3.02946501,-8.88890872,11.98704667,4.85693509,6.10020743,-5.57818155
7.90625000,6.04966485,5.66358299,3.26385026,-5.35447637,8.40495367,7.50014283,8.07191571,-8.03294390
7.91015625,1.01770503,11.99506033,3.48010805,-4.64110859,5.85612454,9.08941554,7.28288811,-7.28762501
7.91406250,9.87630201,9.89677768,-0.87177553,-0.09058848,0.15537322,9.85132661,-1.70576976,-11.66825184
7.91796875,8.37500435,7.83622589,-6.35515379,0.39803630,2.06869280,9.99571629,-4.45361587,-11.14984037
7.92187500,7.49009104,5.58408670,-2.94502351,7.74731780,-6.31311467,9.79898131,-9.28481915,-10.32326886
7.92578125,5.02759794,1.93859972,-3.82670901,4.29411174,-13.68303520,8.77475330,-7.40712160,-3.33928946
7.92968750,10.07229741,-4.16591729,-2.98638124,9.43965880,-11.61060791,3.85324802,-9.81769073,-4.93446149
7.93359375,10.63827738,-9.47030145,-5.49230442,7.50977522,-9.88489426,5.66998861,-1.01878424,-0.86258404
7.93750000,7.91684783,-11.12884028,-5.76231437,5.75751074,-10.66406209,1.15671559,6.65156550,3.45164894
7.94140625,2.12438977,-9.52667932,-7.93694975,11.29917985,-5.98110223,-2.46085384,9.68989914,7.91157622
7.94531250,-0.50963601,-5.16749712,-6.14687178,8.95840671,1.60051950,-3.50160808,11.07828845,10.78789014
7.94921875,-2.62965876,0.69950019,-9.17264485,2.74286617,2.82856780,-4.41457590,0.52959789,6.02803302
7.95312500,1.80126065,5.96082442,-6.82024478,1.76593378,5.62601598,-4.98415898,-8.51470431,11.61110251
7.95703125,-3.11466672,7.38650338,-10.91513235,-3.19951738,8.46480863,-6.23759705,-8.17000821,9.72948905
7.96093750,-11.70051713,6.49186846,-6.40537524,-4.65974039,9.33762878,-7.94584248,-8.06097501,5.37338041
7.96484375,-11.33657476,4.53128600,-8.63549645,-6.36486031,6.82923767,-11.84832848,-3.16123609,4.28394494
7.96875000,-8.19355825,5.94380340,-10.20543975,-11.60079638,1.70948195,-8.46220287,6.11275891,-1.46605690
7.97265625,-7.71359680,2.21764333,-3.81413533,-7.10013728,0.94851587,-10.29989264,10.23059827,-5.26177237
7.97656250,-9.72045751,-3.13406027,-5.97879392,-10.05297568,-8.10034052,-7.13430228,7.26702983,-7.55465106
7.98046875,-9.73755034,-9.24032411,-6.33050636,-8.05020866,-10.31414127,-10.60394579,5.90074178,-7.39373602
7.98437500,-7.79462249,-12.93405976,-4.65547804,-14.43267622,-12.29707768,-3.99491542,-1.92591558,-6.44877942
7.98828125,-5.64007417,-10.93551903,-5.71404562,-6.58991019,-10.63253726,-7.81507673,-4.29878551,-5.84221894
7.99218750,-2.75596060,-6.72238681,-0.41831771,-4.79929297,-2.73548609,-5.04473899,-9.69564398,-8.40583388
7.99609375,3.20379497,-4.18141589,-3.80502367,-0.43837086,-3.31874135,-7.27585783,-6.20206559,-8.41525663
8.00000000,2.51451841,2.00529546,-2.54555532,0.92400445,3.92716616,-3.73690378,-0.91552147,2.98433033
8.00390625,5.11729626,7.70630683,-0.26207940,6.64344632,3.85222986,4.72726507,7.58542110,5.64083169
8.00781250,8.28578995,10.91632894,-0.25603556,6.52259625,13.83606575,1.87369874,3.63681322,3.85982919
8.01171875,6.54271403,11.17285858,2.62773003,9.87975494,13.25530646,3.38254291,6.20458936,5.15334826
8.01562500,7.49412143,6.88754176,5.20215835,12.02585055,10.66673175,7.08727207,0.83441761,5.96516398
8.01953125,11.18363009,9.23184813,2.06559987,9.52882939,12.66919497,3.70815277,-8.66122091,8.29182157
8.02343750,8.49343800,4.16594320,6.16369502,10.05147934,2.98592538,8.48995398,-11.48429172,8.84509878
8.02734375,10.28186419,-3.78143347,7.69546741,10.81869630,0.32261417,10.46916717,-12.11578475,5.59573691
8.03125000,10.86542386,-6.40235776,11.04911084,5.18618180,-1.21819228,8.45025208,-9.82120667,3.13391062
8.03515625,7.45585012,-8.91692502,4.20844273,1.56032382,-10.80705363,8.95684043,-1.42581420,-0.89702348
8.03906250,3.45803623,-10.43397924,12.22412671,-1.93244588,-7.97301972,9.67908119,5.66942263,-6.01450916
8.04296875,3.79789615,-9.51387091,9.42467803,-5.57402781,-12.14214003,10.06908674,8.35600611,-7.82490074
8.04687500,-3.99328521,-4.33968725,10.07099533,-6.17759977,-9.40388348,9.60804985,5.56527243,-12.90483336
8.05078125,1.15715163,0.70422292,9.37769390,-4.18106728,-7.01603507,6.71958947,-5.27481018,-10.69007211
8.05468750,-3.50036210,6.69383719,10.53497752,-4.41982839,-1.91800848,4.73360676,-8.06080414,-9.76274287
8.05859375,-7.87936530,8.10833751,12.32159365,-11.61439303,3.23387516,3.31936025,-11.85545499,-6.75764975
8.06250000,-8.20730871,5.80667128,7.73082191,-8.49304317,4.39465863,1.43693888,-11.30016546,-3.51761058
8.06640625,-13.11636875,6.91917988,8.25577904,-12.80205214,5.74902235,-3.83972704,-1.61223794,0.28399396
8.07031250,-14.73382730,3.01997777,9.68684726,-12.07372254,11.91394998,-1.53217260,5.86104017,3.14484332
8.07421875,-13.04749661,-0.04241274,3.08741734,-8.99987731,7.99838431,-6.33389166,11.02562054,9.35070640
8.07812500,-13.39427106,-4.15321718,3.26096135,-3.33784289,5.73912473,-5.55454171,13.06581286,12.94356702
8.08203125,-10.28797611,-9.36465332,2.23615828,-2.71276209,0.22745006,-6.87833769,6.41132668,10.54122145
8.08593750,-5.66981505,-13.93385699,1.25588572,1.70418259,-1.34886692,-6.35365938,-5.67546132,9.30593801
8.08984375,-4.51324551,-10.48179967,-3.24877004,-0.40731057,-8.67844278,-8.90067506,-9.92892033,9.20677646
8.09375000,-1.22555372,-7.25395049,-4.28813762,9.86110898,-5.01644202,-12.33478574,-7.42583970,4.27724867
8.09765625,0.94275040,-2.80645128,-7.75125293,7.06218250,-14.61245122,-7.30153486,-5.15719271,-0.65171519
8.10156250,-2.36968157,-0.76686644,-8.69641490,8.31072916,-9.19900572,-11.79441894,0.89778830,1.41510485
8.10546875,1.84309479,4.96329572,-8.05591267,13.10273576,-1.42277179,-7.49313401,7.43249453,-6.61868548
8.10937500,3.74963116,8.33565217,-4.95256916,12.63993837,-1.14504977,-6.17412387,10.36062476,-11.79840034
8.11328125,8.89480402,9.79398335,-10.78652809,5.66164422,4.26726513,-6.81321708,7.56154543,-9.27265418
8.11718750,4.19021655,6.62453780,-9.22877061,5.03394024,8.77623553,-6.16112069,-2.02103383,-11.95703487
8.12109375,10.58987734,8.31435665,-11.31655764,8.09327481,12.54780144,0.58218595,-8.04869138,-8.78928695
8.12500000,9.87624707,0.89000852,-10.02545886,-0.35340844,9.05728829,-2.18096540,-9.12782971,-7.31909091
8.12890625,8.12495270,0.11104314,-7.11072240,-4.45655229,7.93515055,8.49375617,-6.75214230,-3.26248163
8.13281250,3.60400233,-8.76093186,-10.30745181,-9.52655884,4.78806890,2.23051373,-5.83139014,-3.53332710
8.13671875,4.87662370,-13.29354453,-8.22477592,-9.49117353,1.66089298,7.12269292,9.90825161,3.12615941
8.14062500,3.18124260,-6.60927716,-5.29112548,-6.98571869,-5.16327096,3.32705724,6.30337693,5.69258513
8.14453125,5.99136807,-8.53377567,-7.81120399,-9.25337546,-7.19900315,7.33200035,7.47207370,5.10805841
8.14843750,-3.14517605,1.50906255,-8.02387159,-7.32199569,-8.64393567,8.16428068,5.80882128,8.72749191
8.15234375,-5.08056025,2.36625656,-8.18221159,-11.66668313,-10.90713206,11.98343741,-3.90458101,13.49212848
8.15625000,-7.69496532,8.18468077,-1.23082236,-4.20978675,-10.03095634,9.69564314,-9.72826879,5.29994498
8.16015625,-8.73693402,6.95706503,-3.22897729,-3.00216408,-7.30267429,11.21556057,-5.68476582,8.24424797
8.16406250,-6.72137125,5.37016269,-3.85499651,-2.14792085,-4.62724102,6.47725428,-2.28702025,4.88688505
8.16796875,-13.01910066,8.37350744,-0.34571485,0.05829758,-3.46838117,7.87526859,4.40876353,-0.45055519
8.17187500,-11.76442544,0.66271766,2.43436665,4.99690437,4.42688761,5.52075632,12.77571492,-4.47058492
8.17578125,-11.87761190,-0.57780593,4.11008914,2.78924962,5.63568969,7.23100975,11.41673709,-6.35354075
8.17968750,-6.65089236,-6.26270740,6.62977722,5.07269303,9.69444232,4.46309830,6.36525282,-12.03636296
8.18359375,-7.61092605,-11.29864188,6.70562581,10.84503593,8.03656411,2.65957450,0.25208320,-8.76989809
8.18750000,-5.79351437,-11.47336878,6.94390686,4.93982921,8.17113228,-0.05323192,-3.98753896,-9.21416937
8.19140625,-4.24946112,-9.98445315,10.55249982,9.49254640,7.30511936,-4.31737146,-7.87509560,-7.88809203
8.19531250,-2.65790421,-8.07479012,8.56148350,9.92374532,0.09051122,-7.41351199,-9.95065116,-4.67242265
8.19921875,0.09491568,0.70973154,7.25824611,7.45088591,-1.88369237,-5.76854747,-2.07973013,-6.32347969
8.20312500,4.54786980,2.53568867,7.65596988,3.63208547,-4.32385255,-7.73053589,8.98463806,-0.06399811
8.20703125,6.06747869,10.87837051,7.30374413,1.78177451,-4.79835576,-6.45472310,8.43306005,4.05034662
8.21093750,4.96141203,10.20851050,8.36373995,0.23636034,-8.07232786,-8.22880754,5.72466945,6.81361550
8.21484375,1.93339718,8.69918365,7.85368494,-4.06370489,-3.81747879,-8.55860553,-0.56893234,9.46626136
8.21875000,5.98732971,10.79701227,6.21573372,-6.56376344,-4.05828018,-10.18622073,-4.00019926,9.57281202
8.22265625,6.76847458,6.22989381,6.17021291,-4.94423487,-2.68202505,-9.55167746,-11.72815597,6.15065302
8.22656250,10.15134456,1.07934716,3.94339284,-10.86913612,3.91127447,-6.42875362,-9.72905768,4.38603516
8.23046875,8.48913376,0.95129413,13.15642200,-8.06153163,5.16850710,-9.36739375,-4.47000721,2.13661756
8.23437500,8.23668132,-6.81308474,2.07274823,-9.04670817,6.76636681,-6.37611358,-1.89751635,3.42442250
8.23828125,5.83378584,-15.20118884,3.91433560,-3.49614132,10.34277115,-3.15633693,6.73315818,-2.01270504
8.24218750,2.37766524,-10.61291164,5.35484904,-5.24946786,10.04119872,-2.48372859,11.30313546,-6.56981114
8.24609375,-0.79333368,-5.42987732,2.43046012,-1.59595540,3.13536597,-4.79940935,5.70374706,-7.34840945
8.25000000,-2.84323854,2.61700555,-0.50412694,-0.54066910,-1.40037688,0.84440982,-1.11790521,-8.76827832
8.25390625,-5.57719997,5.06217324,1.91444015,0.33255600,-2.53409528,2.66692864,-4.18045863,-7.66916762
8.25781250,-0.87485916,8.79728058,-3.80124899,3.64103758,-4.81818744,2.64152787,-9.62244084,-9.22812546
8.26171875,-9.83844878,10.02058469,-5.36079892,4.49740612,-8.03163571,2.87161567,-6.35261988,-4.26317768
8.26562500,-11.77817059,12.34778957,-4.80039062,10.13045958,-9.76986776,11.11891960,-2.01810287,-3.78343096
8.26953125,-10.43972777,4.78143846,-4.12837971,6.87495932,-10.04219051,7.89552902,6.33164539,4.11553095
8.27343750,-7.39151937,-1.37462919,-5.35803034,11.19863793,-8.64829462,10.21699661,9.30830619,3.88384486
8.27734375,-9.77255714,-6.37420702,-6.03359745,8.04064886,-4.11217947,10.18941983,12.68515367,8.16137269
8.28125000,-7.35668576,-9.94333929,-5.42295996,7.14876646,2.12115657,9.25159265,8.27134943,10.63090009
8.28515625,-4.01916778,-11.80325877,-11.12893957,-0.40517299,7.21549706,8.44309162,-0.17508275,13.42027125
8.28906250,-2.55937314,-9.21240258,-12.14799529,1.29641974,8.17306339,5.69171630,-3.96819186,8.80889348
8.29296875,-2.43999123,-8.42914346,-12.61181629,-1.57280698,11.61911078,4.92379759,-7.64379339,6.51258504
8.29687500,0.86315926,-4.60089042,-10.40597155,-4.49790410,7.48859264,6.42775227,-6.42124172,3.92206028
8.30078125,1.55282418,0.88033904,-12.07383234,-6.19738844,8.39566966,2.50885679,0.05737378,-3.11874864
8.30468750,8.75078911,5.69769300,-12.39742812,-4.86575726,3.08382112,-1.14410608,6.97924897,-9.91492568
8.30859375,7.01028156,9.40765427,-9.95642253,-5.25799515,0.64929889,1.14380733,8.64895491,-11.80670871
8.31250000,9.52191143,11.14284517,-6.57837997,-7.75533495,-6.36946156,2.47429742,4.85630174,-9.66436885
8.31640625,9.74330473,8.49751107,-8.35371684,-9.03650062,-9.71163156,-1.97404048,1.26517647,-14.65348629
8.32031250,3.96776044,6.79932135,-4.83949109,-5.15183387,-8.30265959,-6.69189477,-9.11836290,-11.41420803
8.32421875,6.14568749,2.70852298,-6.29187796,-5.87873533,-9.29482508,-2.10562676,-13.36913840,-7.49274679
8.32812500,9.34887541,-1.54638432,0.19752903,-5.78350139,-7.21163530,-6.34075976,-8.89625207,-5.30625441
8.33203125,4.14426795,-6.77680719,-0.48606250,-0.96880381,-1.53031284,-8.27502638,-1.70706652,-0.57942570
8.33593750,9.15815805,-7.31037557,3.82094099,0.98974123,1.56183253,-10.30552972,8.11461816,5.97542402
8.33984375,5.04795816,-10.81716026,3.12194169,0.91758267,4.81610471,-12.86300920,12.00262965,7.98297585
8.34375000,4.30379246,-6.14309014,5.29636876,6.47159745,7.68094122,-7.52024665,9.97857433,11.63661828
8.34765625,0.43393564,-6.10305322,1.07006725,9.53004672,11.24338395,-10.42784932,2.16939721,13.40394743
8.35156250,-4.54563474,2.23744151,5.17246061,10.72324831,9.49124157,-11.38902861,-6.80350874,13.78605390
8.35546875,-8.02977637,8.51828694,9.18167784,9.23679568,8.07917395,-3.92273871,-9.70637554,7.72765990
8.35937500,-9.25614017,8.25618556,10.60555796,6.09918548,-2.17389398,-8.03578457,-11.68839884,2.90802861
8.36328125,-8.29454030,7.93342256,9.49054412,7.18398747,0.16879685,-5.18108874,-1.22388642,6.35586552
8.36718750,-10.46682630,8.37250088,9.86551959,4.32732441,-2.17975996,-2.11296623,4.41732755,-0.96570500
8.37109375,-7.09543751,8.10902107,9.63517694,-1.36263642,-6.49699538,-0.64928038,8.33111219,-4.06915593
8.37500000,-12.39063061,0.11097547,9.14768093,-1.82492045,-14.42007638,-1.29680172,10.26162449,-7.12139119
8.37890625,-9.75754000,-10.27053534,8.93843929,-5.58034003,-11.30945551,1.90569086,11.49721592,-10.10824367
8.38281250,-10.06713576,-11.17838609,13.30662114,-8.10278875,-9.42535014,1.98664373,0.16340285,-7.55646797
8.38671875,-11.47656183,-12.40186279,13.48818268,-8.33003469,-2.98695420,1.62836668,-4.88963611,-8.84063745
8.39062500,-3.95224696,-9.86169508,9.34866461,-10.89700077,-2.49600393,5.20049196,-6.44046290,-4.52462447
8.39453125,-3.69077112,-7.67176255,6.99636821,-9.59695873,5.97101049,2.13499620,-7.79591556,-1.39270997
8.39843750,-1.37558116,0.08516698,2.94552140,-9.19208514,11.99404930,5.25134495,-2.26041322,-6.05966354
8.40234375,2.16683804,1.61579336,3.74516173,-8.21851854,12.63632724,10.12106562,1.95568630,1.10477148
8.40625000,-0.41918364,6.54914173,3.55157934,-5.73913000,9.12339631,7.15351554,8.82958824,3.34048667
8.41015625,7.32757517,13.93470453,1.09540584,-2.30767757,7.77412794,10.97681616,9.87321576,5.45750207
8.41406250,4.61717120,11.83714983,1.43927532,1.19171767,2.72865296,11.13389527,1.24423083,3.40120761
8.41796875,11.20938742,5.27620499,-2.51274937,7.10427070,-0.04819716,3.24416823,-4.26184452,7.26906958
8.42187500,4.71242700,2.77287859,0.44186853,5.39350094,-3.19807609,6.13663820,-9.24259806,7.57988388
8.42578125,11.07871670,-4.00291305,-2.89856098,7.09418361,-8.71267225,8.37006053,-10.59431265,8.66532067
8.42968750,4.82598015,-2.52104692,-2.75934012,9.15495897,-16.26092979,7.40561923,-6.73395883,8.39278277
8.43359375,7.00346060,-4.86419297,-3.03940078,6.03058338,-8.66634009,4.29267094,-1.57470365,0.21192588
8.43750000,8.20594361,-8.01584118,-6.27101557,4.80341323,-9.67183073,0.70497795,4.89525549,-1.57971923
8.44140625,7.07824712,-8.93556511,-4.09239173,7.20567637,-2.74069886,2.04156964,10.16613320,-6.88869709
8.44531250,2.09301225,-1.85584857,-6.33548912,4.32512318,2.33119265,-1.85383561,7.31641379,-10.49826736
8.44921875,1.74147191,-1.30868187,-7.15377050,6.36663646,4.63172219,-6.74516597,3.43926243,-8.16591726
8.45312500,0.29679030,7.24815855,-11.12704080,4.68275815,10.66053115,-9.26113406,-2.80885426,-9.10750396
8.45703125,-8.68626005,8.37709994,-10.32993589,1.04143760,7.54861365,-9.32596369,-12.14230781,-4.86292364
8.46093750,-9.05501029,9.16790099,-6.85062576,-7.09022911,7.68051037,-8.22989945,-7.55033735,-6.70664930
8.46484375,-11.59663946,8.27290279,-9.40798500,-8.39363708,10.58770212,-10.56848397,-0.32428867,-0.34487451
8.46875000,-7.28538436,6.27053204,-7.17291728,-8.81002067,2.29354788,-10.90849782,5.79865080,5.63454800
8.47265625,-11.66258469,-1.39735036,-1.34286895,-12.15065280,-3.94222175,-7.03880548,7.31229678,6.66918308
8.47656250,-9.80629563,-3.55822766,-3.62483253,-10.23062858,-4.78270208,-5.08251366,13.83105631,9.27007032
8.48046875,-10.53888510,-7.54382237,-6.60579677,-12.23115784,-11.81388618,-4.62844973,6.56630048,8.06739907
8.48437500,-8.07670333,-12.36636643,-1.70667504,-9.20945484,-10.01324357,-10.98540517,-1.67672448,12.45276959
8.48828125,-1.07262527,-6.60725124,-8.97258303,-9.71556980,-11.12254447,-7.79488420,-7.61425761,8.07701837
8.49218750,-3.55727262,-9.75121521,-3.28389523,-6.10393351,-4.76337556,-3.39229563,-7.83222332,6.51072494
8.49609375,1.71108198,-3.04122794,-4.78569577,2.09556856,-2.87889175,-6.28799522,-6.36092346,2.52175096
8.50000000,2.93764989,1.07853783,-3.91428542,-1.17635868,3.59389805,-0.99046458,3.01779883,-2.07869191
8.50390625,7.44887121,3.64888003,-3.04316734,2.39432492,8.39316093,0.24906125,7.97847854,-6.77977623
8.50781250,6.75752505,9.83832133,-4.66969609,6.12294331,8.53007567,3.91886810,6.05071601,-4.46723465
8.51171875,8.33588505,11.16460115,3.40488885,6.63426596,9.89341961,5.99251511,9.62106777,-7.87939040
8.51562500,7.43483788,6.76082370,3.75307127,12.10291211,9.43431249,5.13126355,0.90360389,-12.96430323
8.51953125,8.74909091,11.55900616,3.17119299,16.74705246,7.14423926,9.17528883,-8.34605725,-10.68618768
8.52343750,6.94878682,1.71366033,2.38681377,9.65042699,-0.15425049,10.08161502,-10.28870633,-11.31095506
8.52734375,9.14398101,-3.47303326,8.42597979,8.35308181,-1.15225061,13.83053354,-8.35146868,-9.07115212
8.53125000,6.19378761,-4.82141317,10.02556756,6.17736877,1.17549439,7.39171635,-2.27846800,-4.35744825
8.53515625,10.89335063,-9.44393916,11.86396083,2.24644781,-6.49224173,11.27065183,6.78760942,2.33290944
8.53906250,4.43425461,-6.19111750,9.57510462,3.33096521,-8.18281851,13.22809391,8.11192754,3.18275110
8.54296875,2.63680134,-6.13493016,8.54364632,-3.06703635,-13.84354371,10.69668392,8.51119864,6.09789734
8.54687500,0.98907387,-3.20911556,9.98353295,-2.14666940,-12.12585900,5.42120245,2.32423840,10.29736087
8.55078125,2.87054224,0.77080085,10.03687678,-3.97830932,-7.08692937,9.17806085,-3.73398146,12.09653397
8.55468750,-3.29330537,3.12719881,7.35839826,-9.38368184,3.27511726,5.03333445,-5.52439986,8.40909943
8.55859375,-8.88046488,6.40754949,8.58185843,-12.43356280,8.23109777,6.86655019,-14.57917150,4.38005094
8.56250000,-6.81513497,8.11955730,9.56763454,-13.16100096,5.20927054,-0.91894272,-8.90818314,4.46900815
8.56640625,-11.00222735,12.49498092,3.63620209,-7.67760920,7.91818698,3.54044602,2.22317042,2.94714487
8.57031250,-11.58195812,6.70691366,9.50904662,-8.56558479,10.90043733,-5.05667334,5.96986872,-1.17221681
8.57421875,-7.57222093,0.69820262,5.88815703,-1.96279991,9.33652154,-9.72788298,14.96530876,-3.92197693
8.57812500,-8.90135983,-8.16191425,2.49456373,-4.82600501,1.47244830,-8.59733158,10.80467766,-9.79462176
8.58203125,-5.35141464,-8.75324289,4.15729146,-2.06949323,-0.14748861,-6.74527097,1.64510547,-6.11889913
8.58593750,-5.86341960,-8.07942261,-2.46493865,-0.90852693,1.35882245,-11.74051268,-5.54327204,-5.89547719
8.58984375,-5.17857801,-11.13115944,-4.21977415,1.60382537,-6.51551535,-9.43174900,-2.75244276,-5.39832799
8.59375000,-3.19154194,-8.31925886,-6.29339040,7.88845545,-4.19860420,-15.11961481,-6.99099461,-8.19339892
8.59765625,-1.84358127,-1.06147161,-4.46436206,8.11404508,-7.73210831,-13.40761286,-3.54105108,-0.89233644
8.60156250,3.50508292,2.91030504,-10.93705198,9.52548397,-7.14023438,-11.36464587,2.68026322,0.04258568
8.60546875,6.73366020,8.07701213,-9.02464616,11.76317425,-0.72934261,-9.46847207,7.27969850,2.81043771
8.60937500,3.44648565,8.47211682,-11.19721553,6.35259862,1.81129541,-8.27759049,10.53796938,5.23761696
8.61328125,6.27124953,10.65761914,-12.87678054,10.56893374,5.94932015,-7.83517717,4.08620663,6.34122314
8.61718750,6.52565936,10.72716109,-12.05937604,7.11133524,5.90383919,-2.09371672,-2.72212773,9.57940227
8.62109375,5.22184413,5.43193148,-15.37067892,2.52158780,9.21361288,-0.10112091,-3.50677441,6.59503325
8.62500000,12.15105733,2.31513464,-10.04574727,1.40537886,11.17805244,0.87272533,-7.55524052,7.97296171
8.62890625,6.61273685,-2.95875112,-9.47116793,-3.05626027,10.49085494,1.01730943,-3.79206643,2.82059696
8.63281250,6.30745217,-6.38383462,-11.61598777,-6.63214632,7.53899068,4.85127622,-3.89897425,1.44411982
8.63671875,5.58699429,-7.08399594,-6.02861923,-5.31812169,3.96312771,3.51842298,3.62651543,-4.01984072
8.64062500,4.13164126,-8.29076201,-5.63510597,-8.03162218,-1.78621895,9.56800292,11.51890654,-5.20159640
8.64453125,4.23724399,-7.96684891,-4.59528623,-9.49981952,-7.93881889,13.60633344,8.92770033,-6.72426851
8.64843750,0.18572055,-3.35886159,-9.10402792,-10.08631149,-9.25290583,5.71987664,1.26745389,-8.45723152
8.65234375,-0.73558770,3.66484840,-2.76109424,-7.54288784,-4.79248747,10.47673455,-4.39702764,-8.95173682
8.65625000,1.70262082,5.40973372,-5.33231688,-5.53966559,-6.19987352,10.52917008,-9.26450871,-9.52752263
8.66015625,-8.41539060,8.39917904,-2.61532322,-1.30080012,-7.82149090,9.24655842,-9.07189874,-7.37505800
8.66406250,-9.00234593,8.28586450,-2.81576592,-3.92537104,-4.61180947,9.57598037,-3.19649808,-0.76287207
8.66796875,-10.37944817,8.45890280,1.98436037,1.69390330,2.47224270,9.03903552,5.04382227,0.28847345
8.67187500,-7.04188019,4.28194956,1.55192547,5.02004262,2.45450698,9.57555667,11.51672608,9.92026464
8.67578125,-10.61532993,-2.91135374,4.87926760,4.64827969,6.29625905,4.07102638,8.99637043,7.97435351
8.67968750,-8.62686058,-8.42378647,6.93785926,6.55422814,10.61679150,0.30866501,5.14472803,10.86100933
8.68359375,-11.48076436,-12.16672834,3.04199685,4.60209020,7.72879224,-0.23846986,5.10930099,8.88282457
8.68750000,-2.52275184,-13.18135418,4.73644399,7.34023880,6.22001638,0.90459213,-8.12598089,6.96394895
8.69140625,-4.93541370,-7.96548928,4.74291212,8.27270936,2.13493770,-3.10540668,-10.44908913,6.49777537
8.69531250,-5.33471161,-3.67705337,4.65699043,8.42119470,0.45300762,-6.24365831,-5.47724084,4.91271067
8.69921875,1.05375328,-0.26071010,8.28925070,9.83502461,-4.04727763,-7.25609862,0.03473883,-2.36226257
8.70312500,3.65592160,5.70312005,7.76090175,5.31400749,-4.45823969,-8.35064771,2.17291244,-3.98548811
8.70703125,6.47196300,7.43122834,8.48633530,0.09997058,-7.00985500,-8.06451299,5.03694878,-7.99395700
8.71093750,6.06734747,6.37726977,8.40425908,0.98799636,-5.45273109,-9.52766060,8.33200776,-13.41492237
8.71484375,6.72892486,11.17600427,7.34233297,-0.03369272,-3.41845550,-8.46210938,0.22484098,-15.51364192
8.71875000,8.14887031,9.81157658,5.84379733,-3.32529055,-3.39604711,-12.51025321,-3.24438779,-13.11224552
8.72265625,8.23573503,4.59000295,12.34684068,-6.48413574,0.17646493,-6.50609655,-11.38986249,-10.78548087
8.72656250,7.15869176,2.81106185,7.94924092,-7.43186221,6.26034601,-8.72783696,-13.56523845,-3.09833503
8.73046875,9.31564091,-5.39583776,6.94724416,-10.76480593,8.15825230,-9.38010804,-7.59725422,-1.38464839
8.73437500,6.54078496,-9.12371928,5.09498183,-9.48196658,13.64903750,-4.24645698,3.97060086,3.80491228
8.73828125,0.35448856,-9.31548076,3.66409294,-11.02592845,9.22064215,-0.05297537,5.39132578,8.89324573
8.74218750,3.43859043,-8.51913986,2.73896282,-5.66079253,8.27280310,-1.29924112,7.49865556,8.15754727
8.74609375,1.12480259,-8.09321270,0.88338743,-0.72054680,2.85123432,0.83864947,4.63254224,9.69820939
8.75000000,1.72558756,-1.12456908,-1.73537835,1.31863912,0.41439041,3.44576936,-0.27847353,15.26420757
8.75390625,-6.58318514,4.68460841,0.23407093,3.74052118,-4.12155494,3.64058374,-7.03372703,8.91228362
8.75781250,-4.66944910,8.19380239,-4.26931022,1.99760900,-10.86810667,3.79041652,-11.26334367,7.55165760
8.76171875,-5.50525399,12.34809395,-3.90046956,5.53881503,-12.86867136,5.66311313,-10.34879089,4.27381899
8.76562500,-9.52532634,5.94738606,-3.75445632,4.32989457,-13.79469808,10.42803437,0.33152581,-1.41860210
8.76953125,-11.05793936,5.10682564,-3.90382557,7.77510530,-10.05976293,8.61661697,5.45570031,-3.09619412
8.77343750,-7.79056902,-2.53491620,-4.84188275,6.88674160,-4.35669763,7.41005682,11.68827613,-5.39654464
8.77734375,-10.51245078,-7.35926180,-7.45173101,7.12643636,0.56873674,5.60089605,12.30160200,-5.92692186
8.78125000,-9.29903415,-8.57603966,-10.14871460,8.40421798,4.01302290,10.34667822,5.84376748,-6.69948730
8.78515625,-5.04393732,-9.34564316,-8.12416157,3.71288135,7.71725749,8.77802910,-0.77866483,-7.78817090
8.78906250,-6.67663983,-8.26065392,-10.53645438,4.17355428,10.01974347,9.16747922,-4.40449352,-4.17379698
8.79296875,-1.02156124,-9.69734867,-11.69147707,-1.75678238,10.20028595,4.36891709,-9.10764379,-3.57613240
8.79687500,1.58183251,-5.85438813,-8.70920377,-0.36517860,8.86024969,4.67655137,-2.78921209,-4.68491623
8.80078125,2.98053521,-0.83042017,-13.07804642,-8.21108793,7.36218021,0.41108219,-0.75453612,-3.22511388
8.80468750,-0.63892288,6.85659006,-11.29528147,-8.01802549,0.30541305,5.20431471,7.28584367,-0.92861593
8.80859375,8.62869895,9.14272953,-8.30043792,-7.25412612,-2.75804728,0.75282200,7.35276532,5.91553678
8.81250000,8.97655929,14.35133160,-8.20241143,-8.04608501,-10.04062303,0.28387062,2.26069695,7.41673693
8.81640625,7.26094712,13.07086588,-8.84289503,-8.38910282,-10.46427202,-1.04478680,-4.23571820,5.48768310
8.82031250,8.46319642,3.77226073,-4.41730973,-5.33200929,-8.20749824,-5.42445145,-8.37131025,2.86878984
8.82421875,13.24171919,0.61627318,-3.86700009,-7.61807291,-10.41057653,-7.39160003,-10.07362622,7.27752971
8.82812500,9.91158556,-1.76372897,-2.51179358,-0.08534499,-4.69940080,-3.53954782,-11.75958852,3.56585334
8.83203125,5.53932204,-7.72676902,-4.41038531,-1.41788777,-2.06444355,-11.95386181,-1.78856765,-0.56309656
8.83593750,5.49797436,-8.97564140,-0.65771740,3.15045751,1.42830749,-7.03750034,4.85650994,-6.51891068
8.83984375,3.43794956,-8.76813481,4.59119291,5.62018279,8.17237722,-7.84268440,7.53015615,-7.37924236
8.84375000,3.69672608,-6.14187072,5.54310978,2.81557202,7.74674818,-9.14763001,10.38065399,-9.40119246
8.84765625,-2.50394151,-3.52251322,4.39102694,6.28614562,7.03501914,-10.22851068,4.93341196,-8.81673126
8.85156250,-2.27921458,3.07095422,6.04050145,10.23844270,3.25204721,-9.61373238,-4.89371579,-9.21692885
8.85546875,-4.81722843,3.05302612,4.46156869,11.09093598,6.53482544,-7.94723846,-7.19775408,-9.51183297
8.85937500,-4.46364081,7.03146299,6.29852963,9.77276050,3.03958623,-5.01848216,-10.97856038,-6.56771067
8.86328125,-9.98666118,10.32979971,10.41618413,2.23183915,-6.23043197,-3.74449844,-4.44495210,-1.38509148
8.86718750,-8.14292725,8.75894251,11.84149987,5.89046116,-2.77790185,-3.11506902,3.58021156,0.72267959
8.87109375,-9.77521767,5.46182349,13.90296543,1.65742456,-12.91662814,-2.20885450,8.27620417,2.07574844
8.87500000,-13.81919695,-0.71811598,9.96408451,0.32120112,-13.53187673,2.19755786,8.56543202,8.03522089
8.87890625,-7.42412038,-2.77376035,13.68632068,-1.79022042,-10.05272556,-2.50417961,6.08652747,9.37945246
8.88281250,-10.13127461,-9.34072829,9.43285531,-5.08132516,-8.79273458,1.29691335,2.08724010,10.84602324
8.88671875,-2.75021181,-13.30182884,9.67339242,-9.03126956,0.36055147,1.13133507,-7.19819545,8.80295729
8.89062500,-9.08658346,-11.84639412,10.65281573,-8.03181568,4.58391171,5.79664046,-5.66808882,7.26406768
8.89453125,-1.94844643,-7.69264880,8.60514694,-10.48038226,9.04604048,7.34549911,-5.73846297,6.06670239
8.89843750,-3.27122009,-2.39249476,6.84254067,-8.54258155,9.76592215,7.55783339,-3.52791543,2.03385543
8.90234375,2.28223621,4.53031077,7.13776221,-7.89262249,8.17817429,5.95326655,5.94661170,0.80603541
8.90625000,5.65329996,11.10446662,2.83976452,-2.90188380,10.30218779,6.33658558,9.85556583,-5.69075916
8.91015625,7.41817323,9.01866980,0.39232617,-2.32074725,8.40819019,7.71491174,5.84167615,-7.82961869
8.91406250,3.48012439,9.89300969,-0.96501804,-0.69955601,4.23872695,8.57304045,5.19098419,-14.02415480
8.91796875,7.86937876,9.84178671,-0.64830842,3.72092911,-0.86253580,12.62324570,-3.77591603,-12.19761003
8.92187500,8.80486280,2.32777330,-1.81325781,5.51993568,-3.85033320,5.80486641,-7.87733939,-10.21390943
8.92578125,8.24725005,0.72521786,-1.74593484,7.40226664,-10.37183218,2.82214322,-9.37362002,-6.75199493
8.92968750,10.16501763,-3.50089330,1.78882758,8.18207547,-10.02351545,4.53803212,-9.26195245,-3.79754380
8.93359375,7.28563081,-9.05570595,-7.59491257,7.22213430,-11.79145250,-1.83597266,2.91323034,-0.76856906
8.93750000,6.07184608,-12.21912809,-2.87320303,9.43194055,-8.31981774,2.75561231,5.73652271,6.48863105
8.94140625,2.90718394,-9.87852380,-5.09256744,8.67107515,-3.61162717,0.87333896,11.15036916,7.87031693
8.94531250,3.51878199,-3.76190415,-7.54063307,11.78450107,4.46815766,-1.22483764,6.69757927,9.27929950
8.94921875,1.52551159,4.09985109,-9.43296538,3.37387043,6.98888889,-4.36159275,-2.37436365,13.44441849
8.95312500,-3.53097048,2.29447975,-8.49121917,4.10908288,6.97412074,-4.65378516,-4.01987489,10.80398469
8.95703125,-4.62589382,5.55236697,-8.01221046,0.14667233,9.10691407,-6.68829137,-10.05547570,5.96090739
8.96093750,-6.88847516,7.17086381,-7.17601575,-1.78818507,5.88814558,-8.65794435,-5.83038716,7.31834000
8.96484375,-6.84672959,8.00827599,-11.72340253,-4.78164256,3.65728634,-12.01099704,0.73191801,2.41684748
8.96875000,-8.81444708,5.37341141,-8.89210867,-9.18856798,-1.20443836,-10.13135420,7.46346039,-3.39987418
8.97265625,-10.31829900,-0.88086752,-10.11866407,-10.36473438,-2.22984399,-10.73128313,10.66520309,-4.31351571
8.97656250,-6.90252175,-3.26607581,-5.92460251,-11.55056245,-5.72275926,-9.44920494,13.42785362,-5.73863664
8.98046875,-11.61619357,-4.19050486,-7.64349711,-14.78333420,-8.08146345,-9.79679906,8.22285589,-9.80570352
8.98437500,-7.28775289,-7.15964444,-5.95452299,-6.96028699,-11.18072314,-7.93817228,2.68094881,-5.95687859
8.98828125,-4.07652472,-13.47230249,-5.19003465,-4.06190453,-6.49153312,-6.28495722,-0.70705904,-6.91011636
8.99218750,-0.92369653,-7.37097840,-3.27404918,-8.59203414,-6.80422815,-5.67631387,-8.32802891,-6.51308426
8.99609375,3.63950332,-4.28914162,3.32900304,-2.41349167,-1.17903089,-4.38128005,-3.95425879,-5.68922801
9.00000000,1.45074314,-0.65610606,0.04193341,1.42897376,1.47305269,-2.98671609,-1.08690626,-0.59294009
9.00390625,5.84913028,8.14537523,-1.47645771,7.53683395,10.09163222,0.67956662,6.07885559,5.97168116
9.00781250,6.09975039,7.49575001,2.18621424,7.93117197,6.03678012,1.64283363,8.36777699,7.09566805
9.01171875,5.64527348,2.96713066,0.77358265,9.50914306,11.08886519,4.45604327,2.90448813,8.72375265
9.01562500,2.94532051,11.05176242,2.60282077,8.98671784,10.93862136,8.78657533,1.66517713,6.10041567
9.01953125,10.15812654,7.57691786,1.22710411,12.73431739,9.93179671,7.75865856,-5.69044885,11.31025901
9.02343750,5.71886465,3.32286498,3.22752540,10.24322695,4.90332160,9.61693336,-10.59596048,7.45867904
9.02734375,14.35094152,-0.70928282,6.41982676,8.27137311,2.69985732,10.72689023,-13.01443262,2.15166703
9.03125000,5.86721229,-3.95411644,4.92796573,7.40716061,-4.63497373,7.63741084,-7.26838741,2.41986910
9.03515625,5.62259963,-9.56571961,9.96227999,4.59403062,-8.93580586,11.76449134,3.41394316,-2.02126581
9.03906250,5.32582045,-10.09540765,10.38347828,4.07310718,-10.04489392,9.51780844,5.17015251,-8.16233941
9.04296875,5.80179569,-5.51202033,12.29802321,1.51473258,-7.67718541,8.72273804,12.08721436,-5.81884463
9.04687500,2.28362567,-4.46724312,12.24854458,-4.37435813,-10.02090003,7.27734381,6.78313655,-5.76435501
9.05078125,3.59472946,0.92633931,12.40089474,-1.49169292,-5.19244089,8.39551332,-0.29404547,-12.02515033
9.05468750,-0.55528278,3.05758713,4.45887314,-8.82926480,-5.92880658,5.36680043,-8.63305951,-7.17247249
9.05859375,-5.72983465,5.59697827,8.63015813,-8.53351355,4.83770968,5.87271656,-9.84174860,-8.87412330
9.06250000,-6.64936164,8.47917392,5.94922441,-9.07674710,7.30626775,4.32530838,-6.44249583,-5.17320791
9.06640625,-14.13117234,10.09686042,9.34534910,-13.35614845,10.67094722,1.90078291,-1.74356702,2.63992953
9.07031250,-13.06814568,4.00366539,7.80233216,-5.79015592,11.50673504,1.71265815,9.38307073,4.64446457
9.07421875,-13.37270977,1.17231607,7.38050211,-7.47210971,8.00582279,-0.91378701,10.79286257,8.95575274
9.07812500,-10.14175408,-4.09006643,1.70848907,-5.59113560,3.35627229,-8.83014356,11.12634742,11.40891128
9.08203125,-12.19474363,-7.91315678,2.85480866,-2.33506651,0.40037759,-5.51058820,5.96921128,11.56823914
9.08593750,-6.33024842,-8.87451200,-3.44437523,5.06262739,-4.22997569,-6.14208560,-4.93371838,8.90131774
9.08984375,-6.02100690,-8.46082871,-2.90254614,4.33894738,-3.69840583,-12.44304129,-7.91463831,10.92865985
9.09375000,-3.36245717,-4.62339087,-6.43948712,5.86672454,-5.37652643,-11.24333379,-8.11931723,11.02953860
9.09765625,1.43075089,-0.75673114,-4.36894737,5.64647764,-9.36117004,-11.24510003,-6.44465198,1.54925948
9.10156250,2.27504534,-0.64298471,-4.48297345,12.89983943,-5.57757094,-12.74586284,1.49394136,-1.68537059
9.10546875,2.02346336,6.74855663,-8.56825913,12.09488804,-5.34404544,-11.81407544,5.54950771,-3.99801765
9.10937500,3.99933425,8.26132346,-9.46778115,11.35275241,1.07855205,-11.24117352,11.55354782,-8.71603465
9.11328125,6.91774035,8.52619943,-10.01086862,15.14972938,4.35409518,-9.63128503,4.96852480,-10.19335524
9.11718750,3.31132157,12.12331978,-7.30522807,4.02775026,9.46232178,-0.05520674,-4.73171196,-10.34005554
9.12109375,7.65178012,7.34399313,-14.95816729,4.15990515,10.07429689,-0.01015388,-7.05343529,-11.49863604
9.12500000,6.40094342,-0.44980074,-9.06129363,-0.55274509,11.34806923,1.97217870,-10.76730456,-9.23589130
9.12890625,11.82104609,-2.11638642,-5.72649620,0.87734957,8.94062783,4.69914175,-5.85771693,-1.48678915
9.13281250,6.02810956,-9.76533730,-9.71962384,-5.93450400,7.65058798,-0.06123683,-5.35877951,1.25248469
9.13671875,6.88210749,-7.28641629,-9.07071753,-7.32861835,1.92845203,5.83308336,7.72495930,3.84982804
9.14062500,4.68207448,-9.05568780,-7.37619312,-8.33147615,-5.36235746,8.87045411,8.41242552,7.14757801
9.14453125,4.67297904,-7.60412829,-6.27052879,-9.84187486,-5.33070252,11.03870693,8.38444120,11.54521484
9.14843750,-0.96471134,-3.09550491,-10.53173773,-7.73745736,-5.99276522,10.28226439,1.29414342,8.70291979
9.15234375,-4.29366169,2.05003724,-4.54619488,-10.72892324,-8.33468198,12.84021808,-5.35902986,9.94909876
9.15625000,-3.09881082,5.41226861,-4.04942929,-8.99420472,-11.34824412,11.74512059,-13.35511961,10.21912390
9.16015625,-4.58940478,11.68317544,1.26196816,-3.34885756,-5.42050524,8.87201853,-10.32513966,9.35212856
9.16406250,-7.80860108,6.39838331,2.63546901,-1.88159244,-3.91330642,12.09931849,-1.98083833,4.11591621
9.16796875,-4.73560841,6.38005280,-0.71269564,3.68059226,0.86347015,8.04635932,2.45655482,3.20492096
9.17187500,-6.30561165,-0.88656103,3.94810050,3.51139597,5.13085685,6.94227578,7.32127262,1.58065315
9.17578125,-10.53931192,-1.98387318,7.20693303,7.90428244,10.23628159,5.29861864,10.32317520,-2.81281072
9.17968750,-8.25954195,-9.46864347,5.48851872,7.72350914,12.50233674,2.66239288,7.53744251,-6.87796374
9.18359375,-8.69238296,-7.02163824,5.47064777,7.87978556,11.71341166,-0.64257703,3.48638561,-13.58236484
9.18750000,-6.11535723,-6.92232034,7.92397749,9.87948286,1.63576649,0.66206944,-2.84920944,-7.16542054
9.19140625,-4.17841091,-10.50549419,8.70495020,8.13297941,4.71438369,-4.85952302,-7.28866943,-12.03138393
9.19531250,-1.02641336,-6.30241448,4.26330710,10.07443005,3.71506248,-7.68323765,-4.38553422,-2.08215172
9.19921875,-1.43723006,-5.66324680,11.11015758,6.85402081,-2.45303618,-8.05015696,-2.91475846,-1.50509316
9.20312500,5.70808455,1.48658251,5.93008380,3.31917751,-3.93774168,-9.01851330,1.18289779,-1.68053921
9.20703125,3.07050413,12.19610563,9.66605599,2.06190486,-5.74446555,-11.87109051,8.07755438,3.42594410
9.21093750,6.59652593,11.81770414,8.62167462,1.79408288,-7.38122154,-9.21710779,9.26921384,7.78194672
9.21484375,4.25864668,11.65378555,11.25863149,-2.46607685,-5.96432025,-7.23188794,1.70598859,6.27143157
9.21875000,6.66911266,8.57780994,5.29247621,-6.16327714,-0.43765172,-6.63864750,-5.28417823,7.07224152
9.22265625,7.38906504,6.25041817,10.29762069,-6.32112799,3.71416657,-8.99795517,-13.18878071,7.45579979
9.22656250,7.12778160,0.18878053,5.49422839,-12.12076540,4.98335714,-10.26162982,-12.03656432,6.80444824
9.23046875,8.32417677,-2.95730472,7.61536591,-12.35590975,5.79097008,-8.34074657,-11.24298207,2.03716281
9.23437500,7.80146125,-6.92952534,5.68869617,-10.82064964,8.65790979,-6.15683527,-0.74086888,0.38003378
9.23828125,3.68543417,-7.35305116,6.92673302,-5.15195616,6.47441285,0.88354085,4.59802597,-4.85266109
9.24218750,4.97527499,-5.17686063,2.21002425,-4.93689627,4.72411777,-3.97212595,10.30215660,-7.65509526
9.24609375,4.69378352,-7.03476705,-2.43575258,-0.88218972,4.18853183,-2.02543882,7.53559932,-9.69166953
9.25000000,0.76167792,-0.78062174,0.25167791,-2.34924299,-3.51499307,-0.72318097,-0.80907444,-7.68195228
9.25390625,-6.64265751,5.05644467,-0.70736798,4.79085136,1.17236347,2.09020527,-9.72435550,-7.29063838
9.25781250,-8.28822131,7.31647403,1.35698134,5.76797874,-7.22660524,2.67437755,-10.22920630,-4.32625348
9.26171875,-8.42365029,9.39287157,-6.94821128,7.63254592,-10.91315649,7.91793027,-6.91869773,-2.61245016
9.26562500,-6.89085084,7.01496183,-5.89350805,11.23304425,-13.15376996,7.47460872,3.24133864,1.60543791
9.26953125,-11.02623408,3.05749738,-6.16864877,11.67947254,-13.72073297,8.65746784,2.87729841,2.67345881
9.27343750,-11.22203078,-2.77519413,-5.24685463,8.21097577,-6.84778653,9.62222946,16.19508868,9.62159709
9.27734375,-7.43069896,-7.06349952,-9.94772944,3.91721713,-4.10263941,8.59021610,13.39297982,7.53348507
9.28125000,-6.98610415,-9.56261443,-12.27095133,5.57279316,3.74752195,9.10870307,4.00246117,8.73625156
9.28515625,-9.80176391,-12.17007548,-5.76652313,4.60995131,8.52382877,9.28391670,-0.87853201,12.74684207
9.28906250,-6.01885535,-9.75553796,-9.17582891,-1.64444506,13.34913975,5.40193431,-2.75106519,8.62483793
9.29296875,-4.26800555,-5.70226258,-10.23887297,-3.77038994,9.71733744,7.47382447,-7.97023666,6.64363972
9.29687500,1.32778500,-3.44544233,-12.50206912,-3.62478071,7.00496445,4.81428052,-3.06101790,0.55814402
9.30078125,0.34994054,2.50078882,-12.08070823,-8.01480312,5.98108850,6.54592400,2.10885993,0.81496806
9.30468750,5.62820634,6.03993115,-10.45691583,-9.23632862,0.40083051,2.25490395,5.42335569,-6.10275696
9.30859375,9.22666839,8.61185892,-11.80911142,-8.95568490,-4.43834541,1.80220303,5.99943697,-7.74705493
9.31250000,5.74946935,10.52522077,-6.55799399,-10.99247347,-0.55659006,0.30427501,7.22747531,-11.51401701
9.31640625,5.62336224,7.72521395,-8.99332426,-8.22560484,-11.70136399,-2.80161020,-3.40238328,-9.98570576
9.32031250,12.66426368,5.26207877,-6.06514155,-6.48368381,-10.16917108,-3.29450111,-10.11853680,-8.55234181
9.32421875,10.24467112,3.97443227,-3.75611407,-7.84230685,-6.34799345,-5.23957179,-11.52851489,-11.55945613
9.32812500,9.72849132,-2.43424227,0.63677825,-0.90651719,-4.67484432,-6.84520320,-9.32894575,-3.98412612
9.33203125,6.50922656,-5.95950807,-2.94185430,-3.23688626,-3.72923326,-8.35192854,-2.69992522,-1.57173006
9.33593750,11.93655739,-9.80995346,-0.85942387,2.22877870,5.16848843,-9.55581200,1.10600057,2.36436986
9.33984375,8.51932173,-7.48547793,4.64602635,4.93410858,2.15939755,-8.69348200,12.32650636,12.14539983
9.34375000,6.43375291,-8.37157551,4.32746322,6.05546940,9.11054799,-8.69232359,10.03428284,10.57593872
9.34765625,4.98358868,-5.18328339,5.42120376,6.85539733,7.12761398,-6.44771863,5.03181534,8.60104754
9.35156250,-7.73073883,6.15749776,7.26597656,9.62893961,9.55265974,-6.74008657,-4.49244223,8.61608178
9.35546875,-3.07495663,9.28338305,7.76118280,8.76265273,6.65402796,-4.35017923,-7.93790902,8.59527536
9.35937500,-6.17540297,10.62806731,6.78336138,5.34656015,-0.80911699,-3.58068316,-12.60073134,4.20933461
9.36328125,-8.65918819,10.41416396,8.25896681,6.52821988,-3.22315213,-3.54932310,-8.59653333,6.66174869
9.36718750,-10.53384979,5.18700500,10.94361093,2.34105951,-4.19930154,-6.79569347,2.42397819,1.44746912
9.37109375,-9.23435549,1.43146008,11.85310126,2.95365387,-10.43835106,-2.55161059,9.34591048,-2.73921104
9.37500000,-11.92820417,-3.05450774,11.33656697,-2.69397645,-13.30295685,0.61296656,9.78693963,-3.35133834
9.37890625,-8.88930843,-5.26623239,9.99646095,-4.16461802,-5.67846945,1.18588203,9.12029862,-10.62993753
9.38281250,-9.08317012,-8.62344496,12.40207967,-10.78230983,-9.09682078,3.18191724,5.37555719,-8.86805450
9.38671875,-4.10489923,-12.03406671,11.78601456,-8.57474726,-4.05057558,4.22408289,-6.68952554,-5.55108093
9.39062500,-3.98055498,-11.20463829,9.75473610,-8.85602571,0.61007910,6.35568165,-7.02244751,-8.41355565
9.39453125,-2.72009208,-5.12498713,6.76865002,-9.61581632,7.44867819,7.05819610,-7.90251337,-5.86357953
9.39843750,-1.99173583,2.06723468,0.97841801,-9.12819759,13.54700092,8.93927540,-1.45824747,-2.18498799
9.40234375,-0.98285070,1.15570872,6.59948487,-7.65821950,11.49143457,9.87846494,4.42594435,0.11338082
9.40625000,4.57530940,8.51974224,0.60924919,-5.64585292,10.94985865,6.49518426,9.58941013,5.76363866
9.41015625,6.18976891,8.77033363,-1.47924748,-5.66195913,7.45999285,8.67218623,9.07647069,6.02785436
9.41406250,9.96867118,10.52175412,3.02657365,0.34057457,5.49804785,8.84684253,3.77573145,8.82660843
9.41796875,6.05160141,7.10534255,0.56079616,1.39115649,0.86354584,6.59855131,-4.53903118,8.07129946
9.42187500,8.60694075,0.45877845,0.07828235,5.60155064,-3.41792215,6.94957356,-11.87515295,2.16598254
9.42578125,9.39445365,2.82769698,-5.15587897,7.15729795,-7.21847300,7.25929714,-13.81781229,11.93842743
9.42968750,8.67899218,-4.08539699,-5.88752266,2.81542583,-12.04560510,4.49810651,-5.57951369,0.90139246
9.43359375,7.53464729,-7.01430395,-4.35332571,11.97217368,-5.76510797,6.88576961,-2.54456465,0.26307497
9.43750000,6.13307280,-10.28989680,-4.68897050,4.07983683,-6.22890322,0.55993042,8.55650154,-1.98198103
9.44140625,3.64664695,-13.34536850,-8.22715463,8.04273580,-6.40009624,-1.16011205,8.10195776,-4.64749351
9.44531250,1.88441330,-8.44579689,-7.87070137,7.88982104,-2.61571152,-2.65889219,9.79933879,-7.72901252
9.44921875,-0.46690236,-0.79755605,-7.81071946,5.00911930,7.51164614,-5.66364050,3.65329216,-6.81921278
9.45312500,1.23595245,1.96146043,-5.29821625,4.13584686,8.22086420,-8.88377788,-4.38845446,-9.14777382
9.45703125,-0.73024354,6.05353114,-5.65838498,0.77571748,12.85544774,-9.60243510,-9.97350983,-8.47298629
9.46093750,-3.44051271,11.50480459,-8.68364997,-3.83093936,8.59965409,-10.21100492,-6.08288024,-5.31380995
9.46484375,-9.41916766,6.42453821,-11.13363564,-6.05079401,6.04947324,-4.32243778,-0.13654384,-0.90422790
9.46875000,-10.17187118,6.28037041,-6.15449861,-10.84430006,1.83875574,-9.98506302,4.08608050,-2.51897676
9.47265625,-8.84769653,1.09784795,-9.07239837,-10.65149280,-6.77625524,-8.99634729,11.30323804,4.10181296
9.47656250,-10.52114937,-4.09669073,-5.21483796,-12.81624697,-7.94821474,-10.69905922,11.12209908,6.12447230
9.48046875,-9.43178888,-6.60575886,-3.98392037,-15.23359834,-6.39782595,-7.54734700,3.22563693,11.04136912
9.48437500,-7.34326161,-11.46755768,-10.99046694,-6.69266550,-5.17278095,-6.90643236,0.93361951,7.17095467
9.48828125,-4.35335738,-14.31478099,-6.06180008,-8.87007929,-8.92133755,-11.86549429,-4.42721651,12.48933352
9.49218750,-0.91700308,-7.15078282,-2.43025895,-6.68034714,-7.05263749,-11.77652294,-14.29358579,5.25353598
9.49609375,1.01562418,-4.66943003,-1.68781731,-5.75518761,-1.42262148,-3.24853246,-6.48464145,4.03025553
9.50000000,0.17560753,1.50797254,-2.27078707,1.56874379,1.89282249,-3.75647117,-1.36749134,3.77456641
9.50390625,2.62673760,7.29810598,-3.36856872,3.44496801,5.75237926,0.55076459,5.22061129,-5.17647420
9.50781250,3.07724108,5.89630343,-0.33612678,5.91196631,11.24941328,4.50297668,8.65281163,-9.19077665
9.51171875,7.64070216,11.89984738,0.60707634,10.49873168,9.92904170,2.01432114,6.01603030,-6.02165987
9.51562500,6.56625321,9.50839239,4.69881158,13.64890104,14.13147487,6.83371284,-0.61120652,-11.03785170
9.51953125,11.15310285,8.69207353,6.38796286,9.92916054,7.28055977,7.10709924,-7.27815160,-10.16688966
9.52343750,8.93552514,3.61401696,7.79989117,14.36081373,4.36996428,5.96846184,-14.69174436,-9.10929594
9.52734375,9.47888909,2.49153430,7.29888732,9.88519876,4.00510170,15.05080660,-10.14743998,-4.64473411
9.53125000,6.53472331,-6.89126575,7.45372040,5.98724890,-4.97474579,8.22446732,-4.35842089,-2.20887858
9.53515625,3.65254641,-4.78731914,13.01655239,5.32744912,-5.69017335,13.41938068,-0.10758920,2.21871538
9.53906250,8.35912258,-8.24065858,10.90318831,3.00036983,-6.10963763,12.88610206,8.92438288,-2.94881004
9.54296875,3.55917421,-10.85344618,8.46963731,-1.33991108,-9.67574501,9.84062831,10.83885447,8.35735988
9.54687500,2.89168388,-4.83706253,8.59082727,-3.61725352,-9.53233698,4.24679503,6.88885151,13.69879021
9.55078125,1.02349026,-1.54433130,9.46850538,-2.76851640,-6.87006546,4.20541474,-3.17111902,8.67778075
9.55468750,-7.74378102,7.29303612,10.67174207,-9.20352300,1.55370400,6.03719279,-5.85451319,8.70079257
9.55859375,-1.77713828,9.66332352,7.05391712,-6.13468855,-0.28142925,6.46057775,-10.93419235,8.86107015
9.56250000,-5.64209848,5.38628145,9.28432964,-7.55653663,7.07522104,1.22889146,-6.47686908,3.20792615
9.56640625,-9.64865143,6.33668526,8.25633189,-10.25195096,6.54884679,2.85066124,-2.15540958,3.62840085
9.57031250,-8.90496111,6.78888387,7.35230116,-12.68632974,13.06780214,-5.35744462,4.46879598,-0.69455627
9.57421875,-11.84326280,2.14592841,8.65120428,-9.83759122,5.01203619,-3.95425289,9.40554265,-5.92416776
9.57812500,-8.06349572,-3.14790312,2.58113470,-6.76642422,3.03614479,-8.43558815,11.15345824,-5.47560060
9.58203125,-8.23037433,-11.39322155,3.01893641,-1.58412690,-2.67433398,-6.94824846,5.09587312,-10.57330188
9.58593750,-3.49335815,-11.97347572,2.30409936,3.58878749,-5.32223607,-8.18084546,-1.57434519,-7.73861240
9.58984375,-6.53395246,-12.83733333,-1.92462378,5.79784105,-8.09498090,-9.36623456,-6.37343595,-6.46679413
9.59375000,-1.74792512,-4.11361111,-4.45896907,8.28541595,-7.75488614,-11.74379198,-7.30357251,-5.84391322
9.59765625,7.08943553,-3.19324175,-6.05937988,10.60961256,-7.00906668,-11.86411745,-2.21231100,-1.69780844
9.60156250,1.78195247,1.33181184,-8.30463683,13.45174740,-8.86551397,-11.79699301,0.97341190,1.50500248
9.60546875,4.03752279,5.10977295,-11.66992335,13.06610672,-5.75535104,-9.73050520,12.18255429,0.95002300
9.60937500,7.01842317,8.70333378,-9.21777153,11.92970800,4.35459584,-7.10653593,7.18060615,6.88824749
9.61328125,5.23006403,10.41089957,-11.97796048,12.33548749,3.91847103,-4.39991406,5.02604422,8.42467240
9.61718750,6.63970546,9.70349543,-8.06913828,3.46105419,7.21536228,-1.79733348,-3.14923557,8.04222016
9.62109375,6.06889023,5.61858438,-11.51206193,7.41854401,4.39394444,-2.37320961,-7.55349018,6.71551228
9.62500000,7.40128832,4.18405562,-12.49895937,2.13805033,13.80764955,-1.84742193,-11.84743943,4.04868632
9.62890625,8.84828238,-5.25767504,-12.56195226,-0.49175230,7.37547334,0.99715078,-9.05166901,2.12014195
9.63281250,10.10356922,-7.35212515,-12.36655563,-5.20893541,4.43950971,2.07243631,-4.49955230,-1.79553728
9.63671875,9.60401609,-12.62273286,-8.05797873,-7.17462003,0.19696159,6.94539932,6.62701186,-5.61589814
9.64062500,2.33169245,-12.04460139,-8.61177519,-10.30106741,-2.46646558,9.54053331,8.54931967,-6.16476861
9.64453125,1.91417479,-6.18094593,-6.18232501,-7.08568131,-5.49014938,10.58301990,7.05787105,-8.20861589
9.64843750,3.19002818,-0.40417646,-1.10871399,-7.49144195,-10.41570536,9.60136034,3.42393860,-10.18171703
9.65234375,-0.37257295,0.03217760,-0.64489744,-7.14306392,-11.20242098,11.91905867,-4.68214101,-9.55496381
9.65625000,-3.04775912,7.04737585,-3.98209934,-7.50334037,-9.80712570,7.68905314,-11.22897116,-6.20771182
9.66015625,-1.32435912,10.39428266,-1.01111095,-6.94805163,-6.37008999,11.62194524,-8.08403173,-6.87159816
9.66406250,-9.20471227,10.84089375,1.81869215,-1.06783829,-6.64601791,10.23417318,-1.79235965,-4.44400065
9.66796875,-8.27345255,9.07994555,6.22864031,0.50093569,-2.08567796,7.44267944,1.02618794,-0.80911103
9.67187500,-7.49106260,-1.91803414,1.95456550,4.90571384,-0.72717090,9.48128854,9.64523740,5.99615089
9.67578125,-8.12742067,-7.61357780,4.11636539,2.85467000,6.86612187,7.67152129,12.86329560,11.71390267
9.67968750,-7.19979891,-6.90178094,5.38607290,7.36481169,10.72628843,2.76264254,7.53685748,11.35307689
9.68359375,-9.89356998,-10.11376301,6.73106695,6.92526574,5.51657107,-0.02535360,-1.85597117,10.47703376
9.68750000,-3.37096916,-14.08077365,8.54409458,8.47185601,10.43403257,-2.01956146,-4.06701740,9.92019264
9.69140625,-2.80627838,-10.07358979,5.84612473,8.71891375,4.03462567,-4.50229016,-9.05424237,8.02076089
9.69531250,-2.15935166,-4.17787523,7.85793829,10.45418467,-0.50168064,-9.44120934,-7.82039047,5.70116055
9.69921875,3.24356233,0.87400009,5.34772217,4.64182812,-3.30510403,-12.65131851,0.63164739,1.71103513
9.70312500,4.75477171,3.74655573,7.86590854,-0.22770867,-8.38805175,-9.52186721,6.21978233,-4.36911528
9.70703125,5.19929770,6.16233949,7.82046331,4.55217128,-4.00168979,-8.31063095,8.88558172,-6.96189897
9.71093750,5.17171308,8.61649846,9.34445071,1.99659027,-8.39748685,-9.88279142,10.27961628,-7.65181518
9.71484375,10.81247547,12.63945690,8.11595660,-3.18999059,-8.25094420,-7.04153527,-0.55213856,-12.18162589
9.71875000,12.45266575,9.27140545,13.17964515,-4.20248423,-4.86492840,-9.30988162,-6.67541546,-9.90723864
9.72265625,9.66098090,6.08337214,9.20492639,-7.54009757,-0.14963392,-8.46269021,-13.55046956,-9.30925214
9.72656250,5.53441222,-2.16581575,8.45172068,-10.14525144,6.73222380,-9.50168562,-15.41953715,-9.75800698
9.73046875,6.03015944,-8.55701080,6.66954798,-10.00641725,7.47172106,-5.02775801,-7.58152999,-3.52541935
9.73437500,6.16182363,-7.87910839,1.13674778,-7.70923527,11.08884653,-4.65365996,4.79832044,0.61531995
9.73828125,3.50071728,-9.03818985,6.37161475,-4.61826093,12.80309098,-4.40625876,6.77547736,7.27312146
9.74218750,6.04388027,-12.02783787,3.17931701,-5.28334472,4.14221887,-2.59804552,7.35281281,8.28072123
9.74609375,0.59042597,-2.08451805,-1.03950148,-3.58030917,-1.23865753,-6.71317111,6.85178980,13.05742670
9.75000000,-2.04663512,-1.35232685,2.93410867,2.56284822,-0.78096449,-1.87380034,-1.59093266,9.69323000
9.75390625,-5.26763258,5.44609216,1.18180357,2.01514397,-6.19910762,7.55301669,-4.94223068,7.99518671
9.75781250,-6.75512725,3.03747086,-1.31270320,1.97640677,-8.58231046,4.45178212,-11.69029952,6.86591853
9.76171875,-9.51431334,10.75205427,-4.09611014,4.74847576,-12.50930673,1.40390667,-6.58711800,3.81916959
9.76562500,-6.70145977,7.08613594,-2.92832583,10.82543222,-13.67375777,5.00194525,-4.23692656,1.64861327
9.76953125,-7.15817702,5.65633772,-2.90132482,8.35373429,-13.49403283,9.41142531,8.86475194,-0.71336515
9.77343750,-12.40233270,1.29290693,-5.07895187,7.86250710,-5.52088429,7.65736529,9.43318778,-4.76253367
9.77734375,-9.13096996,-3.51996053,-6.04822375,8.56717529,-1.73490585,12.98081826,11.17345472,-8.90732632
9.78125000,-7.29853926,-6.47583029,-5.60791330,6.00057841,2.42912816,10.36239488,5.84221059,-5.82444969
9.78515625,-4.68280587,-12.12997390,-4.59084263,1.54408257,9.43516216,10.09936399,1.43197985,-6.74351714
9.78906250,-5.10514466,-10.84543038,-7.07281106,5.21152654,8.74402293,8.22508561,-4.96510604,-7.98882859
9.79296875,1.55338668,-11.09646858,-9.41305494,-3.36728249,12.95367808,6.38285295,-10.65403505,-3.80442306
9.79687500,3.55317873,-4.09723384,-12.63633137,-6.15205826,11.34622838,7.44604934,-5.21919807,-3.47388797
9.80078125,6.39546824,3.34969271,-15.33213149,-3.33492998,8.86336310,1.79050526,1.14415103,-1.30498267
9.80468750,6.37578335,9.45560937,-7.65874490,-5.83113070,1.23369195,2.99067256,7.35643780,0.67288237
9.80859375,10.61934334,10.71072589,-4.27598658,-6.54521764,-4.61653594,-0.43792575,5.39188820,3.57126300
9.81250000,8.98149341,9.68673027,-9.99609753,-6.11052720,-9.23084386,-0.33324738,7.34701546,9.13491464
9.81640625,8.61942822,10.79176253,-7.37220439,-2.55714522,-10.63535391,1.28059346,0.18705889,7.47442846
9.82031250,11.27755369,7.01058927,-5.65517340,-5.57357071,-7.17688234,-3.85679196,-4.64049514,8.38285553
9.82421875,10.42507775,1.42018709,-4.88904427,-5.13110655,-10.15241982,-8.16927756,-11.19689981,8.42924156
9.82812500,7.91971000,-2.92960164,-5.24756473,-4.85727332,-5.69233155,-6.41041979,-6.14525020,6.16824853
9.83203125,7.83541024,-8.81544180,-0.54578881,3.15323509,1.27767721,-5.91793909,-5.24285552,3.34967889
9.83593750,2.81025565,-10.28715252,-0.35489714,2.72970906,0.08717278,-9.57196566,4.01263035,-1.80171069
9.83984375,3.78138063,-12.52032056,-0.60526825,3.48576020,4.96563752,-8.53298426,10.42708397,-2.86947765
9.84375000,1.98195154,-6.59156463,4.17815590,4.86448789,11.59156977,-11.16220379,13.50901627,-10.07253980
9.84765625,0.72372625,-5.07524492,2.65003912,8.07333033,9.81741081,-10.75569015,5.42924818,-10.51423811
9.85156250,-4.83141349,2.51406255,9.83383198,8.08799153,8.98299879,-10.37525424,-2.10160550,-7.70966643
9.85546875,-1.17093922,6.08296558,8.66168368,8.83194258,4.88186127,-10.23059222,-7.36952607,-8.23554945
9.85937500,-5.89826547,9.73280911,11.45439093,8.86591192,4.80195973,-7.50576459,-9.62455049,-4.93884449
9.86328125,-7.44066960,12.46869311,5.43829474,10.60239609,-6.20031873,-7.65981307,-3.91960383,-2.14772758
9.86718750,-11.34736058,5.90245054,9.89869581,3.59041887,-2.50660112,-3.46596469,2.91122004,-0.88549275
9.87109375,-11.77242464,3.52824543,9.19467903,-5.14900307,-7.01016944,-0.83925083,9.32258430,0.65091285
9.87500000,-10.45230935,-2.87371375,14.13157207,0.33719094,-15.31590558,0.60956738,11.81032562,5.44763425
9.87890625,-9.96961867,-3.89524226,14.52837695,-3.85118179,-9.67612415,1.29417485,7.26981154,10.06101110
9.88281250,-3.78751269,-12.64629511,12.72282751,-7.42210542,-8.28658863,1.31960626,3.70123298,14.79914710
9.88671875,-6.74894173,-8.58771889,8.35001358,-4.20060162,-2.22692242,1.59135279,-5.54303008,7.54403290
9.89062500,-6.15644198,-7.47735767,10.75464821,-7.63659709,2.85967183,2.03785556,-5.99540589,8.98309077
9.89453125,0.89166561,-5.92053248,6.77722627,-9.70538140,9.06261160,3.31353857,-7.60455861,4.14863022
9.89843750,-2.53041596,-2.76562944,5.80851120,-7.39434200,8.62283573,9.80356107,-2.02966536,0.44556650
9.90234375,2.53221331,-0.59259166,4.54613596,-5.59145786,14.46280335,6.71526389,3.20011599,-5.17744706
9.90625000,0.89984364,6.79559713,3.84953178,-2.15419260,8.64755541,10.64510427,8.17177806,-9.27774003
9.91015625,7.50186208,11.04789671,1.75460013,-5.40632271,8.41389386,9.84892942,7.47249752,-9.91814613
9.91406250,8.03111532,9.74023882,-3.95128481,-0.38151046,4.70639258,10.03763868,3.52593485,-9.48456269
9.91796875,10.80878761,8.25039681,-1.64921008,2.59308956,0.96288951,9.13360090,-3.53915646,-12.42592073
9.92187500,8.71232508,4.62584702,-3.06696480,7.48076982,-4.97069997,8.47974386,-11.49302733,-14.32560001
9.92578125,11.61085398,3.79242868,-2.45066400,7.18611107,-10.47832077,9.85076980,-9.24143328,-5.34404464
9.92968750,7.49735586,-5.24312647,-3.05855264,6.76737613,-11.28732765,2.86754600,-6.02324730,-4.16679855
9.93359375,6.89420987,-9.36130108,-3.06351547,9.86024378,-10.72310214,0.00201062,0.49782370,-1.19167010
9.93750000,1.67132564,-10.49991846,-3.81730752,13.56239046,-4.88011088,-0.73281129,9.96848657,7.12440456
9.94140625,3.69287620,-13.58823377,-6.27177344,9.28359127,-3.97785966,-1.10623328,9.39850467,10.45643031
9.94531250,3.07955294,-6.37226032,-5.29350403,7.19428489,-3.18864941,-4.02742435,6.60698918,13.80810552
9.94921875,1.74212191,-2.89024873,-5.33075934,10.08378015,7.09737572,-4.28867539,-1.04379099,14.38967617
9.95312500,-5.41920461,2.39799844,-5.32928976,7.01522797,4.79155991,-5.85808276,-2.75709684,11.36426467
9.95703125,-3.49229898,9.03957586,-8.95436674,5.19278847,10.14099335,-7.09353842,-3.78555459,5.07056229
9.96093750,-8.89271391,9.34195053,-7.43753370,0.94098906,9.66197779,-5.58624477,-8.63621393,7.47904530
9.96484375,-10.09075316,7.96619237,-9.08518163,-8.95406231,5.76094550,-9.71213636,2.33307428,2.95256326
9.96875000,-6.58133973,7.96251324,-6.96776056,-7.33247712,1.89874623,-4.72601507,6.51148238,1.22139628
9.97265625,-8.82267242,1.61184201,-6.07158193,-11.68219994,3.07842401,-12.35782461,10.39177620,-1.19601922
9.97656250,-8.92908811,-2.52088739,-5.85261560,-12.11577322,-5.53037752,-8.55687284,12.72198995,-2.13630080
9.98046875,-6.77303892,-7.51709827,-3.29981009,-7.83835697,-8.32965303,-7.15438956,3.76620441,-5.95160625
9.98437500,-9.30184671,-5.66079444,-4.20900254,-12.27490553,-11.85741771,-9.52816602,1.91776316,-7.11436221
9.98828125,-3.66530152,-12.06704843,-2.86510464,-6.83503413,-11.64726475,-6.39721432,-5.03784133,-3.06281841
9.99218750,-4.80725604,-10.79892708,-5.06309316,-1.50037427,-10.02641457,-4.75131877,-5.96483272,-4.06432745
9.99609375,1.28352373,-4.57665502,-3.18997408,-1.44171484,-4.75254054,-5.80699335,-4.79565198,-4.85295346
10.00000000,1.50658658,1.87663075,-2.72476168,-1.75995164,0.14935187,-3.45590490,-4.04084063,-1.75194841
10.00390625,6.22715275,5.86389253,-4.23663547,4.68990540,7.97481672,2.32517321,6.49865318,2.96640720
10.00781250,4.04029021,10.05633319,4.60041915,5.62556786,8.84964129,6.98685788,4.00713826,3.06913545
10.01171875,7.53497112,9.79885653,4.59714204,7.55935740,10.59892163,3.74715864,7.68498801,6.63995348
10.01562500,5.40553177,10.74934631,2.27015084,12.47858659,13.34059666,5.92934180,-1.72966875,4.91589941
10.01953125,7.06982376,8.09854062,5.62327609,12.54754017,10.91701541,8.24740392,-6.60766461,12.33708843
10.02343750,10.87886307,4.95526010,5.39516489,12.16984450,6.09186712,7.38703280,-12.03378313,5.77146238
10.02734375,10.63014973,0.90652165,12.10014725,11.36381547,1.59233906,11.49558557,-7.82755338,3.78812429
10.03125000,9.72917093,-8.03582792,8.84797796,9.13813510,-5.46879741,12.37443921,-7.06084912,-0.38205761
10.03515625,5.26003872,-5.84763139,8.42125237,6.55991860,-3.11415921,10.54772621,-2.16850362,-0.97188428
10.03906250,5.98931222,-7.92571925,12.77537162,-0.05947416,-10.29996873,11.06204789,7.83141325,-5.17383838
10.04296875,6.00781960,-9.94279193,7.74602531,-0.53420449,-10.94216218,6.48508735,12.17432527,-8.90656343
10.04687500,-0.11378680,-3.82488813,12.41868850,-4.31111964,-14.01822708,5.45383195,3.47949841,-7.97069560
10.05078125,-2.91902934,3.06200876,12.66595275,-7.31255036,-5.21853556,4.61629106,-3.03065329,-11.10988232
10.05468750,-2.97415868,5.12432984,9.59393133,-7.91809914,-2.14612163,4.29361567,-8.52646561,-11.19027784
10.05859375,-5.48732442,7.42119429,5.53035481,-8.77181515,-0.12654679,1.47014843,-10.44659685,-8.28282715
10.06250000,-8.51179534,10.26521324,5.54206165,-12.55576990,3.48947479,-0.93078606,-4.53825218,-0.27313261
10.06640625,-12.36556702,8.37992356,4.12204767,-10.19782731,10.22778290,-0.72133777,1.07879506,0.44072501
10.07031250,-14.44753854,5.27172801,6.45230531,-9.23904832,7.97409602,-0.22975826,6.68600593,5.28386090
10.07421875,-8.07115127,-1.36311827,5.92363580,-9.00770792,9.93158126,-4.13820068,10.73689389,9.19882655
10.07812500,-9.34590067,-6.31299345,4.95115259,-4.59750374,5.14633284,-7.49030726,11.19782871,10.77934317
10.08203125,-6.07220932,-7.94431155,-0.00779920,-1.78610148,-0.22256622,-10.29573209,4.15107651,11.34958410
10.08593750,-6.96122479,-11.65693601,-0.95541700,0.50544523,-5.90088648,-8.73339766,-2.09616005,11.21338178
10.08984375,-2.21733863,-9.89736637,-0.86651308,2.30158560,-11.19926145,-13.69710897,-10.44732106,5.89861506
10.09375000,-1.44902799,-8.38476997,-3.96167298,6.05990752,-8.89634553,-11.93863987,-10.44685795,5.82542387
10.09765625,-3.70999424,-4.63746982,-5.74026840,11.46766201,-9.69831040,-12.40541038,-3.14718925,1.15561054
10.10156250,1.11062710,1.25291394,-5.69016908,12.31002262,-4.80916540,-10.07367092,3.18428432,-0.96634705
10.10546875,7.24882634,6.10824206,-12.83019103,9.21865887,-5.44418797,-14.03926239,7.27303204,-12.28319711
10.10937500,7.17547758,11.79495411,-12.50428102,12.46940860,1.27197624,-5.55841579,12.21562478,-8.74909884
10.11328125,10.03034734,13.03946803,-13.67067351,7.28339787,2.39608661,-6.99695854,7.08599928,-10.39246884
10.11718750,7.70557554,11.19682316,-10.09313136,6.28098059,7.92613835,-1.57976550,-0.48910387,-10.66218764
10.12109375,11.67523866,5.30955801,-7.33632714,1.53137155,10.27745299,-1.44385505,-8.04020392,-7.74970784
10.12500000,9.32615286,-1.94533610,-11.22959066,1.36080332,7.70988166,-0.70745909,-13.94244527,-6.19251713
10.12890625,7.84383981,-1.03719266,-11.16672436,-3.01269994,6.75111533,1.53079687,-8.11058297,-7.82143949
10.13281250,4.50984704,-7.01864918,-6.07972490,-6.53105261,12.45484865,5.43459105,-5.40603753,2.38706446
10.13671875,5.16797006,-8.83554258,-9.11846364,-5.42319116,-1.54966048,6.08636290,4.17804438,2.49420623
10.14062500,5.09792793,-5.09656016,-8.53400946,-9.40754846,-1.83309767,11.19740745,5.57016967,8.26082302
10.14453125,2.77399617,-6.79043681,-11.03361138,-5.17793986,-11.70622358,10.36851822,9.52013861,11.21890486
10.14843750,1.02516751,-1.71679061,-8.22375340,-9.87027768,-7.50688659,3.78475346,8.48670036,8.02661766
10.15234375,-0.68374234,4.99932678,-4.07681385,-7.99055904,-13.16906165,13.47716928,-1.59358144,11.30632370
10.15625000,-5.28294972,5.07900539,-3.15735866,-6.52888590,-11.07371847,10.85479718,-7.96500002,10.94143670
10.16015625,-4.58068629,7.00780547,-3.08626833,-4.28867961,-11.43895239,11.11388062,-9.62201356,6.04077890
10.16406250,-4.11727418,5.34323021,-3.17995717,-1.65439301,-7.27499379,7.07024234,-4.47626460,3.17312353
10.16796875,-12.49424880,6.09761914,4.29149704,-1.90015562,2.32168926,8.49661538,4.26249146,-0.97550796
10.17187500,-9.05217451,5.35376260,3.81529114,4.46751404,4.92149615,8.46492689,14.48091309,-5.52692609
10.17578125,-10.87602403,-4.89743392,5.20000119,3.04872021,7.77011885,4.08663284,13.86695897,-6.13746626
10.17968750,-8.35871324,-9.32295772,3.94253241,7.29896890,11.33253835,4.00242785,10.39280097,-7.38111837
10.18359375,-3.94036460,-10.55200043,5.03447360,6.11136806,5.20515967,2.73943287,-0.60359300,-8.75983837
10.18750000,1.49240237,-11.92601654,8.79030580,8.99508297,6.05888865,4.26514217,-5.02011965,-10.66374864
10.19140625,-4.87975638,-5.28777800,9.47779475,5.66447626,4.57475354,-1.52036057,-7.58432787,-6.45929552
10.19531250,-4.13877109,-2.60133655,6.70663489,8.80223161,1.96987216,-6.13044054,-6.88401540,-7.41610982
10.19921875,-3.13749731,-1.43193949,7.85332325,2.93628119,-3.24426428,-7.36615317,-0.20834124,-2.36322753
10.20312500,3.95142686,5.39453649,6.86659560,6.47380464,-6.43274085,-8.11216073,5.59979016,3.74932688
10.20703125,4.06165133,7.71060230,4.12433402,0.11531003,-7.61665244,-9.91844067,8.53439960,2.67608332
10.21093750,4.90787862,11.68883340,5.66949797,-1.98816706,-6.70736192,-8.23547064,7.27593898,5.61555506
10.21484375,4.53330824,10.99464637,9.16580256,-6.69637607,-3.48572370,-8.11111968,6.41715945,7.71883018
10.21875000,10.35003165,6.26356656,5.27899725,-3.53667003,-3.96076091,-8.27563435,-6.94789279,10.49870913
10.22265625,8.34132885,4.94916152,7.36097947,-6.22924319,-0.16425599,-9.69527215,-11.55985295,10.13379854
10.22656250,10.54467204,3.44011277,7.73652064,-5.87234944,3.91928522,-10.15627893,-9.84844063,2.36638925
10.23046875,4.23436885,-5.44472536,4.27364984,-7.96110858,3.56102771,-7.42203908,-6.06903909,2.18480864
10.23437500,5.91853304,-12.08448254,8.73440423,-10.41280937,8.94966712,-5.67682111,0.60672840,-2.29680246
10.23828125,1.49219633,-5.97354740,3.25246278,-8.19537177,6.50247820,-4.09746124,8.73517526,-3.40102151
10.24218750,2.56805326,-12.06949824,3.21438895,-5.08628550,3.44475608,-1.24906107,10.70170649,-8.90912967
10.24609375,3.17858824,-5.64728080,4.70857527,-3.42989318,1.49690048,-0.72498383,8.20329292,-11.88387438
10.25000000,-1.31700927,-0.25576148,0.04478071,-1.25715524,-3.15513716,0.28374958,-3.96595486,-6.56356010
10.25390625,-5.05995540,6.81637164,0.96859436,-1.18077693,0.76453525,3.95716718,-7.38155292,-7.05042887
10.25781250,1.30896172,9.63568458,-3.53563782,5.50594224,-6.94216464,3.60895297,-10.38530772,-5.13481035
10.26171875,-10.82600529,8.07662858,-7.60903095,5.92786924,-8.70195100,8.38692024,-5.29473998,-0.94949215
10.26562500,-6.96179457,7.50454529,-0.66590688,10.44638686,-12.23458367,8.17155562,0.11280300,-1.51073164
10.26953125,-12.25522285,6.70149282,-7.21046999,3.75726393,-11.90778268,8.58401079,8.95217547,7.26924990
10.27343750,-11.93585293,3.51093568,-4.79651295,10.03920735,-5.28536422,9.45906494,9.64920542,9.38340110
10.27734375,-10.76239113,-5.50566634,-7.90745504,7.78278299,-1.08882594,9.42893981,11.20477244,5.89556855
10.28125000,-10.27225907,-9.10828085,-9.14458461,4.74698775,2.11931501,7.83734868,4.28171263,10.06552152
10.28515625,-5.66560780,-12.33833436,-10.36004679,4.15409286,7.10498388,8.18292240,0.97527507,8.65295491
10.28906250,-1.02683122,-7.44376102,-11.68232032,1.24526940,7.52605935,6.85615880,-3.66263889,10.74715225
10.29296875,-1.27075282,-4.03898662,-8.33426681,-5.13740474,9.75628753,5.26010429,-8.82071521,7.43136379
10.29687500,0.86304321,-0.40121205,-9.29477813,-2.74159867,11.50697439,4.40620122,-0.94614367,1.94381679
10.30078125,4.56497662,-0.12968567,-9.80420860,-4.92879836,8.46513612,3.39487192,3.39350036,-0.39709783
10.30468750,6.34959451,9.78000279,-13.14326800,-5.91619955,4.77015753,4.53310253,4.90767827,-7.17659645
10.30859375,9.55496229,7.47502681,-9.91940541,-4.55666299,0.51220612,2.45347751,12.04339856,-7.14223336
10.31250000,9.07772962,11.19041703,-8.50398040,-5.22962172,-3.27944750,-2.14339362,6.93254432,-7.50923058
10.31640625,7.55504644,5.77744910,-11.39006953,-12.30734141,-7.39469351,-3.15579460,0.90462316,-9.96948910
10.32031250,8.31812783,6.61846057,-6.95802581,-6.82426162,-10.66187934,-4.00151756,-9.10824161,-10.43826965
10.32421875,11.38947506,0.92444947,-6.34552327,-4.43914718,-8.86647693,-2.85643130,-11.63230816,-8.39686435
10.32812500,6.49937593,-3.17712110,0.66454540,-3.72906321,-10.06223172,-7.36022813,-8.21508339,-8.28970704
10.33203125,8.70468176,-5.79603474,0.18141476,-4.29441579,-0.69113947,-6.57140352,-1.05574447,-1.82038803
10.33593750,9.14534056,-10.81252968,4.11907398,4.23388307,1.51453441,-5.86110565,4.06586996,3.41801817
10.33984375,4.40072022,-7.71701281,3.36631482,4.52475647,3.09686242,-4.32154073,6.25107909,4.73067678
10.34375000,2.80549501,-7.50974625,7.26573906,7.97059492,6.24641958,-7.10909192,13.09516834,6.75315301
10.34765625,-1.45024797,-3.40256589,6.81987728,9.81632896,11.44230692,-10.12674117,0.58549495,7.85693599
10.35156250,0.49299731,1.92699310,6.11101006,8.20480537,7.75719837,-9.45075270,-3.14298242,9.77680242
10.35546875,-7.09277754,9.92198356,6.27939544,11.13548870,3.66628932,-7.89684105,-7.66993078,11.77317779
10.35937500,-4.97227397,7.21942545,11.28793213,10.11603027,5.15629775,-5.08739539,-12.22798708,6.61414739
10.36328125,-3.57089960,8.31474406,5.94401663,5.79190703,-1.66527209,-1.00281975,-5.51891858,3.00956468
10.36718750,-8.25125257,7.17132246,10.80153418,4.07708145,-7.56541696,-6.59169523,1.12722039,0.23623734
10.37109375,-14.07499339,3.81434972,12.49833121,2.48963605,-7.18809869,-0.43398388,5.09456479,-1.99541000
10.37500000,-9.68482459,-3.16946871,12.46121454,-0.38481851,-9.15162523,1.31690297,10.69916532,-7.49491157
10.37890625,-7.61563649,-3.62021402,9.75194560,-0.79787851,-6.98827660,0.22603632,9.46223726,-5.60694187
10.38281250,-6.80128227,-9.33028905,11.71964503,-8.43581272,-4.84253481,4.22304693,3.93230925,-9.63018810
10.38671875,-6.56570216,-10.94607553,10.65841981,-9.78605503,-4.31517549,5.38613679,-4.06354831,-7.52202462
10.39062500,-1.19957505,-10.79062266,7.79948143,-10.53184595,3.82708786,6.02944519,-7.72670839,-4.80571358
10.39453125,-4.74612829,-6.97418167,5.85956334,-9.10145305,3.87643211,4.92125741,-6.07539692,-7.94308264
10.39843750,1.02824942,-0.39161028,6.40256203,-10.16038112,10.46848262,2.77995760,-1.47588925,0.68465010
10.40234375,-1.08355948,3.33954485,2.68644880,-4.60850617,13.09373888,6.02274278,8.63709818,-0.90809124
10.40625000,6.38943399,11.08914993,0.57214441,-4.67027242,11.35929213,9.43762725,8.30032865,4.21669823
10.41015625,6.52595092,7.47210526,1.82499724,-1.19671250,10.41879317,13.98461609,7.95214836,6.81747081
10.41406250,5.73288699,9.89797914,-1.14223800,-1.95800387,2.41566608,7.76788240,3.58252137,8.69338652
10.41796875,6.87238361,5.72620870,-0.79587729,0.20843226,-1.25816148,7.58939497,-4.74049890,11.42270436
10.42187500,4.62480463,5.66278178,-3.30399629,3.71063799,-4.24487410,5.68651555,-10.67364242,9.81369242
10.42578125,13.54764359,0.90812878,-3.62916220,7.97967012,-8.57919098,5.21706051,-9.66126733,3.87018666
10.42968750,5.41339638,-5.67895752,-4.53449184,10.36467608,-9.51141532,4.25956089,-5.38527192,1.47374350
10.43359375,8.54008632,-8.63533829,-7.49223130,12.19117621,-7.69740020,0.93467178,-0.01623325,-2.71242163
10.43750000,6.66721092,-11.05863283,-4.55994781,6.99683605,-10.56300872,-0.26989359,5.78749085,-0.89964155
10.44140625,2.59833604,-11.92466868,-8.24794273,11.32151569,-1.90975851,-0.39413585,9.90945603,-8.85078808
10.44531250,-1.03568438,-4.11538357,-6.25814172,3.95854384,-2.48195800,-7.65622900,7.29234811,-12.04220804
10.44921875,1.38270594,-6.51622922,-6.27833438,6.14090875,2.60852420,-4.09131270,-0.37263548,-3.69782680
10.45312500,-3.33648405,-0.60568266,-11.79339853,0.78570047,6.83674348,-13.15405804,-3.63525469,-5.41997085
10.45703125,-2.10634885,4.95452385,-6.13948910,3.87386013,10.54856068,-5.13210002,-10.42530856,-11.83784062
10.46093750,-4.85245301,4.94209826,-9.44171538,-3.39655991,7.74084643,-7.06451769,-12.35541223,-3.02299882
10.46484375,-5.62986528,5.61952336,-12.22391689,-7.89010498,5.61834150,-8.12527868,-2.06011245,-5.46882778
10.46875000,-10.33713594,8.22294401,-8.57486362,-9.31241731,1.91330747,-12.46297712,5.12348151,-2.26700217
10.47265625,-9.22010360,-1.01072519,-6.79953472,-10.50909415,-4.58413920,-14.74000904,10.81705171,3.72322445
10.47656250,-8.92936341,-0.97548406,-4.19523166,-14.05929792,-5.88471800,-4.95867474,12.10157651,10.53190703
10.48046875,-3.91995596,-8.13793015,-3.30494405,-7.44510407,-7.52566703,-13.43407299,7.77460487,9.98972566
10.48437500,-4.00806840,-12.91318426,-3.65123093,-9.98784387,-10.67671990,-7.17036750,3.19889251,8.31421840
10.48828125,-5.20166391,-8.32948146,-3.82279305,-12.34435776,-9.64864827,-7.74208074,-7.16813221,6.84494554
10.49218750,1.46059666,-8.02800259,-1.89174175,-3.25164562,-4.82252630,-8.74690524,-9.88836139,2.64699688
10.49609375,-2.29620039,-7.07519848,-3.45722740,-3.15770963,-1.76678649,-2.31482599,-3.29764565,4.79704390
10.50000000,0.89724506,0.61497998,-0.71607600,-0.89067738,3.54185073,1.14522378,1.34984539,-2.00170746
10.50390625,2.71307100,8.86678664,-0.48871724,1.51446185,7.75325013,-2.36527652,3.79829751,-8.23586905
10.50781250,5.11267555,7.48030979,1.54538012,11.45316663,9.97497635,1.35523131,6.38289190,-7.14809958
10.51171875,2.13870161,6.90934624,0.14557998,8.57963055,15.92359734,3.04795624,4.29502918,-10.93787737
10.51562500,7.59656030,7.25370382,4.51231330,12.45839270,11.63033684,5.28355393,-1.41421701,-11.40405083
10.51953125,8.01250991,7.57454629,7.97175125,12.91407105,8.19596548,11.93962677,-10.51826237,-7.04329261
10.52343750,8.35308493,1.69314002,4.18997941,13.76275942,6.21555321,8.58764229,-12.41953659,-11.66288645
10.52734375,8.63101190,-0.52264362,5.42848536,11.53370756,-2.30839872,11.38179056,-10.44972130,-4.32099132
10.53125000,7.66954041,-0.19837255,12.20643586,5.74992393,-4.91891290,8.85895038,-4.78418147,-2.40716078
10.53515625,4.98129762,-11.89809465,10.07370708,3.90201143,-6.96138032,14.72970558,4.59745439,1.94119100
10.53906250,5.03494992,-12.65161923,14.18397382,1.74397944,-8.68800621,8.42753169,6.32736614,3.88440622
10.54296875,2.48960248,-7.20934410,10.87000756,-3.82768835,-9.57594194,5.80975718,7.99446952,6.13414755
10.54687500,1.63417643,-2.12296821,7.59485465,-5.34442534,-10.60343578,4.95864833,8.34537124,6.26218972
10.55078125,1.75988900,2.61630393,6.53689228,-6.45789750,-8.71739447,6.95413268,-1.66545611,10.40617801
10.55468750,-1.36898845,3.93043616,12.05118882,-7.00038975,-3.07455728,5.54097213,-4.73130972,11.24341543
10.55859375,-7.01070884,6.61748576,9.85836854,-6.19550519,2.80792812,3.98389815,-9.30186575,5.62791167
10.56250000,-5.31931574,10.95240752,7.85268270,-6.54979693,5.94916886,-0.57339017,-7.95172140,6.86961447
10.56640625,-11.81294822,6.38647225,12.89195454,-10.23309612,12.37880961,-1.07016395,1.19205377,2.57894278
10.57031250,-11.32025568,6.35677472,2.35575505,-7.54471772,11.27818850,-2.44783582,6.78463599,-2.10396428
10.57421875,-12.71919227,-0.97165668,3.44447248,-6.50994251,8.25679603,-6.62435190,11.07677844,-8.86369058
10.57812500,-9.37271206,-4.73586431,5.48463694,-3.73038706,6.25698181,-7.88053021,8.16138265,-12.15812161
10.58203125,-7.42962773,-10.71529848,0.91856338,-5.02527357,0.39162332,-13.16206644,6.18729360,-5.17467854
10.58593750,-5.82629240,-11.01683147,0.65894814,1.36283878,-2.73124287,-10.80538523,-3.21060129,-9.38889246
10.58984375,-2.90618310,-9.05717008,0.70710891,1.52500622,-6.21722224,-8.58788381,-7.70845555,-7.17400714
10.59375000,-1.08606674,-10.06370731,-1.29390319,5.39823583,-5.48137272,-11.90988870,-8.54216561,-4.92991503
10.59765625,3.62781493,-4.19344907,-5.47907163,7.49649703,-6.28011057,-9.69664133,-3.72060896,-1.82903168
10.60156250,0.12040762,3.09810862,-9.89616200,12.18599778,-10.54568465,-10.96932489,0.59895339,2.06410933
10.60546875,4.13002774,9.77886381,-7.55388709,7.58272953,-3.52712548,-12.60700739,2.56682467,1.87006563
10.60937500,9.38472787,10.69237167,-9.17996630,10.33357578,-7.56658117,-2.13803483,9.68927794,5.07743293
10.61328125,6.41833395,7.15638932,-7.32530844,7.99140403,1.40009979,-4.40929857,4.16353787,9.15142943
10.61718750,9.27636020,5.31774888,-12.70846344,9.31793282,6.70335642,-3.25369957,-5.37683551,7.89460988
10.62109375,6.92488210,5.52810811,-9.66583717,2.50039273,10.66510901,0.86720605,-5.76530686,7.72775489
10.62500000,9.08854614,2.06441010,-5.54607798,0.63668654,13.48828369,-3.33882247,-11.32718789,9.61488156
10.62890625,11.34220445,-3.57156227,-8.30733537,-6.94239582,9.00632464,5.44970380,-12.49445483,-0.07760202
10.63281250,5.62811902,-10.53801069,-9.83529086,-5.77582067,5.04292874,3.92587339,-3.49202351,0.65326472
10.63671875,11.45348461,-7.61627973,-10.40258360,-4.23413913,1.78907369,10.64428128,3.10568935,-1.48820631
10.64062500,5.56717614,-9.11205598,-8.80688293,-7.20657400,-3.18480871,7.57979452,10.27938391,-5.46854874
10.64453125,3.88672352,-4.12152964,-6.43928477,-8.82073272,-9.44435351,10.31663976,7.59866008,-11.79070180
10.64843750,-0.86460752,-2.84646338,-7.18732477,-10.45931033,-9.68200444,5.18696410,3.67050104,-8.93762657
10.65234375,-2.08285719,-1.21876536,-2.96993939,-7.16448170,-8.49333783,11.51354397,-2.31286458,-11.22446460
10.65625000,-2.26581973,2.79235768,-1.08873442,-5.36655802,-9.74627565,7.87127614,-9.79167282,-7.44627507
10.66015625,-4.85779901,8.92713006,3.11930747,-4.38570775,-7.77936848,5.77716433,-7.36022333,-7.28086336
10.66406250,-5.80725324,6.98841152,-1.18253549,0.02478847,-3.54336387,9.49929525,-1.57799762,-0.94735996
10.66796875,-11.12555675,7.67770860,3.44257555,2.46280735,-0.76442236,10.05435615,4.10741927,-2.10470664
10.67187500,-7.87810047,3.07619532,1.11933238,-0.71145403,2.50770288,5.61589514,12.18688312,7.90782958
10.67578125,-5.93362732,-0.66298653,4.72552639,6.10809378,8.34366682,2.97522584,11.66956712,8.67459288
10.67968750,-5.08691632,-7.96485440,9.75853845,7.95369291,6.32111256,4.90611620,3.54528041,12.05109220
10.68359375,-6.00250981,-9.58041112,8.09474562,9.75181135,6.64288790,2.18893765,1.49022786,11.22937445
10.68750000,-7.60209958,-10.70202658,3.81578512,11.58806661,10.71669936,0.24812773,-4.47569761,7.27967920
10.69140625,-1.89354369,-7.30974891,3.54188779,13.12551040,5.76912047,-5.21877634,-10.76356255,3.53709442
10.69531250,2.66006714,-0.73775765,5.51408787,5.62769785,-0.89918765,-7.25772208,-8.26562529,5.55185033
10.69921875,-1.27031041,-0.38076532,6.47897640,6.41200577,-3.90460004,-5.13235346,-1.67856801,-1.81827973
10.70312500,2.93440576,6.15873924,5.13549768,5.38361763,-4.09638577,-6.36900698,8.27150310,-3.90389838
10.70703125,-0.77555371,7.58394592,8.95527123,3.36571941,-7.72209847,-11.21392794,8.56997484,-8.90440912
10.71093750,7.22032707,14.30355028,3.79695430,1.07690177,-4.50298124,-13.43217237,4.97470154,-14.17961992
10.71484375,6.12861421,8.17448305,6.53689745,-1.77281867,-3.45171630,-10.21323189,3.43770888,-11.52093772
10.71875000,8.58124388,12.93538658,4.40968106,-3.21842655,-1.62433466,-8.72737983,-6.24972768,-14.78448940
10.72265625,11.61906143,4.20043147,5.38704868,-7.11333142,2.58984009,-12.65130398,-7.98509302,-13.66669075
10.72656250,9.81952046,1.68986966,9.86286936,-10.38218905,2.66763502,-8.22700418,-13.84064468,-5.29702365
10.73046875,5.56495811,-7.19340707,6.79241212,-12.10303820,6.28977999,-7.95264171,-4.40589509,-1.61002164
10.73437500,5.89221232,-10.04687802,5.34867156,-6.75643458,5.33247210,-6.14150047,-0.27226516,0.62488367
10.73828125,6.31652283,-11.73816104,1.83207747,-3.23457557,8.85209246,-1.38310408,8.26058623,7.96839434
10.74218750,7.99430912,-8.02130768,3.07631059,-7.31160580,10.09958868,-3.32145950,9.09650010,12.08744660
10.74609375,-1.39756915,-5.66769623,2.00807062,-1.27492659,5.96911259,-0.80547697,7.09666075,11.20852176
10.75000000,1.48833647,-1.51136053,0.45067478,1.64837239,0.80516010,2.43048288,-2.86770014,8.10503476
10.75390625,0.86283557,3.21359507,-1.40233579,1.25466486,-6.01567362,4.11501181,-8.31592223,9.28253005
10.75781250,-11.67841543,3.59061891,0.54515904,2.38252951,-9.18056412,4.09930620,-10.63484574,11.09846646
10.76171875,-6.74886391,10.50134494,-3.39270792,7.71912496,-12.71750363,5.69125686,-7.97339725,7.44529722
10.76562500,-7.64125229,8.71127948,0.53311864,5.79800432,-6.68137303,7.32838845,-0.05920165,1.21132618
10.76953125,-12.06240177,6.82174344,-4.59186797,9.78052994,-10.75463804,7.15914575,4.42932520,-3.07868985
10.77343750,-10.86178270,4.39135860,-3.67421530,5.90260805,-4.56746515,6.28356292,11.66859024,-5.15809192
10.77734375,-9.80509496,-5.21053215,-8.81077232,6.84971925,1.41322813,8.87744300,13.42258791,-4.51700433
10.78125000,-9.17578797,-8.61783741,-5.75654912,6.59620311,3.65837964,12.57927227,4.78270051,-9.87984918
10.78515625,-5.69885157,-9.70818603,-12.05130361,4.53571157,7.24474839,12.87983625,0.20110664,-7.45788792
10.78906250,-3.48915058,-10.43552738,-6.50194460,2.07511011,10.46630894,3.58185100,-6.82392837,-5.88543947
10.79296875,-1.79724131,-8.96076145,-6.92405091,-5.71732953,8.51848505,6.09701077,-7.39313353,-3.82388135
10.79687500,5.80815465,-4.18148138,-11.95604255,-3.45244153,8.14979363,6.82408436,-5.29599918,-2.54536531
10.80078125,4.21761053,1.03707171,-12.86502965,-7.39670561,6.89226736,1.56310259,1.62888284,3.41826996
10.80468750,3.81085714,3.19830562,-13.53295642,-3.27937576,4.09488423,-0.07943741,5.60381128,4.97691914
10.80859375,8.01408887,9.30638485,-9.40102830,-11.05817631,1.74772433,5.20781980,9.96675630,10.07691434
10.81250000,5.11706432,7.26986144,-9.24312308,-6.78340121,-9.79935194,-3.20001430,4.40016864,3.92671347
10.81640625,11.85617678,7.52934347,-8.82222059,-8.46674274,-8.05714628,-2.03724562,-0.66636612,7.19213893
10.82031250,11.04206112,4.89439206,-6.31860496,-14.57125874,-10.88417374,-4.62620374,-0.74747396,8.31228381
10.82421875,9.91687448,6.57464071,-1.48740463,-6.92321602,-8.76213762,-5.92429999,-10.90731292,3.30141894
10.82812500,9.01242369,-1.64912289,-3.15095176,0.92887589,-5.05375571,-5.05491142,-8.04748548,3.01324355
10.83203125,7.13897007,-8.61709560,-1.41772761,-3.01443140,-2.25403996,-8.05800040,-3.46203311,3.56052695
10.83593750,8.21163731,-8.74677853,0.02184066,5.84186439,2.97534054,-9.92689237,1.64112893,-1.45384796
10.83984375,6.66905444,-11.72930516,-2.33775947,3.38026209,5.36739270,-9.89240425,8.19018560,-6.06562977
10.84375000,2.87282848,-5.37309775,4.02785027,8.47596909,8.60367092,-7.16686513,13.92734338,-7.99917145
10.84765625,-0.40711415,-6.58500018,6.28155410,11.60103854,9.74488794,-12.36477831,3.18847590,-9.83278812
10.85156250,0.05900585,2.97641580,7.24501494,8.58732802,6.20796138,-9.75160165,-3.56726984,-9.10641868
10.85546875,-6.16826594,6.08783482,7.40749068,9.61810069,7.00243701,-6.98931182,-8.74214909,-8.71486864
10.85937500,-7.76297084,6.01007870,11.16944619,6.23942503,0.63062113,-8.32794158,-12.33834758,-4.27776767
10.86328125,-7.51570184,8.81769098,6.52002736,10.95456440,-2.21192741,-7.33868429,-6.12882404,-6.42215294
10.86718750,-10.91073325,7.24350222,12.75440914,5.81413954,-10.98994695,-1.30675489,2.36959414,3.98522727
10.87109375,-8.89101301,0.90016898,10.66960175,-1.67019853,-9.33362807,-2.21165494,4.32525972,5.02988865
10.87500000,-11.76103121,-2.45203533,12.48853979,-1.18870491,-12.23389180,1.87554673,9.89392168,8.58797952
10.87890625,-11.44210548,-7.50894037,9.78149517,-0.71372936,-11.70632957,0.79812026,7.70376815,7.11728480
10.88281250,-4.73261124,-8.53658250,12.46530827,-3.08485312,-8.28901472,1.83844552,0.75586259,11.39767442
10.88671875,-3.06986249,-12.22887517,6.75345438,-8.80433152,-2.96877846,6.21218110,0.48117479,8.93305493
10.89062500,-4.29069567,-8.29370956,3.13566991,-11.23219167,2.73858073,4.44703131,-8.01789101,3.65201882
10.89453125,0.26636057,-8.60469235,5.71090932,-8.31132313,2.88526939,8.97546999,-9.73913150,5.40859929
10.89843750,2.47473468,-1.01990766,2.90475863,-7.30899206,13.47924346,9.77472545,-6.48462467,2.06446931
10.90234375,5.03053333,1.12148785,2.76991953,-7.96681044,16.06251027,10.46113436,3.29115767,0.75795301
10.90625000,4.89698474,5.46976977,3.77591850,-2.60743094,11.44861963,10.03560350,7.88055588,-5.48941043
10.91015625,4.45743103,10.49933138,-1.86726773,-2.90182960,8.56770071,6.31773302,8.17891543,-6.73068341
10.91406250,6.53232846,12.21179692,2.34532403,0.74979079,8.37578438,9.21197028,6.77769065,-12.11365477
10.91796875,7.51962107,11.77681183,-5.09928800,1.13061614,-0.92145014,7.81498099,-7.35238338,-9.10926376
10.92187500,11.97560676,5.28957990,-4.91617474,2.02730764,-4.51941158,7.75834523,-9.44394373,-8.63516404
10.92578125,7.75888416,0.02164786,-2.53826729,6.38521053,-6.61514205,8.07073374,-9.93881675,-3.64213792
10.92968750,9.07558741,-9.23616351,-3.31966391,9.33007436,-9.78256479,8.56285015,-6.52113116,-6.12895945
10.93359375,4.53886397,-7.78839771,-2.41198670,6.72811574,-9.74501937,4.95604662,2.56163630,2.99953709
10.93750000,6.05376528,-9.27095450,-6.74876926,9.03474049,-8.92408903,-0.18357328,12.83739120,4.59820832
10.94140625,4.59723695,-8.52396790,-5.57017412,9.47118175,-1.95405110,-3.38246383,8.49077090,4.96725294
10.94531250,1.97138836,-2.85965867,-7.70634179,6.15371506,1.88437610,-4.42143437,3.15159570,7.77316544
10.94921875,1.27112314,-1.92825534,-7.53212403,7.41616679,1.19386012,-4.90795153,0.16121382,5.83142123
10.95312500,-2.66196068,1.89104718,-7.54760235,4.58253955,7.33481798,-7.00648445,-3.42193022,12.06592080
10.95703125,-3.74240035,6.04308034,-8.67326759,0.99539251,3.79912396,-6.07673689,-8.50179832,6.66840646
10.96093750,-8.39037848,6.12970283,-6.77067314,-2.29937446,9.83980420,-6.88945622,-7.91169127,10.03873658
10.96484375,-10.55617555,8.01496080,-13.79769522,-6.66455354,4.16297923,-6.73055705,2.41949676,1.21590337
10.96875000,-9.86372478,5.82944054,-7.86084736,-6.89261325,1.18126391,-12.90318936,4.25213143,2.42999534
10.97265625,-7.49339445,0.77502424,-9.85137209,-13.78762072,-3.95456651,-11.46083048,9.32334281,-3.08637399
10.97656250,-7.72564750,-2.86412892,-4.67198127,-11.53549039,-6.01300370,-7.42684355,11.58568542,-6.45649474
10.98046875,-13.48424624,-10.86359688,-8.07712904,-12.57464182,-5.43265124,-7.98914426,7.63143105,-6.76926161
10.98437500,-9.08718559,-11.32644694,-1.84886832,-11.97024233,-7.73371242,-10.33163725,1.28052357,-8.71919193
10.98828125,-2.69155715,-10.26790671,-8.14385016,-8.21318577,-16.46727515,-6.06212685,-7.03882737,-4.73391157
10.99218750,-1.17810423,-7.50678074,-0.28974433,-5.31777704,-9.33210608,-3.92031667,-11.51024260,-11.96914750
10.99609375,1.63076373,-7.16235630,-3.88350249,1.34464882,-3.26338541,0.37367272,-8.56724824,-7.08962230
11.00000000,3.08487677,-2.68878609,-1.36806038,-0.39223239,2.04346912,-2.32755250,0.65853736,0.23717012
11.00390625,1.83499389,6.78826126,-4.78538242,2.83170720,4.73223400,-0.33919332,6.99704709,-1.11176070
11.00781250,7.54881886,11.17227122,1.13894341,12.82521593,10.93505990,1.70403579,7.77062433,6.64681540
11.01171875,7.55793242,11.49422758,-3.22935264,11.58088225,9.05548389,5.62092903,7.04382264,5.53959813
11.01562500,8.56696908,10.35357374,3.43420660,15.18709019,13.05443014,9.40322967,3.49127179,8.25914300
11.01953125,10.01921606,7.56400945,7.03754987,10.71324330,11.54225205,10.20534740,-11.22858477,10.23550536
11.02343750,11.22396750,4.05226855,6.91027504,8.60970232,10.44834888,8.11621722,-10.24178868,6.43851098
11.02734375,5.51173505,-1.86807531,9.59976466,13.04130497,-0.60056884,9.28540500,-8.19071392,4.32655653
11.03125000,7.07382612,-5.25268416,10.11700218,2.85212925,-2.73785083,14.19772657,-5.54930950,2.67411793
11.03515625,6.70706310,-12.73883264,15.00836589,5.46492465,-6.05614212,9.17185052,2.04048809,-3.05811019
11.03906250,5.19878300,-10.25935327,9.47560123,2.03091413,-6.03600897,12.01637788,7.57507798,-8.78386511
11.04296875,0.57412402,-8.04677763,12.81539941,2.30600394,-12.41612519,7.92939868,10.26263126,-9.86961864
11.04687500,0.73265560,-3.77588363,11.27570385,-5.74800487,-7.54307428,7.29228159,3.80299880,-8.38211688
11.05078125,-2.18366895,-1.23128635,13.36274363,-5.36280806,-4.28825819,6.95302423,-0.81790611,-7.12224364
11.05468750,-5.11452640,6.57821689,7.98470384,-6.95830624,-4.62955910,4.28924560,-10.21594745,-6.93415276
11.05859375,-2.37968926,10.37925851,8.56388092,-9.49345833,1.55924396,3.42045107,-8.84673422,-5.08918642
11.06250000,-7.54514803,10.31907633,6.56915077,-6.95902305,7.61368779,0.93393845,-7.63037107,-0.09592969
11.06640625,-9.93590149,6.40386113,4.95743626,-12.55497266,7.19646553,0.99520406,-1.16716036,-3.31932465
11.07031250,-9.74675065,5.80701776,5.89933272,-7.59582032,7.25540755,-4.00525610,10.56219702,7.52204170
11.07421875,-11.27509695,-0.33152406,4.82358996,-7.27291713,5.76236986,-2.48985926,11.57332046,8.98056732
11.07812500,-9.83081519,-4.04343200,3.45057139,-8.34983260,5.40437665,-4.54485041,11.88306018,12.03565618
11.08203125,-7.76601142,-8.78861085,1.38669954,-4.60155910,1.06496146,-7.07475446,6.63089484,10.90084475
11.08593750,-5.15138333,-7.72705236,0.21856411,0.30776234,-4.14862049,-11.25052828,-3.49170480,10.79510893
11.08984375,-2.05795856,-9.59805041,-2.29541646,2.23121063,-6.56485257,-11.58650742,-6.11638234,7.41618108
11.09375000,-3.58904407,-10.63873133,-8.54849142,2.64564539,-8.11091441,-9.92732243,-9.14176128,5.38145984
11.09765625,-1.15328421,-3.68924924,-3.28916510,10.82445200,-8.19008983,-11.83943476,-4.09799038,6.83195937
11.10156250,4.37909663,1.67400734,-6.70824779,13.31793799,-8.49571661,-11.38887190,3.49195457,-1.44102016
11.10546875,0.18200412,5.37496607,-9.87270940,6.71170196,-7.00369589,-9.19338908,9.32776999,-6.47420108
11.10937500,7.07741327,8.12605211,-10.65746979,10.26712320,-2.32474522,-8.54848181,9.61967433,-11.05148472
11.11328125,4.79114865,8.45982887,-7.32997139,8.88845438,2.91767530,-6.96945691,6.46328337,-12.27980158
11.11718750,9.18455307,8.77702728,-10.25456772,7.87696772,10.88314322,-6.56908955,-2.97832802,-13.07333477
11.12109375,3.69454220,3.37063883,-11.07537873,6.94665983,10.11693727,-2.91571370,-8.30108153,-9.01798286
11.12500000,6.16261682,2.31559574,-7.27948564,0.81471584,13.35449899,-0.43224950,-10.01354337,-8.35999772
11.12890625,8.52345990,-4.23808095,-10.00079922,0.86778685,9.41436172,1.27497270,-7.06198820,-5.07086728
11.13281250,7.97427618,-5.12114586,-9.54864657,-5.50491932,5.52540386,1.43478266,-0.82610626,2.40121625
11.13671875,6.05583026,-11.18902563,-5.98082535,-8.20325899,3.68690634,7.89575619,4.46837395,4.32282549
11.14062500,2.56184650,-10.16209500,-5.78747029,-6.10002623,-2.33069679,5.35331165,7.63015175,5.43029398
11.14453125,3.57202723,-2.91461597,-5.82649045,-7.88089112,-5.44708996,11.26489024,9.77619611,11.44708261
11.14843750,0.42561055,-0.73348236,-1.91565184,-6.36261811,-12.82561286,9.68929033,-2.20971717,7.86053229
11.15234375,0.29195444,1.48331817,-4.23055011,-4.01239930,-13.78248149,12.08919213,-1.16847980,13.75685149
11.15625000,-1.17927185,7.35300662,-4.14484561,-9.14497624,-6.25772688,10.57802204,-9.99226787,8.48733258
11.16015625,-6.29158985,8.06271140,-2.71630458,-5.63229523,-4.15927171,12.03451353,-11.17868660,4.13574881
11.16406250,-8.50262771,7.02993189,-3.51241786,-1.46166849,-3.70868818,10.57874072,-9.37763949,2.28186794
11.16796875,-11.09749014,8.60847268,-2.98765648,-0.30357012,2.02400459,9.04548357,1.40815697,-2.34312937
11.17187500,-11.24233922,2.18755892,3.29369407,5.63548623,5.05380044,8.16167494,9.53692773,-3.86129182
11.17578125,-5.84635111,1.28577439,4.28793329,4.13226028,5.97365143,5.46258808,9.69946484,-7.54314524
11.17968750,-11.48065510,-7.69603225,5.85648015,5.34200339,12.02951376,0.98101001,7.40424938,-9.29690054
11.18359375,-6.08778599,-6.49010746,6.31361121,4.69021310,8.78554959,1.36727493,4.21631086,-9.83849394
11.18750000,-4.47419568,-7.85311199,10.06356400,10.46148633,4.66144717,-5.00085604,-5.09133998,-8.30828543
11.19140625,-6.51351048,-6.29812714,8.62744959,8.12266738,5.68059262,-4.58017990,-11.56155758,-12.52177173
11.19531250,-0.04084146,-6.02031870,7.44278651,4.93396471,1.43753084,-4.76589976,-8.68929355,-4.21507465
11.19921875,1.92400145,-1.05071545,8.60566179,4.62051241,-3.50336005,-6.38737132,1.59796894,-4.68273342
11.20312500,6.67856203,3.98381738,5.91502725,6.64586670,-4.15268702,-8.03233599,3.04464447,5.12228314
11.20703125,6.23557588,6.74271431,5.35712397,3.03838521,-4.28398361,-13.44641608,10.02492503,6.27323903
11.21093750,9.79771941,12.66245315,13.18589854,0.68047780,-5.93322527,-7.46746089,5.02889321,6.98330324
11.21484375,7.58201949,9.63048555,6.56531707,-0.65406553,-7.19518849,-8.51952350,4.03817327,5.21718386
11.21875000,9.32339277,7.62413071,5.90483899,-5.41454048,-3.39696132,-10.28852465,-7.08952706,6.59073762
11.22265625,9.82149240,0.68171769,7.48268571,-7.38996547,-2.72152470,-8.68289987,-10.04240026,5.25200863
11.22656250,7.77928567,-0.70039553,9.07427964,-7.65332629,7.26869271,-4.18902357,-13.76368178,6.77224574
11.23046875,12.71531688,-1.84376603,7.92589249,-12.63120076,6.24915096,-7.18780527,-6.56186938,-2.51483474
11.23437500,1.76161460,-9.40630637,3.61745501,-3.03259383,11.35693447,-4.33489121,0.99151153,-2.64611535
11.23828125,4.40874610,-9.72321298,1.52324609,-6.98969565,11.90352104,-6.82039890,6.95815542,-5.28806070
11.24218750,5.33064621,-4.85273909,1.87581665,-4.55129409,6.94294466,-2.90838457,10.02533421,-2.25358354
11.24609375,4.01699043,-6.59163280,1.69202378,-0.62982507,3.86397443,-1.34121397,9.12819149,-6.92082296
11.25000000,3.07374618,3.54077822,-1.14573267,2.06968097,-3.34707348,4.35254768,-0.59275875,-7.50141603
11.25390625,-2.50019543,2.46542216,0.48421831,5.24509437,-1.46764889,3.43188556,-5.86311576,-7.64055552
11.25781250,-5.43914901,8.88286038,-3.22222303,1.64688316,-8.91461794,8.53473241,-13.30611944,-10.23542666
11.26171875,-9.04435738,8.34657776,-4.11687127,8.03823676,-10.43014492,9.33686734,-9.68166144,-0.82263650
11.26562500,-9.91091332,9.96301505,-0.89106786,7.73087320,-8.25639997,6.95895768,-5.37902757,0.05530472
11.26953125,-9.49747773,6.48602682,-6.19237787,8.18383085,-12.41131639,8.97684678,2.31508889,3.39473534
11.27343750,-11.76784762,2.10778855,-6.12404142,12.79938136,-4.12422327,10.71480501,9.06293710,6.62356610
11.27734375,-11.38665579,-4.79717354,-6.99552156,3.79071291,1.93784399,6.08348852,10.96720739,8.93488600
11.28125000,-4.62315480,-9.46091092,-8.03662347,5.02611189,0.00992142,10.04568688,5.87660948,9.74567327
11.28515625,-6.35129415,-12.11560635,-7.66055012,4.27952033,6.85405124,6.81213800,-0.65368756,15.30188409
11.28906250,-4.39210655,-13.80847635,-13.21479758,3.26876271,8.48611673,14.20715731,-9.04138729,11.19427565
11.29296875,-3.22453654,-10.45397369,-10.08548019,-2.89683267,7.92197664,5.87480884,-3.88804181,9.81693107
11.29687500,3.03426569,-5.76706555,-9.65281393,-2.52606916,6.52953266,5.33818477,-2.89909698,3.99152295
11.30078125,4.27803894,-0.59987042,-12.84184273,-4.17555408,2.99059045,5.34702826,2.77062259,-6.46229964
11.30468750,5.75806322,7.71182076,-8.37106538,-10.05607869,6.87138691,-1.16875579,9.30710761,-7.99472222
11.30859375,7.75531478,11.90648837,-5.44706519,-8.16997595,-2.70005397,-0.37394718,10.88979680,-10.24713817
11.31250000,7.47743605,10.71415097,-9.34024764,-8.97738537,-6.17352388,-0.38736833,9.79377585,-9.85358686
11.31640625,5.94956463,5.39967392,-9.86291522,-4.80653249,-5.59124910,-5.82573754,1.32739906,-12.75524839
11.32031250,9.56907600,10.73460767,-3.40923729,-5.74300572,-7.80708221,-2.28722203,-7.13345307,-14.88534103
11.32421875,5.73268315,4.37031090,-6.60141930,-2.88155851,-10.18498499,-3.21275133,-9.83179108,-8.37630992
11.32812500,5.21953517,-2.53646145,4.04018397,-4.43696848,-6.69151206,-4.94696034,-10.31420243,-3.79393486
11.33203125,7.51952631,-7.27388563,1.57246650,-2.08399996,-1.81957221,-6.57088008,-3.21230752,-2.24005483
11.33593750,7.37259884,-9.15503346,0.33228690,-1.77483413,4.41263526,-6.04877848,3.82522272,3.97386729
11.33984375,4.25324477,-9.71255783,1.75657389,5.46855082,5.43901832,-8.14396007,7.67258015,4.68287027
11.34375000,6.54856381,-5.08155893,-4.04784945,4.88279151,8.54451749,-9.78325962,7.48577038,8.08498697
11.34765625,1.66893041,-1.34417312,5.11496793,9.10838583,14.49063315,-7.67075237,3.88782842,8.54171723
11.35156250,-5.76434333,1.07704344,4.99399898,10.25234840,11.47925494,-6.86551086,-6.55464389,9.70922353
11.35546875,-4.13208768,4.21101227,8.99276281,6.79394829,5.50914860,-2.60556973,-6.31800247,10.67193766
11.35937500,-6.11365374,10.74076132,8.57051279,8.03274436,5.75471118,-6.97852611,-7.26164306,4.48047898
11.36328125,-7.82873045,3.87188796,11.51528305,7.57565273,-1.14086877,-6.70279939,-3.58672032,1.85014902
11.36718750,-8.28876377,5.78653950,11.39548908,0.45084804,-10.18653028,-3.43141279,3.99540723,-1.07709098
11.37109375,-4.82840010,3.19848121,9.83997238,1.97429788,-9.05272271,-0.23854113,5.66653482,-1.32295681
11.37500000,-13.29379469,1.54982809,9.33461662,-0.52982446,-10.69527945,-0.46328842,9.22822014,-6.26831146
11.37890625,-12.38726148,-5.38870189,8.27236931,-6.29027789,-10.63133296,2.43879567,6.50264481,-3.94956433
11.38281250,-8.52260375,-7.21844311,10.67496971,-4.52773792,-3.35690663,2.70841615,0.33509643,-6.92871361
11.38671875,-4.67076107,-11.21861163,6.79052934,-8.84797683,-4.54676717,8.48284556,-3.87830016,-9.93149175
11.39062500,-6.52097308,-10.32750581,3.48714869,-9.72402819,0.59962589,4.29453451,-10.59129067,-6.12760029
11.39453125,-0.06227756,-8.16800726,6.01488474,-10.80890187,8.29432148,8.30171936,-6.66464392,-3.07495374
11.39843750,-0.40080538,-0.06451687,3.72784764,-8.52603339,8.00864642,5.49193604,-1.83407347,-0.63888960
11.40234375,2.41869112,5.35362148,2.70770120,-10.21929484,13.11531231,11.88597768,0.12882787,-0.72291233
11.40625000,3.33095259,7.52098095,0.10637087,-8.72043316,12.44476291,8.66390438,9.77656398,2.48705143
11.41015625,7.25007443,11.48333474,2.66803843,-4.03135427,8.95869972,11.19826022,5.97044854,3.74815422
11.41406250,11.14903211,10.22338108,2.28217535,-1.60336740,3.73568281,7.69268490,2.38837860,9.03422336
11.41796875,7.45802199,10.06283691,-1.08719001,-0.74077469,-1.06160476,5.62424814,-2.66319722,9.36904211
11.42187500,7.81304394,5.08659937,-0.44207042,6.27252123,-4.82634003,10.70874649,-13.93707002,8.55195983
11.42578125,9.39643554,-1.40926749,-8.52198150,7.99065589,-13.35035427,7.35532574,-7.00389029,8.10778494
11.42968750,10.97606601,-6.48695904,-4.31515835,10.51232529,-9.91075487,4.11006342,-3.96766211,2.49005974
11.43359375,3.24340275,-6.17240226,-2.97283834,6.27216987,-6.33200919,2.96580977,-2.64592021,-0.21076724
11.43750000,0.41714756,-8.07895511,-7.65159931,13.21104634,-6.28480770,0.74559094,9.10000099,-4.73855870
11.44140625,0.55456685,-8.46190915,-9.44347456,9.35484793,-2.76509959,-3.79146658,13.72981311,-6.07419045
11.44531250,0.48704492,-3.83631819,-9.04245515,7.42081077,1.20470184,-1.97357825,10.68270854,-9.00509339
11.44921875,0.25756037,0.43048311,-8.33982106,1.88137482,6.39022406,-6.77036080,-0.09455508,-8.50601116
11.45312500,-2.02496411,1.13890703,-5.88903029,3.09706076,6.54151939,-7.35470185,-6.38514121,-8.64689628
11.45703125,-4.54628401,8.16300738,-5.16159314,-3.97506715,6.96344658,-5.36884476,-8.24580290,-5.78233629
11.46093750,-7.62203810,7.67846004,-12.52609630,-4.92173262,7.78212377,-9.77704206,-10.60637961,-6.57597348
11.46484375,-9.15322895,7.73662660,-11.73768421,-6.79393342,3.70638027,-4.27721113,-6.87498849,-2.03591321
11.46875000,-10.90085184,5.27407403,-10.01565390,-6.58480714,0.01547729,-9.66060304,5.77986582,4.27913661
11.47265625,-12.66183683,2.31418695,-9.85373694,-12.26023564,-0.63878337,-11.66908956,10.09288531,4.74984606
11.47656250,-8.47007671,-4.24498099,-8.53510058,-11.06758768,-4.69983921,-7.10673267,9.02604003,10.07256387
11.48046875,-6.88811249,-5.56776860,-6.39822774,-11.45797999,-7.26606385,-6.36286796,6.68595713,7.73936215
11.48437500,-3.91383408,-12.55969742,-5.01501708,-6.56029968,-11.39745999,-7.09040432,-3.84572666,12.17259998
11.48828125,-3.63238510,-9.28881333,-2.51915279,-7.30708562,-8.14624316,-1.82218515,-5.39579730,12.35396248
11.49218750,-3.31084860,-11.21910054,0.19335627,-3.29206652,-2.67947052,-4.46261341,-7.67844767,6.56206309
11.49609375,0.28162701,-3.65644598,-1.54706005,0.11091521,-1.04638406,-5.45957283,-5.19046840,0.71960947
11.50000000,-0.50427792,-0.67749299,-3.03783131,-1.39075083,1.57031827,-1.81672808,0.86414629,-2.90214220
11.50390625,3.15829620,4.39097330,1.62410204,2.28455004,3.37454164,2.14769335,9.22452717,-3.80964465
11.50781250,7.24816808,6.11911746,0.75595219,5.03035294,5.40482869,1.67402910,7.42061898,-8.68221014
11.51171875,6.34757979,11.53756653,-2.34298712,11.90697666,10.84891043,2.75906110,3.99998847,-9.84603452
11.51562500,7.00358952,10.71961645,3.91014016,8.35528336,10.13985682,3.37260243,1.81898581,-15.12711092
11.51953125,5.19603593,7.94535702,4.91213322,11.45877919,4.83498540,6.80276123,-8.29718888,-11.52570203
11.52343750,8.22577971,5.23740948,5.20329770,6.64041633,5.33757980,7.18890566,-14.33065637,-11.53598279
11.52734375,7.06617643,-0.96816764,11.15557599,9.38260602,0.23131286,11.44289030,-4.86459771,-5.16939411
11.53125000,6.44246597,-7.03646048,9.03949213,5.54479341,-5.19678753,10.95152449,-4.75680458,-2.47884107
11.53515625,7.74586390,-8.46544297,8.83626332,5.43453692,-9.89954822,9.53457845,0.28106163,1.50857340
11.53906250,3.01561444,-8.00063138,10.98769414,4.88450182,-9.58975879,12.10679601,8.56302016,2.63192214
11.54296875,3.15368653,-5.97197463,8.91071382,-0.69078479,-10.24036744,6.60900347,5.97778632,7.46557661
11.54687500,4.42891945,-3.91013729,12.96057888,1.28990335,-7.67212974,8.04854562,6.48554625,8.58170882
11.55078125,-4.01564682,-6.20088395,6.64007231,-8.08540688,-6.52753599,5.39428722,-1.81610379,10.47589096
11.55468750,-7.98760712,8.73736623,9.40753145,-5.84552591,-2.32083954,4.56805678,-7.58266583,8.27468113
11.55859375,-4.40296953,6.14387227,7.94914877,-11.80493539,3.92572941,7.01478937,-12.57045688,6.77477888
11.56250000,-11.47070453,10.34701729,6.69814265,-6.44318037,7.28372632,0.89200509,-6.05019939,4.85954490
11.56640625,-9.84591382,7.39140893,9.41162427,-9.30435630,6.72942939,-0.26760170,-0.21000945,0.32636965
11.57031250,-14.27521768,1.87554564,6.29810322,-7.26043653,9.37465834,-5.69248564,10.07792688,-4.22662929
11.57421875,-10.11909749,-2.74874278,6.00034456,-10.69431790,8.80858519,-11.45690301,13.86385216,-4.05426321
11.57812500,-10.83873800,-6.34838275,6.74582552,-4.85754059,5.01169598,-10.62477177,10.57725805,-7.01537828
11.58203125,-5.97211460,-10.98073918,2.84199799,-1.07471845,-1.11779900,-11.74850166,3.87002651,-7.14538507
11.58593750,-6.22188785,-12.71850540,-0.86090773,1.15029062,-6.75614751,-10.60654142,-1.55736064,-3.98319515
11.58984375,-1.71433928,-7.78256943,-0.24308475,-0.17306252,-6.44211497,-11.29133053,-4.42569059,-5.38087548
11.59375000,-2.08313672,-6.14615894,-6.08433450,4.50790086,-11.47309537,-9.30504145,-9.86106225,-6.24889210
11.59765625,1.63739271,-4.25398132,-5.35505385,9.51613064,-8.72241398,-11.58097734,-5.74768918,1.32297079
11.60156250,3.77033084,2.94820702,-5.61384425,13.54462909,-6.36045744,-9.11050552,4.74443196,0.94837533
11.60546875,2.85710894,6.07140704,-2.00413025,8.80295060,-2.56846683,-7.83009221,7.44595064,3.36111828
11.60937500,4.83503616,7.67873003,-8.65551437,14.66586618,-1.22040558,-9.50526982,10.04166959,7.00653096
11.61328125,9.98726696,8.24290398,-10.15515421,10.91948195,3.14542511,-1.66117519,1.52602260,7.99435183
11.61718750,7.88640801,7.29959183,-13.38952413,9.47818929,5.12375612,-4.72640404,-0.90075479,5.74215119
11.62109375,7.70003496,7.79610090,-9.03974922,8.10639176,13.05043722,-0.88519511,-7.65657695,9.94812654
11.62500000,9.27853008,1.11555387,-13.52453112,0.94714881,14.18649732,-1.53701623,-11.68863671,2.61698859
11.62890625,15.18053456,-6.01826231,-8.43036283,-2.64189486,9.02223164,6.25500047,-6.95907894,3.85883624
11.63281250,4.43723689,-9.25872010,-8.64668507,-1.39632430,7.59285832,3.42575121,3.24882684,-0.23045243
11.63671875,8.36059058,-13.63070168,-5.43626461,-10.35643687,0.50707678,7.79830782,2.32850036,-4.48033286
11.64062500,2.96120152,-8.31365848,-8.20634775,-7.70636443,-2.99465491,7.90752459,10.54457101,-7.39921484
11.64453125,0.05313503,-8.29647094,-4.95094210,-13.05488547,-6.76325625,7.54005690,12.45708672,-7.14880248
11.64843750,-0.34934102,-5.16246871,-6.98398442,-8.37401733,-9.65104736,11.88455940,1.52470702,-8.52191611
11.65234375,-1.31211516,1.33423299,-6.14456582,-8.18953225,-12.94715036,4.92731770,-4.34387209,-11.29743144
11.65625000,-1.57835455,4.45920844,-2.11168602,-4.03983025,-10.60806420,10.47566501,-10.89236296,-7.36565084
11.66015625,-7.13799508,9.94820307,-1.57391684,-6.36284504,-5.30402025,9.12162466,-9.80646546,-7.56864225
11.66406250,-14.16321003,11.44894688,-1.59257163,-2.32705480,-3.20607826,7.17331206,-7.08895841,-2.21066732
11.66796875,-1.61786183,7.42452172,1.55997685,-0.21302992,-1.49749493,10.69962555,2.86608930,3.17195570
11.67187500,-11.29621063,1.41007416,2.68176210,3.64048490,0.75639312,6.75933954,7.28696546,3.40261633
11.67578125,-6.50970283,-2.71439534,8.95928155,1.49264267,7.11964714,6.53305112,9.77277892,7.83900519
11.67968750,-7.88644843,-5.36482045,0.85139230,5.24976911,8.87148353,2.34218724,8.01827685,8.83075458
11.68359375,-4.72975331,-10.10000343,9.25686610,8.05386879,10.84878829,-1.39745226,2.22996414,12.31095920
11.68750000,-6.42870580,-11.91957894,8.74409482,10.65815363,8.98490762,1.09412275,-4.03483845,11.52539540
11.69140625,-4.42288374,-10.09027391,5.84989237,6.08955980,4.16366063,-3.59080808,-9.98551487,5.85368046
11.69531250,-3.93836823,-4.93610740,12.94427913,7.02841681,3.41277293,-2.22447636,-9.78840132,3.34801872
11.69921875,1.45203581,3.63603345,7.57060393,6.33167020,-2.69447612,-7.97814262,2.17566399,1.00674504
11.70312500,3.75829676,5.65204057,10.61539350,6.29414772,-6.49150260,-5.95432960,2.18656294,-3.25947226
11.70703125,5.42036774,9.44808634,6.32711757,4.55274625,-7.76286310,-9.91993654,6.12739003,-8.46643733
11.71093750,7.86702022,9.45756731,8.71550957,-2.04626402,-4.19042162,-12.11822142,5.61648298,-11.24366997
11.71484375,4.19698475,9.62983126,9.21312560,-2.43469117,-1.57160470,-9.38389174,2.25462511,-12.03115147
11.71875000,9.31836435,8.98033987,9.21007263,-5.50471161,-1.38567512,-9.38080358,-3.08187786,-7.80081517
11.72265625,6.01199777,4.37717688,7.76060037,-6.36676330,5.71395874,-8.92324182,-10.28172953,-9.04696157
11.72656250,3.22568938,0.12862895,9.12092732,-7.31586565,5.11421267,-6.29043995,-11.38424937,-8.45181006
11.73046875,9.17547769,-8.34133577,4.92855844,-10.89964575,9.70182429,-5.15410014,-5.21579702,1.73474080
11.73437500,9.14698922,-10.56927179,6.63710456,-7.69319851,8.01452698,-4.59281225,3.22565433,0.24395969
11.73828125,7.73509591,-5.81059790,6.79287443,-5.09065849,5.22838934,-4.96084374,9.08423025,4.03076253
11.74218750,2.94119397,-7.18850638,6.49760694,-2.21225483,7.84219053,-1.34630658,9.89629157,7.58051886
11.74609375,1.32026700,-6.75519643,1.48506624,-1.99668638,4.47049320,0.37910598,6.96572122,8.90319400
11.75000000,-3.14765767,4.15966299,0.58689053,-1.47779591,1.11292434,2.89445723,-1.43879566,9.41598393
11.75390625,-4.45031356,4.22944512,0.25782240,1.03636835,-2.03762555,2.47729635,-8.73003494,9.00386699
11.75781250,-3.45391985,6.62572349,-2.53788756,0.21036923,-8.39516842,4.98761592,-8.76526415,7.97537655
11.76171875,-10.65385444,13.71935033,-0.45762180,4.57687747,-8.41284507,5.97717100,-7.09123055,3.67198710
11.76562500,-8.69067504,8.96947554,-9.64396457,4.89653403,-12.57171188,12.49310636,-0.25652640,-1.79490107
11.76953125,-9.98318326,5.88104815,-3.84123224,13.49494766,-9.64208780,6.31361091,3.07541707,0.17724385
11.77343750,-8.58171041,-1.86188666,-6.03404570,12.10569179,-8.20057525,8.12286959,12.41545587,-4.97858478
11.77734375,-11.07189042,-7.22547099,-8.84730837,8.89098087,0.09070889,12.36552929,6.35305863,-9.90833378
11.78125000,-4.10796271,-9.10798227,-8.52568223,5.79496851,5.19839827,10.13793462,5.34753749,-8.53466258
11.78515625,-10.73491795,-10.88059755,-7.09059594,3.81796357,4.92031921,10.24693053,-2.71952624,-7.85725946
11.78906250,-1.21579461,-11.20154155,-10.42867832,-0.85579522,8.62745114,5.91865581,-10.60863807,-3.85520444
11.79296875,-4.14597564,-10.29988350,-9.67875022,-1.49148066,8.56579939,6.52966172,-7.23165216,-7.48037746
11.79687500,-0.67242601,-3.81829130,-13.13484540,-4.39334740,10.61613880,6.42145290,-3.94017153,0.10816733
11.80078125,5.69112124,-0.53325801,-10.08937663,-5.24439615,7.34017249,2.95371578,-0.97141342,-3.22294444
11.80468750,7.53555624,7.74870615,-10.51647108,-7.84406919,3.97280234,-1.29872293,4.86897329,1.59707627
11.80859375,5.21727627,8.88313897,-14.08101280,-10.81284029,-1.04490353,2.67630437,4.70093558,3.49367578
11.81250000,6.07316355,9.70916128,-8.81369714,-9.52455467,-6.35654446,-0.39878722,7.03252770,3.06110296
11.81640625,11.01566973,8.49871464,-7.84638705,-8.84223975,-8.89192225,-1.72011563,-4.36475557,10.67497947
11.82031250,8.55519738,7.95829591,-5.03145466,-5.72647311,-11.24758535,-6.77839022,-7.09776462,10.28872342
11.82421875,8.42805379,0.74191222,-5.84482203,-5.03492662,-13.02731058,-6.78842099,-10.97083958,4.11720415
11.82812500,8.25473602,-3.16346313,-1.44195649,-6.81590287,-3.39533970,-9.18018653,-10.45368268,5.65974477
11.83203125,13.54209937,-6.63266430,1.24470878,-0.45497303,-3.26050631,-8.35277524,-5.78863788,-2.39670046
11.83593750,9.72733751,-11.04576042,0.05664170,2.20477280,4.37232260,-8.56203225,6.06136568,-3.39996426
11.83984375,4.83732046,-4.24039871,2.09824921,4.73038790,7.45010701,-7.84221775,10.73710773,-5.76728590
11.84375000,1.20188278,-9.55199187,6.54669785,9.80973092,11.86419036,-7.54468284,10.38413471,-4.90622633
11.84765625,4.01039838,-5.58905725,4.35630180,4.90951990,8.84289388,-10.29021822,6.12033178,-11.95290653
11.85156250,-1.74001503,1.43591143,2.14860325,9.66948321,10.23146534,-9.17073377,-4.85715116,-9.06785801
11.85546875,-5.51603872,3.56924076,5.58891598,10.59514776,7.21130618,-9.65952559,-10.82011677,-9.40418875
11.85937500,-6.56627700,11.70476745,8.13174500,6.07123181,1.42481271,-9.58027636,-12.64203776,-6.57343966
11.86328125,-10.43970780,8.51937469,8.18417941,3.28247079,-3.40895875,-3.49855013,-7.57791027,-1.89907184
11.86718750,-12.47111897,6.68102907,6.12041810,4.60401490,-2.66622072,-1.41090885,2.13040125,0.66267028
11.87109375,-11.20643034,5.83394959,13.13942859,0.41749023,-11.71630533,1.89954925,4.88460821,8.13926866
11.87500000,-9.79850520,1.78123325,11.73558022,-1.31815791,-9.13773602,2.16348546,11.37738749,7.82323087
11.87890625,-8.45358832,-6.90147647,8.77688899,-3.06508363,-10.14323966,1.36619179,7.91360790,10.97521232
11.88281250,-6.58130291,-9.02927740,10.10924718,-6.13677448,-7.73356729,2.82777584,1.17026260,10.79027286
11.88671875,-4.85670998,-9.21940158,10.09265770,-9.97985873,-1.88523601,6.80045205,-6.61782575,8.97758544
11.89062500,-3.30826905,-13.23960716,9.00700684,-8.57961159,0.81987818,6.32351337,-8.35954367,8.16614989
11.89453125,-3.22484633,-6.59467588,6.58687004,-8.73423686,6.15052527,6.65238724,-8.15358201,4.43328315
11.89843750,-0.74334903,-1.07847128,2.63016794,-9.37511128,7.85778014,8.78992366,-3.38270225,1.34104672
11.90234375,-0.00889312,4.30800332,4.91411680,-9.85272258,9.45385044,9.70981444,0.17443873,-5.00635367
11.90625000,2.75937861,3.21200051,0.62267447,-6.46322780,11.14930399,7.47263747,5.94236694,-8.39865645
11.91015625,2.97614125,10.43205763,0.96402467,-1.74991039,11.75061078,10.24443193,5.23470847,-10.80184596
11.91406250,3.44518485,11.70730152,0.04308692,-0.77090779,3.18292562,6.27360576,-2.98981088,-11.54740607
11.91796875,12.07287344,7.45987199,-1.65317905,2.03835113,-1.84288913,6.89468913,-4.79059480,-10.84808685
11.92187500,13.04778539,6.71497389,-4.02303476,5.34744960,-4.11364937,8.12665958,-9.79593130,-8.97824027
11.92578125,8.36923062,0.41748828,-1.66668342,5.71624508,-11.00909764,8.43752675,-12.69759086,-6.47846623
11.92968750,8.66997201,-6.60739207,-6.64117042,7.19277518,-9.72816372,2.81705105,-7.38585723,-2.24806735
11.93359375,4.91887535,-4.22967762,-8.68303892,8.22335614,-13.68960353,2.91507780,0.19545621,2.10210762
11.93750000,10.07431071,-12.71244203,-4.22733210,9.33818472,-8.21739302,-0.33850581,5.50485485,2.53649118
11.94140625,-1.04345373,-9.34941842,-3.76659025,10.45305595,-1.48200898,0.84024386,11.68124219,5.36446868
11.94531250,0.61252595,-5.30468550,-8.15615658,8.67148875,-1.25207003,-1.65014996,6.11215086,10.30465261
11.94921875,-3.61592379,-1.17131443,-11.88966298,7.07834974,3.30983664,-4.46271861,-0.09957713,11.59446784
11.95312500,-3.47063589,1.84882076,-9.34911867,2.29176942,9.74116834,-7.76447102,-5.52191833,6.78291968
11.95703125,-5.75076615,2.88085143,-6.78973622,1.47126082,8.36477576,-9.28497169,-9.68155682,11.02314898
11.96093750,-7.40847532,9.42041266,-8.88734646,-3.87812690,11.16396736,-7.03998444,-6.95967204,4.85517073
11.96484375,-9.01158852,5.59125277,-4.80021587,-1.79089746,5.54860789,-7.85294800,-2.64857023,3.53583184
11.96875000,-8.11620332,8.38317353,-9.89498423,-12.54609630,1.42327133,-9.00413872,5.30612792,0.97008248
11.97265625,-7.31840961,2.48821261,-2.02729493,-12.37508122,-2.58993851,-5.67961790,12.81354573,-5.61505864
11.97656250,-13.20595843,-6.69296593,-4.04883370,-8.13800993,-4.96394297,-11.09313019,7.58111493,-2.19133528
11.98046875,-9.35871185,-6.82804646,-6.01366746,-10.39935714,-7.28855277,-8.99603638,5.99051021,-10.37296848
11.98437500,-4.30300225,-11.50086464,-4.52963553,-10.76191967,-10.35155182,-7.38508948,1.01708393,-7.24648011
11.98828125,-2.11847788,-9.63414307,-4.49716841,-5.90996155,-11.06570792,-5.96566471,-2.68396188,-10.01655432
11.99218750,-4.14841075,-7.91812486,-5.18285147,-1.86779604,-2.83239258,-5.05156787,-9.02265541,-4.32292481
11.99609375,0.00613116,-1.42141593,-4.96837531,-5.10843494,-2.97873377,-8.33125880,-6.15476270,-3.72297864
12.00000000,1.29770682,-0.48693130,-0.70157506,4.40382806,4.71113952,-5.18813131,0.10331008,0.00296382
12.00390625,5.69327449,4.40623870,2.53289413,3.57405775,9.13194146,0.16713841,6.26641114,4.07550961
12.00781250,3.90514948,10.79730475,0.23014415,5.96450161,8.78525119,2.49296826,7.28434105,4.72962305
12.01171875,7.60140275,9.07390905,1.56633846,11.76114344,9.65571585,3.64806945,10.39788758,6.62195737
12.01562500,8.44199509,12.34947945,4.44246455,7.95711805,11.73840515,7.48550971,3.81039499,6.59714797
12.01953125,9.41025154,8.27173743,3.07062259,14.17420560,9.31229166,7.07475903,-4.51961604,12.51465662
12.02343750,8.79556060,2.06037861,7.65155726,12.58728176,2.92232931,12.62014611,-12.48603653,3.50996384
12.02734375,9.23179488,-2.90404375,10.29174850,10.83626845,-1.39857054,15.19812370,-9.18390002,7.87445724
12.03125000,11.47745800,-5.06950122,7.27569396,8.75871726,-3.39261179,9.19210021,-6.59325348,0.47134172
12.03515625,6.89584667,-10.58733203,10.93917121,3.50571690,-10.76824484,15.67384489,1.08538149,0.45253666
12.03906250,3.66470302,-6.41942705,11.81064460,1.82142392,-11.05615402,13.56090373,7.71848141,-4.22854262
12.04296875,3.55843088,-10.00467374,10.30102255,-1.64095641,-9.74587925,9.82576979,4.52355647,-6.83235518
12.04687500,2.88592233,-3.58067945,12.06038189,-2.09963735,-6.43524362,10.82659639,5.87695459,-11.09887262
12.05078125,-1.46896260,0.27460808,10.90025231,-8.28811126,-9.33589680,3.75708120,-0.04354066,-13.71672793
12.05468750,-5.85663625,7.60655895,11.70833147,-10.72051258,-0.26257425,4.94977812,-6.96943036,-10.47384849
12.05859375,-2.77558501,10.22641672,7.99206792,-7.23996805,-1.89040422,0.20079205,-10.02870741,-7.04577984
12.06250000,-10.56766396,9.37613945,4.61543978,-8.12182893,7.62193854,2.45989538,-5.32834248,-5.03152411
12.06640625,-10.01203305,12.02706143,4.96270374,-5.03649944,9.63447245,2.35095964,0.13697070,2.73825715
12.07031250,-12.05004563,5.36994572,3.43277422,-10.19399378,9.55353581,-2.61746550,8.66792078,2.89323063
12.07421875,-11.05406557,-0.64936228,3.00396661,-8.26250968,4.77016784,-6.29548067,10.56436305,8.91255757
12.07812500,-8.84488457,-4.51690574,0.87568380,-7.74739670,2.05545302,-3.62014409,10.57044954,9.13911577
12.08203125,-7.29063514,-13.55471226,1.31834113,-4.25746400,-3.65030329,-7.52702981,5.22780309,15.21708848
12.08593750,-8.54011799,-8.08788002,-0.95762137,0.02535622,0.27759210,-10.54138121,-3.23257549,16.58651540
12.08984375,-1.40431023,-8.29457307,-3.56253394,2.70430690,-8.62414151,-8.41381141,-8.49470264,9.82043344
12.09375000,-0.64368802,-7.41553200,-2.08841686,1.92006152,-8.19606824,-11.69893744,-10.63637902,7.56018495
12.09765625,2.19416747,-6.00383332,-8.38026286,4.92286352,-7.09803594,-13.92382994,0.90448269,2.59933501
12.10156250,2.53941264,1.97945184,-5.08878226,6.90309519,-6.82898396,-11.43537457,3.17644012,-2.27908481
12.10546875,6.48648806,5.25035234,-7.32213379,10.43807826,-3.95177616,-9.50021295,9.33446719,-5.85636788
12.10937500,8.66579888,4.10142607,-7.85407061,12.10853588,-1.38372642,-8.83790599,4.08802249,-5.14905341
12.11328125,1.91922813,11.43708506,-14.07171865,5.41402761,2.22790729,-6.21342879,3.60532853,-12.22613493
12.11718750,6.39788693,9.61065840,-15.14631613,7.63126166,11.49430478,-0.80844431,-0.30702532,-13.33939667
12.12109375,11.65855435,5.63404444,-8.72502817,0.33463771,7.75480028,1.29339764,-4.32830963,-11.64609809
12.12500000,12.38031396,1.94201219,-9.11748248,3.13950656,9.01133640,-0.74882124,-15.24252468,-6.09724902
12.12890625,9.30673006,-5.18695818,-13.20799059,-3.82301951,8.07138233,4.49163241,-7.11637234,-3.01076321
12.13281250,9.11794051,-8.54080158,-9.80902311,-8.79884046,6.68810078,3.41340017,-3.90740267,-1.24950227
12.13671875,11.91154674,-8.24196304,-11.66977914,-8.13856139,0.73111239,4.35537719,5.19820053,3.37300862
12.14062500,5.76953327,-9.78214734,-7.77211138,-12.07120589,-1.02643025,6.30287335,3.28722048,7.21080579
12.14453125,2.85041350,-2.77906194,-6.97026507,-12.89152858,-6.23616011,12.47552790,6.54830930,7.02671400
12.14843750,-2.74371613,-0.30767090,-3.98619545,-11.91951696,-11.31401642,9.78443923,4.72189527,13.61932401
12.15234375,-4.96756086,2.45413659,-7.47060853,-12.02487142,-12.72803516,8.84311633,-5.22594218,9.75060225
12.15625000,-5.32609300,6.75485133,-0.45922707,-10.45710858,-7.27551148,10.65609235,-11.11816247,8.80169542
12.16015625,-3.72368020,5.64866732,-3.56934556,-5.61315897,-7.02118262,11.36183447,-9.29994283,4.29637521
12.16406250,-7.52740040,10.78674320,1.72729522,-7.44039299,-4.27753056,7.55792353,-0.19305474,5.30267093
12.16796875,-12.09254259,3.10467862,-0.14418587,2.95227654,-0.63815057,9.59475439,3.21880012,3.20660888
12.17187500,-5.53283257,1.37274851,2.70324451,2.94803521,7.50450797,6.65250917,9.24351887,-4.47418990
12.17578125,-10.22896360,-1.18037582,0.95307908,3.41506344,8.29638877,3.56973446,9.24764538,-2.96556102
12.17968750,-10.11196069,-6.90823170,11.48054659,6.85042222,9.59812519,3.37661393,4.60037980,-8.41415990
12.18359375,-6.34430985,-7.81556891,7.98654622,7.69681760,6.37286951,0.10834946,-2.34259355,-7.03570461
12.18750000,-8.06844138,-11.96045949,8.65717759,12.33362533,7.53899687,-0.09981388,-3.46395718,-9.11018183
12.19140625,-2.48597748,-10.68838438,4.29396026,5.61845507,4.26520031,-7.04350197,-8.27173543,-4.19591624
12.19531250,2.41955832,-6.12471561,3.61468974,7.01752179,1.29022330,-8.31086196,-9.65681583,-4.18565032
12.19921875,1.35930800,-1.43983410,4.89116616,7.30434327,-5.27864553,-5.96855423,2.14702882,-1.47033913
12.20312500,2.67362465,4.24520944,10.12053580,1.72825638,-9.42185032,-9.08594058,4.45893063,3.28900807
12.20703125,1.22006473,10.49018840,8.18357482,4.50680374,-8.15885441,-9.26455911,4.07204596,2.45616630
12.21093750,1.52848437,9.87141560,8.70686051,1.29060913,-4.70373670,-10.59448158,5.72647269,4.22666918
12.21484375,6.53692831,14.02853053,8.86152203,-4.76719638,-4.63062822,-7.14973243,0.24913008,10.44598374
12.21875000,6.17819368,9.52183637,8.31888549,-4.05498097,-1.32015495,-8.08741839,-7.51690127,5.59628687
12.22265625,8.62812120,3.11389338,11.46051047,-5.79690160,-0.69341722,-10.52796706,-6.63036757,8.94051588
12.22656250,5.13130135,-0.88759429,5.00878012,-6.25500177,2.51012456,-4.21545697,-14.63354031,3.34285666
12.23046875,8.74454157,-5.34166681,9.32494182,-9.26644623,10.51448306,-7.74107967,-6.90527179,2.30873919
12.23437500,8.58078685,-6.56703570,6.18915255,-12.15962619,9.19328721,-3.49014302,1.87034489,-6.31267649
12.23828125,5.73049422,-8.28080017,6.92450264,-6.99614836,8.93545051,-1.66789505,9.53008030,-2.28256627
12.24218750,3.67806642,-5.31652044,3.21044789,-6.09714689,6.22262210,-2.77799235,8.75310364,-6.66331848
12.24609375,-1.00597027,-4.80028643,0.91480895,-3.57848069,4.79230320,-3.20286591,8.25908817,-5.99535493
12.25000000,1.72921986,-3.70918666,-0.54626265,0.81388436,-2.37952759,0.28110560,0.86947264,-9.08196744
12.25390625,-5.61141415,2.50498953,-1.97600226,7.85709920,-3.27636592,3.07175348,-5.81486006,-13.26562829
12.25781250,-9.99684241,9.59220704,-1.46009704,4.39276504,-8.23106870,4.13163891,-10.95575380,-7.73642492
12.26171875,-6.23513297,13.45317827,-0.77472089,7.53181555,-9.23924214,3.00084562,-7.83303592,-7.80287885
12.26562500,-15.61808605,7.87805403,-1.90161995,13.59581195,-11.12954309,7.31142471,-2.92632629,0.34633939
12.26953125,-10.68407251,3.75271903,-5.33989678,5.10793341,-11.53400279,10.89315420,8.53588445,5.55501056
12.27343750,-9.96623568,-1.39493934,-6.74270979,5.74245879,-4.79721170,10.41699312,12.18677818,11.00771785
12.27734375,-6.45515308,-0.68159038,-8.46657010,6.53456251,-3.95181919,13.21425362,10.13533858,9.79396053
12.28125000,-3.72919657,-9.94744101,-6.25703999,3.97494303,1.48716951,6.67267625,8.20903870,14.36793375
12.28515625,-7.78269290,-8.43830015,-8.59091670,3.15288777,6.51438666,12.29153841,3.47398441,8.27568018
12.28906250,-5.21100459,-8.20248119,-11.62750042,3.43601817,12.46869398,5.40671108,-2.42431384,7.15954049
12.29296875,-0.88750383,-5.90220144,-9.67693356,0.64586631,12.03339625,5.34662247,-9.46008731,3.54025677
12.29687500,1.92800158,-3.80017261,-11.26679077,-5.95335120,6.17756011,1.98283287,-6.97059860,0.06915953
12.30078125,6.08879747,-1.55880421,-7.61559616,-6.25409343,5.16508696,5.66472626,2.14711710,1.63790026
12.30468750,3.44350790,6.37256672,-9.11540363,-7.92161009,5.87653592,4.81890975,6.41321907,-8.85287782
12.30859375,6.68981867,10.24615143,-10.49973852,-14.08170078,-3.92122275,2.52211409,8.12682104,-12.04381601
12.31250000,8.81893308,10.17500650,-11.64610493,-11.19802490,-6.69408740,2.57843043,3.99933402,-8.07778015
12.31640625,6.94371534,11.04850774,-5.52072304,-5.62696104,-13.79308986,-2.48471510,-0.93783962,-11.50946729
12.32031250,10.51338789,7.28061738,-5.41204275,-7.86425136,-10.42609262,-4.18372286,-5.58236143,-8.93221201
12.32421875,9.19038964,0.72306887,-4.37758984,-5.21129140,-6.23271197,-8.82651921,-11.92100704,-13.37665350
12.32812500,8.94022914,0.81691543,-2.59079764,-3.41085382,-6.53289030,-2.38932039,-8.26159461,-6.44878256
12.33203125,9.86011963,-7.35564085,0.10395181,3.90873745,-1.38048799,-5.29083419,-4.94651420,-2.72378789
12.33593750,7.39056483,-8.93504822,-2.33136904,5.70194581,7.45315839,-11.09075302,4.42600760,2.00649525
12.33984375,5.27662677,-9.06976020,2.98547080,5.68113568,7.18641758,-11.68111796,9.76862662,6.26167187
12.34375000,4.82345978,-8.42426863,5.34833189,9.26955619,9.07364462,-7.12492782,6.18692809,5.71545428
12.34765625,3.59352096,-1.31131064,4.11806037,4.01910236,11.23620290,-8.84629938,1.73774024,8.21789516
12.35156250,-1.05062328,4.93490263,7.78344948,12.83569808,8.67503261,-6.00524363,-8.06686188,7.90037965
12.35546875,-1.84706395,6.47015496,8.50496102,12.40253684,8.46013884,-8.37169049,-4.77062852,7.74899472
12.35937500,-5.46162544,7.41493166,9.87855197,6.85821185,1.94379155,-5.12668249,-9.26846981,5.85650154
12.36328125,-8.15354170,9.37027216,11.75856854,9.96695295,-0.57580427,-5.45102073,-8.87160409,8.15559337
12.36718750,-11.55821842,6.59561910,12.20623063,5.07515618,-6.42074149,-5.13410102,-1.11213758,1.86057815
12.37109375,-8.11821014,4.28277875,8.59135080,3.47413745,-14.79832508,-2.40020932,6.83758990,-0.36969499
12.37500000,-11.73754280,-2.68037975,8.49327497,-1.50288387,-8.11757296,0.66429919,11.91552215,-5.57847403
12.37890625,-8.36768910,-7.10630840,10.26043962,-5.40826079,-11.14001098,1.72085466,5.95760817,-6.81913684
12.38281250,-3.63822779,-8.80738888,11.17680228,-4.25048775,-7.72978658,1.42466663,-0.86207052,-9.60446117
12.38671875,-9.38023257,-11.38113904,11.95662584,-10.17105886,-4.09618652,2.87792383,-2.09053528,-8.46490828
12.39062500,-3.62578863,-12.50979344,8.80557144,-10.93169283,0.71302917,7.87059479,-7.55525628,-7.79720466
12.39453125,-2.16489129,-7.81515419,10.34322106,-8.80776235,9.27220536,3.97132861,-8.90148363,-2.45731981
12.39843750,1.79046491,-4.52082550,3.23134837,-7.38487253,7.91536660,9.34398099,-0.67635885,0.94652354
12.40234375,-1.34096225,0.22257047,0.81421213,-8.75407328,14.44148833,10.67242680,5.15935797,0.23800439
12.40625000,7.56458025,8.61052922,0.20520812,-5.74178144,11.65928861,9.90008645,7.40889212,3.04327636
12.41015625,4.96177723,16.18187105,-2.77500535,2.02108093,7.49540481,5.16520329,8.61082740,8.38096956
12.41406250,4.69434444,10.69841169,1.46932972,2.47217619,1.16233648,11.24355558,0.64630167,8.71420365
12.41796875,9.12212333,3.40711231,-3.17739140,0.11501490,-1.75347557,9.54357165,-6.74725523,7.43425459
12.42187500,8.02221694,1.53198017,-5.72200458,6.35824299,-6.14569760,8.05986920,-11.19570304,7.21864589
12.42578125,10.29417152,-1.17295455,-6.39360801,4.33695914,-7.41801337,4.75692237,-12.85473073,7.68896855
12.42968750,7.82648319,-6.87741774,-3.66306264,7.96037863,-7.36198373,3.07523739,-3.68710211,3.18905293
12.43359375,11.51217201,-8.31365948,-9.50173884,7.87327392,-9.96970208,6.36785954,3.28178659,-2.13558083
12.43750000,8.43733979,-7.29492101,-7.05439346,9.84096433,-7.74498550,-2.08744590,6.93578159,-2.58845751
12.44140625,2.37163240,-4.01468351,-4.71732459,10.32535836,-3.99037871,-3.44602523,8.11026257,-6.90487099
12.44531250,2.74032395,-5.38791114,-8.45484924,6.11619830,-3.67445777,-3.41682417,9.63179678,-10.09234306
12.44921875,0.74782335,-3.27520170,-7.99384147,3.86751008,6.30527966,-3.77489310,0.67902344,-8.99797097
12.45312500,-2.59591828,2.15392227,-8.81247866,4.39545436,5.96626543,-5.87769759,-6.91790402,-10.26041007
12.45703125,-8.76006536,5.27674598,-8.56758699,-0.41735793,12.09515019,-9.76326341,-8.48939385,-9.37543986
12.46093750,-7.87029576,11.52849384,-9.81216056,-3.36490752,6.89878949,-10.24405136,-6.27349567,-3.69083228
12.46484375,-8.60954266,7.53331427,-10.15674126,-5.44038452,6.31841742,-6.92946858,2.41030033,-2.10752306
12.46875000,-10.54187014,5.43640606,-6.24442442,-6.26884034,3.57606652,-11.61749536,4.67657402,1.95793810
12.47265625,-11.57608893,1.29722839,-6.55304229,-9.40277538,-0.10245666,-9.17629642,9.10546577,7.82103049
12.47656250,-6.58644895,-3.85029944,-4.92555834,-10.49371027,-8.20751699,-8.54870689,16.68976148,9.13294442
12.48046875,-9.69039938,-7.55462108,-5.75624512,-12.22809294,-7.57348479,-10.86360586,7.28512317,9.20133448
12.48437500,-6.36033378,-8.35911935,-5.50083447,-8.88937636,-10.38969486,-7.64295268,-0.56934800,10.30050914
12.48828125,-5.75403699,-12.57763412,-5.69732831,-10.01363607,-12.29760288,-7.12428700,-4.93721896,8.83673403
12.49218750,-1.98866122,-11.26489724,-1.29561349,-2.72712093,-6.95104943,-7.84674487,-9.22315346,5.53787981
12.49609375,-2.33645427,-6.24272427,-1.81013433,-1.01688256,-2.30034885,-5.97919584,-4.70074716,2.99910327
12.50000000,-1.12770350,-0.55184738,-4.22150166,6.82185380,1.89802398,-0.56415088,0.08330655,-4.30984630
12.50390625,4.19743299,3.50905441,1.46405260,3.11867738,8.21404708,-0.79376913,7.94406643,-1.73082708
12.50781250,7.02128396,8.93392973,1.65562571,4.90996971,8.25686469,3.18939685,8.89780853,-13.12663337
12.51171875,6.47131393,10.13159696,3.44902533,9.36476292,9.39567494,6.17010082,5.51249894,-13.51296211
12.51562500,10.68319758,7.90212660,2.28820636,10.24475478,13.19904174,6.24062313,0.27144608,-16.03535688
12.51953125,6.72327272,4.86329289,2.08809091,10.58919073,8.87197319,9.66956204,-9.30271245,-9.02594139
12.52343750,7.73287153,1.90538413,9.11673759,11.00735790,4.74032519,11.34758337,-12.45337685,-9.94113625
12.52734375,8.71145311,-4.80765962,7.77160531,7.50835939,4.50923601,7.80267227,-12.12705090,-8.62767531
12.53125000,8.04936076,-2.37223541,6.17588630,5.21246516,-5.83644910,12.79617676,-7.45176964,-0.93173779
12.53515625,7.57562323,-5.42683161,6.37438810,5.45478959,-6.56081952,12.22234057,0.64887378,-2.97644502
12.53906250,5.15910046,-6.64755852,9.23724580,1.67097877,-9.66934353,8.86898635,3.43668508,2.74587643
12.54296875,3.88465441,-5.62339690,16.58822215,0.26065847,-14.82523595,11.41467422,10.66344999,10.52720032
12.54687500,-1.45421889,-2.45678349,13.53001061,-5.02729051,-6.93486200,4.08997070,8.13943559,8.90630524
12.55078125,-0.00585811,-1.35783435,10.34430623,-2.36552642,-4.14167694,2.24546145,-4.46749989,10.98036245
12.55468750,-1.69151008,4.91972684,8.64079935,-9.74681259,-2.33725881,4.27455576,-5.41745749,8.93008764
12.55859375,-7.32169198,6.10616735,9.96175955,-7.34067033,2.18923322,5.33074157,-10.38918146,8.95526376
12.56250000,-6.26659479,6.89121205,7.57200483,-6.15500100,5.21469010,1.94005186,-6.19467178,4.13356512
12.56640625,-8.43997715,6.99926923,6.21058737,-10.23446572,7.94350487,-0.64970708,-0.47694277,-0.20289059
12.57031250,-9.28816161,3.11264243,5.93271514,-9.86267638,6.79446850,-5.59741636,8.36577319,-2.53089905
12.57421875,-12.65151333,-0.63833714,4.80874389,-9.00436466,6.84727886,-6.57977796,13.24084669,-0.64530830
12.57812500,-10.11816527,-4.10199873,4.15568621,-9.44992201,2.56896173,-8.07963615,9.06633173,-9.82564233
12.58203125,-8.85135404,-8.01826994,4.25822753,-0.96463026,-0.94301761,-4.51150404,6.23267793,-7.09133625
12.58593750,-7.92245627,-13.47255770,4.83034158,-0.48595295,-3.39655807,-10.70359706,-1.51550713,-9.69787550
12.58984375,-7.06525666,-11.31348329,-1.60991736,3.59153050,-6.56446152,-8.36092684,-11.23336647,-10.24997218
12.59375000,-2.80551304,-7.08342798,-2.52307916,7.15603261,-6.81190192,-9.75634390,-7.36426312,-7.00259505
12.59765625,2.56860841,-3.39289831,-7.18930237,7.19352403,-6.30438370,-10.49295547,-4.35403989,-2.82331086
12.60156250,0.33122386,4.38465942,-5.94977426,11.62891635,-5.14372762,-12.41626813,1.74142896,1.27559704
12.60546875,6.86932221,7.59775570,-11.80911615,14.18052642,-4.67852691,-11.05153219,5.56505336,1.67052374
12.60937500,5.69458742,12.53013590,-14.10939525,12.26354512,1.84694022,-8.42592755,11.45138878,8.77942497
12.61328125,8.23112346,11.01684820,-9.91497638,9.06213873,3.25618998,-7.65413485,4.50289247,5.10336984
12.61718750,7.37225337,7.66051593,-10.58222812,7.31217662,11.65116402,-3.91988278,0.02309880,8.44101431
12.62109375,8.90143474,4.53541355,-11.64994350,3.31438941,7.95014762,-3.23761396,-7.65295053,11.83794795
12.62500000,9.47226241,0.27679018,-11.70863157,-3.76493890,11.43263614,0.87471407,-11.01986654,8.99179874
12.62890625,9.80736559,-3.83367485,-7.29391579,-6.53192264,12.44115855,1.76068482,-11.39584070,2.96305898
12.63281250,7.93674564,-7.78449669,-11.68436169,-2.94256872,6.60655791,6.77031909,0.45664311,1.48720226
12.63671875,7.34835319,-8.68697615,-11.93836887,-3.16869735,-0.30784200,8.54283440,7.36248735,-3.36078371
12.64062500,-0.06523894,-8.42394754,-11.89590932,-8.98283383,-1.91081682,8.56996417,12.27435279,-7.06891016
12.64453125,3.43942043,-5.92206642,-9.10249649,-12.56654824,-4.63466818,8.86591222,7.81121419,-6.25738773
12.64843750,-0.87288049,-0.63907984,-7.60912074,-11.12304803,-12.14612999,8.59179168,4.96517615,-10.99526974
12.65234375,-2.62448005,6.81372117,-6.82751145,-10.01464486,-11.72953790,14.03848947,-6.85140312,-6.05002477
12.65625000,-6.29008865,7.29173134,-2.31127136,-10.46502232,-6.64685504,7.32722761,-7.95836970,-3.99030814
12.66015625,-6.33637381,8.94930461,0.06890974,-2.25993887,-6.30666950,8.72456913,-11.22019652,-7.34579771
12.66406250,-9.03649638,9.37723906,-0.64052851,-3.41788580,-5.57211636,11.66755915,-3.21618409,-5.48289109
12.66796875,-12.69450826,5.93181648,3.99641908,2.25108710,-2.23524297,9.91932939,5.01219040,2.69023211
12.67187500,-13.21138457,4.43103900,0.21620696,1.15419844,5.03729516,6.57678721,10.65916845,3.67445132
12.67578125,-9.82592024,-3.48140670,1.55977510,4.29978672,8.67619234,0.86771819,13.42037124,8.41449749
12.67968750,-10.79423775,-4.60829985,7.04705745,4.10765299,10.00383400,6.08532245,10.44933937,10.14957637
12.68359375,-7.69584441,-13.09137728,7.32936644,9.19729979,8.08363976,-0.47083905,1.53702288,10.74984448
12.68750000,-5.55168675,-9.65976264,7.25007811,9.53317814,5.53186864,-0.03790132,-6.29770883,11.77764477
12.69140625,-1.93549394,-6.86209356,3.58739242,9.25618844,2.74681657,0.89785267,-8.10823118,10.22037174
12.69531250,5.05002942,-4.59622595,4.56715811,8.54349587,1.11646923,-5.93235808,-5.47917454,2.96023579
12.69921875,4.54752310,-2.40206059,8.09593658,6.80260200,1.93051814,-5.63451299,-0.56548610,-1.38845276
12.70312500,5.93236995,3.62108001,8.65619072,3.85632480,-4.92368563,-4.78406390,2.89775074,-2.71414348
12.70703125,5.43268373,8.24513249,8.38226222,-1.57715601,-6.97894510,-9.43785214,10.12258147,-6.04801099
12.71093750,9.11573224,8.49197962,8.31604057,-2.81547211,-6.31813381,-6.61092161,6.44197223,-15.74606578
12.71484375,1.36656705,9.04835260,7.68724960,-2.07400313,-6.09795748,-9.15903967,-1.78041138,-11.35606287
12.71875000,6.27954182,8.19019354,9.37718338,-6.99285429,-1.86023688,-6.55360857,-6.56306216,-12.58633075
12.72265625,10.39632746,3.36523295,6.12739067,-6.41234678,-2.05399543,-8.39780370,-7.76335774,-10.66519764
12.72656250,8.03337459,0.80913623,7.28270789,-8.60840651,1.53177313,-6.34025077,-12.43914707,-4.96169341
12.73046875,10.98175200,-5.39261671,5.14277221,-12.09591666,7.19235939,-3.51883679,-6.84086975,-4.24892444
12.73437500,5.07374261,-12.09113466,6.13846280,-10.91394776,9.64459410,-6.49199279,4.83944476,1.19155202
12.73828125,5.78191009,-12.83996862,4.92379472,-9.35579188,8.24751616,-4.42979798,8.43341538,7.03428674
12.74218750,4.53094386,-8.92837641,7.52171408,-4.39747655,5.25292161,-4.90362020,11.49450386,7.86335697
12.74609375,1.16771798,-2.70416762,-1.29657425,-5.23906914,2.44744444,-4.05143278,4.65898542,9.37175598
12.75000000,3.08942564,-3.63988250,-1.11473498,1.94786801,-0.15195081,-1.86012250,-1.35333056,10.52493314
12.75390625,-4.05990568,3.39172777,-0.70340796,-0.23350674,-3.31814399,0.02109492,-4.30594340,7.46212740
12.75781250,-5.03130859,8.70136963,1.60502045,7.05397013,-9.67734961,4.08139160,-9.63725932,7.42805833
12.76171875,-7.08095393,8.87526132,-5.20416936,8.26579696,-11.81231987,8.94121266,-6.58624245,2.25615760
12.76562500,-9.95621334,7.91952702,-4.89399947,9.39162539,-10.07120506,8.75110516,0.47672086,3.72207373
12.76953125,-10.70494603,4.74744259,-0.44735043,10.01397060,-5.06786359,12.25743749,3.76684078,0.84031292
12.77343750,-10.71886546,1.70713961,-5.54632493,5.72205416,-8.32570519,8.92136380,11.10137943,-2.45048526
12.77734375,-10.03892079,-1.20603935,-9.39820518,6.77925626,1.73948240,10.10435970,9.67730146,-7.82186981
12.78125000,-8.50498233,-9.44904623,-6.92416334,3.29576381,2.76370707,5.44656970,6.65831323,-8.69605138
12.78515625,-5.35619434,-7.97858186,-7.63308958,-1.57321606,4.09639757,8.32395512,-2.88974391,-8.81212204
12.78906250,-9.09869393,-9.44353288,-10.27129705,3.47772785,11.32129540,4.39575544,-3.83369094,-8.27588137
12.79296875,-5.54027058,-6.22085242,-13.62818007,0.75471689,8.75189420,6.96998120,-6.73906055,-6.16637889
12.79687500,-2.22307058,-2.70753256,-9.87232549,-4.96750050,9.51567462,2.04332863,1.26011259,-5.63879923
12.80078125,0.66690948,1.17875977,-12.28512151,-5.92361917,8.31207792,2.71528970,2.98764780,-1.17922782
12.80468750,4.81129002,2.15790620,-9.60185182,-6.57855752,1.53632640,0.05861807,3.59928688,1.01673778
12.80859375,6.15071368,9.42137500,-11.83862599,-6.98225558,-2.42252923,-1.33205621,8.56010877,5.96473435
12.81250000,7.32847636,11.24233141,-8.66899919,-10.47240805,-6.66327236,-0.70613384,6.19564124,8.00464606
12.81640625,7.34820112,11.06671391,-4.28958702,-10.83323746,-6.21990106,-0.99313953,1.47201591,10.00382313
12.82031250,10.08589359,7.29928811,-11.13197541,-6.08545482,-8.16587650,-5.66509430,-7.45623957,8.87330803
12.82421875,10.47444112,6.96404843,-2.55354075,-4.33054256,-6.18038377,-0.64511334,-10.20820878,5.93233780
12.82812500,12.15818379,-2.18372614,0.26909849,-2.56153004,-9.21547370,-5.75779052,-10.03247156,5.19442363
12.83203125,6.70074906,-9.13233786,-0.76361430,1.20176766,-1.74188628,-6.52048475,-1.83329468,2.17507613
12.83593750,10.41041350,-6.97022375,-0.18391546,3.08749528,3.00820472,-9.40317344,4.42987270,-2.58737300
12.83984375,5.33543289,-12.30149012,4.16487005,3.84412775,5.91442025,-7.63391153,10.61774513,-6.51102104
12.84375000,3.80353941,-8.50555883,2.44547186,4.74020981,6.82018107,-11.32663679,8.76569205,-9.08184992
12.84765625,1.10788275,-1.20746270,6.15195237,10.27107590,9.62408516,-7.88863171,3.92712258,-8.58749215
12.85156250,-5.62793988,5.60534778,9.35931020,4.89517060,6.33631543,-10.42336436,-5.29027003,-11.85661534
12.85546875,-3.52761117,5.12370086,7.84826308,15.04635263,3.59474747,-5.44987838,-8.90290659,-10.30295434
12.85937500,-8.00015794,8.81184639,8.47560712,10.90936785,2.92817165,-8.55081982,-11.62135480,-2.98575754
12.86328125,-9.89936370,11.27042662,10.17777310,9.34868606,-2.05908047,-3.09644242,-6.52038154,-0.20465264
12.86718750,-11.39966079,10.76139503,10.96399823,8.56990068,-9.60041230,-6.09283325,3.94807999,3.53986023
12.87109375,-11.75356518,3.58989541,11.92971229,2.73164751,-14.37395270,1.12742971,7.10759108,6.40855689
12.87500000,-11.35987510,1.93830994,8.58641543,-0.04977915,-9.91247568,0.22272763,7.40891862,9.37548286
12.87890625,-11.78024185,-8.79784116,12.44675781,-1.64913412,-10.48158514,0.97606966,8.02529009,9.91168934
12.88281250,-8.17821905,-12.84540630,6.21863800,-2.30285169,-2.44687739,0.89842739,4.69951198,10.07325492
12.88671875,-3.35948492,-8.64125450,6.83661522,-7.33485454,-0.63647536,4.43966646,-7.82296215,9.70179965
12.89062500,-4.22839207,-9.02049389,10.71936806,-12.54778247,1.61570009,4.65156969,-9.69995747,3.77260577
12.89453125,-0.48019166,-8.54557088,8.05350693,-9.59701116,9.42409181,6.66281646,-9.78959590,3.40215922
12.89843750,-2.63428354,-1.97052791,10.56328566,-7.68762056,7.55536681,7.32520355,-1.95295716,-0.34022569
12.90234375,3.70807686,1.18722776,3.36278996,-4.52640669,10.64352845,7.29567851,-2.61347007,-3.16918808
12.90625000,2.38038231,8.55822358,1.19335269,-7.22075920,11.12905240,11.39122799,5.96027227,-8.01542552
12.91015625,4.04326582,10.14721790,0.87210976,0.69866440,9.71837535,9.10799963,7.37731136,-10.90244321
12.91406250,6.68904182,12.43395367,0.56257682,-0.07047400,4.78898649,8.69848493,3.74145601,-10.31375007
12.91796875,8.26477459,11.44201539,-6.12149672,2.67170458,2.45664626,7.17561773,-3.57870094,-14.55030290
12.92187500,8.97135611,6.26552417,-5.14653018,10.86423562,-0.48783913,5.54967181,-6.65205754,-12.49102188
12.92578125,7.63353734,-2.43791207,-3.54195344,7.49040566,-7.82327790,3.92026960,-8.06285421,-6.41033139
12.92968750,10.49656063,-6.09463071,-2.44848956,10.25097173,-11.46576645,6.35123660,-9.99308849,-6.16756174
12.93359375,8.30565234,-6.69134049,-2.91258372,12.12991723,-7.85839505,1.51721708,3.81109179,1.16898561
12.93750000,7.15547864,-9.67544834,-4.83824991,10.35924339,-8.82038630,1.42373584,1.68432227,8.79899838
12.94140625,4.65362964,-11.36347154,-10.96323477,12.76698810,-5.33120408,-0.00101769,12.63754425,7.77452262
12.94531250,7.96781298,-7.46770875,-5.83483835,8.04374791,1.91757958,0.87984142,6.16119884,10.32453159
12.94921875,-1.17674744,1.59510231,-10.12299198,7.19677183,0.92590473,-6.41262099,2.80849713,9.90969102
12.95312500,1.22165084,2.99132178,-8.38735877,3.06647447,5.44898448,-7.40222995,-5.70335973,11.77030305
12.95703125,-7.91099550,3.79834194,-9.04444263,-0.74191938,9.32826626,-6.90673933,-11.36823299,9.64694550
12.96093750,-9.63037166,11.36257615,-9.57648715,-2.34976185,9.52508367,-9.16183268,-10.17501954,2.26659443
12.96484375,-8.25234071,4.49805793,-2.86035907,-7.28410810,6.35384287,-8.18637705,-1.93530365,-0.71227242
12.96875000,-9.33902761,1.75341698,-6.57782833,-7.82559806,1.18601661,-10.89381099,6.90917432,0.50334072
12.97265625,-12.82445082,1.95639749,-3.76987235,-8.80026485,-0.29909050,-8.93802025,9.27444074,-6.41226004
12.97656250,-8.80038644,-3.69428147,-2.80017500,-8.42405833,-8.52748067,-12.87965968,10.99096320,-11.59240939
12.98046875,-10.81460258,-7.26009916,-3.53630758,-8.32399113,-7.04567159,-7.61945945,6.91867571,-7.87753652
12.98437500,-7.70799843,-11.30116391,-2.57500434,-10.54837021,-8.84545179,-8.63839009,-0.15641608,-11.33476378
12.98828125,-2.30856238,-11.14020483,-1.70330936,-7.53406844,-9.11733111,-5.51237867,-3.64019505,-4.89561120
12.99218750,-1.06756088,-8.21274075,-6.36455250,-2.19526655,-8.07013589,-6.37706589,-9.76430387,-4.30919981
12.99609375,0.20072960,-2.30193868,-2.34440829,-3.55455838,-2.98319185,-1.34824346,-7.33251897,-3.29376145
13.00000000,0.92488897,3.27690095,-0.80966690,3.74801892,-0.55237907,-5.60710597,-1.40786004,-1.63147020
13.00390625,2.05941454,5.66854997,-0.43066139,5.53934129,6.00092947,-1.84255463,4.49833734,2.01504892
13.00781250,2.03708999,6.38644317,-0.42865473,10.24001839,5.06502668,2.45683694,6.69294467,4.15706965
13.01171875,7.87759418,15.26373851,4.25362867,11.67403352,9.85245517,3.44421094,6.54488862,9.57304388
13.01562500,7.72671466,11.28561972,7.39641606,8.98921886,14.58798852,6.90311210,-2.44503935,5.41165068
13.01953125,5.42998779,10.43541690,4.48479662,11.69775309,8.47254996,6.03154200,-4.68604835,5.92433381
13.02343750,9.84189522,6.93525945,6.09942510,11.22219221,3.81010943,6.53229693,-8.46758207,3.97668259
13.02734375,9.30704935,-1.35310645,9.62069244,13.89836274,4.74838630,8.23885227,-13.69363030,6.58980980
13.03125000,10.24767900,-5.03460343,6.24304169,4.92742568,-0.63859715,11.73610183,-7.21308278,1.21602853
13.03515625,5.45578128,-10.69477692,9.18681870,1.61809458,-10.60279888,13.46735274,4.29588376,0.24063822
13.03906250,5.16915859,-9.13480310,9.23062813,5.24943177,-12.85945987,8.43535246,5.15396450,-8.12572835
13.04296875,4.66430913,-1.83306633,10.68467742,-0.33749169,-11.03051449,14.27825701,8.96279602,-9.68043721
13.04687500,1.90060093,-4.96979534,13.13936487,-5.35940828,-7.02047757,7.92564212,8.58690923,-6.93696349
13.05078125,-2.98947067,1.53093263,13.04011572,-5.14711089,-0.13926513,2.77833205,-2.31221080,-8.42040160
13.05468750,-6.99311219,3.04061931,9.18263966,-7.30255661,-4.67381876,7.39522222,-7.83963995,-11.75091890
13.05859375,-4.77144362,10.30803839,10.88545728,-11.15944709,2.32131777,2.98168714,-8.25315382,-5.68300969
13.06250000,-6.46822725,8.39276569,7.63359679,-11.36142555,2.82244988,0.79754405,-4.01586779,-2.03530625
13.06640625,-9.44234316,7.08049143,9.24655475,-7.22408978,4.59176140,0.93154065,-2.23291268,-1.29328095
13.07031250,-10.14469195,3.17088529,7.79442411,-4.37326883,6.15582091,0.37100120,7.70153519,5.73513967
13.07421875,-11.46983109,0.49622141,4.83656750,-7.23994474,5.31894384,-1.72895475,10.63013584,8.76602594
13.07812500,-10.94668831,-4.70332182,3.39080095,-5.13562471,6.85639971,-6.54362674,9.45389614,11.58280497
13.08203125,-4.05828431,-9.54211412,3.74407316,-2.68637474,1.00602645,-11.19616200,3.57125412,10.97364909
13.08593750,-10.77062475,-11.80298463,1.78534593,0.41194641,-4.55018684,-10.81167403,-2.10008614,12.15772186
13.08984375,-3.78269682,-8.54127765,-2.85187118,4.88655866,-8.35699936,-13.95767490,-5.94620461,6.14730881
13.09375000,-0.39889538,-3.94829621,-7.45315017,9.57336968,-3.24358238,-12.09718128,-10.03788073,5.73344238
13.09765625,3.40299263,-5.08669994,-2.87925966,15.64236914,-9.63781859,-9.50224150,-1.63497794,0.73717685
13.10156250,5.98551087,3.63415168,-7.71739588,11.02903188,-5.94769934,-10.79871465,3.52994702,-0.22601013
13.10546875,2.86749015,6.74579684,-10.43235749,6.92928068,-4.68343737,-8.57168942,5.97930439,-9.57251981
13.10937500,6.17426028,12.29384259,-8.38984551,9.61047960,0.64522138,-9.16770509,10.99336241,-7.69685158
13.11328125,7.39050379,13.78082420,-15.23127175,8.25124712,-0.08475223,-7.06911426,0.85676261,-13.67956749
13.11718750,9.03693495,8.31183267,-8.87019588,7.27391509,4.17699320,-5.84275109,0.72130642,-9.93593646
13.12109375,10.61633678,2.52641858,-10.41374834,-0.13892717,7.86775441,-0.70776839,-11.31817627,-10.16826355
13.12500000,12.43322277,3.43401340,-10.04521774,-1.27684288,11.72993997,-2.05819992,-9.94846288,-6.50485168
13.12890625,10.89021336,-5.20847002,-6.19841796,-2.72293212,12.69448935,4.51217686,-10.29038314,-4.09691110
13.13281250,9.32701748,-7.67097943,-8.30255195,-6.72885432,3.11454739,6.68761218,-3.08017074,3.54713609
13.13671875,7.44401221,-8.54247829,-6.64551651,-11.05628854,2.64029177,6.75517149,7.78229870,6.09241201
13.14062500,1.68132904,-5.59130176,-3.16786302,-10.48023245,-2.75972859,9.53988952,9.84855433,7.22308846
13.14453125,5.60895191,-6.49671312,-3.73495703,-10.82319187,-5.15561954,9.80207999,7.31407819,9.49359089
13.14843750,1.22726293,-3.12390681,-6.51325011,-11.05266436,-8.64309043,9.38366211,2.32562103,12.59898700
13.15234375,-1.22078543,6.43452271,-6.89583026,-10.60263151,-7.90048976,12.09562440,-4.55167243,11.20210117
13.15625000,-2.01947185,6.05073488,0.14319200,-6.18023090,-7.99486275,10.30302960,-9.70354012,6.70516409
13.16015625,-4.46234137,9.99227555,-1.89277531,-3.73995190,-5.72976141,9.62816795,-8.39908009,1.91060790
13.16406250,-6.22038102,9.12869694,2.05211978,-4.45635041,-6.70516745,7.75067256,-7.82044198,2.08848047
13.16796875,-11.32384503,4.72172280,1.74849242,0.02773721,-1.86030685,11.17476329,3.39150534,2.47290069
13.17187500,-8.63051170,5.35849676,3.80286789,2.61883839,3.28184518,7.00096734,8.26914281,-2.59535787
13.17578125,-6.09901493,0.72247612,1.90202054,4.63138404,7.65604593,7.34524142,11.51636254,-5.17913250
13.17968750,-10.10557615,-8.00437856,4.77223248,10.49100887,7.30650019,4.55358717,7.72175689,-8.84441307
13.18359375,-8.81706275,-8.13043472,6.69775569,7.45358872,9.99196094,1.35045458,-0.00966445,-7.18631665
13.18750000,-5.78683444,-9.75139150,7.89983667,6.34945079,8.36243267,-0.39403840,-1.75219858,-6.24879593
13.19140625,2.93824349,-11.74374634,9.11420813,7.81686795,3.04625410,-0.95607625,-6.38893141,-8.18441118
13.19531250,0.18421900,-8.29088161,5.61276488,5.27292819,0.86732280,-9.54973874,-11.22579570,-4.78186752
13.19921875,6.32871755,-1.01798337,5.99404610,10.47768842,-1.99402502,-7.87065000,-4.32217268,-1.78778557
13.20312500,4.75941671,3.34962165,8.71462256,4.52000287,-4.95815163,-8.36797269,4.93646847,1.38828169
13.20703125,5.32462826,8.35284220,6.54493430,4.55203961,-8.48814309,-8.08924643,8.42970312,5.18530166
13.21093750,4.71055884,11.09135620,4.89338010,3.26380828,-5.56941732,-10.37593273,6.37369155,6.09205579
13.21484375,8.37424253,9.87033657,7.12703540,-2.60669034,-6.80933238,-8.29301444,1.47312222,8.61078006
13.21875000,9.03814911,5.68550374,9.34036751,-7.24542924,-1.77543201,-6.43495296,-6.76444114,8.25912130
13.22265625,10.29878481,2.54885998,8.59849751,-9.95638087,-2.34445693,-7.79631572,-12.34501276,9.45082986
13.22656250,8.40401945,-0.58473411,6.04676406,-8.95625669,2.28157040,-9.98164618,-10.74385469,0.12716098
13.23046875,6.60850412,-6.34636711,7.90033511,-12.81996155,6.47382156,-9.48200687,-7.24519566,3.39455029
13.23437500,8.54453933,-7.87678170,2.93635856,-7.44933852,7.64238874,-3.80640280,-1.97315809,-3.11163787
13.23828125,5.92595869,-9.19310845,6.80262186,-4.13305600,9.45856814,1.24715908,5.76681180,-4.25846716
13.24218750,3.04187522,-3.10311427,3.15577949,-6.64097429,7.97181588,-1.24507582,11.19098856,-5.14777201
13.24609375,1.25391616,-1.94441885,3.22142085,-5.40984346,3.53463534,-2.80307712,6.09249307,-11.43270001
13.25000000,0.44149917,-2.44867229,-0.31354407,-0.07219917,-2.79446733,-1.28097371,0.02672904,-10.84316635
13.25390625,-5.65640775,6.60347154,0.62914378,-0.07440876,-6.96918807,0.30441281,-5.51601555,-12.43078611
13.25781250,-7.46576793,7.81101656,-4.51466883,6.50499041,-14.33620111,6.24832434,-9.80127549,-6.55822434
13.26171875,-10.30920063,5.00654387,-2.13743376,8.40058121,-10.73852612,5.05522818,-6.47352487,-4.72618923
13.26562500,-10.72264454,7.20276542,-2.97959726,7.92054375,-5.30959428,6.38541122,0.10950251,2.66403812
13.26953125,-13.47409993,5.75047847,-6.01660460,6.48239875,-7.22474443,9.02382323,0.50996382,4.55619984
13.27343750,-7.17044544,1.40219808,-6.22608146,5.07574785,-4.58084254,10.48928730,13.41198403,3.97996913
13.27734375,-10.77107602,-0.11777080,-3.47922628,6.67824725,-2.26820602,11.00702187,9.70453043,11.45555223
13.28125000,-10.71818205,-6.98923272,-5.50837595,2.16641959,3.90904041,9.50471413,8.08074660,9.55021632
13.28515625,-4.82302289,-9.37731723,-8.20843316,3.33422496,7.26463772,8.68788908,-1.35446967,12.66747314
13.28906250,-4.26725024,-6.49125239,-12.94052562,-0.62393578,11.41156868,7.66435283,-3.89832789,7.20356841
13.29296875,-1.76418297,-5.75283720,-7.47191958,-3.73121502,8.93198156,7.04203955,-8.18750842,5.89601894
13.29687500,-3.35093265,-2.68242789,-5.93141534,-7.27967413,10.69297505,1.96773105,-7.60126024,2.83542687
13.30078125,0.25622918,3.16592422,-12.70328673,-6.06391230,7.33576239,4.88028064,-0.57256109,-2.76650690
13.30468750,8.24888696,2.86334865,-9.16319250,-11.41557928,6.62608376,4.28959890,10.24214627,-5.86970489
13.30859375,6.11274499,8.51910445,-9.70518087,-6.62579542,-1.14281538,-0.68443367,10.90274091,-8.10997073
13.31250000,4.00292649,9.92617367,-7.61380266,-10.41549689,-0.95893080,-2.08662231,5.40556514,-9.61863545
13.31640625,8.32568250,8.37719995,-9.18268098,-6.16294277,-7.23969227,-2.86735820,1.50156059,-7.05766875
13.32031250,10.14532618,6.28141970,-6.42063542,-6.89665688,-11.50819211,-2.09419261,-9.11029763,-12.72313854
13.32421875,8.86599994,1.36486332,-6.89826410,-2.89959373,-6.00935947,-0.16427243,-9.90170573,-7.58660098
13.32812500,10.37924804,-1.35687389,-5.63827877,-4.16085228,-5.43915084,-7.30997692,-7.49117764,-3.83634914
13.33203125,11.18153822,-6.39205424,-0.37031233,-0.95877258,0.68154669,-6.34809759,-2.05039611,-1.70104430
13.33593750,10.32069312,-5.22565166,0.64572493,2.81212935,0.78158888,-8.25012977,3.61249653,1.35816615
13.33984375,5.42034600,-7.41439667,-0.60249094,4.12003316,7.13062853,-6.83922670,9.81732322,6.59987533
13.34375000,6.40317199,-9.44878992,3.19004441,7.10238829,11.63143687,-9.53970489,8.67738685,8.23936045
13.34765625,0.70715448,-2.20604964,5.06743030,10.02634422,9.36801916,-8.28331547,6.12406184,7.24680596
13.35156250,-3.25158852,5.10611354,2.94548184,8.23306689,5.51461570,-9.52507925,-1.04871522,10.03609482
13.35546875,-4.67704920,4.13866731,11.34687170,8.91761038,8.77198281,-1.32707727,-10.23535544,9.03909478
13.35937500,-6.10526036,7.86744483,11.83627899,7.54701758,-0.04725329,-7.11172315,-7.15334919,2.29910811
13.36328125,-3.83909775,9.32848296,12.76006010,8.13724525,-2.94740598,-2.80329598,-8.75888570,4.95365692
13.36718750,-12.07388330,7.94089351,6.64284953,7.40988283,-7.29499047,-2.02928540,-1.36256141,-2.07608412
13.37109375,-9.43154283,4.79077166,9.79521881,3.64720262,-12.08324247,-2.09082992,8.42829121,-2.50978650
13.37500000,-7.47036335,-4.20347735,7.91019240,0.74245402,-10.52056677,2.70592594,15.38297900,-5.41546768
13.37890625,-9.85421133,-5.79946546,14.23306023,-4.45352559,-8.11922636,4.44975411,7.95567974,-8.15678355
13.38281250,-9.88384392,-8.99389709,9.53440935,-10.14323412,-4.43357174,3.75482606,4.49351249,-6.70414648
13.38671875,-6.98495174,-11.09338321,12.33833450,-5.72217279,-4.66077261,5.38265643,-4.92451382,-9.68303701
13.39062500,-6.38095796,-9.43958445,8.66765362,-10.16137770,1.53738305,4.06692568,-8.40299444,-6.57999422
13.39453125,-7.27523068,-5.69588112,7.61066648,-8.50936240,3.47017929,5.23077770,-10.68464071,-9.94723445
13.39843750,2.43495277,-3.45195459,5.25559082,-8.42897678,12.29128981,4.90935470,0.99012673,-2.07149273
13.40234375,5.34872596,6.13384486,2.81759941,-10.54144192,10.45617706,9.66088008,-0.91486523,3.91292321
13.40625000,3.88883957,6.79569775,0.75316652,-5.44869886,12.09773453,7.67971331,8.49092884,0.55031069
13.41015625,5.52899390,7.16642446,-2.15509554,0.59472967,7.65678362,8.51040760,9.80711002,4.50425449
13.41406250,6.19491100,10.12145803,-2.10709667,-5.41765706,5.76406793,6.69315634,1.96103165,6.42985599
13.41796875,5.89095128,10.27481543,-1.68541771,-2.63549204,-0.08458110,8.88243287,-0.51630412,9.82694739
13.42187500,8.41764373,3.70621363,-0.34912396,3.64472395,-5.02183610,9.80796691,-9.17969686,9.14839246
13.42578125,7.13041192,-1.50509873,-4.02517643,8.21441822,-9.30643408,5.69804231,-6.71805113,2.13041683
13.42968750,5.67583947,-7.33183939,-4.03967451,9.96961977,-9.27757557,5.80136988,-5.35159490,5.61703153
13.43359375,7.89654486,-10.17167394,-4.77257142,7.81839974,-8.60023105,0.90811348,4.41961400,-1.40774074
13.43750000,4.67105076,-9.07757788,-5.11493313,13.89163133,-11.34543050,3.47599336,4.58263455,-2.97910602
13.44140625,8.51769942,-10.01788664,-4.44175138,10.71153985,-3.34398168,2.17739327,7.35204607,-1.87546425
13.44531250,5.00908164,-3.34078765,-10.65763306,7.44684229,2.34509603,-2.18008219,7.94883588,-11.96558450
13.44921875,3.67468914,0.57961228,-9.25529663,5.58542340,3.35651903,-3.22562977,1.71322204,-6.93898664
13.45312500,-1.51652051,4.61778098,-5.70879882,2.72049639,7.20121698,-7.97225718,-2.22410457,-8.96895363
13.45703125,-4.99269769,9.18522878,-10.59318957,-2.71348183,6.06353138,-7.56313057,-11.51320083,-7.61243665
13.46093750,-5.92954412,10.36131165,-6.92369071,-5.78105364,5.39202097,-8.27373721,-8.36768265,-3.65845916
13.46484375,-10.19460020,5.22378376,-7.85385517,-6.23205026,8.48110568,-7.58869386,-2.53219693,-3.08672005
13.46875000,-10.17251299,5.90610821,-6.86191112,-5.29511306,2.11188085,-8.36499966,5.74491305,3.48721702
13.47265625,-12.40391673,1.78374366,-4.28197552,-12.06537475,-6.16385492,-10.05206835,11.55772999,6.19010363
13.47656250,-13.30433878,-3.10333515,-7.72354467,-11.20278917,-6.27085100,-12.06200104,10.67978515,9.97510615
13.48046875,-7.53249862,-11.55721303,-1.09097062,-9.86149586,-10.23075892,-9.69307270,8.34527014,13.11320893
13.48437500,-4.74970506,-7.91983986,-6.03633803,-9.55229077,-7.38556492,-8.89123817,0.23399311,12.54053335
13.48828125,0.42565741,-16.79405124,-4.89741619,-7.47217669,-11.09264525,-8.58142620,-6.53876931,10.20789823
13.49218750,1.33912112,-7.00050640,-3.94849851,-6.92877658,-8.48103141,-7.16977618,-9.82997578,11.11522786
13.49609375,4.61462013,-4.61050160,-4.67670805,0.15021246,1.39809623,-3.71486341,-6.44660369,2.78446475
13.50000000,1.66631804,-2.43211183,1.04960876,-0.06735357,0.44804934,-2.61713842,-2.32740507,-4.71656848
13.50390625,3.43085002,-1.04652809,0.11572025,5.10974358,8.91086766,2.31234876,8.06561030,-7.71525111
13.50781250,6.11370730,7.25698429,3.33494721,4.12592929,9.36660204,-0.36886173,10.65536537,-8.63481541
13.51171875,9.05217588,8.92686606,4.45935919,7.75096467,11.27167595,3.59652072,4.14732116,-10.50979169
13.51562500,8.98240012,12.20688091,1.99719104,11.37383530,11.74130264,6.25558534,-0.04483143,-11.31930563
13.51953125,9.38380482,7.98395854,6.12278561,12.65791885,13.18661271,6.68529181,-9.73249348,-11.86847081
13.52343750,10.47701298,4.64730073,5.34882031,8.13530269,3.52303845,12.08119833,-13.58354904,-6.90270542
13.52734375,6.73307913,-2.15399827,8.20065940,10.58043391,2.03910787,14.84956149,-9.91862101,-5.54260969
13.53125000,8.78750307,-5.20087595,8.13673586,8.08460325,-3.37629425,11.36248989,-5.90472965,-0.10222632
13.53515625,2.69160761,-9.23842926,7.22606387,4.09022293,-9.22514612,10.15232655,6.63944241,-0.88958252
13.53906250,5.62161528,-10.90769811,9.23913925,5.12424037,-9.41374692,8.04703724,9.41003815,6.71391230
13.54296875,1.89180735,-9.82999192,8.49672047,-1.54576267,-10.89667223,10.64268277,8.23447116,9.22995279
13.54687500,3.06070443,-3.54620173,6.24486918,-4.40975891,-8.94611195,7.17630824,2.46556496,6.18911950
13.55078125,-3.86102229,1.27574758,10.19891845,-4.80717645,-5.03580732,7.09019662,-2.18860171,9.26893335
13.55468750,-5.70901883,0.95298471,8.50727457,-9.25781168,-1.89911223,4.76157637,-8.12430585,2.41712861
13.55859375,-6.03257959,6.81148524,14.54354274,-9.44546243,5.83863445,7.44938082,-11.15555846,6.33490135
13.56250000,-3.99244169,6.85775062,8.16749723,-9.42562309,4.11717871,3.67328298,-4.90529371,7.07176604
13.56640625,-11.21471144,5.55740596,4.91858854,-6.80824359,12.16058660,-0.51919539,0.56724077,2.32278337
13.57031250,-8.02791460,3.92321542,6.70358555,-9.92135422,11.77740885,0.73522108,7.05847634,-2.79686265
13.57421875,-11.28894927,-1.70524203,1.05191559,-8.57018405,7.88692359,-6.08048258,7.63251362,-5.84116450
13.57812500,-6.35250043,-5.81173705,0.49813343,-5.22175382,4.95566557,-5.94614181,10.32273369,-6.55078985
13.58203125,-5.46142567,-4.58931594,3.43803470,-2.20824916,-1.61821527,-7.89743836,4.92128973,-5.83183359
13.58593750,-6.31937159,-11.07422866,0.98535262,0.79250331,-4.27206205,-10.34077757,-3.42589944,-8.19512211
13.58984375,-7.68148484,-12.42871490,-2.89877737,3.07528645,-7.79416224,-11.31553187,-4.79199430,-6.76765830
13.59375000,2.03910385,-8.82307437,-3.59187056,4.96662384,-8.48739462,-6.42666405,-9.33103501,-9.10687391
13.59765625,-0.09699975,-1.19550748,-7.76051217,9.35596850,-7.37794392,-13.33765013,-1.20143099,-3.75941472
13.60156250,1.25843852,-0.45068783,-8.80331513,9.86422716,-6.32929289,-16.52126101,-1.04456874,0.69546216
13.60546875,3.32745814,4.92369941,-9.32189262,8.46876202,-1.22578209,-6.97712212,7.89162025,3.62771421
13.60937500,4.90703297,7.53207188,-9.27107822,12.45636959,-4.46767646,-5.88827143,9.04148628,2.13039419
13.61328125,10.43635045,12.84822099,-13.11514285,8.80893786,4.77199704,-8.16666644,6.10325652,7.60700046
13.61718750,6.00275437,6.85971972,-11.06229287,4.99901458,8.91304617,-6.90689854,-1.95596890,6.59972551
13.62109375,6.97786203,3.74336093,-6.56708657,2.56841678,9.39728650,-2.62490025,-4.99845609,5.62188833
13.62500000,7.00479979,2.18456130,-12.88387382,3.33236710,10.92935313,-0.21097181,-10.68482491,7.46725907
13.62890625,3.93170552,-2.48552239,-8.13765275,-4.28290860,9.18110190,3.28674535,-11.05718674,5.03396852
13.63281250,8.79075049,-8.84414001,-9.39962231,-6.98606062,8.33519426,5.98507172,-1.96724365,-2.89036703
13.63671875,4.95771573,-7.51001404,-7.35722326,-8.46396641,0.98360707,7.74916436,6.26648351,-3.36949278
13.64062500,5.51969147,-6.76853527,-7.54570915,-9.08412246,-6.05748680,8.11349929,12.10025139,-8.95704280
13.64453125,3.76279760,-6.07382231,-4.85933234,-12.33724593,-8.95667419,7.16470582,7.86562251,-6.57398338
13.64843750,2.32157938,0.66330332,-4.12767449,-9.48747885,-8.28516861,10.40094250,1.57708405,-9.82080347
13.65234375,-1.85082136,2.71213922,-5.19867178,-7.56289367,-7.85830884,13.38764341,-3.73294789,-9.95258368
13.65625000,-3.53731906,5.61567521,-3.25078446,-10.30188636,-6.74534267,9.36803118,-7.47002880,-12.91820676
13.66015625,-7.34800702,6.05909783,-0.28528643,-5.26190354,-9.55324694,10.67002231,-7.23991001,-1.54091477
13.66406250,-7.16834678,8.46061316,1.81991562,-3.10223424,-5.75844965,8.43358642,-3.82675143,0.59233578
13.66796875,-8.55788103,6.19509554,4.66321446,-1.22441100,-0.11552571,8.72244647,5.63434162,2.38007435
13.67187500,-12.98750792,1.81995995,2.17800437,4.81394939,1.49925810,11.23251189,5.64586905,7.33145715
13.67578125,-11.58389130,-0.46206555,3.80676425,5.12237044,5.78975723,9.47313441,6.96491894,11.34838703
13.67968750,-8.21120380,-4.79937895,3.79837524,7.24821293,8.14989621,4.85554445,9.94391032,9.63458961
13.68359375,-5.67980796,-8.68995395,6.80113777,8.02965974,9.15326071,0.19833572,0.45079517,10.25688779
13.68750000,-1.75433048,-8.85160154,7.48009507,8.60981606,10.13365306,-2.36560745,-5.27539378,6.63516388
13.69140625,-5.08546485,-11.09879111,8.62871221,8.44731549,7.43135203,-2.02663224,-5.98757544,7.90275221
13.69531250,0.98688485,-6.32367747,7.08186860,7.75996910,2.25818367,-5.70387585,-6.98702648,5.04894168
13.69921875,1.62234162,-5.26044397,9.56316282,7.52144648,-7.82930633,-10.79324368,-1.82135473,-1.81119691
13.70312500,2.29491275,4.52129689,7.86832212,3.46560031,-8.05357216,-7.77982335,4.74367996,-2.54302049
13.70703125,3.50366058,5.47965125,6.90870792,3.38839804,-9.46218517,-12.60884012,6.36757366,-7.65017113
13.71093750,3.91842610,9.70384725,8.89134734,2.22798951,-9.81868627,-7.07960416,2.38414935,-12.13987999
13.71484375,10.66887921,10.57283566,7.49446516,2.10172036,-7.91408110,-11.13767327,-1.30716804,-10.71160968
13.71875000,9.23712415,6.64245333,5.15319454,-5.66137212,-1.02776001,-9.28987805,-7.43404884,-10.26224805
13.72265625,5.94867973,8.37697692,10.56425155,-9.05972911,4.48496845,-7.55000331,-8.55437233,-11.28435673
13.72656250,8.76386044,-2.04177045,7.88332833,-10.95071679,2.84813017,-6.78840863,-14.77225142,-7.03317890
13.73046875,4.62152714,-4.37336492,7.99042849,-12.55476327,6.30728423,-7.10347404,-4.10111129,-1.41990781
13.73437500,4.30840158,-9.71546178,3.80577619,-11.29959237,11.44805684,-3.85607950,3.96076433,0.22015879
13.73828125,8.40321123,-10.15151030,2.26315664,-6.10188849,7.75818678,-5.51445324,9.76497417,6.30952561
13.74218750,5.32075318,-9.11835358,4.96943695,-8.23468229,6.02139466,-5.92605007,11.64574176,12.49579947
13.74609375,2.10039439,-0.28669893,5.04548792,-6.86928491,5.90754824,-3.77856576,8.26458485,11.30652861
13.75000000,-6.14168077,2.33730466,-0.27624607,-1.50553856,0.05103293,1.18572880,-2.59279074,8.61047273
13.75390625,-1.54004390,0.91393262,-4.11719470,-1.11474114,-6.93998552,6.62227716,-9.50518251,11.43672244
13.75781250,-4.15902403,9.56642732,-0.71146444,-0.12666230,-7.27027536,0.82123924,-11.80709029,6.68870063
13.76171875,-5.55994610,7.96949604,-5.32602700,6.66616767,-14.57156092,10.67604986,-9.30049013,8.33145747
13.76562500,-12.22338752,4.25632741,-2.09190707,12.83788225,-12.34014058,11.29048023,-2.61084961,-1.27989668
13.76953125,-10.45224517,-1.16943047,-5.91892273,7.81778562,-11.06623362,12.87483311,1.20306217,0.31105703
13.77343750,-12.19706896,0.60019711,-5.16500703,4.31821032,-6.87037514,10.24000439,10.39767093,-2.59488219
13.77734375,-5.34907438,-2.99147772,-1.65695842,7.47372431,0.01819130,9.26162682,9.20221973,-6.13352438
13.78125000,-6.69554500,-9.15191742,-7.92674615,0.39687705,4.59644763,7.21000574,7.10629271,-9.99898198
13.78515625,-7.52205098,-10.39840729,-5.43955779,4.35345824,5.88697025,4.25685292,-2.34136294,-7.69769302
13.78906250,-3.56655342,-8.20484651,-11.32835806,5.72909326,7.43996060,8.68839722,-8.13359149,-5.70663471
13.79296875,-1.35137287,-9.44670278,-9.11609067,-0.47309653,6.39874010,7.19168518,-4.41635421,-3.11632400
13.79687500,-2.09801943,-4.69456353,-11.10925125,-3.65951632,10.92080320,5.60078913,-4.78786841,-0.84164598
13.80078125,-1.11451385,3.82365779,-9.39325386,-9.92158131,6.95905414,2.36063337,2.99418310,-0.12079249
13.80468750,3.68399925,6.56087725,-10.09885048,-4.70284589,0.71612096,0.50386762,8.09625438,3.95961633
13.80859375,7.05131251,10.83098592,-11.32533666,-7.87591360,-1.15253494,3.93279863,9.09525399,8.49311972
13.81250000,0.36720629,9.34592607,-12.02936396,-7.85985718,-7.97428964,-1.71033704,2.42873219,7.62856625
13.81640625,6.48133657,9.73996245,-7.26870959,-11.25701031,-9.46207676,-4.29662381,-2.52310166,11.20199021
13.82031250,8.70581149,6.53227587,-4.54259818,-10.63523492,-7.55735633,-3.22933338,-8.20346341,9.03381866
13.82421875,12.59725205,3.67478800,-9.52275005,-6.24871689,-10.05578664,-3.10061931,-11.47614366,3.48120495
13.82812500,9.98639817,-2.13152875,-3.13038357,-3.36132695,-5.53836546,-9.42914812,-8.84130796,5.57423673
13.83203125,12.20143148,-4.12446796,-0.27424912,0.77602823,2.30508812,-8.66078278,-2.41061940,-2.07624214
13.83593750,5.40631259,-10.64167007,-0.05423578,2.36808095,-0.98151673,-6.20289694,6.61997154,-1.05188947
13.83984375,7.62157522,-10.44865666,1.74217524,5.02970432,7.79761994,-3.09849141,7.83011899,-6.63785612
13.84375000,5.93670364,-4.64983668,3.16854391,7.64019100,6.76855090,-6.25098499,11.03876460,-4.27073401
13.84765625,2.62581533,-7.85549223,7.77621995,8.05883732,13.85355485,-8.74141664,4.97541292,-10.82052424
13.85156250,-2.08911016,1.79303538,7.33320688,11.25464541,9.01639551,-8.74700460,-4.45615360,-8.63159512
13.85546875,-2.73053108,5.95778146,2.50994561,11.67639569,5.82359805,-8.62471583,-9.79848870,-7.59391107
13.85937500,-8.68536508,10.81453695,5.01619416,7.57675598,0.32524752,-4.32185903,-9.34042301,-7.35387712
13.86328125,-7.53560629,6.57699998,13.18470576,7.18988536,-5.18628220,-0.71889107,-2.74250940,-4.56025865
13.86718750,-8.40121706,4.36560801,9.52757383,-0.54127740,-7.55870117,-0.12315748,2.24100608,-1.50914645
13.87109375,-14.55945767,4.40272850,14.65263529,3.09056579,-11.45545948,0.75424543,4.22711522,6.11159468
13.87500000,-12.27518920,-3.57231113,11.72916730,-3.87894233,-9.70012382,5.03751635,9.48589684,6.07893160
13.87890625,-8.38245376,-8.42839118,12.05295902,-8.38595728,-9.93227289,1.78727153,8.45466954,10.09626696
13.88281250,-8.07557621,-10.05508244,12.22696541,-8.51319789,-9.94727165,2.52027685,5.10496344,12.93974086
13.88671875,-2.87813743,-10.23658421,7.50494076,-5.47452094,-1.98926611,2.35338855,-5.92160185,9.95732759
13.89062500,-4.54011801,-12.29217191,7.27477792,-9.07930187,3.06348846,7.72050986,-5.72448951,8.80473118
13.89453125,-2.72775576,-5.02659573,9.61865830,-13.46640181,4.27986238,10.52863046,-4.94230461,5.96946765
13.89843750,-0.86894896,0.15616327,6.64074275,-10.82223462,6.12537488,8.22624271,-3.66693599,1.06668921
13.90234375,2.63490128,3.19700994,5.70394261,-5.36225489,15.32541091,10.30487889,5.32616376,3.27766435
13.90625000,7.26747879,13.10244690,0.88600957,-2.19059294,8.86918981,6.09161544,10.28571190,-6.15051457
13.91015625,5.37753177,8.99286579,2.44451956,-1.51201003,7.35197928,8.82147149,9.93214132,-8.49411862
13.91406250,8.67955859,10.80632114,-3.11759165,-0.98258997,2.37598928,13.94816281,4.38710036,-13.78582627
13.91796875,7.36140628,10.35073972,-0.81745725,-0.04519528,2.48303945,5.79856666,-5.36991914,-15.68185473
13.92187500,10.29199587,6.11245292,-2.66332335,5.12739162,-3.23461183,8.50844836,-9.76153369,-10.25004076
13.92578125,8.03018276,-1.78137293,-6.24367774,4.12107761,-7.22292371,11.13734138,-12.00300329,-6.14279041
13.92968750,8.94937172,-6.09871963,-3.64091241,8.85789340,-9.77627411,6.53274227,-11.12847723,2.02894127
13.93359375,9.11577811,-6.70238999,-2.97797815,8.33760690,-13.09768269,1.83982357,-2.09852415,1.76790204
13.93750000,4.13117781,-10.11558293,-5.29364176,11.65281696,-7.07283271,1.64023022,5.35891707,5.39011256
13.94140625,5.33162122,-9.89176011,-9.07238416,7.96031619,-2.91551310,-3.71031318,12.93656229,3.40067803
13.94531250,6.17045370,-8.08327501,-6.38243897,8.67642944,2.31793279,-3.79113263,7.87747642,10.01542048
13.94921875,-0.14159018,-3.11169935,-9.04375103,7.97047822,7.11615096,-7.12330766,2.52535009,7.33979967
13.95312500,-2.16592189,3.66632061,-8.12913566,2.18682376,5.14462271,-5.14735014,-3.65528755,7.98830545
13.95703125,-7.45175450,6.77643837,-9.79321577,2.72614437,8.81696230,-3.97348914,-7.94079974,7.13592242
13.96093750,-4.70252829,9.60919244,-9.40257524,-1.57066269,10.18553414,-8.84654484,-5.44689446,6.50905833
13.96484375,-9.15855956,10.14882570,-8.85264131,-6.01388850,5.22114248,-12.14054273,-0.01307944,0.15973200
13.96875000,-10.00216654,3.55501332,-5.99309112,-8.27470933,3.41363637,-12.72796648,6.05147120,0.07421373
13.97265625,-12.18674716,5.28817034,-4.36765260,-13.08936738,-4.55467595,-12.64058895,8.72906231,-5.42121108
13.97656250,-10.46051009,-4.11918806,-5.04862817,-10.53909215,-7.08106036,-8.10330962,10.77912342,-8.32824543
13.98046875,-3.20409492,-7.56469831,-8.43305281,-16.10212740,-9.64370481,-10.36732539,8.17345156,-5.84885362
13.98437500,-8.59365759,-9.94359874,-5.81226659,-12.86209402,-12.86144029,-5.44112828,-1.04977176,-6.46658686
13.98828125,-7.22507241,-12.19406122,-3.42799223,-6.42634093,-14.73281323,-7.06206506,-4.51321048,-9.41270430
13.99218750,-3.04351838,-10.84093966,-4.24984528,-7.49896634,-5.28282542,-8.06292369,-6.26574282,-9.49406815
13.99609375,-0.78825156,-6.39527329,-4.02771229,-1.85447805,-3.50842519,-3.56467223,-5.79164791,-4.60305253
14.00000000,-0.53489310,-0.01965713,-4.91844216,2.19567982,3.05135308,-0.04970881,-1.01596859,-0.18952179
14.00390625,1.69303644,2.67318833,-1.19363316,2.27208504,10.41754117,-0.67467038,5.35941227,3.42368644
14.00781250,7.82817826,11.99148095,-0.21690563,7.21361655,8.91309141,7.69558200,6.79012886,4.44687421
14.01171875,5.00837873,8.80995304,-2.83919207,10.40009040,10.05996814,4.75604919,6.81794960,5.19358802
14.01562500,9.18014981,12.14067377,5.99471400,11.83060918,9.90434595,7.20775975,0.24560526,6.12744727
14.01953125,9.43100306,5.24009692,8.80392471,11.15685122,7.60505451,10.11900093,-6.19441993,7.06521413
14.02343750,11.32968832,7.14494864,8.71619834,12.96860933,6.26734736,11.34125289,-8.96974954,6.28452501
14.02734375,5.65719543,0.26025659,7.80535908,7.88369254,0.13131618,11.86351290,-10.49905094,7.46157933
14.03125000,7.06220005,-4.80050155,9.97077478,4.52653663,-2.12900614,11.08594337,-9.11194533,1.78318082
14.03515625,2.66144959,-5.47172550,6.19510628,3.81367511,-6.93493399,11.20917577,4.68529814,1.34854287
14.03906250,6.36211844,-9.76125715,10.40836148,4.48889979,-9.33554910,10.88645936,9.34658163,-7.07617921
14.04296875,4.97668426,-6.23578448,10.24581438,-3.10720972,-9.40432088,7.04613260,9.37630243,-7.66552321
14.04687500,3.18348687,-2.33907100,8.70132059,-5.64493086,-8.68047380,5.03558293,4.25358639,-9.68003879
14.05078125,-7.10866082,-3.25198030,10.33475122,-3.16325492,-5.88007904,4.23394161,-0.76232918,-13.52520245
14.05468750,1.68538321,3.25423061,11.35046953,-9.18683311,-3.13055710,7.50485684,-9.40700591,-10.11710646
14.05859375,-9.02494756,10.17381560,7.86376747,-11.81449021,8.11561057,0.89157517,-8.51073954,-6.11257021
14.06250000,-6.92890674,6.72940042,7.34299439,-12.93932540,6.99669953,1.15624316,-5.33673953,1.02821485
14.06640625,-4.42454345,5.50612354,7.89860935,-8.30031981,10.48189823,-1.82881056,-0.29429862,-2.51796762
14.07031250,-10.45720180,4.22825882,6.22461567,-8.35398772,5.22144576,-2.92063100,7.00191386,7.75234420
14.07421875,-9.22158069,0.36643377,3.20445625,-5.57911323,3.34349748,-6.71371803,10.92957895,8.11480561
14.07812500,-9.83741280,-5.47413433,-0.46035549,-4.77647928,-0.28230291,-5.19807756,12.94602229,10.29678234
14.08203125,-7.83312383,-7.00375629,1.12293399,-3.30645862,2.09183349,-6.53309125,4.59156727,14.16443546
14.08593750,-3.15709611,-6.92875119,1.60512605,-3.49228501,-5.27851486,-12.88133418,-2.18885161,9.18542330
14.08984375,-1.38894019,-9.40493367,-3.46128434,3.48156394,-7.84170419,-9.30294049,-8.19084921,8.25152448
14.09375000,-0.84726370,-4.01930621,-2.20445463,6.49465238,-4.76230003,-12.71423757,-9.00472247,7.33543495
14.09765625,3.09375677,-1.73577126,-8.74827349,13.29222927,-10.77753934,-11.06993730,-4.17877374,0.36500785
14.10156250,3.70828319,-0.18473531,-12.05261466,11.29172402,-8.19508887,-6.59437700,0.39289367,-2.01091970
14.10546875,5.14645986,8.91477480,-9.70739085,10.52801221,-4.79337038,-10.17539922,9.63625251,-8.87973713
14.10937500,3.25484022,9.07614079,-8.86550468,14.23299175,-0.46751263,-8.45522603,9.41151731,-8.32946244
14.11328125,6.70420463,9.57511298,-11.51619629,7.49336404,3.96621616,-4.73022289,7.25941574,-11.19247142
14.11718750,9.98156045,11.13808460,-9.73595222,6.13540520,6.78949381,-0.87370538,-0.47930401,-10.56457097
14.12109375,13.25784143,1.61670692,-8.22178060,4.24162263,8.29175938,0.34779849,-7.92959544,-8.40704808
14.12500000,9.49995158,-1.43536892,-7.10869398,1.62394868,10.29863458,0.30871434,-6.84509933,-8.02863486
14.12890625,6.15786845,-4.79420064,-10.83135621,-3.95695776,7.60711694,0.77521559,-5.28902218,-2.49607526
14.13281250,7.24773911,-5.78632256,-9.46685648,-6.47763732,5.87421587,5.71078740,-1.15703154,0.59693487
14.13671875,4.23443173,-10.75133058,-9.35927889,-10.49857950,0.39699935,3.30769716,4.77015210,-0.52680718
14.14062500,5.11710050,-10.08847685,-9.87621481,-8.03605561,-3.18104850,9.43818941,10.19607728,4.37846854
14.14453125,4.09208046,-6.09048169,-9.48613449,-8.55159885,-6.73594639,7.60088403,6.64248480,7.95341005
14.14843750,2.50811705,2.30538208,-4.22394111,-9.52700221,-10.20592520,10.54337942,1.61124754,14.79312183
14.15234375,-2.60509065,1.68543687,0.57512302,-7.68122023,-13.48718385,6.62100794,-3.15639056,8.01326624
14.15625000,-7.28589468,2.30481580,-5.40085131,-5.42375182,-6.76990341,8.65105866,-8.12159817,9.99621114
14.16015625,-7.63866133,9.77003612,-3.57139973,-6.05350863,-7.15907599,9.74010062,-12.37132809,4.04235477
14.16406250,-8.52898940,7.90803734,-2.41180685,-4.12585289,-5.99773183,10.39141372,-5.77525864,4.25065397
14.16796875,-4.78433643,2.93755063,-0.42653959,-2.75022133,-1.71642566,8.73102064,4.13276761,1.64763291
14.17187500,-5.65401461,2.28129583,6.24245885,2.54752095,3.05214393,4.87332322,7.87595704,-1.28601006
14.17578125,-10.00370121,-3.75187478,5.82124272,4.11783897,8.28958540,6.54758733,10.38332250,-5.83216938
14.17968750,-8.82205195,-5.72851481,2.37436903,4.91947612,9.03142166,3.98724038,6.04932253,-10.35890952
14.18359375,-0.35904087,-10.81964074,3.61132697,6.74756455,6.37222468,3.06081832,2.05603579,-10.23767774
14.18750000,-4.45531667,-13.33035730,3.89851609,7.68243580,6.94751446,-2.11075909,-2.04314216,-7.76261169
14.19140625,-3.74535409,-11.61384186,5.35864864,7.31744110,4.01742980,-3.74227357,-10.21093591,-7.79393469
14.19531250,-3.21574012,-9.66109336,7.97241863,12.13800372,3.46431322,-10.55370122,-4.17733162,-7.97388287
14.19921875,4.71374238,0.02314956,7.94231008,7.37032645,-3.44790234,-6.06999227,-3.32926109,0.75258693
14.20312500,2.19600372,3.22600526,8.91410711,0.03426026,-3.80706525,-10.84640306,3.23673223,-4.65098035
14.20703125,6.70981693,11.47135547,10.47084073,2.00543226,-8.25711865,-8.71193489,6.10941565,3.06971343
14.21093750,7.60159115,10.81267735,9.20680097,0.56694136,-8.01946669,-10.56605928,3.71475000,5.65696323
14.21484375,12.67484619,11.46095207,6.41079115,-2.14706676,-3.02744092,-4.97023727,3.67049775,6.08343107
14.21875000,8.96454649,10.85672899,12.82455297,-4.21188079,-0.86068971,-7.38735408,-8.38593712,7.38967414
14.22265625,8.48581342,1.66950986,6.15444948,-6.19606400,-0.14385818,-4.93094490,-9.60987811,5.95729051
14.22656250,8.44214757,0.04469067,4.98075913,-6.57123691,5.40814713,-10.56425977,-8.96437922,3.73231029
14.23046875,9.78177694,-3.57508112,6.90239210,-11.63058445,7.48161817,-5.97729824,-8.42368903,1.78285561
14.23437500,5.68680786,-7.27758258,6.21270278,-6.94582812,12.46236838,-5.94260272,-3.07621685,-1.69049661
14.23828125,4.74036039,-8.75386918,7.27253894,-6.99449796,7.02285272,-5.61471035,7.89355361,0.64907392
14.24218750,1.13455022,-12.08114970,-1.44949259,-3.63241622,6.95090710,-4.19845298,9.81518928,-3.60466618
14.24609375,2.41898000,-5.83297401,0.35215121,-2.74038029,1.34988496,0.14718312,2.28866533,-8.53740008
14.25000000,-5.01651142,-0.25973215,-1.57037992,-2.48601791,-2.31649524,1.82684075,-0.34698793,-9.52054951
14.25390625,-2.96701955,6.04019861,5.46050543,3.48834006,-8.45261931,3.42962695,-7.93051479,-7.19400739
14.25781250,-8.48641439,8.95353459,1.90631382,3.18002361,-7.68866795,5.35835442,-9.20637797,-5.44942209
14.26171875,-8.00022800,10.48385109,-6.47613435,7.58208800,-9.15057675,7.00253095,-7.08860625,-6.03950748
14.26562500,-5.30562730,8.84994290,-3.96861860,6.98764230,-14.15816657,8.96865916,4.59378988,1.72134539
14.26953125,-10.58126382,4.09516177,-3.15064745,9.97711165,-8.55072454,7.43948160,1.12891520,4.23875312
14.27343750,-10.73142181,-4.39120063,-3.99436778,6.72216463,-6.91473000,14.02421050,10.47928951,8.49555594
14.27734375,-10.01534820,-4.80820644,-7.40005050,6.79350630,-1.00296764,13.13591629,10.10583012,8.67798351
14.28125000,-10.09258615,-9.02112116,-6.99386887,5.58261980,2.23376491,11.53656703,3.81182463,10.83609595
14.28515625,-5.39774070,-9.12982756,-11.02059548,1.89755194,5.08046324,5.43883921,-2.71423051,9.42244807
14.28906250,-1.84239302,-10.34178846,-5.96871164,-1.57574560,8.13691400,9.45620779,-9.46118881,12.06186874
14.29296875,0.13622772,-6.76711120,-9.49970512,-0.15678007,9.43009056,4.84788690,-6.05474060,3.07270028
14.29687500,1.83656603,-6.39689729,-10.33019909,-2.06930408,8.42137024,9.58958577,-6.86022978,-1.57800733
14.30078125,-0.14012029,3.00337681,-12.40997811,-7.36837036,5.57927811,0.76170362,1.47140809,0.45342152
14.30468750,4.88335545,5.64775670,-13.36732698,-7.26271497,4.12604211,2.03545779,2.58185198,-5.91851848
14.30859375,9.30053944,9.77808304,-4.73934820,-10.52995974,3.14984430,-5.06013162,10.25516766,-10.34429708
14.31250000,7.57940907,9.46559195,-6.86006580,-5.70203983,-7.99298801,-0.00259115,6.29859639,-14.65334778
14.31640625,11.13935280,7.79777548,-6.81115519,-6.97043786,-9.78643509,-5.43380514,-1.72604859,-9.89544715
14.32031250,4.81151760,5.47883151,-7.92944049,-5.77355293,-9.12619735,-0.41656864,-6.49419917,-15.42225721
14.32421875,8.86225474,2.07664622,-3.43104360,-2.76865180,-9.02584641,-2.37008000,-13.52839788,-8.03459628
14.32812500,6.43022517,-5.24034399,-6.21130347,-2.04440232,-5.80332777,-5.92164959,-9.78401980,-6.99328284
14.33203125,11.61112169,-7.93362482,-4.41008512,-2.43621678,-4.97728419,-6.39829633,-5.43363700,-1.54774973
14.33593750,8.89579502,-6.29772567,-0.41581744,-2.30789592,7.18346320,-8.91638546,3.70889141,-0.93599047
14.33984375,6.75162518,-6.87119573,3.57473577,2.14354161,4.52907516,-8.64319814,7.43217206,2.29094141
14.34375000,7.67414900,-6.15807110,7.40850598,3.14722870,7.82291420,-10.63780007,7.57149587,9.72609788
14.34765625,-0.04226545,-4.21875425,5.33028470,13.48225664,7.63668749,-3.87606742,2.53121929,8.66657950
14.35156250,-2.09062479,3.75576498,9.36610802,12.82262887,6.96193624,-7.87568263,0.20821894,12.73457237
14.35546875,-8.09971338,5.30294269,9.78792788,6.91041305,4.46765589,-6.44955398,-8.93905061,14.68654780
14.35937500,-1.80712636,9.03134423,10.25351308,13.44238614,-2.79302283,-9.03202841,-11.26131759,7.05468782
14.36328125,-7.37767246,8.36928508,8.09570252,7.59041765,-6.04922021,-4.64748657,-4.21112782,1.14959669
14.36718750,-6.44503046,8.49761770,6.94212033,6.44797715,-8.78036403,-1.93004937,-1.70656273,1.57024710
14.37109375,-9.62247251,4.55762877,12.28127614,1.99148323,-5.33124247,-4.05166957,10.88759931,-1.43173408
14.37500000,-15.40090692,1.29141638,12.10723313,-3.95009307,-10.95500044,-0.13646092,10.61452424,-0.25895299
14.37890625,-12.06792013,-4.55521183,11.92482426,-7.20282180,-13.78818115,2.62197840,7.42171514,-8.33238395
14.38281250,-9.23276323,-9.95710093,4.11567795,-8.07827317,-5.71672460,1.40952652,4.43185142,-7.28597147
14.38671875,-6.24096509,-14.34524970,7.50240826,-10.47642382,-5.01095388,2.93261950,-5.33972232,-8.61939866
14.39062500,-0.62976316,-9.25161434,11.21351557,-9.85383595,-1.12480783,9.54323878,-9.04825106,-11.27531219
14.39453125,-0.98304496,-7.17287539,8.07253957,-8.14035649,6.17164326,7.13776862,-9.68628157,-3.47102887
14.39843750,2.62611875,-0.85740004,7.31587499,-14.29510057,13.15823021,8.91233203,-1.38628174,-0.85979281
14.40234375,7.11872224,2.20151525,2.62651610,-6.89210785,12.89949029,10.33501268,2.05751156,1.96762723
14.40625000,5.22291547,8.36315536,6.61700760,-4.70458851,12.86587733,12.56461688,6.76008734,2.60342806
14.41015625,5.10028525,10.77537901,4.09067995,-6.20391961,9.38149941,9.53228131,12.64884429,7.54296110
14.41406250,6.61398052,11.65074996,-0.93182378,-1.48800364,3.75307938,10.42013170,1.02753780,10.13523857
14.41796875,7.30976469,9.12041685,-1.75094322,1.49078703,1.28056467,6.91015470,-2.36188600,8.46793469
14.42187500,10.36803294,4.00848757,-0.65418254,3.82469366,-2.44315391,9.96118552,-8.15715431,6.90202363
14.42578125,10.47122478,1.82454296,-6.39060483,10.85159868,-8.99664157,6.60286836,-10.73042170,7.20914894
14.42968750,7.84239939,-2.92813585,-1.88404675,6.10938328,-12.39228973,6.09118899,-6.38245399,6.72259377
14.43359375,8.09310464,-7.10369360,-6.20672432,6.76096613,-7.64747642,3.91179255,3.84487653,-0.19451518
14.43750000,6.48450492,-11.28175101,-11.07956978,7.62540667,-5.86091756,3.48877750,0.70246353,-4.75562355
14.44140625,2.93971925,-8.05655929,-9.69218582,10.30106689,-4.58801223,-0.97568266,8.45746963,-5.54589142
14.44531250,2.83137873,-5.44177361,-7.10083554,6.55481835,-0.81770838,-5.82746537,5.33030355,-8.24063836
14.44921875,1.55504467,1.85033922,-10.26648874,5.07399423,4.97769227,-7.28868629,3.89432204,-11.63244497
14.45312500,-3.52550257,3.68143176,-9.39989830,4.98461811,4.99188394,-5.05470481,-5.64599667,-6.56940633
14.45703125,-5.04407163,2.54915767,-9.82234146,1.04656752,8.16797191,-4.85247464,-8.32938045,-5.86037521
14.46093750,-4.37791912,9.83484618,-11.38517626,-1.97583576,8.68828345,-11.98440687,-12.06543774,-1.67910999
14.46484375,-7.69087043,6.17350918,-8.33123822,-7.26480834,5.56238716,-8.27243125,-1.23811799,0.38400278
14.46875000,-10.13927904,1.27075426,-6.78514177,-8.64895975,1.01346431,-9.28884254,5.61419112,2.69312212
14.47265625,-8.23641281,3.81372642,-7.10343596,-10.47795978,0.06304156,-11.16146593,12.38559437,6.94365950
14.47656250,-12.92949976,-4.01941097,-7.14839268,-11.42299967,-7.00393158,-11.06137068,9.43367640,12.12149939
14.48046875,-6.83719874,-8.03756954,-7.83301723,-10.83962614,-7.34852217,-8.86478658,4.90849106,10.57330052
14.48437500,-5.48222819,-7.81737848,-0.69150216,-14.98843954,-11.78963614,-5.42804135,-0.01491148,12.32639567
14.48828125,-6.07343802,-8.27764985,-5.85053650,-6.22830616,-10.76457818,-6.36496421,-3.60869491,9.11514362
14.49218750,-1.08444972,-8.75875988,-5.21194851,-4.27186091,-9.69934133,-1.27034770,-7.47821704,5.81385680
14.49609375,-0.83740295,-1.93919155,-2.43667229,-7.75005249,-2.99497981,-3.50699192,-5.72720842,2.07902851
14.50000000,0.71408450,-1.21693561,-2.48426766,-1.97778608,4.12323492,-3.28369580,1.71852637,1.21017372
14.50390625,4.80997498,4.83293452,0.78875312,7.29190241,6.86296633,-3.11013072,5.01059231,-5.04232963
14.50781250,4.26560555,11.44069463,-1.41018495,4.36602300,12.94397592,4.31459110,9.59028230,-5.85827538
14.51171875,5.70729674,11.40624476,0.04728792,10.69371425,11.37568307,8.00892510,4.87457710,-9.41831194
14.51562500,7.01726093,7.30739227,1.30627422,10.74930766,13.65408571,5.11938698,-0.22821699,-12.37309826
14.51953125,7.39952131,7.56853507,2.71265380,9.81510907,9.11254991,7.14789018,-5.76641779,-12.56544929
14.52343750,4.13238694,1.01133209,4.11537970,10.71879198,3.46107720,9.04848232,-16.14866196,-11.46812522
14.52734375,8.11533072,-2.98339082,7.69580883,10.91988745,4.90631399,9.12387950,-12.10135131,-7.07001870
14.53125000,8.97817478,-6.87571295,10.88194860,7.58297164,-1.63695940,12.27822795,-2.22847062,-4.80815063
14.53515625,4.13993993,-10.55495721,11.86334917,5.09657992,-5.89856244,12.67495000,1.35173104,-0.15297251
14.53906250,6.51295216,-9.56758574,8.67798036,1.54955827,-9.21295798,5.71863339,6.08425494,4.46403563
14.54296875,0.61221856,-9.95839955,10.17382455,1.88110752,-7.70864582,10.58701322,12.84632022,8.71394393
14.54687500,2.39234381,-5.43309111,7.83826687,-7.23254480,-7.22362093,5.44128254,4.00460452,8.70465221
14.55078125,-4.15428625,2.97628565,6.31623218,-9.51273910,-4.16144882,5.73919971,-0.21528370,8.57280380
14.55468750,-3.88895993,7.32426662,9.49517255,-7.65714751,-1.60308076,2.82527644,-8.58412276,10.02936635
14.55859375,-9.40560884,9.55186376,8.27697088,-10.28978433,2.35471887,3.62852784,-10.80884224,8.95552104
14.56250000,-10.08684206,9.88059645,9.53032450,-11.91205016,4.20128592,2.52832484,-5.04377217,2.87183195
14.56640625,-9.37044453,8.04943216,4.89177177,-10.06877421,8.97853790,-0.81528220,0.74028413,1.75555127
14.57031250,-12.34141591,2.51986851,3.16503811,-9.48845784,7.96230274,0.16422283,5.61345037,-0.32800812
14.57421875,-9.80160088,1.61848831,7.62184831,-4.76309726,2.00152620,-6.15399306,10.53255691,-6.20384137
14.57812500,-9.89654768,-6.09953052,1.51698931,-6.81339878,0.35902653,-5.63304814,10.48205136,-5.61638477
14.58203125,-6.62226730,-7.64466806,2.82613498,-2.82122372,-1.10765298,-3.46345052,9.08446976,-5.61513309
14.58593750,-7.43154347,-14.75574070,-0.34879337,-1.05831735,-6.92107917,-8.67643302,-2.58964323,-3.55804633
14.58984375,-3.24729389,-8.05979625,-2.14917184,6.37735453,-7.75280723,-11.62741244,-2.68163738,-6.13255582
14.59375000,-4.39635362,-10.63217931,-3.75596813,9.11620200,-13.18420180,-11.75919238,-3.83155622,-5.73140768
14.59765625,-1.42366839,-4.20558049,-7.48413792,6.66816965,-9.45254404,-11.31513984,-5.95311876,-4.15937993
14.60156250,-0.86086960,2.17843127,-7.45563224,12.16949210,-4.44108325,-11.32550209,3.66237925,2.72583603
14.60546875,8.47898582,6.88089444,-10.99646901,8.99962386,-5.48630235,-6.32933584,7.60382615,-1.68681704
14.60937500,6.93205476,10.48777209,-11.19541098,10.33572516,1.76337860,-6.80504967,5.07176509,5.82945761
14.61328125,7.27257231,10.61536064,-10.54492475,12.11144499,2.10283157,-7.16764558,7.07362920,5.24261368
14.61718750,7.07218401,11.54751179,-11.21687642,3.92305182,6.29094443,-1.80819502,-7.27091574,9.49706609
14.62109375,7.59361300,2.92737681,-11.68987348,2.96528743,11.52275142,1.91442279,-9.64036324,10.41054878
14.62500000,10.15631586,5.65890669,-7.17072474,0.72013942,9.83002931,-2.44006928,-8.92063979,4.88117454
14.62890625,9.97350698,-3.38625869,-10.67262155,-0.78827906,10.29190986,0.15133622,-4.45613039,3.09772727
14.63281250,5.21643051,-3.93860507,-6.09630575,-5.19491600,1.56018858,4.55952779,1.41231226,1.51404768
14.63671875,7.58679148,-9.59585104,-12.93971167,-8.13542667,-1.20902320,2.14865444,4.32605632,-9.12423682
14.64062500,1.35810121,-7.34144340,-7.14876868,-11.25037875,-4.36950583,9.04619163,6.59730138,-2.50817439
14.64453125,4.29632911,-4.29053140,-5.73171967,-11.20939838,-5.99546566,8.91933588,10.78893803,-4.66385675
14.64843750,4.79449537,-2.30594344,-10.38131970,-14.24895780,-7.81193560,10.72041833,4.16174580,-9.26647796
14.65234375,-5.46126762,-1.08524027,-2.74440301,-14.32531726,-14.03658423,8.89925937,-2.58582100,-8.21347560
14.65625000,-4.28190116,3.79158145,-4.19921908,-12.92274234,-12.44187869,8.22557699,-4.93321565,-7.30686591
14.66015625,-8.20897880,6.56725285,-5.00756916,-4.23787410,-7.33886795,10.66221302,-6.69035106,-6.92409801
14.66406250,-8.72890308,12.19556752,-0.84205354,-2.86414481,-2.37237349,10.01871303,-2.83952862,-0.25326292
14.66796875,-11.87881845,3.09719428,2.75332106,-1.74766492,0.60530510,10.58915825,2.53691183,6.61616065
14.67187500,-7.78554863,1.19203501,2.69493032,4.66419137,5.71147297,10.78714403,9.54207708,5.24345042
14.67578125,-9.93199325,-2.06430852,5.29694243,0.90961681,6.57635535,5.38006518,8.88238011,8.88250521
14.67968750,-12.21266457,-8.57642677,7.51279756,7.72066379,8.50787852,5.08479241,7.32203292,12.46556263
14.68359375,-8.62873142,-7.04856476,6.55062927,10.43618524,8.78470155,0.44898538,3.69420168,11.52504818
14.68750000,-4.28564795,-9.21706013,7.20708747,14.37251681,10.60238332,-4.58936776,-7.20141077,11.42394871
14.69140625,-3.31562449,-10.85463499,0.06386793,11.51668193,4.01520711,-3.25754391,-7.24366878,4.82803018
14.69531250,-1.52140896,-1.67714998,9.71848674,7.60367657,3.70088593,-6.64306500,-6.06571728,5.14423122
14.69921875,-2.10272137,-0.49424786,10.11409070,7.03904944,-2.16211717,-6.24646684,-4.34907229,-0.07844257
14.70312500,2.46506131,5.24562824,7.78525719,6.56042069,-4.08421409,-9.97865178,0.59826725,-4.23017265
14.70703125,9.05439842,6.94124177,8.33046313,2.24596913,-3.02500497,-10.74607118,5.59938587,-7.65840600
14.71093750,6.60344607,11.88853729,4.79428296,0.48347363,-4.29056695,-11.79451955,6.07772870,-12.06484347
14.71484375,5.21828932,9.99104985,10.77689088,-0.02958427,-2.14014979,-6.97671269,-0.91351481,-8.54705220
14.71875000,9.09013962,11.56268855,9.89662327,-6.19251346,0.23820827,-10.06531104,-5.54104232,-12.42518089
14.72265625,8.31865550,5.00833746,7.30642194,-6.96967067,2.20813088,-9.04945544,-13.96925835,-10.09816900
14.72656250,7.17820878,-1.71701354,7.80540268,-13.43599649,5.95480854,-11.73709867,-9.38938297,-8.36419642
14.73046875,9.69530122,-7.31598232,6.25298478,-10.71834583,6.70465453,-7.27150680,-6.97978662,-5.61930024
14.73437500,6.71890330,-8.44809848,6.04895052,-10.77139432,8.76106806,-4.33892323,-0.95854863,0.17711829
14.73828125,5.51144158,-10.06153623,1.22001243,-6.31864089,10.89017635,-6.17473852,9.20590125,-1.40912627
14.74218750,4.33821670,-12.29822225,8.80042461,-6.51914335,6.08459427,-1.65763859,12.13510012,5.46943824
14.74609375,3.56333633,-4.05867549,4.78016918,-0.83441227,5.68991081,0.51592411,7.85150096,9.82179828
14.75000000,-4.75059770,2.97346575,1.74142213,1.26790047,-1.42565752,2.43749508,-0.12650076,10.54208757
14.75390625,-6.36093315,4.83775176,-2.42042421,6.68708871,-5.99562196,2.42822253,-5.62008119,10.04262310
14.75781250,-9.05656535,8.41418422,-3.89221947,1.85298191,-7.19908507,5.10684129,-7.38716263,8.88533332
14.76171875,-10.31937892,8.56329531,0.10091334,10.10845097,-11.01680498,4.69300201,-5.98458365,6.05641749
14.76562500,-6.39078647,7.74100255,-2.52789049,9.62353617,-9.41988318,5.68574156,-0.26184393,4.95930948
14.76953125,-9.51621335,2.84110887,-2.22588735,7.02551242,-9.14573510,9.45049270,7.98620253,-1.84245718
14.77343750,-12.18506248,-0.62895734,-3.75762101,9.45759859,-4.96285970,13.52218772,11.29841126,-2.57558685
14.77734375,-11.08759736,0.98161317,-5.51058377,3.85611744,2.69742387,7.61664411,11.64003997,-7.76201300
14.78125000,-5.89883484,-10.26863439,-5.85982269,6.03764519,3.26700678,8.59388646,8.88373565,-8.44122145
14.78515625,-3.67958562,-9.30519829,-9.19042633,1.46423673,4.89887342,6.17164160,-3.02804544,-7.90159242
14.78906250,-2.64680634,-9.67421322,-5.36847246,2.13370045,8.88786125,5.55460519,-6.03202503,-6.03991677
14.79296875,-2.01827730,-8.46134749,-10.73132584,-2.98149985,7.36875976,7.07633425,-10.28806095,-5.95885094
14.79687500,1.75428145,-2.94363212,-12.04548158,-0.90654776,11.06826202,8.75551541,-3.50255595,-0.67020398
14.80078125,5.96407375,0.32136684,-15.83518637,-6.04151598,10.09120221,5.95076514,2.15704679,-2.45785158
14.80468750,3.53587553,4.46879663,-12.64426176,-4.16966018,3.45208770,2.85681669,7.31835965,3.41502766
14.80859375,6.91607808,7.18025661,-7.89326193,-6.29039554,-6.22185571,2.20608460,11.31765276,2.74084834
14.81250000,7.25946538,12.18975425,-5.79815217,-4.96457954,-5.27242439,0.04246344,9.74188721,7.59512911
14.81640625,9.07320850,6.37409563,-6.86979948,-5.43435145,-8.68707862,3.50240636,-2.70756233,9.55891864
14.82031250,7.06183433,7.73670106,-4.95402112,-3.34885705,-7.11336591,-4.41759316,-11.67423667,8.22565555
14.82421875,9.98611190,3.69848449,-3.24982639,-4.69954656,-8.02524781,-2.41763565,-10.64844466,3.47930334
14.82812500,8.26661908,0.48096033,-3.85091436,-3.00805489,-4.02219726,-7.21247173,-8.46834075,6.39461229
14.83203125,7.80362439,-6.16830900,-1.51728122,-0.99628861,-2.30248741,-11.21364212,-5.64442315,-0.64998309
14.83593750,5.32621528,-7.22587658,1.84655163,2.21258258,3.19866779,-9.05977380,3.83509402,-4.68665427
14.83984375,7.45822335,-7.09335506,0.62919365,3.08972955,8.58643635,-9.87228617,9.91361956,-5.93195623
14.84375000,4.63565449,-6.38684206,1.07309057,7.11268903,7.68132965,-10.00752775,7.25215293,-4.52531318
14.84765625,-0.15983523,-3.57116291,7.77287987,6.40439131,8.96602422,-13.42164702,3.50678236,-6.02056834
14.85156250,0.36369611,-0.17868265,3.44988573,10.13062029,6.64141838,-7.96112273,-0.85585393,-7.11655957
14.85546875,-0.89454194,4.30569936,9.80966692,9.08015420,5.91149841,-11.65133091,-12.16386695,-8.51995947
14.85937500,-5.99781807,5.97827466,10.86053461,8.72896519,0.24427314,-4.01425755,-13.72221492,-3.17379246
14.86328125,-5.85197498,6.69168261,10.09386070,9.83835463,1.60025721,-2.07840922,-6.59112812,-4.33377506
14.86718750,-12.05463642,8.22026050,11.80093764,2.52028819,-14.90372182,-5.28859114,1.83312420,2.53157536
14.87109375,-14.41923594,2.74593541,14.02754272,-0.69904489,-9.77435370,-1.88377031,10.19577271,1.88811415
14.87500000,-10.32253936,-0.80411969,10.27498662,-3.16990006,-10.41064229,-3.95466098,11.93661683,8.89027846
14.87890625,-9.12487648,-6.07993181,11.65565614,-5.62421760,-6.36034094,3.10558302,7.98310602,7.75256236
14.88281250,-8.25522008,-11.23026749,9.17078191,-7.29914371,-6.08706645,6.10054094,0.07587307,13.88566351
14.88671875,-5.59236425,-11.62270725,7.56084960,-6.21469753,-0.93305773,0.80896668,-5.04476372,10.15610325
14.89062500,-4.44945225,-10.99823748,11.08889031,-7.24095815,6.45479317,5.33251424,-11.22074832,8.98171094
14.89453125,-0.36342415,-7.15000998,7.77329984,-4.96146419,7.17370777,5.81332524,-14.64106981,4.78006901
14.89843750,1.21994325,-3.33995475,5.20885029,-5.99204395,11.51513064,9.51089970,-1.53122135,2.23291768
14.90234375,-0.05775806,6.77244135,4.88064015,-9.69545864,11.03396361,7.37271556,7.30960123,0.69656424
14.90625000,3.44987748,8.87864196,2.98118866,-3.81381018,6.70480156,7.22953640,9.32289893,-7.76196770
14.91015625,3.98388564,9.64144891,5.85640932,0.92782821,11.63486822,10.40374120,4.46321730,-5.81625161
14.91406250,3.40570582,14.30141673,1.25738724,-1.19304421,4.08381816,8.62144487,5.94250171,-16.97130161
14.91796875,2.92223730,6.80050847,-0.15496317,5.46281817,3.57463896,10.87658531,-5.05797643,-16.29422044
14.92187500,6.77327233,3.13772499,-1.98206606,6.88344677,-8.44056106,7.98413103,-12.74102134,-10.70573952
14.92578125,4.39458817,-5.24675079,-4.90237828,10.75715229,-7.97244171,8.21699938,-6.85627627,-5.44847058
14.92968750,5.66487973,-5.77612472,-8.02563049,9.12380032,-7.54412640,8.96222353,-8.77042646,1.66082622
14.93359375,7.06171440,-6.61311729,-4.12433720,8.20813473,-9.27396915,4.90701603,1.13686719,-3.33726175
14.93750000,9.08662146,-10.78907899,-6.85000455,10.57424186,-9.26029840,-3.07370268,4.60952614,5.15531987
14.94140625,7.74060016,-9.79154151,-7.68131772,8.88957615,-4.76662517,-2.60060231,10.18406547,9.01950467
14.94531250,6.38731027,-6.47651796,-9.42649137,8.57214581,0.01979674,-4.44913346,10.35360294,8.41831075
14.94921875,3.56269193,0.96895377,-9.59851870,3.44567099,3.42288107,-3.81992839,-0.27949017,9.55981870
14.95312500,-3.32937771,1.34826145,-6.58557479,5.47787623,4.99691826,-4.48065899,-5.88502510,12.10790976
14.95703125,-4.65621300,11.63750794,-7.50642252,0.65005916,6.80991885,-4.95826785,-6.12210727,6.37089088
14.96093750,-7.75482495,8.38673482,-10.06174776,-4.43344818,6.55818764,-7.67020863,-7.05535385,3.50463802
14.96484375,-9.16662486,6.46393089,-13.32253809,-5.12863294,3.02289307,-10.70652809,-7.47350200,4.34522211
14.96875000,-8.98920950,1.20701456,-10.02704136,-10.57593438,3.11037429,-10.55805989,0.69654858,0.28339100
14.97265625,-9.25840476,2.61534325,-8.99473964,-8.63504782,-4.51660805,-11.77894611,11.64786965,-3.60985724
14.97656250,-5.65401950,-2.70655672,-2.47859916,-9.78507174,-8.92847899,-9.47284213,8.28793837,-10.00089003
14.98046875,-9.78172481,-6.99640884,-4.49681586,-12.69291176,-7.25164508,-6.03929037,3.81174834,-8.14668446
14.98437500,-9.28345910,-12.21776276,-2.67046236,-8.93892552,-8.78691055,-6.59270323,2.71637466,-9.80261639
14.98828125,-6.93894900,-10.10081992,-6.24414981,-8.35465843,-11.03674124,-8.12444128,-5.18127750,-4.84916230
14.99218750,0.09927091,-7.98784555,-3.36943352,-8.39582767,-9.25506130,-4.91895862,-8.87563498,-5.89175655
14.99609375,-1.07112886,-5.87466326,-4.02866869,-3.47869760,-0.42276654,-6.35262085,-8.12403935,-2.82423336
15.00000000,3.82885472,1.55877338,-2.38124769,1.07706051,2.80974813,-0.36954724,-4.45173812,-1.61989479
15.00390625,7.80126327,6.13723468,-2.88286485,3.02365171,5.95191404,-3.16691466,6.01875916,2.50800596
15.00781250,9.01774652,5.00103895,2.82444572,7.64605841,10.02758103,1.91198096,10.78320801,2.73530097
15.01171875,6.14194938,13.68164519,7.79000718,9.19153263,15.64514324,6.80996188,4.99023204,9.16683397
15.01562500,8.28370456,10.88710496,7.22132070,10.56530955,11.60933335,9.45246945,-4.84830686,5.85225361
15.01953125,6.61076947,6.41733805,6.31509270,10.27637102,11.53233611,13.21012234,-10.24444298,8.73207694
15.02343750,7.10956691,4.59056170,8.74826076,9.66621381,7.27619050,9.05345134,-11.01486565,7.34063495
15.02734375,12.83857578,-0.67250956,6.14273324,10.35300461,1.19825513,10.10822861,-11.99631021,3.60691380
15.03125000,10.08549622,-6.41530842,6.77543890,5.99787544,-2.08041916,12.47945991,-7.45978844,1.67487410
15.03515625,9.16546354,-9.14450273,9.04442974,1.34269297,-7.66966062,12.77798374,1.98879538,-2.12408096
15.03906250,6.86399150,-9.96176023,11.93452176,3.05904525,-10.27021719,12.13850308,9.63280503,-7.49772946
15.04296875,2.61729631,-10.53632824,11.63152011,-2.96956401,-9.08992686,5.35290799,6.41464122,-7.12055655
15.04687500,2.67990981,-3.61438292,7.78479331,-4.78654377,-10.64094223,6.48042993,3.38191956,-6.72987980
15.05078125,-1.14758420,3.93578986,7.41803812,-6.84298073,-6.55190819,5.73614048,-3.81853411,-6.47592634
15.05468750,-3.60697803,3.30337107,10.35808249,-10.15665522,-4.49103885,3.87926231,-6.93954486,-6.00788937
15.05859375,-3.95482917,6.41559383,8.92423367,-10.82535065,4.66019478,4.39773292,-5.41731958,-7.74087911
15.06250000,-11.82757398,8.93721231,11.63257974,-11.29292254,5.53101795,-4.61506064,-6.29015855,-1.45944430
15.06640625,-11.97874190,9.42294981,5.79627205,-7.00725008,5.24565759,0.77944176,-4.68552386,2.45804224
15.07031250,-12.26626037,3.65242744,6.93930679,-8.93356599,6.40945175,0.66294123,7.19248275,1.39244565
15.07421875,-11.68021967,2.73056724,7.62339991,-5.37917760,3.61394860,-4.72360798,10.01503904,4.97210723
15.07812500,-13.90839081,-4.57906218,6.52161931,-4.54426172,5.25558827,-6.98402620,7.49783243,12.69287413
15.08203125,-12.72743178,-11.54976144,-1.60432106,-1.47773310,-0.25829880,-9.03305713,6.81785614,13.02316675
15.08593750,-5.73560682,-7.23765073,2.53031478,4.49453841,-2.96232511,-9.55423720,1.40525353,8.52039736
15.08984375,-4.79782231,-9.55391157,-2.98584947,5.31800145,-7.05739127,-11.24426936,-10.06227159,9.42177984
15.09375000,-0.63671941,-6.38780638,-2.76577298,8.12801432,-10.55285202,-16.31482864,-10.26712595,7.13696700
15.09765625,1.85644509,-3.34589862,-5.03771602,7.95004436,-11.00324521,-7.33412790,-1.70203118,6.09198094
15.10156250,0.94093305,0.70881605,-10.05732945,9.54838201,-8.61197650,-11.63122828,6.13985333,-5.24420631
15.10546875,5.96101919,6.54829033,-6.82750759,8.05510186,-5.15704967,-9.45488202,8.20035050,-5.02477389
15.10937500,8.45799005,10.70097544,-8.95912674,12.09920896,-2.77504520,-11.03448220,7.82985674,-12.59818136
15.11328125,14.50249779,8.13083130,-12.65449402,11.03358290,2.49154144,-6.45435255,3.19935395,-11.01003016
15.11718750,7.22966718,10.24680399,-9.00018500,7.72788441,8.75585964,-3.15801821,1.79251693,-11.29963784
15.12109375,7.28650062,5.22766963,-14.85838055,2.99382639,11.56072892,-0.19293495,-10.27538332,-7.93633643
15.12500000,11.01138095,-2.06704534,-11.73997611,0.10885805,8.93394787,0.62073282,-8.33010049,-7.83059243
15.12890625,6.00218285,-6.62382040,-5.17988505,-3.54927396,9.89845863,8.42410725,-7.18612353,-5.28231260
15.13281250,5.35441833,-4.44350514,-8.22143833,-2.00282743,0.91058784,3.93409208,0.84358040,-2.21914214
15.13671875,3.37743178,-9.02038639,-4.78031615,-5.77017125,-2.04708011,7.30911784,7.66326514,2.88905403
15.14062500,5.72138498,-11.22397786,-6.63519334,-8.29472259,-2.87449868,8.39765556,6.78538273,8.32887280
15.14453125,2.03596225,-5.34327305,-6.44666542,-8.10688446,-6.51775145,8.62979067,11.70167247,11.23335440
15.14843750,-0.13888220,-2.10693154,-6.71652292,-10.55301937,-11.01101343,7.97964832,2.01186412,8.13197961
15.15234375,-2.94215962,3.42149077,-3.91918820,-9.42500035,-11.70633249,10.62378824,-3.47578085,8.50138623
15.15625000,-6.02670440,4.14834909,-4.40225508,-7.15102813,-12.34430062,8.31034245,-9.51088061,10.17130613
15.16015625,-7.28619416,11.48676437,-0.63407108,-5.85529905,-5.17411587,11.14699704,-6.52114989,4.41904737
15.16406250,-11.46739934,11.20071487,2.56386111,-2.94756549,-0.92457655,9.74441609,-0.88227753,3.34444078
15.16796875,-5.88131887,5.90003167,4.11954658,2.03297987,-0.54801708,7.45016691,1.33306032,1.58763151
15.17187500,-11.18424829,0.17006171,4.66744141,0.82110894,4.91828488,7.47922059,12.16543573,-6.74217824
15.17578125,-11.28698953,-1.76660624,7.89643258,4.62711219,8.41181625,4.83390648,13.75288094,-6.41665561
15.17968750,-6.11757283,-6.61030821,4.98052042,9.80658191,9.07845559,3.31164976,7.77071805,-7.84806794
15.18359375,-7.25386124,-9.02713019,6.42741332,7.22200017,6.95753630,3.14889931,4.14801403,-9.86028749
15.18750000,-8.15102661,-12.15061166,5.48775177,9.47883874,5.45095983,-0.14102594,-7.08416598,-8.18360528
15.19140625,-1.72518934,-10.47778253,6.46248136,12.29861684,6.47604222,-4.63428740,-9.85664995,-6.06244469
15.19531250,-2.65001461,-5.87740286,7.06253609,12.92172746,-0.08088511,-3.99581010,-8.28665540,-3.20004016
15.19921875,-2.54620781,-1.54616143,12.37957012,5.97903437,-4.91568735,-6.45202176,-0.58676424,-5.52973208
15.20312500,4.93984356,2.91750342,3.43589493,6.40645462,-6.97552795,-7.80177340,3.46444693,-0.49742162
15.20703125,7.99197462,10.37129702,5.49563229,4.08579335,-8.37589821,-11.32830457,9.24439327,4.78526508
15.21093750,4.30261678,12.00519297,2.58915211,-2.39854632,-3.16006491,-10.96365145,4.25788658,7.69221208
15.21484375,7.72475829,10.58305750,7.80579448,-3.97228545,-4.58118485,-15.54045753,1.94107420,9.22711734
15.21875000,3.45356151,7.83280553,8.04293568,-9.89470446,-2.29783914,-10.23836287,-1.97425358,7.33116593
15.22265625,9.28215786,2.65051647,8.77181369,-7.26908322,1.04308550,-7.99149615,-11.46987669,5.45201916
15.22656250,7.44499193,-2.30928014,9.66455683,-5.73894648,4.36088472,-7.12500503,-12.75793632,4.80415871
15.23046875,4.55429661,-1.60029059,5.67466692,-6.61817301,8.87836086,-8.38723107,-7.84406630,2.80934626
15.23437500,9.30160032,-6.81826036,10.27774339,-5.83945354,6.87859464,-6.83531158,0.95655462,-3.36903032
15.23828125,3.84068168,-6.79099868,-1.92152439,-11.31203023,10.09402127,-4.89693985,5.88806338,-6.15402022
15.24218750,3.97731537,-5.13201668,2.76583698,-5.65319744,11.54291021,-2.97361852,10.46008876,-6.79366609
15.24609375,2.25548821,-6.69095444,2.91223109,-6.17543146,2.10766524,-3.05210523,7.56213432,-10.10182463
15.25000000,1.75645963,0.76006621,3.65039546,-3.02220437,-1.23714657,-2.36532569,0.97174663,-11.28653369
15.25390625,-0.42439038,8.33255195,-2.86194847,2.70520554,-5.74627160,-0.86264471,-9.85015487,-10.05608319
15.25781250,-2.94656387,6.01871821,0.92399231,5.51363751,-8.33509169,3.58350520,-10.57065387,-8.54876080
15.26171875,-8.58814404,8.18360227,-2.45387289,6.11456225,-11.41487711,9.13703884,-5.18947340,-8.28640690
15.26562500,-9.91708209,10.22965511,-4.13656511,6.59940754,-13.65401061,5.68291312,-3.99062244,-0.06197172
15.26953125,-8.19471841,5.14148201,-7.14881116,9.28832928,-9.15429862,10.49495231,3.65496658,4.97356922
15.27343750,-9.30328146,5.13083409,-7.47248738,6.29488275,-3.10760946,7.78477567,12.75911026,9.82109285
15.27734375,-10.30568897,-7.02030960,-6.49174179,8.24028066,-1.70035648,7.85393351,12.60040521,8.35480061
15.28125000,-9.36875691,-14.22853555,-6.57074656,2.20806235,0.95878930,10.63935396,9.00528113,13.35232457
15.28515625,-7.79911328,-13.23290955,-8.08821250,5.47931820,5.76578012,9.78612497,1.81598690,8.50563762
15.28906250,-4.07317682,-9.96275625,-11.31556510,-0.37671873,8.95237612,6.93054749,-8.87180498,10.04153730
15.29296875,-1.92131691,-8.74400948,-11.34516521,-2.11962311,11.75243890,4.06274652,-7.85207482,4.21871661
15.29687500,2.41578461,-5.23912570,-7.82066988,-2.61477003,10.46068658,7.76874404,-4.21021167,2.41310720
15.30078125,-1.18205789,1.64976324,-12.24589465,-7.44078121,2.21091860,1.36733503,0.67490549,0.83206165
15.30468750,6.27481067,7.02993296,-12.31651842,-7.89177372,1.45228378,1.55139055,8.86750340,-2.03834305
15.30859375,3.59490605,11.58154900,-12.11026432,-2.36143553,-3.65628776,-3.01569568,8.03390599,-12.02756223
15.31250000,9.76889063,10.45709997,-8.67559242,-6.88749603,-4.97440041,-2.89475700,5.21081068,-7.82336197
15.31640625,5.15197925,9.26198964,-5.29146964,-3.50153336,-3.87028109,-2.89871973,-3.21941965,-5.91696703
15.32031250,10.02994425,3.98395024,-6.94407053,-8.29942813,-9.53716209,-5.05962383,-10.21511317,-14.17127235
15.32421875,7.49710403,3.56173645,-2.44621180,-7.19817236,-9.65344278,-6.18051513,-11.66155251,-9.87162438
15.32812500,7.50429367,-1.26538904,-2.47994487,-5.77849420,-1.90881194,-4.60810266,-7.54848419,-4.85750440
15.33203125,10.35383705,-10.78578448,-0.55187626,-3.71800224,-3.04828028,-9.42593819,-2.13457887,-0.09885417
15.33593750,6.99489839,-12.49376523,-0.43778641,3.87681970,1.25829478,-8.08868739,2.88597007,-2.45615855
15.33984375,5.28964693,-9.94360098,5.63493231,3.85393444,3.36077429,-8.55137528,10.31015725,4.44457023
15.34375000,6.65051903,-6.22442475,2.78152193,7.28203403,5.29226896,-9.15885289,11.01462793,7.80172377
15.34765625,-2.04677183,0.82393618,0.87535156,10.73874172,10.95480900,-7.66220969,3.55753350,9.66412791
15.35156250,1.01827936,3.23449629,4.04935735,13.12144823,6.86361564,-13.72361635,-4.70824220,11.97676482
15.35546875,0.27489083,7.69687457,4.53652194,9.92515300,7.17396039,-9.78315193,-7.41974836,6.36964649
15.35937500,-9.54523897,12.61752314,9.70502517,7.87795094,1.46569682,-3.60536915,-9.69078670,8.15321127
15.36328125,-6.51864536,10.44515122,9.83328670,4.00919764,-7.03799420,-4.26134191,-7.39755598,4.68938803
15.36718750,-11.49688083,6.11759555,13.29298428,4.36901103,-7.62948494,-0.72533065,1.90682269,2.44788129
15.37109375,-12.21135505,4.72878095,8.71366242,1.28145893,-6.91813249,0.82724055,6.72377794,-3.39955745
15.37500000,-10.84134146,1.20937032,7.05172208,-0.97776517,-11.29984248,1.30067825,13.44844594,-6.53208511
15.37890625,-4.43019690,-3.95655221,15.26334589,-5.44527234,-10.66599083,-0.51825312,8.26960958,-8.99643688
15.38281250,-3.42632084,-9.29794122,7.42903320,-6.26184255,-8.55442570,-0.80412086,3.33058374,-10.30494727
15.38671875,-5.75217573,-9.51922848,5.68615518,-7.79558415,-5.11487020,5.27485642,-6.43161578,-9.34036445
15.39062500,-3.73392627,-5.22837793,11.90820936,-10.80697697,1.46555509,5.46319189,-10.71094904,-7.59572721
15.39453125,-0.15388327,-6.16026389,7.11939824,-9.94163112,6.02288504,4.84967317,-6.36422573,-5.53449642
15.39843750,2.13621646,-0.21847167,1.96853077,-7.50640760,8.47153117,4.03258510,0.44831123,-4.18549278
15.40234375,3.15002563,3.60914353,5.25741194,-12.80723073,12.60448350,9.99655968,4.62992362,-5.03396708
15.40625000,6.82033634,4.12471187,6.76665991,-8.15491985,8.76651114,11.93030348,8.73195088,5.64909999
15.41015625,6.70926964,12.57011533,1.80149275,-4.10924641,9.00290997,11.11733369,10.87995926,4.45877189
15.41406250,7.35773345,12.07633390,0.11763241,-0.00417218,6.46850355,11.87360320,2.57603141,6.42283310
15.41796875,9.69724103,8.75855103,-1.83622743,3.49107055,-0.50917994,6.35632381,-5.44136886,7.73947641
15.42187500,10.73413753,5.17031217,-3.86432590,5.76328464,-1.76851723,6.52640352,-9.09885148,8.57727991
15.42578125,13.15060585,-1.97503892,-2.86701680,8.90949500,-8.26106964,5.72952119,-8.78780303,4.92372132
15.42968750,7.52197019,-3.49251416,-2.21065650,10.17594714,-11.58946465,4.32328281,-7.73733885,3.87996979
15.43359375,7.63975980,-11.36944655,-4.55114900,7.05539443,-7.17288331,3.43848390,2.08090565,1.24872898
15.43750000,3.02909360,-10.77380552,-5.87235819,9.12251260,-9.57259086,-1.73174838,7.26547605,-4.86789376
15.44140625,4.46312796,-4.17757384,-8.54932202,8.42216594,-6.94177252,1.62984627,11.67715170,-4.74951181
15.44531250,-0.60805386,-8.90510056,-6.55422173,4.79051367,-2.12322953,-2.87447366,9.05194734,-10.40552888
15.44921875,3.81786176,-2.12804516,-3.39812676,1.67481968,2.18681050,-5.56288246,1.53727259,-6.91190322
15.45312500,1.11860393,2.40995146,-9.15966349,2.43534215,6.61477650,-6.56126073,-5.65137082,-7.77272318
15.45703125,-5.27800832,9.42490826,-10.64888196,-1.58746454,10.30445813,-7.79319849,-8.94401370,-6.83274747
15.46093750,-3.58702595,10.18555960,-9.42403512,-3.64917634,8.96131451,-5.92310998,-7.61400189,-4.79485480
15.46484375,-11.27809305,5.06140315,-8.85578534,-5.25813853,5.06294225,-5.28261857,-0.90295200,1.01645186
15.46875000,-10.60554216,2.35305238,-10.76698834,-7.86684058,-1.63544561,-7.04131737,6.79519022,4.46310103
15.47265625,-10.87868370,3.16708291,-3.90956300,-6.44369678,-2.08558579,-9.68283070,14.50149513,11.29621705
15.47656250,-8.13519827,-6.86901532,-8.50062086,-10.46262466,-6.90987535,-7.45288704,11.72461570,9.04618782
15.48046875,-9.54179360,-8.34698146,-4.61380670,-13.06603166,-10.51366400,-6.09891852,11.20564965,8.55191363
15.48437500,-6.21151618,-8.39260571,0.05126672,-9.04617117,-7.24476162,-9.64576991,-3.53481550,13.64343301
15.48828125,-2.28325077,-12.72029100,-5.15063773,-8.34901280,-12.37336867,-8.24740000,-9.71916942,10.20485222
15.49218750,-4.05172719,-5.07281165,-2.03217683,-5.72110316,-7.38997574,-8.23016999,-8.47629929,5.57789997
15.49609375,-2.52177833,-4.23748705,-4.16488485,-2.83389156,-4.67323337,-4.19601740,-6.91503933,3.18124746
15.50000000,2.27526882,1.50999595,-3.78278058,4.32022993,0.80212479,-4.62433901,0.34853629,-1.70785336
15.50390625,-0.00773334,5.53769316,1.84991603,7.94638068,4.91347052,-1.11690605,5.88400040,-6.26015434
15.50781250,6.24147510,7.36682008,-0.89815221,5.97290618,5.76742700,4.46403801,8.60046580,-10.16131204
15.51171875,5.04032930,10.61400911,-1.56130327,9.71431193,11.26108598,5.39760492,7.17011246,-11.82794312
15.51562500,7.69824521,11.06029415,4.11000424,12.89125243,11.58255767,7.04691770,1.71057251,-8.75134173
15.51953125,5.26389973,8.47037678,6.02561002,9.54229024,7.71619660,10.33625974,-8.10476659,-9.90214249
15.52343750,11.53190198,3.66268090,7.08511270,10.72815099,8.58173728,7.43381396,-13.82586474,-9.09870045
15.52734375,8.55277716,-4.99176805,8.63492066,10.56360037,-6.39455709,11.99068532,-8.64143896,-6.09673572
15.53125000,9.75997006,-10.05655581,11.08034364,6.20261579,-7.86750166,12.04022593,-3.00669561,-0.04319889
15.53515625,5.66419990,-6.07424137,9.87188261,3.14160733,-9.68117764,8.85961429,2.27462056,2.47163697
15.53906250,5.24328835,-7.56737464,11.25387149,2.57972664,-6.02614512,7.55220713,8.42245772,2.73013205
15.54296875,7.07217655,-6.78376023,9.92018159,2.83383629,-9.02360778,5.20424081,8.93997949,8.69404002
15.54687500,1.50293158,-2.40972716,9.80502481,-2.68762038,-6.54970876,13.54789455,5.25528212,11.89621301
15.55078125,-1.80534235,0.93015204,10.16484337,-4.81825081,-7.16384589,5.58697855,-0.63075242,12.23223139
15.55468750,-5.20823212,5.02369749,10.57674022,-7.86091952,-3.79629321,4.29987880,-7.25472645,8.27607552
15.55859375,-7.02449456,9.76999757,10.20389149,-6.43985810,0.64141165,1.43384040,-8.77460325,4.41487665
15.56250000,-11.51236333,11.62422813,8.19079994,-12.62268502,5.23049279,-1.24715160,-5.84469537,3.66242288
15.56640625,-8.23316225,3.66727485,9.16968129,-12.09374084,9.12364563,-5.37097846,-0.56249239,-1.76770443
15.57031250,-12.41904983,1.81495896,7.03640036,-12.54357028,7.02605249,-2.62189224,7.14863038,-4.64616558
15.57421875,-11.67844458,-1.24967996,8.36070553,-9.41054066,8.32339310,-3.60323340,10.32056539,-5.41476895
15.57812500,-9.85098939,-1.77883858,7.27609316,-3.74108350,0.70402656,-7.94932621,10.27535790,-11.04628412
15.58203125,-10.10299512,-6.12910215,-0.41376464,-1.66574571,2.24729100,-6.00164177,1.17504231,-8.94778415
15.58593750,-8.17437513,-12.20079039,-3.61400646,1.14368947,-5.95114483,-8.64761800,-3.17621595,-11.41900612
15.58984375,-5.54589375,-8.98523764,-3.37335776,3.72615116,-9.22230350,-10.08854304,-8.43957401,-8.29579132
15.59375000,-1.86460839,-9.73636877,-4.38007006,3.69768285,-11.20652528,-15.55271348,-7.83152170,-7.56972873
15.59765625,-0.54214162,-2.22860805,-8.07704877,9.34139353,-9.78265836,-12.44780666,-2.75529355,-2.68566793
15.60156250,0.93980355,2.56820019,-8.49045990,15.87030133,-7.65927470,-12.83989503,2.05257252,1.56064176
15.60546875,0.38883834,7.15078850,-9.08782092,12.01188038,0.33996249,-6.31676347,8.25202878,6.99553653
15.60937500,4.38984480,10.63881639,-9.33643614,9.74117970,1.79698557,-5.39960975,6.38252444,5.99004204
15.61328125,8.06025580,13.40008064,-13.32078923,12.73227802,3.71212284,-4.43607662,4.81384512,8.91650933
15.61718750,9.61020639,10.53702448,-12.19216900,6.96889202,8.51597118,-3.42505667,-0.84909428,8.89151750
15.62109375,6.62256039,5.30219446,-11.01425180,1.24456546,6.21294317,-0.13121663,-9.77815179,8.53484120
15.62500000,10.15431373,2.22930844,-11.96746628,-4.01511177,10.38614535,0.22124646,-8.99217129,6.62233114
15.62890625,4.92352701,-4.28276642,-5.39876795,-0.35470295,9.94924947,5.08792342,-5.07399159,4.22734946
15.63281250,7.66777918,-4.81759045,-12.22711195,-4.58244521,4.72509635,4.35425585,-1.74172075,2.01134103
15.63671875,11.32259509,-7.98181820,-8.75440861,-8.85789081,1.78819237,9.98073992,5.12486479,-3.36240119
15.64062500,10.02016272,-12.23738198,-7.35192324,-15.31148103,-3.64337874,7.24696469,9.64739472,-11.03148421
15.64453125,3.26332533,-8.60069334,-3.47997181,-15.19476715,-10.59936178,6.84448269,8.28152073,-6.21416464
15.64843750,-0.07371927,-0.87126290,-12.12501768,-5.98002121,-10.29476344,9.50412091,1.42328003,-8.12672631
15.65234375,0.67749151,-0.57038490,-6.42412459,-10.91370031,-12.50774415,10.09155618,-7.14372157,-7.36861548
15.65625000,-5.88062688,3.38317831,-4.23809101,-7.03671149,-9.20596020,9.96770604,-8.55872669,-7.75697235
15.66015625,-3.91358760,3.79954013,-3.44517332,-4.23281836,-9.79919436,8.93781769,-13.34579603,-2.85154449
15.66406250,-7.51958344,10.54687244,-0.09301746,-6.08740411,-4.67384324,7.12881151,-6.15655789,-0.30515785
15.66796875,-6.03513586,10.14335418,2.88333667,-3.36433986,-0.98101553,6.76848560,1.31657231,2.30520343
15.67187500,-8.74860618,0.15820475,3.95861287,5.81019384,3.66685738,9.57471664,10.67537970,4.80064210
15.67578125,-8.34128131,-2.25074581,5.53481704,1.77764823,4.71022516,5.07512771,10.07413753,11.26548575
15.67968750,-6.84185822,-7.15609212,7.90141702,9.17796104,10.13637081,4.12912137,8.56405984,9.64039223
15.68359375,-8.09159217,-10.18626998,4.45509976,11.71868933,9.72553234,4.40277041,1.11520120,7.80835316
15.68750000,-2.79474501,-8.64542776,5.05500741,10.86794719,5.73136049,-3.52784892,-8.00165274,10.47038714
15.69140625,-2.27812485,-5.20748531,5.35073297,7.19465732,4.55383966,-6.06912901,-5.11790173,11.32194078
15.69531250,-2.25862512,-9.06831135,6.34746356,10.90369549,1.85886070,-4.21525865,-6.94128147,7.61929930
15.69921875,1.00521844,0.32754457,6.90021005,10.42347998,-1.52112174,-6.50976127,-1.59289558,-0.23484475
15.70312500,4.71930666,4.19244765,7.45246679,4.46647543,-4.95024910,-7.47245279,4.26421861,-5.58971192
15.70703125,5.17453407,8.69541429,8.94248853,6.11857320,-5.08807554,-8.19371264,10.20132860,-5.25120105
15.71093750,7.54236475,13.06753548,6.54359900,1.55570269,-6.09451342,-9.59238886,6.19932840,-10.55855808
15.71484375,6.64080078,9.06309788,5.34872691,-2.45836218,-5.34614066,-11.80865337,2.95736464,-6.75714821
15.71875000,6.58281764,9.97654249,14.48498931,-5.10945049,-1.29562714,-9.92421870,-5.80847804,-10.03382875
15.72265625,11.80106995,7.79373702,12.21185142,-6.33074260,3.05992164,-12.01203124,-8.16957925,-9.66254577
15.72656250,6.22727511,-1.22288984,11.14416329,-8.63218543,2.28076488,-6.78115998,-9.24574160,-9.89639299
15.73046875,9.33487577,-2.81407435,4.56549526,-6.17041394,5.95487894,-4.02697427,-3.39764155,-0.85713428
15.73437500,8.55405202,-10.76567788,7.39117923,-10.68183797,7.14557964,-4.78077365,1.36380826,2.26025293
15.73828125,5.47890758,-7.63066815,4.40726940,-10.61427886,10.72031673,-2.73938346,4.97117834,6.15959765
15.74218750,1.91557532,-6.78031316,-1.02537292,-4.17895901,6.51803037,-3.70974158,9.20422570,8.26813809
15.74609375,2.85957773,-5.79214327,0.23277447,-4.24344576,3.04143150,-0.34404029,8.50664820,12.01455542
15.75000000,0.01877088,-0.08916367,-3.73096604,-0.88939171,1.69867497,-1.47683479,0.75930175,11.95635919
15.75390625,-1.20008990,4.27614883,-0.40067224,1.66152764,-3.85474987,2.94927258,-8.56292500,8.53508971
15.75781250,-5.01854091,7.81940822,-4.27537402,-1.56525391,-4.88265680,8.27844928,-11.08362745,5.16481359
15.76171875,-9.53478663,8.19959967,0.00678540,6.18944991,-7.30140396,6.92717756,-5.27728868,3.55388127
15.76562500,-7.26476473,6.63644598,-6.69174725,7.24586721,-12.89333924,7.34654049,-2.60109580,7.73114791
15.76953125,-8.62894436,6.00479306,-5.83998207,9.16213159,-9.53178454,6.57782724,7.69621496,-3.10743466
15.77343750,-11.87329578,1.06762416,-5.43124146,11.26700279,-6.56098072,8.73030577,15.29057822,-2.69287732
15.77734375,-9.82908430,-5.62154174,-7.75640152,8.14164337,0.56439319,8.23133714,9.55474323,-7.25462923
15.78125000,-10.81666486,-12.00804645,-6.13123243,5.00421394,5.93034093,5.03812087,8.52246373,-7.24083249
15.78515625,-3.40914330,-14.89537906,-6.07263475,7.11368630,6.51367538,7.66548441,-1.83925257,-9.57726381
15.78906250,-4.22341288,-8.92365365,-11.33355641,2.24971553,7.72054109,5.65429216,-5.43122867,-8.37086275
15.79296875,-5.03474694,-6.62296891,-9.45992970,-2.23634103,12.27313700,5.58295877,-9.36119313,-6.97208852
15.79687500,1.15692545,-1.77398347,-12.69691486,-6.16840116,6.73956633,7.40703390,-7.87876713,-1.96514447
15.80078125,4.38787545,2.46956522,-10.84571409,-2.33770447,1.83864694,7.52368895,5.84895115,-3.49690693
15.80468750,5.70597538,2.96732803,-7.58015411,-6.49593688,3.87701506,1.64989087,8.00582306,9.14090258
15.80859375,4.35431909,10.20701209,-9.44028036,-12.92232210,-0.37688702,-2.37542267,10.56331809,4.50880244
15.81250000,8.57752828,11.89398383,-10.15318110,-10.40386608,-3.91481252,-2.73465012,5.24589007,6.41284056
15.81640625,8.84023197,12.67267670,-8.40647132,-5.38805846,-8.36414337,-4.98592804,-1.36548761,5.73461261
15.82031250,10.30307286,4.99886006,-5.95045479,-6.96413971,-8.58900713,-6.50656143,-3.65118856,7.90437774
15.82421875,8.97814298,1.83198510,-3.82471610,-4.12724593,-4.83644219,-3.32066872,-11.57227556,3.01722999
15.82812500,10.19273346,-1.14876006,-0.25898433,-3.31167603,-4.24177075,-4.42795429,-13.03762463,0.54477604
15.83203125,10.41118741,-7.12668743,-1.57927289,-1.00562733,2.42644929,-12.08214866,-2.20470787,0.12520128
15.83593750,1.96085295,-9.07162429,-1.03316820,7.44592491,3.49443685,-7.75404770,4.23239474,-4.53334638
15.83984375,8.72218860,-9.43693422,4.59709494,1.48716047,5.88639916,-7.85893852,5.24793829,-5.85780936
15.84375000,2.42706112,-6.73591594,3.49386086,5.97609174,10.03070955,-12.93489801,8.09386215,-6.40539829
15.84765625,1.14942882,1.98147865,5.33315989,8.74651453,8.50970336,-5.80058337,5.54567812,-8.94925597
15.85156250,-2.95811604,1.42603545,11.38987297,7.07664166,11.15088602,-9.45191137,-3.95198341,-7.90959232
15.85546875,-4.05593564,5.03358024,7.21042662,8.19064704,4.92702247,-6.48491714,-2.74845230,-8.21864519
15.85937500,-6.49112900,9.24153141,7.47822016,10.17004307,2.41517607,-7.04830617,-11.74911713,-5.04973987
15.86328125,-9.77441541,8.47005260,8.05940951,5.54749513,-5.35066541,-5.15855461,-5.70705387,-5.38053350
15.86718750,-8.59895618,8.66213357,10.09561861,4.42693195,-8.40989135,-2.20050511,-0.35274243,-3.57409280
15.87109375,-7.41113074,3.95753810,10.39297141,2.51933766,-11.04647026,3.71033377,9.64390704,5.50391940
15.87500000,-10.60475869,1.15412117,8.14300622,-2.83324531,-9.97649523,3.24912032,11.10232295,10.03302647
15.87890625,-9.78061650,-6.22028687,8.52438721,-6.32807443,-7.98754986,-0.56919964,5.99128577,11.89883599
15.88281250,-6.88041085,-8.20400262,14.19195135,-5.62446519,-5.60394420,2.42955480,3.86560083,11.66151416
15.88671875,-2.99547936,-7.96395734,11.41539751,-9.20347906,-1.00142481,3.36501662,-6.75595723,12.29643261
15.89062500,-3.82495905,-11.06337412,8.62398248,-12.61513762,2.75816417,2.89756694,-11.45952009,4.35679390
15.89453125,-0.86705185,-7.10938200,10.17035157,-8.49548513,10.77256997,4.96755773,-9.86628827,4.26112474
15.89843750,0.70312402,-2.42202635,6.05435861,-7.49525520,9.09990067,5.55816646,-3.90973022,4.81014337
15.90234375,2.22056111,2.64381097,1.96364068,-2.67590163,13.27783706,8.36092023,4.40758700,-1.99138144
15.90625000,5.20730540,8.39056051,0.69463685,-5.47268419,12.54708958,8.19408797,10.42325747,-7.04386319
15.91015625,5.71597738,9.04254956,-2.89732001,-0.50150817,6.60589905,5.09074877,9.92504731,-9.30649535
15.91406250,9.17736058,9.14054678,2.32794656,-1.06589335,5.04357855,10.41968476,3.82265868,-12.23211413
15.91796875,12.46461126,7.12766178,-1.38724553,0.08745419,-0.78425119,13.56479330,-1.89792704,-10.61085992
15.92187500,7.64459846,7.71029735,-4.06334804,2.63426245,-5.64023492,6.86667929,-13.03086193,-7.17011824
15.92578125,8.83837650,0.23342307,-3.49397612,8.88929189,-9.79083591,9.73662056,-11.56888650,-8.36511971
15.92968750,4.12113528,-7.08953433,-7.64797166,10.20674365,-14.02296588,7.41014927,-4.57946896,-2.94053284
15.93359375,6.07239344,-8.17644796,-1.23753872,8.08242941,-10.49609904,6.35960001,2.84356559,1.04127257
15.93750000,6.79213113,-7.82812681,-6.92193050,8.41910532,-7.78145867,-0.06152907,5.16652073,2.51369303
15.94140625,3.51897907,-8.39381643,-7.50990642,11.80856840,-6.39866813,0.41107822,9.21382801,9.07409728
15.94531250,5.66719396,-4.77160008,-10.20251109,10.26337289,-1.22392878,-1.92961208,10.81254638,9.84999080
15.94921875,0.82778787,0.94892113,-8.99734031,8.14673553,6.35765320,-4.99254548,-0.38566962,11.91070371
15.95312500,-3.43796423,4.61485972,-10.13163492,3.60827979,5.43064764,-7.31102316,-1.16359630,11.43350393
15.95703125,-5.27137579,4.05381153,-12.08140550,3.58032529,9.40925933,-11.47693820,-7.08056709,7.26973841
15.96093750,-4.66420980,8.31729063,-11.53244733,-3.44835284,8.07405054,-6.79225191,-9.60006260,4.93396900
15.96484375,-5.38963395,5.81480073,-3.71173149,-6.17762836,7.12966201,-8.52444661,-1.67760331,5.63777121
15.96875000,-7.55463495,7.31182199,-5.52047759,-7.59384612,3.63875101,-7.87635582,5.21149809,0.89058640
15.97265625,-6.05272799,3.09004470,-6.09215764,-15.78206662,-3.35551955,-10.84563688,9.74212171,-1.18466631
15.97656250,-11.06717184,-3.29694554,-4.09167676,-7.10259569,-5.98139499,-10.06966332,10.27251642,-5.49968597
15.98046875,-12.49497762,-9.98782831,-6.02883420,-11.78320059,-11.12287739,-13.76886203,5.04724378,-8.34805868
15.98437500,-11.95182803,-8.16393618,-1.62373468,-12.12754427,-10.43019025,-11.15063297,-0.61301705,-7.53024530
15.98828125,-6.55337870,-12.66703780,-5.14747623,-5.02957828,-13.12301265,-7.55137447,-8.02824743,-5.50684318
15.99218750,-5.13964851,-7.93626539,-2.14376417,-5.47308555,-5.87453590,-5.91992687,-6.49237774,-5.24725945
15.99609375,0.93667108,-4.70909916,1.15358561,-4.09836952,-7.43219693,-4.00151981,-5.09849665,-5.94803558
16.00000000,3.26807105,-3.74614994,0.71243781,2.95735865,3.32103851,-1.86580156,-0.88479155,-0.11034973
16.00390625,3.15348094,7.46199495,-0.76327614,6.27954105,5.63529397,-1.10754276,8.76923020,4.25830756
16.00781250,6.74188026,9.84494322,0.02059490,6.29361154,10.30628521,0.66408692,6.63281137,5.46862807
16.01171875,5.71713693,9.92394489,2.06850581,8.96039373,11.53466684,6.15555016,6.81387676,7.55005492
16.01562500,6.99010327,13.83232410,6.57543302,10.98227712,9.72334631,7.12387448,0.32807711,9.80350337
16.01953125,7.17841371,7.99641500,9.37430202,12.78260620,8.68052762,8.84738073,-5.14175706,8.29630370
16.02343750,8.64491858,0.40222377,6.65673770,13.93699372,3.48672483,5.18789830,-13.03226388,5.95678341
16.02734375,4.71331823,-1.93089238,8.69274126,10.43562554,1.09441550,13.83807604,-11.63741711,4.71964468
16.03125000,4.66440887,-4.22575094,7.03646572,10.08476202,-4.37775300,9.60989548,-8.04893483,-0.58176153
16.03515625,7.08358158,-9.91368846,5.39843760,5.98851508,-5.30242173,8.07255548,0.47325802,-2.23634410
16.03906250,8.51419755,-9.95604431,8.75320223,0.55550354,-13.51732520,12.94676522,9.22508634,-2.66714513
16.04296875,3.56490064,-6.77702245,9.79653098,-1.66225550,-7.90427534,8.62445106,8.80980524,-7.66956829
16.04687500,2.76610758,-0.77231043,9.22918073,-6.56244214,-9.00346659,3.74907198,7.02867335,-14.06669993
16.05078125,-0.49478451,2.48096489,6.22371238,-4.65715983,-6.03119323,3.12962544,1.24858232,-10.80939769
16.05468750,-0.72441284,3.59360147,10.13950818,-7.50356562,-1.44804424,2.48648181,-7.75809813,-8.91035211
16.05859375,-7.45911009,12.41487514,11.77941830,-8.36836864,4.06992717,1.23125412,-5.12182865,-2.57989577
16.06250000,-8.90675621,9.26534267,8.16342536,-8.78677914,4.17582834,4.10938215,-9.48692992,-3.11356835
16.06640625,-8.44445310,11.79035960,5.74866163,-10.39836274,8.38658318,-1.89915673,-4.67316678,-0.08226614
16.07031250,-11.22590861,5.34584460,6.55022753,-11.56502217,5.43184672,-5.02796581,5.73005216,4.94422926
16.07421875,-12.54389423,-0.98087229,3.85267132,-8.47255593,5.54208954,-0.33271462,10.69120821,9.46365506
16.07812500,-11.80925917,-4.06680286,5.81428829,-2.58575925,3.62119794,-7.72761696,7.74849495,9.94699553
16.08203125,-9.55887664,-8.66472666,-0.35793382,-2.18094728,0.77947429,-8.99465449,4.50565252,11.71711554
16.08593750,-2.41698565,-10.17529141,0.66549624,-5.48537330,-0.53479567,-8.01198135,-4.37268173,7.54250627
16.08984375,0.10454210,-9.40770240,-4.60704466,1.97439462,-8.71491734,-12.29332884,-7.02118140,7.82754737
16.09375000,2.10633612,-7.12818742,-2.81036026,9.15630742,-8.26264767,-13.01855338,-6.26926959,5.56262961
16.09765625,1.20836017,-1.82528593,-2.29270859,10.04711840,-9.39783269,-8.39379708,-5.46209282,0.53928147
16.10156250,6.56222227,2.63116241,-9.36978315,13.65703111,-11.25505888,-8.13697079,2.22905056,-0.69566723
16.10546875,5.88237930,5.69290837,-10.37784993,12.11053546,-4.23739774,-11.05924030,6.20544142,-7.24142862
16.10937500,10.68996343,9.89354714,-7.99985493,11.06399427,1.58325631,-7.33494649,12.57110779,-10.05062261
16.11328125,5.31238898,11.59769594,-10.39987086,10.11646396,2.12014269,-5.91293620,2.18651207,-11.20892386
16.11718750,7.81751437,12.67531858,-11.11328037,8.38381896,5.56294366,-1.37891267,-5.52454814,-14.20580896
16.12109375,10.74133173,5.27387770,-7.00016163,3.75278113,9.29401355,-0.30674771,-10.80822652,-16.55531096
16.12500000,7.21039230,-2.18393399,-11.57968552,-0.76936527,8.38320067,-1.66616526,-11.69653507,-8.49814444
16.12890625,5.38189714,-1.23551752,-8.23842123,-4.69401556,6.74517947,0.65528379,-10.41930820,-3.07890832
16.13281250,2.05629310,-7.03022007,-6.30084899,-5.07789067,7.10197512,3.80409925,1.69655946,-1.45110594
16.13671875,8.17978414,-8.10260389,-6.86600041,-8.65977843,-0.64698495,7.16448400,10.18039289,5.42590186
16.14062500,3.33521587,-12.84683773,-5.50531137,-12.33777112,-4.75979208,7.53012598,8.68552282,5.20143476
16.14453125,1.16236649,-5.35521413,-3.94847092,-9.90758978,-9.10351253,8.03773265,7.33592324,5.82455890
16.14843750,-0.74798378,-4.75908663,-8.66640903,-9.45819041,-11.20570131,10.95153224,-0.39960274,9.99801791
16.15234375,-4.27802835,3.90024065,-6.73517246,-10.24577493,-9.91150353,8.89565466,-3.16297407,8.59969660
16.15625000,0.12766059,3.54775337,-0.73351607,-6.25130765,-12.06367265,9.54071923,-8.94455449,8.96541439
16.16015625,-7.52364588,4.34866929,-0.93045826,-7.53748215,-2.51510862,8.03302043,-4.49886348,5.98745308
16.16406250,-7.90726287,11.20105216,1.73003655,0.24643058,-4.00233364,8.18059849,-6.84431199,3.81231022
16.16796875,-6.64768592,8.39811199,2.51373771,2.27662767,-1.15254273,8.84652842,2.42694084,-0.01049314
16.17187500,-13.19045346,5.67212648,4.23549072,2.69200351,5.90295373,6.19450577,12.29509688,-6.17886826
16.17578125,-10.55206525,-1.86991241,3.23624461,5.20169973,8.87830276,7.00350619,12.38254869,-5.45728834
16.17968750,-11.89581463,-8.31923264,4.29712996,5.91630341,9.49869243,2.41593081,5.72336808,-10.33168096
16.18359375,-7.68947147,-9.59786260,7.53032725,9.13578809,9.99731759,-0.84319548,5.53327188,-6.76861412
16.18750000,-5.41769170,-8.73189940,10.75521395,10.66509568,10.41991863,0.26997638,-3.50912710,-11.65619258
16.19140625,-4.36866297,-8.92784942,9.49839968,10.30396569,6.47015702,-2.42841738,-8.80855130,-7.45420104
16.19531250,-1.77848156,-5.21189869,8.43853602,10.13450417,0.95777851,-7.75916427,-6.42848416,-4.56657421
16.19921875,2.93684469,1.93993616,8.31592775,4.82666730,-2.01058831,-10.74147457,1.02517447,-2.57858658
16.20312500,3.67016332,-1.85396760,11.41737004,7.74504163,-4.14568078,-11.58144791,0.91588003,2.74987523
16.20703125,4.20648432,6.72046526,11.98743183,-0.00775512,-6.46805558,-10.46138036,9.34522997,3.79485538
16.21093750,8.91433556,11.39602469,10.76946149,0.47957753,-13.18877499,-8.82629042,7.63877973,6.21871040
16.21484375,5.15884556,10.25422046,8.05968055,-3.22667578,-8.80483334,-10.04046593,3.49597502,8.49312031
16.21875000,5.66108074,7.33189606,6.26197483,-2.84339146,-3.29592127,-9.97115607,-3.29396601,9.20984635
16.22265625,11.07566652,1.71261057,2.40513079,-6.57734655,1.75539208,-7.35393465,-8.45855005,6.67856481
16.22656250,7.07766120,0.95250676,8.46860084,-7.81234465,6.26964940,-7.39764300,-11.87949945,4.83565447
16.23046875,10.55142375,-4.40321468,8.47168313,-12.96704252,8.53860390,-7.69612705,-8.71664145,1.68186849
16.23437500,6.65740501,-8.15997479,7.71715863,-10.19675127,11.84998087,-5.43738420,2.77205284,-0.46304278
16.23828125,3.19944902,-4.77087973,1.57564505,-7.62426586,9.72876641,-3.47654863,7.78510506,-2.34951456
16.24218750,6.02320527,-3.60436077,6.81154773,-3.23652998,7.43570353,-4.59926874,5.61355319,-10.91660672
16.24609375,3.44124008,-4.19158352,4.33748048,-3.42355585,5.07617297,3.09863216,5.57376080,-2.07366928
16.25000000,0.36480422,0.11484492,5.81651802,-2.76366149,3.32753851,0.13617102,-1.96139388,-8.36253708
16.25390625,-3.05994317,3.76320025,1.75850809,2.17038765,-3.97522887,3.92438541,-4.95473079,-7.70104504
16.25781250,-6.89569551,9.64818502,-1.90757358,7.35564573,-6.29935438,5.57650717,-9.02415252,-5.14560313
16.26171875,-9.54216909,3.15494850,-2.06096700,5.35404549,-12.51884166,4.37715301,-5.86889339,-2.85305456
16.26562500,-8.31251046,5.80471114,-2.44209308,7.83554463,-7.25424289,6.08665157,-0.18164230,2.55833496
16.26953125,-5.80240831,3.65740104,-7.14934627,6.37132293,-8.53015865,10.22325176,4.37753439,5.46915149
16.27343750,-11.55472410,1.93232836,-7.53194431,5.20510006,-6.39018445,8.32613211,11.41180240,2.85200344
16.27734375,-7.99991197,-6.97571336,-7.73414808,9.38710525,-4.50330182,9.71081178,10.82560304,9.41652621
16.28125000,-9.63039135,-6.94665927,-10.85770855,2.22858059,-0.95388781,9.47586817,8.45637379,8.81554553
16.28515625,-2.03899149,-12.99941197,-8.94778506,1.00940256,10.33267411,11.65846039,1.23048207,8.62433578
16.28906250,-3.50248035,-9.38770881,-6.29601197,2.38776314,11.24682095,9.36314003,-5.78300311,7.75169002
16.29296875,-0.42180224,-9.36195231,-8.78083422,-3.82480852,11.95530228,4.84253288,-12.38131771,9.18625861
16.29687500,-2.18819671,-1.22006383,-11.30096719,-2.25708544,5.35889193,6.34074272,-5.59078334,4.03509588
16.30078125,4.00577006,2.64269648,-11.11050549,-7.48269607,7.08767931,4.60423389,5.09200692,-6.92395917
16.30468750,5.03897232,3.10510626,-10.79594540,-5.07064773,3.90618373,0.18410191,7.97826587,-8.51356073
16.30859375,6.83218950,12.75290004,-8.00333598,-10.45632537,-0.12782610,4.62798122,6.06629494,-8.63891404
16.31250000,7.49891661,10.95610913,-13.36365358,-6.21330695,-2.75292952,2.44828250,2.90373333,-10.42885506
16.31640625,7.51915942,10.35855962,-5.94547561,-5.55186012,-7.97228887,2.08888788,-3.00463301,-10.02855794
16.32031250,11.38642459,6.37992441,-4.97516053,-5.60192163,-9.30408130,-0.35583171,-14.21063438,-11.06961160
16.32421875,5.30043395,5.46829802,-5.69233645,-0.96105428,-10.44979281,-6.33343853,-10.26215071,-9.61288810
16.32812500,10.58376697,-3.98977388,1.02536855,-0.80273641,-5.35395515,-6.25470634,-9.21156366,-2.04364606
16.33203125,11.12007993,-2.95328400,-1.42089585,-0.54433283,-1.46425358,-9.46821148,-2.85348165,1.34639509
16.33593750,6.35848142,-7.71860953,-0.29892614,-1.13077706,3.57956854,-8.97089113,3.55558300,2.36242982
16.33984375,6.21742294,-11.80070430,3.05814032,8.35312194,8.45736733,-7.74509782,9.48038515,6.52535932
16.34375000,0.01397347,-7.76105233,-0.56609651,5.37707043,6.56268390,-10.73919251,7.73701273,9.16704818
16.34765625,0.54632187,0.92441581,2.98022170,8.55880023,10.16060889,-8.25591832,1.33007034,8.30504794
16.35156250,-1.55988086,0.57727652,8.78753328,8.05801326,9.96351937,-7.52559606,-7.91110551,9.24775424
16.35546875,-5.31261491,4.53912760,11.64379801,12.55799223,6.66433218,-7.97926558,-9.85251334,5.72415947
16.35937500,-5.75452749,13.09509588,10.68652862,9.47692528,1.31663617,-5.68666173,-11.81123097,5.98453749
16.36328125,-9.97731546,10.69185459,8.78360461,5.19192000,-0.61613292,-10.05848160,-2.74177059,3.80556785
16.36718750,-9.81291216,7.73012163,6.67510229,3.15925956,-8.28839823,-4.59753478,3.23029638,2.22014946
16.37109375,-8.15378471,5.32414135,11.80091047,2.16907089,-7.97874990,-2.15428932,6.80172917,1.01648521
16.37500000,-11.32585801,-1.96473653,11.26720611,-0.49736914,-9.84790016,-2.09531204,11.21634284,-4.34712887
16.37890625,-9.21453680,-5.34445879,13.23830613,-4.75095703,-10.60114473,2.74529434,9.53397504,-9.41837412
16.38281250,-13.00583298,-9.97301097,12.57469890,-7.05082128,-3.89561929,4.60430274,-0.70003226,-7.43856585
16.38671875,-8.22815820,-9.31550454,10.62348922,-6.85202894,-2.34132201,5.84140967,-8.20579971,-15.05302483
16.39062500,0.75920030,-11.17912635,12.21989574,-7.18381368,4.48405823,6.02574744,-12.01195724,-8.01300468
16.39453125,-0.29780603,-6.45988429,6.43580628,-7.55277088,3.48719141,3.57758085,-3.43561235,-4.20373360
16.39843750,0.78053226,-2.91988131,7.03223865,-11.02155479,14.46172426,5.98917280,-2.79088803,-2.91657066
16.40234375,6.95568502,0.27091628,3.63340120,-12.58659369,7.79491160,8.49617666,2.97061341,5.39823797
16.40625000,3.90745729,5.46810643,-2.04123495,-2.29881100,14.67693388,3.99724752,6.71879297,6.65554889
16.41015625,3.29194831,12.64272454,-0.02505896,0.04215677,8.43660387,8.10084237,8.22989418,2.16040804
16.41406250,5.85633466,12.91199038,-1.15748316,-0.06219335,3.91332687,11.21446812,3.71250172,8.85993847
16.41796875,6.37003271,8.32443358,-1.96906934,1.82981090,-1.66320762,10.15321583,-6.16554957,8.64152045
16.42187500,7.15923495,5.85659213,-1.19773620,2.94273600,-9.28589621,2.36170521,-7.41623532,10.07501985
16.42578125,5.93495071,1.59254420,-2.66895368,5.86962024,-10.14857835,6.23669626,-9.18504083,6.74031547
16.42968750,7.30475525,-2.58305347,-4.01023381,5.91394440,-11.38135309,7.54286196,-5.99793789,2.98250656
16.43359375,8.65386039,-7.18637525,-11.48002734,12.97113549,-12.77605313,3.79342902,2.41268839,2.68439544
16.43750000,4.64320856,-9.08987961,-6.78104400,11.42975517,-11.48022718,-1.26435662,7.37594050,-2.81628422
16.44140625,-0.01874195,-6.74329649,-10.64171597,11.12749477,-3.85660195,-3.26158206,11.10129649,-3.27014174
16.44531250,-0.61897568,-4.89445134,-7.74946557,8.16113507,-0.78928353,-1.85198863,7.86635773,-8.91949947
16.44921875,-0.15243939,-0.06939490,-7.07946526,5.68637269,5.61239227,-5.63934808,-0.06500030,-5.98685239
16.45312500,-1.96175049,2.90043756,-6.70182234,0.28862630,9.66036174,-3.78718103,-6.82125000,-8.68195356
16.45703125,-6.58412664,7.30454160,-8.90801194,2.46719515,11.90744903,-10.03870900,-8.04983049,-6.93408890
16.46093750,-11.68558047,13.42077955,-9.17780995,-2.31904308,9.66235742,-8.10877657,-6.96381637,-7.40471414
16.46484375,-8.82864797,8.93827489,-10.87293103,-8.18710618,5.41994879,-8.18721841,-1.52315944,-0.65630586
16.46875000,-8.26780931,4.86222824,-4.90628615,-9.50266619,4.10787636,-10.39168006,4.27313924,2.32467131
16.47265625,-10.50893583,2.36210517,-5.12406398,-6.08892313,-4.36529094,-6.60388695,10.43985899,8.37587476
16.47656250,-10.14546788,-2.95034491,-8.64239173,-10.32841655,-7.36135049,-11.16620797,8.42506616,7.30684633
16.48046875,-7.00989550,-5.89259427,-6.21441315,-12.29299384,-8.34843096,-8.34331847,4.73741581,12.19946741
16.48437500,-8.55231414,-7.27204137,-2.69187570,-7.20092798,-10.93028148,-8.76720860,3.82391016,13.30803182
16.48828125,-6.56443124,-14.10388059,-5.98962007,-8.17893816,-8.88161081,-7.83005726,-2.52068855,7.73797933
16.49218750,1.33481094,-9.81991279,-7.32124113,-4.19021258,-6.80231186,-5.25671067,-7.43065334,7.62449500
16.49609375,2.99815672,-0.72086984,-4.32845814,-0.64188058,-2.75816271,-5.66789124,-7.10685433,-0.36210980
16.50000000,4.10267518,1.16745754,0.51153616,-3.91007371,4.62659389,-4.23484423,1.34006157,-2.79809604
16.50390625,5.59111600,5.08687514,-1.99520851,2.43836243,12.15491708,-0.53591001,5.42060227,-3.90243799
16.50781250,5.61369131,7.26257140,0.68051906,6.18939103,8.12380263,2.73294668,7.10122603,-10.12556691
16.51171875,7.69727380,11.89415430,2.68952886,7.96806780,12.57603253,4.88982862,5.00637918,-13.94452076
16.51562500,8.13097150,12.14718774,5.66391291,9.92747598,12.91816367,5.79927049,-1.94021142,-11.66674107
16.51953125,10.62188278,6.24552243,4.32197749,14.17337406,11.18197778,8.80695226,-5.72360658,-11.83566367
16.52343750,11.08815124,1.48292340,6.57051562,9.52842382,3.33779762,10.43149120,-14.28804372,-11.88430375
16.52734375,11.18226795,-2.36497968,8.17951312,8.31942759,0.62473599,8.02962862,-6.70290029,-4.20618648
16.53125000,8.79624981,-5.40745132,10.18517582,8.62650348,-4.99467321,8.65644893,-5.79031652,-0.29716753
16.53515625,5.05643274,-9.19229952,10.95223094,4.97150934,-6.78185251,15.26721639,6.97493595,3.00685715
16.53906250,9.91049730,-9.11541685,12.69131082,1.85657172,-10.14481714,8.36953224,6.24052949,3.84426978
16.54296875,-0.62547606,-5.32990414,10.31408041,-0.04343512,-6.83432574,7.60561608,10.94137358,10.14464602
16.54687500,0.33035289,-4.09165410,5.88253683,-0.86359646,-9.19445301,9.81176267,6.02047640,10.15210461
16.55078125,-5.10436041,3.99393798,11.06303925,-7.96609404,-4.82320095,6.00519039,-2.28619758,9.38845705
16.55468750,-6.57788851,4.02277911,12.21485915,-5.46223235,-1.68029094,5.31390901,-10.46422485,9.70420865
16.55859375,-7.94104081,10.09116559,8.41141926,-10.30978397,3.97587071,3.31712123,-8.95235441,5.36483905
16.56250000,-7.94854347,8.11846207,9.71642064,-11.73386153,5.88550053,1.85981580,-6.91757088,4.57257323
16.56640625,-7.95527230,8.98910875,6.93664789,-6.83830327,12.67069126,3.05946806,-2.35956029,1.18242394
16.57031250,-8.96764707,5.29914048,3.50421856,-11.46936059,9.75578713,-3.75735846,9.94924592,-0.61192266
16.57421875,-9.46179550,-1.39336477,0.59012241,-9.67361061,11.43594049,-7.07903400,11.98015054,-6.56686663
16.57812500,-11.26200797,-5.55554823,2.08603574,-4.82862274,5.67012172,-3.12708630,5.95616558,-6.39790042
16.58203125,-7.79503577,-8.66947325,2.24501276,-5.65839094,1.25726325,-9.28927158,7.95681493,-7.62440557
16.58593750,-7.57360802,-11.08658013,1.57186172,-3.38906015,-4.00489458,-11.13956373,-7.08098640,-8.22323463
16.58984375,-5.83681328,-9.48580935,-2.22448221,0.15393911,-6.17959334,-4.16983962,-3.78245457,-4.40038701
16.59375000,-0.12750707,-5.14651683,-4.88439244,8.43003008,-11.95115973,-10.23287272,-8.86381262,-4.95280968
16.59765625,1.46307554,1.39600159,-8.89678087,9.93919498,-8.37829698,-10.67235958,-6.17480606,-2.49275331
16.60156250,1.10123883,3.48384613,-7.88872515,9.79412860,-5.95049029,-10.80533995,1.65669385,1.36688241
16.60546875,4.74162757,6.20623868,-10.89065700,10.61288999,-4.44621335,-5.06763009,8.08780906,7.34095156
16.60937500,7.04846670,12.10488759,-9.07201286,5.27325990,4.05219512,-8.36898239,7.76179097,6.83459223
16.61328125,5.61856009,13.32868585,-9.17846347,10.12892344,6.44235192,-7.54151186,4.25111025,8.41932043
16.61718750,7.53068146,8.37917772,-10.62398001,4.16101282,4.73455062,-2.79557953,-4.32006330,7.40773462
16.62109375,9.07092640,3.41972333,-7.63980752,6.22769666,11.36460022,-2.27203169,-6.51189195,6.17066171
16.62500000,9.56306388,2.09428919,-9.42151277,-0.27960789,10.46611095,-2.67761493,-14.78122040,6.56017032
16.62890625,9.35689045,-7.12938075,-14.22098818,-5.36968953,10.78729897,1.77647669,-8.21603821,4.37951201
16.63281250,9.44605830,-7.35961154,-8.95069323,-2.53138749,1.19221604,4.06065071,-1.31073605,0.92146002
16.63671875,3.87898848,-9.56211029,-10.91966102,-9.34987818,6.03462540,12.62708336,4.14433798,-5.41917406
16.64062500,4.80482990,-8.40256301,-6.97280007,-7.45124084,-1.67592435,6.01404163,13.80300914,-8.36269132
16.64453125,5.25367088,-4.84379728,-2.56744944,-6.69252030,-4.60810470,5.14718668,9.59516133,-11.07282269
16.64843750,-2.63095093,-3.79919835,-7.38444697,-9.63917482,-8.00554823,12.62335893,4.43615209,-13.44077205
16.65234375,-1.22482760,7.87600308,-5.62388322,-13.94359475,-11.04056881,10.60992153,-4.61944389,-8.86220500
16.65625000,-2.51701452,6.51715028,-4.82819576,-8.22944488,-10.92982395,10.03711434,-9.16161014,-7.38392124
16.66015625,-9.70674486,10.05476244,-1.71249782,-7.61406787,-8.17399649,11.46767653,-11.03173031,-5.81294553
16.66406250,-9.55398097,10.47116040,-5.09426445,-4.25914975,-1.24480141,11.97702541,-3.83358799,-2.04351390
16.66796875,-9.00521644,9.69207234,0.80073498,-1.55880301,1.99998483,8.04637821,3.76106839,4.77978999
16.67187500,-6.49114189,0.74806342,1.37869088,2.90755254,6.93731225,7.94926469,8.21967010,8.60045938
16.67578125,-11.94341442,-6.35777443,3.33719267,5.32244306,6.91987320,2.43738293,11.93521647,6.00024093
16.67968750,-9.36875302,-8.20603222,6.05424216,8.78829597,12.17072580,6.59432046,7.19560546,9.57530122
16.68359375,-6.66131586,-9.58602680,6.08675865,11.91558541,9.19038944,3.31860679,1.63199640,13.98918824
16.68750000,-9.00934303,-9.29100731,7.29012238,7.91166411,5.42533547,2.93139761,-10.16614215,12.21274334
16.69140625,-3.87753112,-8.85432527,12.14396987,10.02705265,6.58713967,-4.02573800,-5.35242606,4.19222458
16.69531250,-0.70831281,-4.27720852,9.99499351,8.21998015,4.47301338,-8.69935455,-9.86422446,5.15134022
16.69921875,5.38659746,-0.48741600,10.64385456,6.44689192,-3.61630371,-4.30044795,0.27777146,0.44002673
16.70312500,2.66216626,2.06440236,8.64689164,7.62348310,-3.84501317,-14.78451164,7.53954760,-5.82150998
16.70703125,7.05938555,10.73210199,8.98579754,3.39827054,-5.59184723,-7.98207510,8.36609539,-6.51275160
16.71093750,4.06224432,11.12574942,11.30652241,-2.66036815,-3.37558779,-7.79643564,12.13829956,-9.85537061
16.71484375,9.05791571,9.51531939,9.46625614,-2.12491039,-5.14526172,-11.35317012,0.10076959,-11.45807036
16.71875000,13.43767794,8.63524607,10.57209378,-3.29601379,-0.80902503,-7.37690954,-8.31468964,-11.67231780
16.72265625,5.16967319,4.18692182,9.46626561,-11.10813914,0.83161106,-10.04888361,-13.10316801,-10.80534845
16.72656250,7.76569221,-0.30621970,5.44594162,-9.89503924,5.99446609,-4.12578233,-10.18257434,-5.77547653
16.73046875,10.75488765,-6.09585636,6.64666926,-9.25489784,8.75146115,-5.76403746,-1.68038298,-4.27471536
16.73437500,6.21098675,-3.18023527,6.57214047,-10.52435395,9.11736575,-8.25726138,0.09145796,-0.67114107
16.73828125,5.45139627,-10.41580924,5.26143499,-7.05806613,11.10508648,-4.89045371,5.60938361,4.64085518
16.74218750,5.17870002,-11.12911518,1.43593559,-9.24122988,6.26830408,-3.76305714,10.88163480,8.78587239
16.74609375,-2.24608390,-2.63366322,2.17146069,-4.95501092,4.62809191,3.35664034,1.75110707,7.96894026
16.75000000,3.05278864,-0.01886161,2.77692413,-0.69874920,0.49354325,0.75842744,1.89465653,10.56323880
16.75390625,-2.06709935,4.39078331,1.65405312,0.95715020,-6.81651949,3.28633051,-6.58609783,9.86701814
16.75781250,-1.69221163,5.84690445,-0.11460355,6.08863140,-10.82582914,4.37160503,-9.50471383,10.61223577
16.76171875,-9.72241927,10.78631977,1.40369844,6.42283832,-11.27541943,6.00185842,-9.41557918,6.14977163
16.76562500,-10.01942629,7.46340047,-5.67748111,11.09270169,-12.65078844,6.59275859,2.04752929,1.90570905
16.76953125,-14.04354131,2.28982381,-9.46978619,7.86125605,-8.24566347,7.71551520,9.06410146,0.20963116
16.77343750,-10.21746144,2.04075535,-7.10696207,11.14706358,-9.26971947,12.58359031,7.54966847,-3.93816008
16.77734375,-11.17012001,-4.72174324,-5.99864624,8.71037544,-2.62758668,11.19715943,10.54440256,-10.07446236
16.78125000,-8.99845993,-12.61208011,-9.27549348,5.78420409,1.15889557,5.72192290,9.19695671,-12.36036719
16.78515625,-6.01633487,-9.80469345,-9.51468375,-0.92608905,0.36810483,7.03371859,-1.44126579,-12.36407246
16.78906250,-1.07166301,-8.55006156,-13.14293939,2.42781817,7.57796407,9.62735262,-4.24588139,-9.37780817
16.79296875,-2.18701146,-8.24300417,-11.74712216,-1.91139420,10.24080325,4.51233398,-6.50241100,-4.44254072
16.79687500,0.12803721,-5.19007635,-10.44012322,-1.43955602,5.43142252,0.76866862,-5.66630949,-3.91554858
16.80078125,4.99469336,1.06511319,-8.94044146,-7.00676283,8.25193138,1.94968992,-0.51112905,-2.80753573
16.80468750,3.34354090,6.50386293,-10.36687758,-7.66731330,-0.24538320,0.68165609,11.00052724,1.57539737
16.80859375,1.91020206,7.96497756,-11.56526692,-7.49890890,-2.24846589,-1.92162911,7.35735770,6.21616471
16.81250000,7.61647538,12.18343441,-10.60216718,-11.67126614,-7.58833713,-3.07937311,3.63278117,8.22359577
16.81640625,6.33584771,10.11546816,-8.44664248,-10.88902412,-10.66472846,-1.85479591,1.48664411,11.52057561
16.82031250,8.92177286,8.33212030,-7.65843170,-9.77861821,-8.53454265,-4.74744405,-8.19245075,10.26721314
16.82421875,6.48576094,1.48874129,-8.12653373,-5.18571686,-9.52354770,-3.05844690,-11.49378524,8.43377487
16.82812500,7.73921171,-2.87352816,-3.28503722,-2.28101680,-4.45206245,-3.88170494,-11.67681400,3.82087898
16.83203125,10.55396053,-6.16953029,-2.16356663,1.75468471,-2.55708260,-7.50182048,-2.51062664,1.74539506
16.83593750,8.70693688,-12.77947164,-1.46817639,1.59298724,3.77842904,-7.78683915,4.81225009,-2.45360016
16.83984375,2.57639315,-10.97501062,2.61601246,3.21471633,6.10703079,-10.80702747,13.90306443,-5.75116708
16.84375000,2.48936747,-2.69622937,3.93995611,7.78884266,9.17163497,-10.86241786,10.07284796,-6.57169020
16.84765625,4.20343967,-1.45019998,6.89137964,10.59783383,12.72338955,-10.36830211,2.37646141,-9.68835762
16.85156250,-1.38932640,1.80439633,5.68892551,11.40508354,9.55268641,-6.88589246,-1.76422516,-9.61567175
16.85546875,-5.77849571,4.46310411,6.92987662,13.63382336,5.27983419,-5.68445283,-8.34604519,-7.97859321
16.85937500,-8.28264957,10.59384715,7.43347723,10.50891233,0.65039260,-10.12265679,-16.61762888,-3.20057877
16.86328125,-11.80355618,10.38994005,8.27620268,4.26369600,-6.83800841,-3.89928661,-5.69586658,-3.56341515
16.86718750,-10.66966063,6.90986691,9.88060095,4.86436652,-6.13785983,-8.10908872,-1.69505631,0.09458142
16.87109375,-9.83206840,1.19417870,7.60995881,2.35632741,-6.41950436,4.35317856,12.42546105,4.46176646
16.87500000,-9.10686630,-3.48436144,12.00749046,-2.38331192,-11.90185840,-0.47128753,12.80553838,9.88300498
16.87890625,-10.61317836,-4.41266241,9.49713247,-6.44024772,-12.75574637,3.17156352,12.18745742,9.30705765
16.88281250,-8.49925700,-6.21025060,12.19660388,-6.79183987,-8.48394217,2.46233104,4.34918087,9.84529782
16.88671875,-7.93737029,-10.88382275,9.01701687,-9.30048453,-5.06219332,1.00877788,-6.39074760,9.03672159
16.89062500,-7.38005159,-10.73252671,5.94961891,-8.33793866,7.19711226,5.81983910,-11.85217153,8.97377470
16.89453125,-3.15498814,-2.57065636,2.30741221,-7.76940660,9.16004755,5.40237956,-7.30096381,5.69654817
16.89843750,1.09311110,0.95410914,5.72224376,-13.60313355,12.30530946,8.51585513,-3.16960350,3.90368800
16.90234375,2.07177005,3.34226973,3.58533546,-5.92972026,9.82575630,8.66652391,-0.31512995,0.50781727
16.90625000,4.41262747,10.32233513,2.22597308,-6.08690590,11.50995237,9.78059397,10.36118459,-8.54813563
16.91015625,5.93895221,11.62256652,-0.48507320,-3.58033305,5.19535410,5.95458311,4.94589817,-8.11942902
16.91406250,6.20619713,8.82583208,0.33186936,0.42585050,2.69841915,11.28037725,4.47094939,-13.58860082
16.91796875,5.75621780,9.61394116,-1.83719456,1.67319485,-1.48893274,9.80353756,-5.56717020,-11.95398161
16.92187500,7.87433061,7.43029050,-4.32377545,4.86667779,-6.53233789,8.13338661,-12.44216906,-9.87826422
16.92578125,10.10472741,2.74037879,-7.24031371,3.80080913,-9.40461350,6.97276565,-9.79421572,-7.59887213
16.92968750,11.24017657,-4.31741344,-8.07620537,10.90522343,-9.07135271,5.31454443,-11.20467585,-2.64551702
16.93359375,7.11033131,-8.21646591,-6.32464891,7.92599704,-9.78049308,-2.64252415,1.20575407,-2.52187433
16.93750000,0.29357772,-8.67832833,-5.95605362,10.43010053,-6.13645612,1.29799655,5.68715109,3.93822968
16.94140625,6.40909118,-7.59722762,-4.28459126,7.43156377,-1.81454912,-4.09823352,13.85429087,8.55456898
16.94531250,3.63506149,-3.00118693,-9.47614982,5.67192259,-1.39361203,-2.61516507,6.71892744,11.72042929
16.94921875,-0.87952215,0.15759970,-9.46712007,6.34689086,2.97610555,-5.00890573,2.59287664,11.77441163
16.95312500,-1.04258889,2.28843074,-9.10731708,1.30900680,7.53329342,-6.41990576,-6.56696162,8.48305876
16.95703125,-4.52312035,8.86400089,-8.06558225,-3.82956686,5.29958462,-6.86825058,-8.88540448,8.05984469
16.96093750,-9.67537327,9.69065004,-3.54053560,-3.69175657,8.47156871,-8.47753794,-10.37695383,2.98619638
16.96484375,-8.18355300,8.63999957,-6.14351983,-5.33780437,5.59272878,-11.48609500,0.68321435,3.53780627
16.96875000,-11.05662511,8.37225123,-8.78714588,-7.35786588,4.91444403,-9.19751476,5.84091313,3.79967447
16.97265625,-13.92116032,-0.20942222,-9.11565625,-15.76795785,-0.63874875,-10.78951379,11.89511535,-3.92727883
16.97656250,-7.63068046,-3.99969846,-7.94020564,-10.79314457,-7.08423144,-10.03912308,17.02793579,-5.52770987
16.98046875,-5.22013685,-6.88016870,-5.84776330,-17.16644912,-12.54599140,-6.89948201,4.06849349,-6.88406496
16.98437500,-7.80482357,-13.38175828,-1.79524150,-10.18809577,-12.81780630,-6.41112560,2.24774114,-7.88644230
16.98828125,-4.35635143,-8.71736584,-4.18601119,-11.75014797,-13.37556150,-6.92233879,-3.53097676,-4.73760617
16.99218750,1.54716743,-7.81686378,2.67395920,-4.42838206,-10.79577664,-6.13019110,-3.48504380,-11.29512384
16.99609375,-1.80811526,-7.22990692,-3.27022683,-1.21698807,-2.49162341,-5.93582690,-5.69516767,-4.58918155
17.00000000,1.13272476,-2.44810723,-1.55854747,-1.41741114,1.31547789,-0.44183850,3.38207076,0.09859235
17.00390625,0.51435254,7.45878206,-2.27548434,5.59911973,5.91624631,2.28923731,2.62796677,-2.44041385
17.00781250,7.75434198,10.07719870,3.30087415,4.89634210,7.78647463,3.99339311,6.16202037,3.97939177
17.01171875,5.64277331,14.22956303,4.25144567,14.97061423,17.15389445,1.13936469,2.62270358,5.03618898
17.01562500,7.55905485,12.35370419,0.43175699,7.95028228,8.33995534,9.04364596,-0.01142293,4.79861983
17.01953125,5.83062446,11.64469686,4.00209342,8.86971152,10.78165978,3.72318714,-8.53639292,8.91503774
17.02343750,7.96063479,1.48085219,4.34750790,12.33475839,4.30699338,6.15449081,-8.71654846,7.18956383
17.02734375,12.95901580,0.69231445,8.36626383,14.42377828,-1.16908680,7.55219655,-8.46385199,6.00020922
17.03125000,9.34927924,-8.48955634,8.22633223,8.78121990,-5.96555151,10.72689500,-7.85275131,0.66862838
17.03515625,3.14981762,-6.09846602,12.10088429,4.23943127,-5.56159092,9.49058595,1.06120809,-4.18283370
17.03906250,0.89087847,-11.06965871,11.70033409,-0.04588886,-11.68568941,8.68404602,7.97630196,-6.78753803
17.04296875,5.75630220,-6.96331833,10.97735726,-2.38506197,-8.34714855,11.60045492,9.53686349,-6.20208197
17.04687500,1.60713156,-2.79379037,10.79978226,-6.30759810,-11.14577662,8.86543729,6.31910850,-7.00926443
17.05078125,5.76610006,-0.15865010,11.37863131,-7.19161617,-5.70211817,6.17435272,-2.61419117,-12.76480058
17.05468750,-4.71777853,5.85721994,8.03519826,-10.45352928,0.28583693,5.26621101,-5.41058204,-12.87306879
17.05859375,-8.65582089,9.82876645,9.02730472,-11.63762594,-0.38201216,3.34966343,-9.27241039,-10.39408390
17.06250000,-4.82893212,12.63447240,5.48448774,-11.22188854,5.99273348,5.23439130,-7.29322616,-3.48208841
17.06640625,-12.16385006,8.71322882,3.76851738,-9.91005761,10.77137703,-2.25410986,1.87045887,0.91083619
17.07031250,-10.94247548,5.73224444,4.02375749,-7.42358811,11.07134087,-0.87947660,11.38382380,4.19785104
17.07421875,-7.71879536,1.82326513,5.09290204,-6.58629787,4.47539273,-5.56791088,11.56916927,8.17886849
17.07812500,-9.85853389,-6.14243296,0.99019200,-5.17324934,6.42954229,-3.69887729,12.56345092,12.32898647
17.08203125,-10.46007647,-6.48569301,3.43308086,-1.11539232,0.98819513,-10.21474765,0.54636987,14.29030236
17.08593750,-4.44703379,-9.36342093,1.10433110,-2.76859610,-0.72943126,-9.75926431,-4.09070640,14.30033136
17.08984375,-5.27518369,-10.59015247,-2.92753600,5.10014318,-7.97851215,-12.20823218,-8.53422852,9.60263471
17.09375000,0.93126827,-5.32814351,-4.21791588,4.51553589,-8.31062534,-10.67517316,-6.93008884,7.19147814
17.09765625,-1.10420787,-4.20575375,-6.75671466,5.11727924,-10.07051263,-9.68737404,-4.62893464,4.71040910
17.10156250,3.34584636,-1.82652384,-8.15695705,7.71670248,-9.30877191,-13.87865485,4.13504585,-2.74944866
17.10546875,4.23355436,6.24362258,-10.65195456,10.38538631,-2.94666278,-14.50477740,11.38134956,-5.86445369
17.10937500,5.41841398,11.34515324,-7.86150315,12.04230514,0.57069127,-9.25355981,10.18730122,-8.51313161
17.11328125,7.07807059,11.69787957,-10.07106211,8.45453658,5.01690851,-4.46224163,4.59181557,-8.02259666
17.11718750,9.26088279,5.35618547,-7.84041909,7.25166119,7.07594052,-5.17081013,-6.64110617,-10.20410961
17.12109375,6.44481024,6.35720728,-7.48695066,3.35757963,11.47343138,-2.91425276,-8.70015525,-13.45055802
17.12500000,5.87997947,0.78361329,-10.45931829,4.58235907,12.26398409,0.85768767,-10.71725358,-9.57579494
17.12890625,6.93617485,-7.42553730,-12.74231999,-3.85625655,9.51986132,0.48924572,-6.65378518,-5.66162706
17.13281250,10.31891327,-4.54328920,-11.01344445,-7.52142890,5.06068702,3.07604112,-2.01889702,0.33124349
17.13671875,4.81963797,-5.14040946,-6.44010494,-6.03235677,5.03293975,5.26264864,9.79033763,0.81683953
17.14062500,7.27423172,-10.21485875,-7.25690361,-12.08293420,-2.47095005,1.59794959,5.98729585,6.61072572
17.14453125,3.59607073,-6.41105474,-3.49439282,-9.90434078,-5.37951418,3.84219804,12.18529971,9.60398292
17.14843750,1.95157639,-1.36203761,-3.71585292,-6.59770476,-11.81555849,7.45686488,4.12923125,12.37711148
17.15234375,-1.95161740,-0.97334899,-0.37555711,-10.38494970,-13.05258018,10.76679668,-3.44051847,9.94819752
17.15625000,-7.00632957,10.25599842,-6.36029219,-6.70074471,-10.12056660,8.14377876,-5.73527023,6.64315116
17.16015625,-10.73201129,9.36912832,-0.09213600,-4.84222364,-6.85200343,11.52208255,-10.52349758,6.43724371
17.16406250,-8.61719155,7.52091046,2.17155108,-4.89795255,-2.95357148,12.79115025,-3.58243498,2.61165575
17.16796875,-9.55528394,7.80055537,2.55608502,1.43424036,1.64833072,16.67584248,5.53199959,2.24336306
17.17187500,-10.05252511,2.09511843,4.24534930,-0.96076896,6.78578901,8.33431030,11.80852021,-3.24643049
17.17578125,-10.84173610,-0.94907177,1.16731851,5.23632616,9.09791475,5.14520417,15.10063601,-5.58146600
17.17968750,-6.71001843,-4.62580896,4.69360473,6.01313842,11.06552237,5.97952559,12.09787925,-5.09431833
17.18359375,-2.77348178,-8.90612566,7.86467332,10.42167409,8.83067231,2.69565074,1.23085245,-11.61390840
17.18750000,-9.79557471,-9.02045704,12.52775299,10.83621923,7.95279142,-0.67601015,-4.46741523,-8.27888285
17.19140625,-1.70972692,-6.07416328,8.37794187,10.24578508,8.00130454,-2.98259668,-8.78997308,-5.09695294
17.19531250,0.92597793,-7.34109006,8.27500573,10.53126062,-0.84516461,-9.32970357,-8.35680449,-6.22591496
17.19921875,-1.36429912,-0.26468825,7.90201976,7.49790889,-5.68424393,-8.80783523,-1.32289262,1.09935003
17.20312500,2.97186884,3.35288340,7.23310692,8.01896215,-7.00108230,-7.90925285,3.34213566,0.60496300
17.20703125,3.15507387,7.16422900,2.88656359,5.04477894,-4.45159471,-6.76220698,8.62509909,3.05042376
17.21093750,7.71471275,13.73266013,8.74163960,-2.19254586,-7.48083780,-13.05336370,7.32275570,4.60038023
17.21484375,4.70257005,9.76111757,3.71334747,-2.53704326,-3.92877509,-10.86653651,1.36039101,5.27517040
17.21875000,3.60273195,7.71875679,6.84180817,-5.11636103,-3.54215867,-9.99103809,-7.06495999,5.28461377
17.22265625,9.32462440,7.84053904,6.21493736,-6.72841223,-3.35219619,-8.73247128,-10.61388799,11.95923905
17.22656250,10.57485837,-1.87686741,7.95610875,-13.16991826,2.38688339,-5.24997146,-9.31563314,5.19607199
17.23046875,8.19652156,-5.92293984,4.49694970,-9.93951152,6.36479373,-5.34140793,-7.15587334,1.78549235
17.23437500,8.50182286,-10.08066154,6.47436503,-8.88076942,9.25213084,-4.76450822,1.94026780,-4.21964097
17.23828125,7.89035483,-8.21233965,4.85155242,-10.00251653,11.33824635,0.82588877,8.69245960,-4.06394196
17.24218750,4.61853232,-6.65790655,4.68576307,-5.49571044,8.06534516,0.69612211,7.68477218,-7.94465543
17.24609375,-0.68211525,-3.58995748,3.37635389,-3.76742079,3.43100826,-2.78432393,8.36020417,-6.11908997
17.25000000,-2.93416164,-2.49491704,3.53920493,3.65152480,-3.12392470,3.38638156,2.82630772,-8.02980866
17.25390625,-5.57685159,5.65290420,-3.54340568,1.12389787,-8.39729490,3.99162427,-6.55747023,-9.10563541
17.25781250,-6.86868065,5.76337632,-3.25189387,5.22944893,-10.16262752,5.45518836,-9.70498271,-7.10515067
17.26171875,-10.43285408,9.96095110,-0.86526024,4.05040430,-10.23638386,8.65047374,-7.82188135,-6.62527538
17.26562500,-8.39476035,9.45881919,-3.72813688,6.56341836,-10.86535472,7.41262855,0.91746938,0.37916014
17.26953125,-12.23788601,4.40655766,-6.05480143,8.44732759,-8.68665671,10.69372422,5.60757846,6.53314270
17.27343750,-10.31483483,-0.47657674,-6.09938560,4.86633069,-2.59707959,10.49990928,9.76560229,3.27809676
17.27734375,-12.31835468,-4.06132521,-6.80979991,6.99555830,-0.75213677,9.28229957,10.11981860,9.56714147
17.28125000,-8.56655714,-6.97880577,-5.35732919,5.60111850,-1.04110146,7.12252931,5.53843541,13.03971567
17.28515625,-8.79391214,-8.95204236,-9.58521255,4.43360263,4.88185157,5.72034937,-5.64689828,11.56093910
17.28906250,-6.36412905,-11.80464832,-10.40600072,2.50355018,7.42111744,8.28907962,-5.66995857,10.63613855
17.29296875,-1.92798254,-8.70148894,-7.71829410,-2.69637448,13.02276860,9.19224564,-10.12907984,6.93450033
17.29687500,1.46209645,-2.16663588,-10.14737997,-4.32968874,10.68985282,6.21916300,-0.78240982,2.06048340
17.30078125,5.76076997,2.84585122,-7.10542256,-6.70885196,5.87894241,0.39399977,-0.66270721,2.86036628
17.30468750,6.85501093,5.26357950,-17.91486895,-11.05467786,3.35526765,-0.81400861,9.43413120,-9.26972196
17.30859375,6.21778005,11.46838566,-15.96610484,-7.87937799,0.72385372,3.30253399,6.74779341,-11.55381759
17.31250000,5.67003238,13.59466401,-11.26045888,-10.38058813,-4.47662864,3.94313884,10.01585345,-9.87050297
17.31640625,6.39311627,7.81198832,-9.68431263,-5.01700833,-5.06722021,-1.98986012,-3.54084194,-11.23047988
17.32031250,6.27913557,7.88804102,-1.18416384,-6.50463171,-8.52831580,-3.64044448,-6.01386504,-14.09567674
17.32421875,9.96217485,1.29949207,-4.96939013,-6.06878927,-10.97866200,-3.90442005,-11.37449322,-6.92446181
17.32812500,8.16300342,-2.32374899,-0.90590733,-4.99946299,-6.64365651,-8.00352142,-11.97657797,-4.06917484
17.33203125,6.70333625,-2.43575762,2.05757048,-0.01097385,-1.08981270,-7.31593671,-3.62989589,-2.03943939
17.33593750,8.27035945,-9.19317846,1.89000431,6.25347338,4.11139758,-6.32590786,2.45134421,5.34403683
17.33984375,6.76989276,-8.92670288,1.61558445,4.18655409,7.77718801,-13.70713385,5.24213269,5.71798715
17.34375000,2.50450456,-6.77559804,4.87573448,7.59921628,11.44463356,-7.97147902,6.28975047,11.65964366
17.34765625,1.54052473,0.68606320,7.90680281,8.35665581,7.28346427,-10.70795609,3.50120322,8.47585362
17.35156250,0.88844991,2.45700523,3.98847098,9.30211147,9.71352466,-6.98610094,-5.60342385,11.43617504
17.35546875,-5.53605653,6.05283367,7.57547725,8.26221836,7.18905367,-7.09213930,-9.79357543,8.14907369
17.35937500,-3.65532173,7.70516727,7.72739095,10.93772148,3.43640413,-4.03116190,-9.15391188,9.64099156
17.36328125,-5.87814844,9.37877610,12.40253005,5.63626905,-2.32362246,-4.00123996,-5.67745763,5.57534722
17.36718750,-9.33853951,6.53796094,10.84519934,0.30390872,-7.24036616,-2.78697086,2.75222516,-0.26425518
17.37109375,-10.39070163,5.48766195,14.21725051,2.53319984,-5.58133966,-0.53509197,6.43959674,-2.05157038
17.37500000,-11.89536887,-1.10939463,7.57051914,-0.63717075,-12.20046543,0.42627084,13.69419181,-4.41123890
17.37890625,-11.40517071,-4.97383066,10.60337493,-4.21397428,-9.94146672,-1.79351935,8.46675354,-9.03593956
17.38281250,-9.78316469,-10.43980531,8.14813694,-9.18834278,-7.99696286,1.53385035,-2.37641187,-11.24348033
17.38671875,-6.99357169,-11.44924297,8.78483946,-7.51662383,-0.94226115,6.84747507,-1.80234022,-10.21144015
17.39062500,-6.41971677,-7.29495536,5.48674753,-6.19675234,2.40708592,7.51480048,-6.94088124,-6.72511047
17.39453125,-3.54196684,-7.18069306,6.13507672,-9.46621881,5.59627757,9.77732616,-5.29432422,-4.27150202
17.39843750,-2.35678800,-3.66584498,3.76500930,-8.66503479,7.82022091,7.98310960,-1.77955473,-9.42281732
17.40234375,1.98408624,1.75526169,2.70311762,-8.00474001,10.05156154,7.41425167,2.73291704,-2.95586607
17.40625000,1.44738925,5.91825074,3.38886066,-5.54584279,10.62170655,11.29408209,13.40537910,1.28259078
17.41015625,5.58662045,10.56815694,4.47854099,-5.85182622,8.41177429,8.16313539,9.16648824,7.50945577
17.41406250,7.05678883,12.41175771,4.34317756,-0.60570335,2.91744963,6.50094558,-1.86438262,3.85009928
17.41796875,6.17612473,9.13529419,-2.35056895,1.33166712,-1.17643348,11.00922047,-7.16188318,9.99861532
17.42187500,8.74766256,6.83435020,0.59300820,3.12268796,-4.37328746,3.93935641,-8.75514864,9.60990052
17.42578125,7.86275470,1.17114049,-3.73961218,6.07714087,-7.31514095,7.76534052,-12.02325959,6.62521472
17.42968750,9.02985515,-1.97533920,-3.82888640,5.86146535,-9.02339899,2.03670828,-9.17342759,5.58317913
17.43359375,4.79858541,-6.83709901,-6.26742963,11.82818346,-11.70573114,3.68821722,2.30000690,-3.41258389
17.43750000,1.69042068,-8.75945529,-1.25587052,6.78663105,-8.71460313,0.65404554,5.61427927,-2.78302147
17.44140625,1.82143572,-8.30610436,-8.82214979,5.43611293,-7.20511006,-2.05981900,9.26852745,-3.28940730
17.44531250,1.11792193,-5.63116106,-10.44669106,5.86660782,1.75647271,-0.34502287,8.64421473,-11.26084015
17.44921875,-0.58469425,-0.92186657,-7.07815103,6.18365648,2.56841374,-4.75588744,3.62011903,-5.25075363
17.45312500,-1.63592369,3.64013666,-7.34541811,3.37084358,9.09436864,-6.72558821,-7.98131602,-6.90530889
17.45703125,-3.08840941,9.19610565,-9.64440123,-0.54528944,9.03888338,-8.68297572,-12.90097858,-6.13946003
17.46093750,-5.25217054,10.62828598,-9.48339690,-4.80215696,7.22609272,-8.53740729,-11.79270267,-4.32717592
17.46484375,-12.69087422,7.36516283,-5.16555827,-8.35486951,4.30460038,-8.51148791,-3.02291585,0.35338614
17.46875000,-9.77349296,7.99804696,-10.12146353,-7.00822898,5.01167484,-8.93018930,8.59047014,3.35107959
17.47265625,-11.88557310,5.12711586,-6.14854249,-3.95083144,-2.67320879,-10.27287184,7.24741552,4.94993149
17.47656250,-6.17397013,-4.28700627,-6.71587913,-13.97184947,-5.68866443,-7.59973895,9.32957772,13.15285068
17.48046875,-9.98790754,-7.07006248,-10.01592518,-7.13694625,-11.06153431,-9.43744462,4.65615213,13.83176562
17.48437500,-6.63426512,-11.00005113,-5.78321043,-8.51750129,-10.95732124,-9.73517006,3.09750183,8.96481131
17.48828125,-5.05069195,-10.05586059,-6.09239882,-6.89008335,-12.65983715,-10.74511961,-7.31437234,11.01934784
17.49218750,-2.94048221,-6.40563329,-3.71544988,-2.48705210,-8.86232794,-5.56183236,-6.60847406,6.93166625
17.49609375,-0.76704437,-6.14920044,-1.25987858,-1.57232784,-0.76324412,-3.42947312,-6.91224129,7.14761007
17.50000000,-0.89454068,-0.36469289,-1.08912305,3.70514685,5.07383549,-3.28453140,0.96501616,-1.65626302
17.50390625,5.92783360,3.80468147,-2.45059430,2.87641627,5.77624140,1.94441703,3.03531632,-7.23843793
17.50781250,7.61308625,9.47969181,0.59762481,4.18605031,10.42045711,3.39635323,7.22469060,-8.49523835
17.51171875,7.57666151,14.45045931,3.13527582,7.97357618,10.07743242,4.04226281,5.70336206,-9.36013161
17.51562500,5.10450293,9.00309326,4.03155017,10.77583221,9.96728561,10.13392666,-0.98882226,-14.93486574
17.51953125,11.23110774,4.84492790,3.94348942,9.78531627,9.98420864,9.94789855,-6.93546230,-9.99907071
17.52343750,8.61926382,3.64777001,9.79749039,8.89201056,2.25666677,7.82486343,-10.99998946,-9.84518574
17.52734375,10.13853930,0.35480903,11.49812906,10.60067354,1.01719988,11.79629858,-12.28312279,-2.25989911
17.53125000,7.54804436,-9.60617143,8.06744593,9.92913104,-4.80288969,10.91248980,-3.74306176,-1.32563711
17.53515625,10.52448186,-10.83565040,7.39881882,1.66559734,-5.81054682,8.27709450,3.97690411,1.97186161
17.53906250,5.29326598,-6.91661501,10.80159481,2.70866462,-7.34670099,9.76732257,12.06615520,1.10247401
17.54296875,2.49490635,-8.09806149,10.91931843,-0.77277676,-8.11881161,9.85792906,10.74172953,6.68095445
17.54687500,-0.49940374,-2.41613514,11.13341568,-2.81149667,-3.78779150,7.04211630,2.35526669,8.33893191
17.55078125,-3.01547148,2.58652522,12.50784475,-7.28455630,-3.82998361,5.39817939,-0.76494629,9.03033042
17.55468750,-4.95767617,2.46414725,9.35657869,-6.84749981,-2.80421924,5.29489655,-2.94778571,8.87327810
17.55859375,-5.72676894,10.01998801,9.72592374,-11.70650605,1.68621176,1.32613852,-11.36587453,10.25728772
17.56250000,-9.12801802,8.90109682,9.00093282,-14.11752428,5.82930607,1.77450094,-7.93940533,4.86889649
17.56640625,-12.02759060,8.02458068,8.19845191,-9.11488184,5.48943311,3.93784582,-2.85443471,4.96037965
17.57031250,-11.78841452,5.09859004,4.75883735,-8.21318235,8.50366703,-2.33104641,6.01898072,0.13399248
17.57421875,-6.04140363,4.08669082,1.89151448,-7.42615742,3.63852137,-5.41389161,12.33344285,-2.35042994
17.57812500,-6.55777430,-4.90979160,6.09841617,-8.26022601,4.49497601,-3.41420141,4.75304886,-6.19445792
17.58203125,-7.89008751,-8.14916818,2.54089248,-1.05702951,-1.78157756,-9.85406379,2.59687552,-7.08186188
17.58593750,-7.74866672,-9.69517538,-0.92896761,0.48854030,-0.75824179,-7.30003607,-2.25087252,-7.49068578
17.58984375,82.96197173,-9.06700173,-2.98064370,0.82438336,-8.90538791,-10.22044662,-8.80490135,-7.96864778
17.59375000,84.44203669,-8.55520142,-1.67616850,5.51528245,-7.41086429,-12.42992648,-3.97428338,-4.25784560
17.59765625,81.76692302,-2.66746600,-5.31946537,9.01469937,-8.64024634,-10.62704015,-6.37104633,0.09119332
17.60156250,82.90292738,-0.45475014,-9.36934203,12.17244600,-10.02452140,-10.82875833,-1.16232237,-2.99941421
17.60546875,82.84025955,7.81147654,-6.79459612,11.76236228,-5.31907398,-12.74674275,5.96621315,3.68453367
17.60937500,7.22105697,14.39663850,-9.61457193,13.48624674,-0.71955051,-5.27617818,9.44736968,5.25907341
17.61328125,6.96907763,9.96940974,-10.16147150,8.90662629,4.55845161,-8.33949594,5.04172557,2.52439824
17.61718750,9.92096672,7.70936901,-11.69046214,6.01778453,5.79471366,-4.55210623,-6.85179751,6.42990568
17.62109375,9.21182139,6.15199173,-12.97877400,1.31242483,6.59085858,2.73461431,-9.50498194,7.96771921
17.62500000,9.92594042,-1.51670337,-11.42930451,2.69161258,12.25392422,1.84292768,-7.85796177,5.43195477
17.62890625,7.14957608,-2.80752385,-8.89963119,-1.46427589,7.48400188,5.56257890,-8.03210160,5.28996024
17.63281250,7.91915577,-2.81989451,-9.90503017,-3.31360790,6.13547248,2.07060891,-3.31098565,-4.56838467
17.63671875,5.86304041,-9.42729825,-12.59865336,-8.79271370,2.99057060,6.81682380,3.56476181,-2.36647503
17.64062500,4.62319704,-4.97807650,-7.59777782,-8.87564205,-6.67524546,5.75959051,14.27128549,-5.29315760
17.64453125,3.14110170,-7.28023212,-10.40447836,-10.09017690,-4.65956150,6.20344557,4.56902590,-7.75523810
17.64843750,3.68729354,-0.28745847,-3.98686397,-8.59900845,-11.37893295,5.37683851,4.30545540,-8.02855001
17.65234375,-3.58350275,4.34958679,-4.54243269,-10.15631902,-9.95952703,10.09959850,-5.81611210,-11.82072905
17.65625000,-4.03191365,8.00935717,-7.31947282,-8.09704513,-9.88959261,13.29174358,-7.65848877,-9.84459510
17.66015625,-3.50030730,11.66689204,-6.80336857,-5.51464226,-8.99919621,9.05095094,-7.20508049,-5.16365633
17.66406250,-5.42402346,8.45095566,3.49722479,-0.74862323,-6.09789922,11.28333864,-4.01260903,-1.16748971
17.66796875,-7.62183223,5.36553004,-2.49590775,3.40020999,2.39636291,7.24898110,3.58721324,3.94040985
17.67187500,-10.17905416,2.58010180,0.92788903,4.30944775,4.40424252,10.85317130,10.17354772,4.67978293
17.67578125,-9.54469590,-4.32104810,5.45013401,6.27694027,4.38795362,8.08723159,12.31765914,5.21333919
17.67968750,-9.01622259,-8.58633715,6.67118954,1.62441360,9.14234815,2.89898067,4.77918344,9.01680989
17.68359375,-3.81385395,-13.86823588,7.24734483,11.43405487,7.31266559,-0.52018214,-4.88879347,12.69564784
17.68750000,-5.33598971,-9.51605534,8.25686413,7.18287468,6.21591538,-2.78790910,-5.19234336,5.62680956
17.69140625,-3.22889692,-9.54470887,9.67722237,9.31458291,3.43851737,-5.41233139,-5.74110402,5.45902589
17.69531250,-4.07600674,-6.28241915,7.16599002,9.81570824,0.46978412,-7.08921205,-8.93675794,3.68472790
17.69921875,3.21211707,-1.01054980,8.06685536,4.55060628,-6.47916504,-6.82084408,-5.16215153,1.00712007
17.70312500,-1.88317090,4.57956872,9.99369232,2.80426553,-6.69222435,-9.90734976,2.31172562,-4.64315980
17.70703125,6.21882832,8.58261820,9.94328794,0.04347679,-9.94391163,-7.15890743,7.01709174,-5.28351752
17.71093750,10.89695666,9.30289872,11.95554264,-1.79566373,-8.31181323,-9.76249200,5.35889211,-9.52723351
17.71484375,5.32662553,10.32734697,3.15827387,0.04298039,-5.25357331,-11.39141616,3.05820398,-8.69886790
17.71875000,6.47465643,7.10965124,2.87014269,-5.67004898,-1.32998311,-7.78630079,-4.45858818,-10.08171227
17.72265625,5.37894196,1.99425622,8.61100701,-5.97157210,-2.60135173,-4.74594382,-8.52530844,-11.79113491
17.72656250,8.09819299,1.79489969,5.25361723,-8.35421784,3.73931730,-6.20189948,-10.06486312,-7.36825159
17.73046875,4.24283210,-3.65188022,4.27638890,-11.51787522,11.17124774,-2.92958847,-7.24655264,-2.30510760
17.73437500,8.01592703,-10.45677180,4.72896751,-8.83907080,10.27514719,-6.58476181,1.05602003,1.99359151
17.73828125,7.18911635,-8.73250532,7.31868808,-8.19418649,8.05534204,-5.77917213,8.04079015,5.52164630
17.74218750,5.57613179,-5.99824573,3.53577274,-4.97858782,3.41480622,0.80761684,9.35068153,5.47123294
17.74609375,-0.70283593,-5.51592475,1.68326889,-2.95835505,0.73315816,-0.79305035,4.20083943,10.60579979
17.75000000,-2.19485406,0.29266506,-0.37805949,1.67075935,-3.26028041,0.70615379,-1.52732029,9.78480614
17.75390625,-7.71258902,3.31701386,1.93926903,4.43540099,-6.41375702,2.68117766,-5.43989988,10.79874883
17.75781250,-9.45152119,6.31205346,0.88640305,4.17235176,-9.44864366,7.77178988,-8.85255282,8.87307649
17.76171875,-7.13491478,8.40270869,-0.26782027,8.68664378,-14.42279609,4.87463691,-8.12986204,8.43535231
17.76562500,-8.72758120,10.00757937,-6.18932112,9.66536263,-9.44623877,6.93771085,0.61693841,1.74935344
17.76953125,-10.11796039,5.68183177,-4.33945521,7.31707898,-10.27101976,11.65369094,5.72098178,1.47140019
17.77343750,-13.84564412,-1.15066829,-7.25009441,9.42798798,-9.79874820,12.34039973,12.26472966,-3.85517436
17.77734375,-10.33344952,-6.12775263,-3.86779228,8.42434033,-3.75389486,9.03807189,10.74039297,-4.28074667
17.78125000,-8.81532985,-6.42908608,-13.08901340,5.94562382,0.10573122,8.68664157,10.75492386,-5.56539708
17.78515625,-6.85480247,-9.83013645,-8.17561086,3.66050747,9.23061102,8.91434415,-0.23617671,-9.68049441
17.78906250,-5.19014110,-13.31048386,-4.42428673,2.08708027,10.96203061,7.82978693,-4.01870934,-9.56987941
17.79296875,0.83760219,-9.45161357,-5.80073030,0.16346554,10.20302585,9.46053567,-9.33787221,-4.19917463
17.79687500,-0.95457233,-6.21470724,-10.88834867,-1.79655257,12.07430142,4.20145685,-6.90653327,-2.27678793
17.80078125,3.51397764,1.29401997,-10.94440241,-5.72362493,4.70202400,3.97709028,1.40110907,0.12320010
17.80468750,5.07289030,7.32968073,-9.75951870,-7.06404069,-3.52676960,4.05280510,11.90850145,3.20597642
17.80859375,5.59714791,11.84364318,-7.92751592,-3.55482213,-0.06860085,-0.46736900,9.92424227,5.82730693
17.81250000,8.87644334,12.11291862,-6.97720355,-7.55207943,-8.22630169,-0.32534743,3.37752422,4.81482811
17.81640625,9.56483148,8.15479598,-4.09044993,-7.96745678,-7.86849220,-3.16210343,2.66795867,8.60129683
17.82031250,7.87940665,3.47002151,-3.90824926,-11.49350596,-7.12811244,-4.94120995,-11.62069509,8.62786730
17.82421875,11.94862829,3.49664181,-1.28075871,-5.31736832,-6.46901315,-7.72199856,-7.54353077,1.95807871
17.82812500,11.84213754,-0.29969759,0.71281946,-3.85650869,-5.95981243,-9.95784343,-13.38623615,6.71081414
17.83203125,6.54142932,-3.72838213,-2.81428704,-1.45666400,-2.06183890,-6.39934869,-3.92491178,-1.00933563
17.83593750,8.52587954,-12.02265123,-0.71155931,0.66272533,0.79992113,-5.93458688,5.29542636,-4.06507098
17.83984375,1.18636115,-9.61583424,0.10732144,8.10374384,8.03270881,-9.91966992,7.66959185,-8.24325631
17.84375000,3.00351083,-10.32990449,5.37853917,5.09297263,8.18928470,-11.61693100,8.10162025,-4.69418812
17.84765625,0.93790047,1.96945903,7.84356147,7.67477983,11.83375427,-8.36727322,4.74695348,-9.41752803
17.85156250,-3.05968395,2.53149588,4.74086383,7.24849357,6.41243312,-8.75913589,-1.15047570,-10.40737042
17.85546875,-5.44309539,2.27760692,3.02348430,8.59523657,2.47498646,-6.63629816,-9.93616050,-2.43899395
17.85937500,-7.55225367,9.62601243,6.29321863,9.14646611,0.81794454,-4.98420187,-10.39892258,-7.21073311
17.86328125,-10.34353227,10.91005270,11.77756870,7.53005903,-2.59955768,-1.47665580,-9.91844617,-2.92942944
17.86718750,-8.71917504,7.40209418,13.61949011,3.61800321,-8.29785421,-1.86559791,3.55624124,3.40533158
17.87109375,-9.38619522,2.70343232,14.49934684,1.55865721,-11.62271459,-0.90100458,11.82698882,4.96612243
17.87500000,-10.93295225,-2.64438838,13.16880612,-1.26412295,-12.12785353,0.86935303,10.64848364,6.37030029
17.87890625,-7.42339076,-3.38735850,7.35133271,-2.48228133,-9.35476426,2.44029167,8.23135932,9.34010343
17.88281250,-7.61684101,-12.23460700,12.67539843,-10.82022914,-6.25031682,7.92196048,6.39359564,10.41493218
17.88671875,-8.08692196,-9.04511284,5.55947431,-7.12916790,-1.99383728,4.98634642,-6.69674891,10.96932282
17.89062500,-9.36587205,-8.98100629,8.62333731,-12.58959196,4.45291947,6.89367576,-13.01825820,10.35560149
17.89453125,0.35857380,-4.56085552,2.45940142,-8.87689183,5.95559393,3.60432304,-8.89647477,6.18254682
17.89843750,-0.31030316,-2.83979130,5.26952894,-7.03127309,9.93243004,8.07541454,-3.86336834,2.28484662
17.90234375,4.98397654,-0.41291223,-0.06336271,-5.81260220,6.80215696,9.93133526,5.10849191,-6.45514632
17.90625000,7.53438964,8.87763595,2.50340129,-7.49674974,11.88130216,6.17569292,5.76176885,-6.85442827
17.91015625,6.43864533,13.66924590,1.05892277,-0.44337394,6.44227210,10.15337267,5.88395536,-10.57237485
17.91406250,4.77587729,8.46774616,-0.02245853,-1.40845629,6.57359977,6.67190635,4.29869309,-13.37452843
17.91796875,9.52996898,6.50046713,-0.57860699,3.54878905,0.82122194,8.53035311,-6.64551238,-9.72713290
17.92187500,8.65526808,8.61756657,-4.89215268,6.09206815,-6.73652315,8.63799334,-9.98335479,-9.01395511
17.92578125,8.65731471,-3.21389371,-2.06235954,3.79714735,-4.65915884,8.11009873,-13.52441348,-8.35030995
17.92968750,8.95431071,-4.60200385,-3.44776181,10.31641287,-13.94348733,7.15774163,-3.05566509,-5.38463997
17.93359375,8.30397294,-8.02954167,-4.42101409,8.54487848,-7.88854142,-0.91647532,1.63902729,0.98978285
17.93750000,3.12507138,-12.66208739,-6.27953824,10.67914535,-6.52445974,0.50805079,5.00768839,3.72228160
17.94140625,1.55407561,-4.45299040,-7.38254092,9.21891866,-4.33898216,3.17583462,11.00955382,9.37067232
17.94531250,3.05769733,-5.35314721,-10.36458259,10.45414522,-0.16332261,-3.64093752,6.76699148,9.84360284
17.94921875,-1.59731109,1.57315181,-8.50936746,0.96765383,9.00674552,-7.37890084,3.93509432,11.57329562
17.95312500,2.40503510,3.04569153,-5.78145200,2.99697525,8.43910001,-7.41898406,-2.48752409,12.77275904
17.95703125,-9.97448573,6.74664611,-9.56485803,0.67147409,6.90653881,-5.33209555,-6.58467502,5.37379822
17.96093750,-7.71181183,6.05808002,-11.65813115,-2.99237642,7.77189781,-7.31535439,-8.27348177,3.46829617
17.96484375,-12.44294097,6.13464716,-10.13772763,-4.81342164,2.75108125,-11.58259871,-7.74360550,6.80417151
17.96875000,-5.33262349,4.65997455,-8.09969896,-10.41882811,6.90006440,-9.67987103,4.14240392,-3.77323298
17.97265625,-13.93695009,3.95217504,-7.13823563,-9.38407166,-3.20958256,-10.11972913,9.45960122,-3.18143746
17.97656250,-8.15615672,-5.13073370,-6.21253110,-8.86123741,-8.15169583,-6.32390701,10.06543691,-6.93681213
17.98046875,-10.70966768,-7.01592314,-4.70578854,-10.83781908,-7.82129234,-9.12348393,6.49395164,-6.14461924
17.98437500,-8.21686902,-6.75358745,-8.23748994,-8.43057876,-10.61621195,-8.09462033,-3.74223448,-10.84316491
17.98828125,-7.34447280,-11.75956303,-3.76028422,-6.80412120,-12.63176577,-9.64775078,-4.57186897,-5.61976665
17.99218750,-1.29510929,-14.06487984,-0.61930273,-2.27035467,-10.83172113,-5.07284034,-8.13165170,-5.14825408
17.99609375,-3.09973971,-6.75253682,-0.01909153,0.49311838,-4.73666134,-6.53670829,-8.50629769,-5.10056099
18.00000000,5.27425802,0.05954032,-1.54400557,-1.13585473,1.90353209,-2.63776738,-0.92780738,1.96459422
18.00390625,1.70162883,5.13727566,-3.71880346,4.90011359,6.95604967,0.00207973,3.85562236,2.40355599
18.00781250,3.10305074,8.22919628,-3.28361992,10.03356167,10.13866941,3.96407386,9.83511183,6.27999113
18.01171875,9.55761893,13.91114450,3.43654426,11.02275175,11.75597818,3.40039496,5.83240358,7.28399360
18.01562500,2.43802052,14.64185497,6.58171351,8.28681677,8.64359390,3.87669750,-2.03409256,5.41641787
18.01953125,7.77028676,11.11430571,2.76862439,9.32298025,9.47848376,9.32366077,-7.08454779,8.91747205
18.02343750,6.56538894,0.90062790,4.35150520,11.23806116,5.43579578,11.45978860,-12.11170133,6.89310930
18.02734375,10.58699536,-1.44808689,9.63352283,10.52398264,1.97712691,9.96716049,-9.76971978,4.05092176
18.03125000,8.07387484,-5.33092340,7.57855089,5.98112729,-6.60668233,13.28018274,-0.56258505,1.64415925
18.03515625,9.03179245,-7.72960387,9.85500071,3.69808469,-6.35743992,10.37704603,-1.00621604,-3.69581995
18.03906250,7.42021063,-9.27973082,11.44508994,1.48340517,-6.02944576,10.66106242,10.64134598,-7.38133323
18.04296875,0.12221898,-6.34792455,5.72322521,-0.66641397,-9.70838050,5.53882465,7.37974056,-5.17152598
18.04687500,3.21270786,-5.96320398,12.20400493,-0.95302679,-8.93287759,6.35138513,7.04176788,-6.22071477
18.05078125,1.15914143,-0.11581178,12.04519967,-11.04414453,-1.48331128,0.87385933,-4.42239259,-9.65361241
18.05468750,-2.74880829,7.13158072,9.91127682,-9.58213232,0.01009652,4.58924900,-3.96615502,-7.24131405
18.05859375,-8.21417428,8.12795434,12.83697080,-9.94151142,1.14898552,4.40348758,-11.73583080,-6.03102194
18.06250000,-3.01270419,5.66985886,8.04327181,-9.96965565,9.02688272,6.15942482,-7.23164333,-2.84449622
18.06640625,-8.83169311,7.79350876,8.18003070,-9.21449332,5.58397884,-0.36651038,-0.83800171,0.97715410
18.07031250,-8.21930146,4.99040620,8.18955905,-7.76232820,6.38516786,-2.89883047,7.73327104,2.14218009
18.07421875,-11.15669656,-1.44307515,3.94134447,-11.45126074,6.05948189,-8.23895969,14.74267461,6.03744299
18.07812500,-9.02573981,-3.01123980,2.32381420,-5.89943537,1.80103841,-7.75648302,7.37575645,8.24566205
18.08203125,-12.75282800,-10.98244865,4.02242289,-4.29047948,0.04216832,-10.32915075,4.48606990,12.80133176
18.08593750,-6.66431428,-10.03433746,-0.90785282,1.06452026,-3.20292408,-8.26589753,-4.91561439,8.85766812
18.08984375,-1.51841409,-7.22267925,3.91748286,5.04456654,-5.54384236,-12.59915276,-6.48516533,12.19593457
18.09375000,0.99575714,-3.83108371,-0.69898194,5.51396728,-9.70343519,-10.70024694,-9.65332531,5.77417904
18.09765625,-1.66760026,-0.10520213,-7.64677963,4.68381118,-9.84000565,-8.36560350,-5.32895888,-2.06973706
18.10156250,4.29818449,2.93371625,-6.75927088,8.31301143,-4.67667269,-10.93555772,-0.89572207,1.90595516
18.10546875,5.21751183,8.65951042,-5.81646382,6.98575337,-4.77020542,-10.07161493,8.72347117,-5.03207969
18.10937500,6.53652148,9.86113018,-9.56941669,8.34703201,1.59721692,-8.02768187,8.47392137,-11.92295463
18.11328125,4.71779105,7.91633905,-15.35259302,7.98099491,5.58456045,-4.09068551,1.82990881,-10.53272013
18.11718750,8.41729556,9.12885247,-10.76891937,6.77479483,10.29001203,-6.29736002,-6.62746019,-12.47723243
18.12109375,7.26027308,7.74161490,-11.92641488,4.90594961,9.86735276,-2.70285987,-10.36727012,-3.80438792
18.12500000,7.56487505,-0.17783864,-12.71151315,2.40655321,5.69087076,2.70260682,-11.92093353,-8.80824405
18.12890625,7.85223450,-4.36277608,-13.07199351,-0.89536830,12.60634395,1.55588027,-7.67439762,-4.76496883
18.13281250,11.14724034,-9.83373224,-14.16354296,-6.49261329,9.01974728,3.25395997,3.95694693,2.71694332
18.13671875,7.57016120,-7.72919105,-11.86843429,-7.25268524,3.38612973,5.38180132,7.90749079,3.90522735
18.14062500,5.23909019,-7.21129872,-7.90662622,-9.49320210,-4.00364206,8.68953536,7.57290757,5.13910483
18.14453125,0.15781743,-2.90354482,-7.37676272,-14.18992561,-9.95798907,5.33329773,7.31571106,8.29333230
18.14843750,-1.55712381,-1.11794335,-5.88639668,-9.46597971,-9.28669834,7.90800468,5.56206337,10.95903183
18.15234375,-2.16646468,1.91887367,-9.26786644,-10.19580496,-8.51812526,11.34076118,-4.85374819,10.30639859
18.15625000,-3.86765796,7.16956844,-3.99804722,-4.48716124,-8.47446586,11.82062539,-11.75779640,9.36616097
18.16015625,-4.68027990,9.07479110,1.13629271,-5.82907215,-8.55026682,9.85171700,-8.90799048,2.74371579
18.16406250,-7.21608102,6.23083035,0.35988316,-3.45934889,-1.83342510,7.83012128,-3.95923247,0.44612492
18.16796875,-8.13646586,5.69715400,6.36240859,0.55367761,0.11541620,5.18380189,6.23391995,-0.35348080
18.17187500,-13.40906433,4.54026854,4.18925478,-0.77702849,8.58609760,6.72745263,12.31794159,-5.85748487
18.17578125,-8.38114878,-0.68358221,4.20218628,7.14546624,8.41997666,1.01899071,9.99578561,-9.86230956
18.17968750,-12.94494233,-7.74808426,10.97414345,8.55659827,11.92104037,5.96917421,8.79938648,-6.37828714
18.18359375,-6.19316534,-9.22771179,7.18951206,9.39983846,6.88783946,4.19272147,-2.66770349,-7.74760332
18.18750000,-7.28183414,-9.43915010,7.31222288,10.34652860,9.31771777,-3.40348980,-5.13282867,-9.31482421
18.19140625,-0.26478570,-4.48911698,8.14184497,7.17835178,7.02506262,-2.30742973,-7.41003908,-2.84860504
18.19531250,3.75378150,-6.09073114,4.86714720,9.01265990,-0.87872276,-6.64820391,-7.78027554,-5.35482724
18.19921875,2.61145369,-1.18241955,9.51336649,5.89553765,-4.79481806,-7.21799313,-0.17236221,-2.88583096
18.20312500,1.94896291,4.35229194,5.86306546,7.27429030,-6.09676445,-8.68132288,3.02939084,1.57585433
18.20703125,4.71652367,13.89674075,5.07024704,2.70811613,-7.88721160,-10.76166414,6.88430960,3.93011583
18.21093750,2.03704195,11.81522486,6.95364140,-0.06235554,-9.24256029,-9.19251221,6.92530223,7.21948561
18.21484375,8.79342211,11.07147809,6.66490394,-1.02234435,-4.61804650,-11.93700929,1.59796930,8.72096436
18.21875000,5.49587381,9.40410671,8.77299387,-4.26229491,-2.63729953,-9.94439817,-4.13621534,6.64490294
18.22265625,10.81435549,2.85594329,9.84990568,-8.58264758,3.06963713,-7.65774928,-11.86276244,7.93945422
18.22656250,5.51935423,-1.62751728,4.23995961,-5.47293311,2.72109521,-7.02312653,-13.55860549,8.37582209
18.23046875,9.64079794,-5.02977472,9.60501690,-8.89212713,13.33198853,-7.07849242,-10.03209376,-1.88900957
18.23437500,9.55212280,-6.94637763,4.59378662,-8.41586223,12.78635455,-7.82932715,3.26410680,-1.41180573
18.23828125,7.09856945,-6.73199571,8.72172351,-11.19471739,8.73939338,1.60280842,9.10162395,-1.79668744
18.24218750,4.38655064,-4.20372178,7.17647167,-4.63253211,9.37502107,1.32630563,8.60740684,-3.65222800
18.24609375,2.40832438,-4.07652587,3.48660895,-6.36452297,-0.31650818,-0.79028450,6.99712054,-12.73254478
18.25000000,-2.90089315,-0.62743799,-0.43138408,1.60848233,-3.49143451,-1.47755758,-0.45142810,-8.79771012
18.25390625,-3.69866529,1.95842815,-0.30119831,-2.04057660,-3.56570858,5.11937295,-7.31765489,-10.31107432
18.25781250,-5.31652640,7.45103743,-3.57466618,2.94666055,-5.54287739,4.73828206,-13.08216608,-8.04082751
18.26171875,-10.83730447,8.10002945,-5.70608289,8.17676767,-10.64926024,6.79904948,-9.40461124,-5.55884976
18.26562500,-9.93791847,6.83455045,-5.93079050,8.43066851,-12.32326706,3.22891172,-7.14079936,1.66724848
18.26953125,-7.39545464,4.20873240,-3.11311323,6.97141128,-9.36282452,8.28788621,5.57015180,9.15709785
18.27343750,-9.82641026,-3.39184799,-3.70299460,9.42861003,-8.99354992,10.04095959,10.29021714,8.86856817
18.27734375,-10.52136283,-3.46112279,-12.31856439,7.61137993,-4.27603006,6.13766055,12.48354587,12.11260310
18.28125000,-9.09347889,-7.76366157,-5.33012870,8.11626562,1.95732681,5.68747640,3.95131680,10.15828038
18.28515625,-5.35035362,-12.41042097,-10.20400924,0.23509377,9.27310791,5.90129017,-3.98785044,12.81872629
18.28906250,-2.61770220,-8.79443561,-10.89628680,0.91710259,4.20366991,8.67882286,-9.75637895,9.21620144
18.29296875,-1.20941703,-7.87573934,-7.07685803,-4.92058643,9.06175115,7.36976363,-4.99058367,5.35403256
18.29687500,0.30360627,-1.17176980,-13.83144844,-3.48251235,10.74416353,2.90237277,-6.66546600,4.24300063
18.30078125,-0.71656812,4.19903694,-7.40424713,-8.61321363,5.05136079,2.66556925,4.73472754,0.25153081
18.30468750,6.86839774,5.79155481,-8.08132692,-12.26228623,5.79399417,2.28879762,7.76206879,-7.65796416
18.30859375,4.14287369,8.63098982,-8.05389577,-5.86696859,-3.07833008,-0.02735256,8.70456104,-6.73258288
18.31250000,6.72162510,8.63407294,-2.11715218,-10.15441884,-8.17391571,-6.26440593,4.51586844,-11.79919224
18.31640625,5.27256156,8.61344554,-5.65663226,-8.68671307,-7.78909275,-0.47713649,0.18262272,-10.01815783
18.32031250,7.09919824,5.31683750,-6.82981238,-5.99117178,-6.21374440,0.85376782,-6.49597935,-11.64052006
18.32421875,7.66858360,-0.12595949,-3.38363780,-9.48532549,-10.32242535,-5.45505913,-11.06263534,-9.51269790
18.32812500,12.85793607,-2.26970047,-3.45101611,-0.13183838,-3.46180655,-7.58899089,-5.63328728,-4.28700049
18.33203125,7.56816607,-4.18687465,1.72588157,-1.68861290,-3.34548654,-6.64283261,-4.17114222,-0.63060399
18.33593750,8.83778130,-8.52409759,3.17730731,2.22911987,3.38141559,-11.45434836,-1.20989289,1.90396329
18.33984375,5.99951491,-4.55823565,5.23882958,5.80746487,4.17892526,-11.30445198,9.72293016,9.06591473
18.34375000,3.94568121,-6.20702204,2.07752529,6.79312907,10.19531430,-9.13754135,8.23603543,7.22107346
18.34765625,-0.04058750,-5.06283269,0.94189501,7.34330396,9.95853781,-9.45876894,3.04088546,4.98532532
18.35156250,-2.16598979,4.33761980,6.37009844,7.47780099,11.71512128,-8.36411521,-4.94059370,10.75243702
18.35546875,-1.55751796,6.46304230,9.92315755,7.28943754,1.74129122,-9.78202367,-6.59013840,9.00909421
18.35937500,-7.49922096,10.37207571,14.35631875,8.02619152,0.26492426,-4.43423909,-7.18274224,3.91510157
18.36328125,-6.31480480,10.45270317,13.17192158,6.07263755,-4.67700503,-7.86420351,-0.14907788,4.09854662
18.36718750,-7.97528899,4.23405377,10.56548015,0.83813590,-4.95567764,-3.01070783,3.31963848,1.20424447
18.37109375,-13.07548254,-1.80547542,11.71255039,3.79409351,-12.11714761,-0.24807555,7.97968278,-1.42140936
18.37500000,-10.45391991,0.93760024,13.05904717,-1.26678838,-7.30915764,-1.06907811,10.54504878,-8.26091659
18.37890625,-10.92134402,-0.54501812,13.40358676,-7.59423448,-11.93479350,7.79907555,8.07970838,-11.08540489
18.38281250,-9.41083774,-10.11108871,12.76867238,-7.40293658,-6.99483540,5.27464039,6.56105521,-6.11734108
18.38671875,-7.39514471,-11.54470110,13.94513726,-8.07598214,0.13077742,7.62341553,-3.29351208,-12.58273714
18.39062500,-2.94174708,-9.64263587,10.95084586,-13.75361859,7.45539569,3.01275408,-9.50582886,-4.50155297
18.39453125,2.64158217,-7.40148424,7.09975994,-8.07974513,8.79458342,5.61563329,-9.70250712,-4.22230075
18.39843750,-2.74203108,-1.70544076,6.74391534,-9.04572933,7.07804228,6.18265252,-2.68171960,-6.33573886
18.40234375,1.83668913,3.52294384,2.23829561,-9.65072200,9.44839902,6.01899404,0.67025685,4.07587925
18.40625000,4.00574568,9.34551605,4.06134410,-3.70170188,10.41424982,6.81617575,9.57380531,0.39118380
18.41015625,7.26519627,9.92968239,0.88441042,-2.17927511,4.38401930,11.74956626,9.77478609,9.15569676
18.41406250,3.55950319,8.53898867,1.26082253,-1.63294282,8.13194125,9.59119318,1.41294311,11.13186815
18.41796875,8.23372349,6.50328960,-4.00046883,1.18104616,0.08845349,7.16428881,-8.27459634,7.19130688
18.42187500,4.32323455,5.35934381,-2.60357805,8.23312423,-6.43974424,7.20454413,-6.78433348,10.59830437
18.42578125,6.32550003,-2.70305883,-2.94586812,7.68149106,-5.39727133,4.05452472,-13.61639954,4.61168490
18.42968750,12.60236926,-7.77256809,-1.56105956,8.80193075,-9.28692050,5.28140543,-3.31312853,5.52892456
18.43359375,7.38609944,-7.75684124,-3.47617101,9.18997724,-6.01574784,4.57389938,-0.33180417,-0.45432467
18.43750000,3.44515155,-5.22974269,-6.09440082,7.46495456,-12.53335189,5.10011251,6.91158554,-8.31654049
18.44140625,6.40464638,-9.02880800,-9.96011532,5.98676871,-4.77442662,-0.21042797,8.54165798,-6.16730631
18.44531250,-0.25098943,-8.04802953,-11.34400126,7.72466017,-0.82996983,-2.66420514,6.01581517,-8.11396676
18.44921875,-3.43775374,-3.49708819,-6.36677583,3.82134295,2.39498123,-7.50970330,1.92694497,-7.48340479
18.45312500,-1.37229797,2.58338319,-11.00032709,5.03688111,5.07145619,-6.38322283,-3.98634829,-10.91489256
18.45703125,-4.83220031,6.14177530,-12.36546320,-2.35037407,9.84781552,-9.22337357,-10.05520740,-5.77191565
18.46093750,-9.17598343,9.72546179,-5.04255286,-1.75325580,9.96589439,-5.72311718,-10.02662819,-4.89157058
18.46484375,-11.00392238,6.23334262,-9.00428218,-4.11429744,5.19650449,-4.10226721,-6.46461974,1.91722305
18.46875000,-12.33402232,5.25129751,-5.46768681,-9.44356830,3.23680235,-10.48447824,3.61959681,3.37195794
18.47265625,-12.92109583,-1.15783142,-7.74387216,-13.35953828,-3.69728288,-11.54560699,7.95863001,5.96232489
18.47656250,-13.42796990,-6.63293983,-1.66806459,-12.11729163,-4.82426582,-6.79055679,12.61536857,12.09961227
18.48046875,-8.07014732,-7.70574486,-7.81556483,-10.42510503,-9.25654478,-12.77754410,5.07276768,11.73974894
18.48437500,-3.41114583,-9.90974366,-10.98610059,-8.14995308,-8.66446612,-10.23525364,1.08907199,14.01004831
18.48828125,-3.56516534,-9.93702053,-4.23628625,-8.86264169,-12.77296688,-7.89145878,-4.83174572,10.51109727
18.49218750,-1.03713485,-10.67159386,-5.27779430,-4.13570563,-6.07868238,-8.44069180,-6.38428451,4.04316876
18.49609375,2.40790150,-4.12938731,-3.54842142,-4.44898089,-2.25413963,-2.59998143,-8.74053832,3.28487358
18.50000000,-0.91013087,1.59439105,-0.78396814,1.71999407,5.31774739,-3.44506015,0.06606091,1.79128374
18.50390625,3.61945767,3.84224463,0.53996316,6.51704828,7.71172515,-2.49459820,4.18974102,-4.34578065
18.50781250,3.33882294,11.55575293,1.34023921,6.82210252,10.76689655,-1.10122321,6.37160325,-12.07007910
18.51171875,5.33552249,9.26501179,5.66770487,8.52066543,11.34714763,4.87470247,7.45721508,-11.72621659
18.51562500,8.53192413,8.38603274,7.18868754,10.19979953,10.76166265,8.37793395,2.48443866,-11.14778194
18.51953125,9.22927524,3.35885078,6.13992552,11.79829538,6.40369132,10.03923504,-5.29757537,-7.41530220
18.52343750,6.36941560,5.10799800,8.44893088,13.22646692,7.15058815,13.67117219,-13.88166320,-9.01675964
18.52734375,10.18718421,-2.03931617,11.30824714,7.87262857,-0.25945580,8.70656861,-7.25481172,-5.67803896
18.53125000,4.99006999,-5.58445910,8.57447529,11.54464958,-2.61300447,11.70644756,-4.62429647,-3.20382585
18.53515625,4.77591220,-9.24284570,7.95360488,4.27669496,-6.86709127,7.20311894,2.51962397,1.67967508
18.53906250,4.37899463,-6.87832406,8.84043100,-0.43461403,-10.82605281,9.63615653,6.98172408,5.93811141
18.54296875,3.38430064,-5.59023418,7.08119934,3.12877697,-9.05044935,4.99524746,6.92311691,8.16976719
18.54687500,0.42358081,-0.17762221,8.62732763,-2.65670893,-9.10428052,9.27137518,3.00401977,10.31323368
18.55078125,-0.15736200,0.78923684,10.66303946,-4.36058795,-5.39297435,5.90156872,-1.51344770,9.46605931
18.55468750,-5.58821624,6.51322704,10.75022361,-9.87691720,-1.48483776,6.85758898,-7.38183335,8.29663228
18.55859375,-11.12429219,11.93653793,9.63131459,-10.95159137,3.59019378,3.76548967,-11.47130289,5.65999641
18.56250000,-7.94724979,7.33893866,11.38989621,-10.21552371,6.45970970,-1.37544027,-7.13257399,9.62781050
18.56640625,-9.75250932,6.32550845,7.77535607,-10.50212757,11.30394219,-3.28992647,0.70714072,-0.23862019
18.57031250,-8.53037505,4.71791781,5.09334572,-4.60802433,7.17794099,-5.05390850,2.74823673,0.60337758
18.57421875,-11.55705511,-1.07174179,8.36414173,-9.76151810,6.86061756,-7.07839681,9.35090334,-6.66067040
18.57812500,-6.78846999,-5.61425926,3.56531838,-9.30403231,5.26908073,-5.99375032,6.38133450,-7.01517667
18.58203125,-7.65979115,-5.23636638,3.26735186,-0.80264669,3.09779315,-10.07905359,1.77283783,-6.80316277
18.58593750,-4.10581095,-13.37653697,-1.86517143,2.07272354,-7.65991801,-11.94572616,-4.80907056,-9.84460579
18.58984375,-5.46498111,-9.62047718,-5.87747496,4.52350112,-5.25802779,-12.51880334,-8.99248168,-3.26473243
18.59375000,0.13239403,-9.07470321,-4.97033341,4.27510555,-8.27402505,-10.35207506,-6.86274539,-6.50901191
18.59765625,1.62091590,-5.82783712,-6.84340822,8.31886750,-7.48523888,-11.64597563,-5.18986556,-5.69013654
18.60156250,-0.70019735,0.48668200,-8.42804931,8.27066891,-6.15786164,-14.77236325,2.30532505,0.77456000
18.60546875,3.28938307,10.42290180,-8.05805172,13.76850351,-3.79888917,-9.08460808,6.33014927,2.76610787
18.60937500,7.74210482,8.52692971,-8.53358240,10.74602418,0.36837556,-8.72930679,8.00347596,3.23178047
18.61328125,3.53184675,6.55738198,-6.91811574,6.85225426,3.98745336,-3.80890446,4.42271558,10.88239472
18.61718750,8.57230103,8.48322653,-8.59658416,8.54354524,8.06956152,-3.41433719,-4.83392746,10.72252614
18.62109375,6.85038442,6.00308471,-11.92497030,1.44681788,10.80170018,-2.33654056,-10.53782966,8.44654972
18.62500000,10.35688325,0.65808180,-6.19552670,-0.61520494,6.67355631,-0.87412662,-8.04029231,2.67747455
18.62890625,14.20359475,-4.15503392,-7.21510340,-1.32475814,9.23411159,3.41566545,-1.70154802,1.23027036
18.63281250,9.44637014,-7.51641522,-11.68542005,-6.10203519,4.64388041,8.84614962,-3.41209356,-0.12693371
18.63671875,3.74677751,-9.01057237,-9.34926647,-6.15347759,-0.38901344,7.87893045,2.96638599,-3.44798481
18.64062500,4.44765481,-7.78760675,-6.37181022,-9.49717150,-2.66602938,11.19427936,9.10171261,-5.56752138
18.64453125,-1.11600986,-4.43692061,-5.08166314,-12.21303690,-6.21273563,10.98909334,9.84823638,-8.10911304
18.64843750,-0.08460321,-0.35758969,1.23673623,-9.27426967,-10.90147489,9.53190714,1.30301324,-6.50314612
18.65234375,-2.19899496,3.35251375,-1.69049525,-11.33776267,-13.64790446,7.46031690,-4.14789325,-5.10333294
18.65625000,-5.40873396,4.52040885,-2.63864898,-12.12438166,-9.26468104,9.97525051,-9.30727003,-3.77435978
18.66015625,-4.54981557,9.31777608,-5.10505675,-6.34591165,-10.19405406,12.39308579,-6.86998946,-4.32755960
18.66406250,-9.30122923,10.29195670,-2.69760207,-2.30803939,-4.11071948,8.43854234,-2.67639045,-1.21610282
18.66796875,-8.57430590,6.93109573,4.24093147,-3.81687684,0.17431532,9.11982800,5.13516453,0.54204454
18.67187500,-13.51648151,4.52479052,6.79359635,-0.05799942,5.67580780,6.93478832,7.39046463,9.11446569
18.67578125,-8.57180319,-3.27595688,6.87490438,6.99163391,7.27117821,7.28642717,11.38022372,6.12651931
18.67968750,-7.64013458,-6.15204578,4.96362444,8.21846137,8.75125295,4.43661006,11.52493499,12.13132388
18.68359375,-4.16812058,-6.62876827,7.28752971,8.63150613,7.73975277,-1.47816134,-1.09606825,10.59679491
18.68750000,-5.08433592,-6.67604905,4.16299071,8.38108144,4.99598480,-4.32847946,-5.72845683,7.29533285
18.69140625,-0.65496932,-8.99943959,9.66947136,9.42041192,5.55252927,-4.36054629,-11.90641906,9.15428690
18.69531250,-2.03792365,-4.20903096,6.49219859,5.29275908,0.70913239,-3.93548955,-4.13787381,3.18817821
18.69921875,0.25466109,1.51404072,1.92590604,6.23162332,-4.13094421,-7.92482842,-4.14393838,3.39070094
18.70312500,3.86858695,6.77076580,9.24699604,4.17244426,-5.50370861,-10.75875521,2.54036267,-0.92153828
18.70703125,3.34511009,8.50943478,4.99325664,3.41041846,-8.23362909,-10.26459891,10.41488518,-3.47501327
18.71093750,3.10112966,8.95496020,6.22352360,-2.67442160,-6.87619729,-11.03375897,7.87678038,-13.61537343
18.71484375,11.48610120,11.83660663,6.94648413,-1.93511647,-4.17856569,-8.99163520,1.20801957,-11.14335932
18.71875000,7.93314872,6.55534301,6.42569171,-0.76353083,0.89383045,-5.04617745,-5.44901556,-11.01077898
18.72265625,11.65670029,2.29840838,6.47479837,-4.53896136,1.76168038,-7.10441444,-10.86601939,-9.49149425
18.72656250,5.29371045,-1.53819753,9.15463333,-8.19301300,0.70843016,-9.10584637,-17.36018582,-9.40131227
18.73046875,9.04500011,-6.40741941,9.63069335,-13.76834662,10.88405396,-8.97709919,-7.78814814,-2.03133326
18.73437500,10.68237970,-9.99196677,7.97101644,-9.86675451,8.03502758,-4.45440478,2.18288007,-0.54812710
18.73828125,8.98432879,-8.78624436,1.17173477,-5.81818241,6.73809563,-6.84053495,11.01765507,5.42409625
18.74218750,5.69213283,-6.32133553,6.43059211,-7.59606703,6.75444057,-1.37408307,11.30484894,5.56979240
18.74609375,-1.33638029,-5.88537382,1.80399079,-3.09570781,4.17044085,-2.21251138,5.89827451,9.59573297
18.75000000,-2.61524372,-0.14434290,-0.76089416,-2.56391728,0.79537460,0.69252043,-0.15909967,11.32343188
18.75390625,-4.73449992,5.03130928,-1.40489203,1.45825295,-6.29933930,4.25542474,-9.43699616,8.33988517
18.75781250,-4.54079937,10.92058050,-3.75176341,7.48792616,-8.84052072,3.76844458,-12.12077639,14.30754668
18.76171875,-6.75110552,7.33544096,0.13770971,5.13659974,-9.55171440,8.57195217,-5.46631345,3.68854292
18.76562500,-6.81901509,7.63199657,0.75033062,5.90747921,-12.08140019,8.05814466,-0.86488254,1.99594525
18.76953125,-12.26613598,5.42668180,-4.19748462,7.41077098,-4.48374203,5.32926525,7.56029704,-0.22393081
18.77343750,-8.76143042,1.62937737,-4.52860985,7.10268858,-2.49042293,10.49360161,10.54801511,-5.17021992
18.77734375,-11.29922293,-5.81287131,-2.27150059,8.60715343,-0.64706360,7.83152948,7.50015536,-5.82783439
18.78125000,-6.42927786,-6.02747580,-7.93009674,7.23357633,5.18578868,12.15456124,6.44443255,-10.88061322
18.78515625,-3.97363930,-11.26892222,-12.21824919,4.18528092,6.31310536,10.79082319,0.42515701,-8.49881895
18.78906250,-4.62861213,-12.19011835,-8.32007045,0.96869668,9.94131722,4.56323164,-4.16135276,-5.06225603
18.79296875,-1.27141610,-5.43646239,-7.40341613,-0.80879266,12.58840399,6.59419382,-4.55103696,-8.70529503
18.79687500,-1.82708854,-4.26821240,-14.04733307,-4.07374067,10.93600501,4.58879405,-4.76115528,0.07436967
18.80078125,3.11578650,2.53662884,-9.91840586,-8.30331403,7.03443350,3.80538794,3.30682885,3.31619964
18.80468750,1.87901938,2.57753410,-9.70040332,-3.83521801,4.64054558,2.98416307,6.01360029,2.30415373
18.80859375,10.52332702,7.22041043,-10.37914585,-9.09134717,-1.22580125,2.64627259,9.83062881,5.08514641
18.81250000,8.43484851,11.29983215,-7.68925105,-6.81616844,-4.37954369,1.58717272,3.81666794,9.39542326
18.81640625,7.22755532,11.34586418,-10.05332550,-2.83650267,-6.08060995,-3.91449092,-2.06385179,10.33987377
18.82031250,7.01109764,5.56733914,-5.00689059,-10.89542125,-3.47711942,-0.94520519,-10.82924423,7.66922979
18.82421875,9.58189302,1.98261209,-4.67649224,-4.55273775,-9.37454948,-3.49410602,-7.09100559,4.36378875
18.82812500,4.91585329,-2.54919372,-0.25043972,-2.02307793,-4.60309617,-7.99830579,-6.36349081,5.39803082
18.83203125,7.18836280,-4.94376936,-3.68205747,1.52671178,-3.24815869,-4.25200376,-4.64468183,2.53273105
18.83593750,7.38069388,-9.91561001,0.03313341,5.19788936,-1.60767530,-11.64617264,5.64275167,-1.42079442
18.83984375,4.74783444,-5.87557973,0.65751958,2.10240209,7.03242865,-7.22740686,10.14755594,-4.05198157
18.84375000,1.36453407,-7.14168616,6.43556469,9.76681531,7.02093774,-8.45376108,8.82519658,-5.22582204
18.84765625,-2.73127134,-4.60797557,7.11144509,11.31638541,8.70408522,-7.70245101,3.83687951,-5.81059946
18.85156250,-3.56333620,2.84312873,11.02924466,8.24677578,6.58918007,-5.20941736,-5.87441875,-7.91161144
18.85546875,-4.11364810,5.98219107,9.73372108,10.83930413,4.64139501,-8.68718039,-7.60194366,-12.13915098
18.85937500,-4.20579455,8.62736545,10.29978648,7.29416594,1.56869880,-5.25877187,-10.37478714,-7.01002274
18.86328125,-9.77029836,7.61577071,10.64030906,2.98629667,-6.92725210,-4.74937390,-5.24114397,-2.14889590
18.86718750,-7.95085906,7.79902147,8.06296240,5.80326990,-4.84040330,-1.67015409,2.47158261,2.10743185
18.87109375,-9.35336994,1.34257552,10.10365920,0.40913868,-10.06531406,-2.99034016,7.55692961,7.42142007
18.87500000,-7.21368657,-2.20919799,15.82497510,-4.17764511,-11.27750930,-2.42510447,11.92747224,10.28599154
18.87890625,-6.37943684,-6.66927403,12.17724949,-6.40570998,-12.47622058,0.42868864,10.73180765,11.11969282
18.88281250,-9.14322505,-5.83189989,8.11965550,-8.95525432,-8.04722632,3.45614993,2.28466873,10.27312936
18.88671875,-3.52254725,-9.28393866,9.44816791,-9.62753303,2.12754116,2.52198106,-3.78260424,9.00848958
18.89062500,-5.73170439,-10.93082369,7.95097369,-8.85922108,2.34912406,4.65035165,-7.11640114,3.78012032
18.89453125,-1.27740118,-4.99189524,4.64662006,-10.37415450,5.51558257,5.36846193,-6.24251503,6.20247793
18.89843750,1.76671371,-1.84133849,8.34833405,-8.65595041,9.26312759,7.03683036,-0.76806247,1.24299699
18.90234375,1.22814879,5.00045305,-0.83390197,-7.69604675,14.32283585,11.80442981,5.53632642,-5.11205023
18.90625000,6.13797278,9.46320141,-0.29348947,-6.47197951,9.65750029,11.99499931,10.73329017,-5.33101179
18.91015625,8.96411043,8.26421849,1.34487242,-0.08017436,5.88847830,9.94319554,7.05988752,-11.81085456
18.91406250,8.80755953,15.52153600,-0.85907884,1.63908104,3.25904453,8.36625491,-0.27860209,-13.25631423
18.91796875,10.77753341,6.15402432,0.26877206,1.81057950,-0.76998655,8.31528902,-2.65547600,-12.63683429
18.92187500,7.13223192,3.95338250,-3.05121880,6.11535976,-4.66738193,6.34979977,-10.35390918,-11.60777519
18.92578125,6.68470406,-3.39655045,-4.04127469,11.03362500,-10.36157794,3.34864568,-8.51190666,-6.63031479
18.92968750,9.82985253,-4.67667808,-5.60245811,10.70068758,-13.08774374,4.75799912,-8.11827457,-6.37170143
18.93359375,7.69894588,-4.32134649,-9.77992141,8.40106643,-11.04903977,4.14224612,-1.21599241,5.13263568
18.93750000,6.04132242,-9.13497441,-2.45682186,10.84788193,-5.08068742,1.69494188,11.21757000,2.60207628
18.94140625,3.23008787,-6.53071690,-6.04301813,4.62632090,-4.03435067,-3.81046838,8.10383472,5.00469021
18.94531250,0.03513116,-4.63595736,-9.83451976,6.47913045,-2.43464841,-2.50963838,9.41104780,10.56107705
18.94921875,-3.76669370,-0.38886101,-10.49452124,4.66079812,1.27708101,-4.24069145,-1.14632029,11.00997153
18.95312500,-2.07693945,6.53536039,-5.38548118,2.14131374,9.72473393,-5.26951906,-3.98862886,9.52886093
18.95703125,-2.86024518,8.19051146,-7.51315201,5.91820926,7.47869366,-7.44534820,-8.01443948,9.22425882
18.96093750,-5.18818722,9.81658053,-7.92614674,-4.14192968,10.62626851,-6.11700344,-8.09815277,9.58193066
18.96484375,-8.81456367,8.16576138,-9.45142334,-7.55037864,8.81484046,-9.61984546,-6.25280314,1.01252324
18.96875000,-11.81670747,3.12377096,-8.38785930,-10.08853522,2.16935123,-10.01321247,5.04511362,-1.78868660
18.97265625,-8.54848754,4.08176616,-8.72081640,-9.83898491,-3.65352834,-11.61889009,10.84438454,-8.92166730
18.97656250,-8.02031344,-4.69246833,-4.99098990,-11.05713642,-5.54541348,-7.62671069,11.34840792,-10.32518863
18.98046875,-7.55599656,-6.38343175,-7.25528119,-10.62268514,-6.68222375,-5.33245663,7.98164282,-8.19641947
18.98437500,-5.15349575,-8.90113434,-5.72784999,-10.99813797,-10.72494193,-7.03008451,-1.34382964,-5.56774177
18.98828125,-1.84950344,-12.32824175,-0.32897075,-6.80652120,-10.97457293,-11.02748086,-5.45885432,-10.22724314
18.99218750,-0.41821639,-7.69139855,-0.94604001,0.70822101,-6.08387339,-5.10655641,-5.53396454,-6.93930274
18.99609375,1.83132403,-8.12127408,-4.42113004,-1.23978026,0.40578317,-1.89089140,-6.13895110,-1.86733473
19.00000000,0.57060626,-1.99606556,-1.21740246,-0.22584847,5.07197327,0.06234648,-0.25921724,-3.34580396
19.00390625,5.58985400,1.01117797,1.15375397,4.83879567,11.39420655,-0.51390885,7.16206748,0.34104274
19.00781250,4.16922916,11.01877343,1.30278342,8.41254734,12.65234206,0.05905094,8.70564990,3.71496682
19.01171875,2.77034220,12.87530406,1.78144717,10.56302327,12.36258906,8.18787773,8.84890201,5.83388188
19.01562500,9.14405684,8.97972001,6.16912998,8.04842389,15.77851664,5.70834694,0.45173366,6.71305807
19.01953125,10.91555518,9.95675882,8.31222323,8.42223181,10.88409059,5.98387865,-4.05897050,9.89116340
19.02343750,5.83629901,3.44470003,6.26009762,10.23918422,6.62860520,9.90624909,-11.95923080,8.38774422
19.02734375,6.44542947,-0.79310425,8.94737737,9.79002434,-1.00168547,13.04387666,-8.99735644,6.99935992
19.03125000,9.70772944,-3.89405167,8.44471748,8.20106845,-3.80365581,13.39679244,-7.84788298,1.38219966
19.03515625,4.72697969,-6.45468673,6.80898921,4.76145899,-7.70736044,10.48138021,1.83792670,2.06023658
19.03906250,6.96721063,-9.60737687,9.45500281,3.89000184,-11.56882547,8.15320132,8.35301686,-1.49436099
19.04296875,3.19130466,-7.20177345,8.70586727,-0.35206470,-8.88217503,6.84344248,7.42059113,-8.76906588
19.04687500,-0.58288588,-3.63503244,6.70027889,-5.70314404,-9.37570155,5.65174793,3.69615936,-10.05384977
19.05078125,-3.07705439,-0.15044426,8.14103561,-3.03932130,-6.21072780,5.36747743,-3.39448752,-8.16249331
19.05468750,-3.51337448,4.25002095,9.21251678,-6.64452217,-3.09592414,3.15941985,-9.24019512,-7.65125819
19.05859375,-2.51779138,8.60562720,7.88453541,-13.05764539,2.67785248,0.44780803,-8.80553413,-6.17645051
19.06250000,-4.87156609,9.84871139,5.63459854,-12.88976165,7.29214673,4.51853442,-10.04217887,-2.83975330
19.06640625,-9.54356423,8.24538842,7.52995780,-8.36998708,9.82783422,-0.43974221,1.85512189,0.89707188
19.07031250,-9.16713577,3.71783373,5.97379572,-4.64962811,7.97766919,-4.58738910,9.19009848,3.66762792
19.07421875,-9.18309318,-0.51346796,7.17894335,-9.93354331,6.09869648,-3.76781374,11.91491240,9.98156087
19.07812500,-8.05577942,-4.63935172,2.34955949,-7.87587901,4.31186221,-6.73624037,12.37323167,10.88687877
19.08203125,-8.15231271,-11.42253563,2.66877278,-3.92071387,1.20765014,-10.69450028,5.08750882,12.65407350
19.08593750,-6.56720784,-11.32933815,-0.81572617,0.41589035,-3.83096751,-6.62888720,-1.39719636,11.00208559
19.08984375,-1.96850376,-12.92481597,-4.14958311,3.51352562,-7.66847397,-11.57924520,-3.10871037,4.14540879
19.09375000,-2.22213760,-5.53173542,-4.70126568,4.36753852,-10.42912158,-11.17894524,-4.20632729,4.02422731
19.09765625,-0.48225973,1.90976112,-8.76753628,8.12528115,-9.90268100,-10.04958346,-5.71704675,2.20506662
19.10156250,4.70863560,0.08307431,-6.92254630,11.64194877,-6.79688329,-13.59989017,0.68120709,-1.23023145
19.10546875,4.11385062,8.78430334,-8.07302656,9.47801311,-6.33764020,-12.15021224,4.56611178,-4.70180901
19.10937500,4.45839808,9.56351244,-8.04932397,10.58715649,-1.71519203,-7.93456909,11.36197628,-10.11399840
19.11328125,7.38849196,10.46818294,-8.97076397,6.71143255,2.48745273,-9.53892058,4.98169266,-12.10733910
19.11718750,6.66945521,10.27262002,-8.66341288,3.53970558,9.05084552,-3.37323082,-4.50352324,-10.27883141
19.12109375,8.73492364,7.99398153,-10.76102235,-0.03310387,11.25160868,-1.47537915,-9.26858595,-8.73820417
19.12500000,11.16774601,-0.45624117,-9.50139258,1.65320013,6.80139295,2.31568559,-10.52749679,-2.96287500
19.12890625,7.18467272,-5.17911679,-11.09440508,-3.08622501,9.69658860,5.43926467,-10.30532596,-2.45628539
19.13281250,9.77687659,-5.86229038,-9.79099335,-8.19471584,7.30736101,4.85759601,1.98062630,2.38554446
19.13671875,8.41564011,-8.50224141,-10.00660379,-6.57812337,4.37980291,6.70279230,7.69518498,3.07004861
19.14062500,5.48474950,-8.23853283,-6.80305550,-9.78867661,-3.48826896,5.93963354,12.06198692,11.22929535
19.14453125,1.47398010,-7.32201738,-5.12099524,-11.61826334,-7.46706519,7.16111623,6.80782983,10.18340176
19.14843750,4.85376033,-2.67420042,-4.44292707,-6.52260951,-9.25336321,11.24250150,5.85835585,8.58273725
19.15234375,-5.67007329,-0.06103652,-5.97635874,-8.36989921,-9.36843793,15.69533668,-3.85415911,10.89020287
19.15625000,-0.85579689,4.93698241,-5.94780252,-11.27295535,-9.04519546,9.18002529,-13.25195583,9.35660154
19.16015625,-3.95896599,7.00033341,-2.25010501,-4.09546718,-7.04357541,9.68560318,-6.09605123,7.97595821
19.16406250,-11.03845433,6.86935767,-1.94694146,-3.46498150,-4.24374413,8.81382460,-3.10737073,-1.98181504
19.16796875,-9.82230749,4.85637082,-0.83117881,-3.38528694,-2.12987831,9.71885192,1.34144691,-3.06863550
19.17187500,-12.83714927,4.67658034,-2.31830219,3.77947704,6.52549413,8.11326168,5.93236005,-5.85137623
19.17578125,-8.37453125,-1.40333182,5.05121529,2.16525366,7.37566382,6.89848916,11.58721148,-3.25657882
19.17968750,-7.21230222,-7.50059283,5.39915811,8.49682341,8.04618650,0.54661898,8.69515530,-7.43437911
19.18359375,-10.06070702,-10.29130694,6.23693837,3.91229617,6.34007456,0.84406053,2.89856027,-8.18852105
19.18750000,-7.84297141,-9.48465372,5.09421266,10.23714581,3.61332353,-0.76291763,-7.06734904,-8.71333495
19.19140625,-4.38749750,-10.69748588,10.67829515,7.68645884,4.06282592,-1.30123268,-9.18034027,-7.98694982
19.19531250,-1.25325832,-6.39887492,6.71879640,4.89159106,-1.06482633,-4.11198844,-5.43376738,-2.26123975
19.19921875,1.58598192,1.60367051,4.88761075,5.72260295,-1.44583851,-9.23050693,-4.59005928,0.65407250
19.20312500,5.97735603,2.68313069,4.36490117,4.69317826,-5.16123508,-9.33084249,3.97969287,0.56699473
19.20703125,3.32562242,11.35169716,6.40776872,2.53241730,-10.68017454,-11.18524472,4.17422590,0.94347611
19.21093750,0.88837809,11.08217006,5.23410299,1.90162231,-6.48388264,-8.37762289,7.09265297,5.96311215
19.21484375,9.53941755,11.59589700,7.00231676,-4.83732560,-7.39377282,-11.74257071,1.76439534,5.77724701
19.21875000,9.63449566,8.14862877,9.35301987,-5.11402467,-1.34414251,-11.95781024,-7.91196570,11.14082260
19.22265625,5.36272884,7.73515892,13.40113529,-10.83164095,4.90324917,-4.95165642,-9.31956348,9.92487822
19.22656250,5.86168038,0.19431747,8.60328772,-7.85205017,7.24871119,-4.47507992,-9.60447675,4.13707772
19.23046875,8.64307730,-1.22737269,8.32883495,-4.26227890,8.33540196,-6.22814476,-6.29326438,1.63144654
19.23437500,6.18597605,-8.11933441,6.49578112,-9.29433393,9.94418926,-2.70330221,1.07672038,-0.53998315
19.23828125,5.01073643,-10.21185470,7.22579831,-8.40717952,4.94683334,-3.97600455,7.92219984,-3.25555213
19.24218750,1.46562175,-11.15058075,1.08188791,-7.23145496,11.84085838,-3.11729858,9.21167323,-6.62194092
19.24609375,-2.11622920,-3.36022661,2.60544839,-1.34271174,7.38913667,1.26845488,6.53194413,-9.85698531
19.25000000,2.26230609,-1.14769512,0.35967537,-1.97694255,-3.40078436,1.94380199,-0.82361177,-9.19029712
19.25390625,-2.74347115,3.96461014,-1.37492964,-1.25463134,-6.74217223,-0.25065673,-4.54392260,-10.57077129
19.25781250,-5.80339706,5.31169245,-4.35493560,3.25826111,-6.75133094,3.09217840,-14.44964169,-4.08003533
19.26171875,-5.52081329,4.48766199,-4.56292175,8.43914515,-7.31527676,7.50956011,-8.41106394,-3.04990906
19.26562500,-10.32848834,7.86897215,-8.08125001,8.24397599,-7.14413298,8.95616674,-0.16296615,1.84833187
19.26953125,-10.34944782,4.57512779,-7.83122863,8.13923399,-8.39545444,9.45085170,5.55334590,4.74146582
19.27343750,-9.65955279,0.56805430,-4.83341968,9.02586320,-6.14318424,9.94796571,12.15235029,10.78638359
19.27734375,-7.56493553,-1.19739557,-4.14029873,6.93529367,-0.25780161,12.57510672,11.27273984,9.63361352
19.28125000,-9.41712880,-7.94820625,-6.72699881,3.51819676,3.33551170,10.84726670,5.90459252,9.69742724
19.28515625,-7.56858565,-8.30974593,-9.65811888,1.09348416,7.33501335,9.13847632,-1.25797705,8.83651568
19.28906250,-3.69415253,-11.21142009,-10.11150978,1.27413732,11.01728614,9.49800447,-7.98332060,12.74998640
19.29296875,-3.28456422,-8.44531888,-9.90895934,-0.13871655,12.51602158,3.08672520,-9.83886799,3.79302918
19.29687500,-4.88940974,-5.48078905,-9.80227894,-4.52641497,7.67789441,4.82991160,-7.38623675,3.45045064
19.30078125,1.99099384,0.42578669,-12.06764952,-6.85142621,6.34888257,4.44274453,1.62430942,0.52119113
19.30468750,8.91447920,7.00624133,-8.50419336,-6.73158153,0.50588375,0.96145481,8.36110194,-5.35244446
19.30859375,2.46456412,7.21702500,-12.71117631,-5.42521836,-1.24986870,-0.49881530,12.83260964,-14.48193262
19.31250000,8.76470651,12.77020420,-5.02552542,-6.51231883,-3.84788722,-4.29507472,2.69528148,-9.79124809
19.31640625,10.66660772,8.09621891,-9.03535920,-7.22397655,-5.16528052,2.35233983,3.61210409,-10.20186059
19.32031250,7.86452246,9.24814805,-4.14096514,-7.44642671,-8.56253748,-6.06124686,-7.13581988,-8.84585693
19.32421875,9.88072714,3.79144772,-2.99192493,-2.28647404,-8.74645086,-2.90627349,-13.67386042,-6.84416755
19.32812500,9.62178569,-5.14424664,-2.76986480,-4.14847988,-5.41885911,-5.53836540,-7.38252780,-5.49743786
19.33203125,4.19660019,-5.63389698,-0.68655786,-2.90348169,-1.49206805,-5.98768706,0.42385876,-0.57511454
19.33593750,9.77611869,-9.19932573,2.59781663,1.33894958,5.40732514,-9.37066488,6.30422904,-0.89177011
19.33984375,5.99849121,-7.25111180,1.74984048,4.32071394,6.21267275,-7.71286556,8.60379107,8.84484092
19.34375000,4.52801780,-10.96644297,4.77652200,9.81559905,7.42037334,-13.06614841,7.13189073,7.25609644
19.34765625,-2.01977984,-3.84689984,4.07574188,9.44503031,9.54766504,-8.18221951,2.17318797,7.54030912
19.35156250,0.64249048,2.27558025,8.20121723,11.20811686,7.53056273,-9.86982276,-3.64069757,8.68264237
19.35546875,-7.31235392,6.48569170,6.43338758,9.71647430,7.74414212,-5.09620715,-7.50902240,11.90767908
19.35937500,-3.84262543,9.35495155,7.08640389,11.46704418,-1.09669212,-5.00925808,-10.86997781,4.54842425
19.36328125,-11.42440387,9.18008503,7.64224697,8.57939674,-3.60128240,-5.14369172,-7.21177386,3.41981363
19.36718750,-10.30755302,4.39491425,13.45976231,2.73801137,-5.15333471,-5.37133602,1.56689390,2.50287994
19.37109375,-10.60536726,1.81898093,10.96063143,1.51539976,-8.73943473,-3.65643161,5.73339294,-5.18685512
19.37500000,-10.81850875,0.06790715,13.98314091,-1.68182273,-8.63605665,-0.83075121,10.27523171,-4.28017494
19.37890625,-6.07289960,-4.97101350,10.08073721,-1.86480183,-8.69249342,2.26900321,10.16282878,-5.93429971
19.38281250,-8.16746602,-7.62951170,8.90634845,-4.52084544,-8.37054234,2.06281302,-0.49871236,-10.71004867
19.38671875,-6.89214361,-13.75586533,10.64916429,-7.48117693,2.60237635,3.46010002,-6.43827674,-11.52512523
19.39062500,-3.58612798,-9.91516818,8.05353508,-8.06912058,-0.27890410,6.45833592,-5.78308445,-6.70568987
19.39453125,-6.74075768,-7.49393341,5.12567166,-11.67583780,6.82696060,8.42524399,-9.50868193,-5.82482069
19.39843750,7.56049794,-5.32381491,4.82497860,-11.63239533,9.76668945,8.44999341,-2.01681165,-4.35350023
19.40234375,3.28627349,4.77130309,3.47561279,-10.18812792,12.61113174,6.26644943,5.85862591,-0.28537671
19.40625000,2.91697246,9.05018135,0.02690276,-6.49859217,6.52167227,5.37251472,6.52290448,2.33041414
19.41015625,4.80818736,9.93162133,-1.13467078,-5.09650614,12.37411264,8.86185402,9.11929675,3.77518512
19.41406250,5.17211840,8.23523794,2.31274286,2.53899868,1.90444787,6.29849812,4.48363371,12.66311841
19.41796875,11.69594235,9.71570413,-2.48464107,0.52057014,-0.34167793,6.60491147,-3.91480324,12.07439168
19.42187500,9.90715530,1.20724362,0.70130402,3.47548301,-3.93867325,8.97791186,-12.23171959,9.71857655
19.42578125,9.92049147,3.27787903,-2.82569598,4.86944935,-7.97037613,4.58056374,-9.25394488,5.33155340
19.42968750,8.21567087,-1.59096684,-6.99760883,10.45781662,-12.09729182,6.77334905,-6.49499460,2.77117566
19.43359375,8.63059324,-11.67057981,-1.88130622,11.52212822,-8.02653446,6.50832670,0.67251779,-2.27879266
19.43750000,4.04319710,-8.58632294,-7.09719641,11.61533986,-6.16699524,-1.33667464,5.18128053,-4.96658760
19.44140625,6.92848922,-8.64221727,-11.19804606,10.44394202,-6.01399521,-0.33392364,10.19799213,-10.06546065
19.44531250,2.29614010,-7.58069711,-6.29744189,6.34823447,-0.48221928,-4.31218611,7.91580885,-8.76947517
19.44921875,-0.82216765,-2.99745805,-5.02386619,4.44791712,1.47261751,-7.08671894,-0.19773941,-10.59803545
19.45312500,-0.51337240,-0.87206761,-7.97551089,4.18077720,4.66880462,-6.22241253,-3.77719249,-6.92700446
19.45703125,-2.81759764,7.87147293,-12.30520521,0.55020905,7.70988697,-10.21059960,-5.50964747,-7.83478007
19.46093750,-4.04446435,6.38667156,-9.52702948,-0.35102583,5.80304991,-6.11995369,-5.61592152,-5.15279708
19.46484375,-6.69984219,9.98660652,-9.54263092,-11.19145091,6.41426376,-4.64653953,-0.96987968,1.52164173
19.46875000,-8.75632276,6.95586590,-7.38025877,-6.93594179,-0.45635040,-7.70412721,2.18048448,0.37005310
19.47265625,-10.63805744,1.31768861,-4.36643018,-12.79889381,0.59556423,-8.95677634,7.39911313,10.76748956
19.47656250,-12.70144393,0.45853725,-6.17117362,-7.06512925,-9.20836767,-8.38414362,6.31692847,10.72240540
19.48046875,-8.66014806,-6.62822866,-4.08446897,-11.80071160,-5.69542849,-9.05987604,6.91921056,10.04831167
19.48437500,-7.00845542,-11.24880808,-0.72464462,-10.92116622,-8.34634258,-8.65608647,1.90026828,12.38812539
19.48828125,-1.57359569,-12.77708696,-7.92369320,-6.99879478,-9.89302010,-9.17542187,-3.71286120,13.73017180
19.49218750,-3.40808752,-7.14786260,-5.36150355,-3.89598997,-10.25126099,-4.78125179,-12.39247530,4.07814714
19.49609375,6.01661669,-4.14966818,-0.13506309,-5.96945135,0.49355318,-2.32667073,-4.28250714,2.27784743
19.50000000,3.87985241,0.94244292,-3.71945557,1.11283143,4.14651221,-3.69127214,1.78147552,-5.20882365
19.50390625,6.32315643,6.14673308,-3.18448413,3.27897174,3.82058411,0.59749207,5.03401486,-5.58658365
19.50781250,4.55539410,9.45853687,2.37316713,6.39966743,7.61010390,2.32390929,9.59241158,-6.79574763
19.51171875,7.58823547,9.73309799,-0.83150542,9.37219120,11.25663416,4.73462197,4.60866453,-9.95766724
19.51562500,8.86852843,7.43893221,3.26859624,13.87521374,7.99390424,8.05212907,0.29607149,-10.08862921
19.51953125,8.61410527,8.52168546,6.34309842,13.83303361,9.71854685,8.35566475,-5.17148556,-11.40673493
19.52343750,8.45089786,8.39049987,9.20291352,10.81393121,0.71621657,9.66045764,-13.23870105,-11.11288708
19.52734375,7.92107640,-0.87387596,8.87537823,4.64593014,0.49007871,12.62182688,-12.23757563,-6.72514416
19.53125000,8.46405309,-8.23957686,9.63491588,8.53211050,-6.60916675,11.46052920,-2.00345691,-3.65564961
19.53515625,4.33268624,-9.91164666,10.49282184,6.51395836,-4.85225331,9.30590909,4.65643791,-0.77076321
19.53906250,5.20392640,-7.22204338,7.59745848,2.79853911,-9.39342993,10.83966345,8.23651523,9.08511230
19.54296875,1.81185130,-6.26456986,10.59449638,-2.40680996,-8.97841081,12.29905757,10.31060145,7.93570871
19.54687500,2.48295392,-4.66103779,7.37615189,-7.77432245,-13.36844528,7.82102195,2.69728541,7.90163193
19.55078125,-2.45710333,1.48654343,6.48367082,-7.13350192,-10.28112432,5.46665973,-4.16206840,9.36118711
19.55468750,-2.66873556,5.33763924,8.90531412,-9.21729940,-3.91013211,2.84736557,-6.84235187,4.36037696
19.55859375,-8.50985901,8.14959466,4.01088395,-10.00906558,-0.68076025,1.67624003,-11.68619106,6.74772532
19.56250000,-10.36071360,10.89011940,10.32457397,-11.91832859,7.52200989,1.65693316,-3.93191639,1.40215006
19.56640625,-9.48676854,8.94161073,10.03480765,-11.88858009,6.87082572,-1.18221484,3.04033411,-2.86967937
19.57031250,-9.52461651,4.04309119,8.52383302,-9.97834066,7.67729294,-7.12244557,5.66955877,1.51931229
19.57421875,-11.36355895,-1.08249089,6.67719407,-8.66402481,5.43775583,-4.74122832,13.26968892,-5.49563360
19.57812500,-10.19592443,-6.25655917,5.91433578,-7.02113834,3.20372423,-4.38668690,9.36774741,-7.51857679
19.58203125,-10.62417790,-7.07801538,0.61284211,-0.66623632,0.98728289,-7.96878998,3.36840162,-12.35665255
19.58593750,-6.24421241,-12.03638119,3.82685115,1.01013486,-4.59871134,-3.36582284,-3.95759404,-9.92864048
19.58984375,-2.17382478,-8.05848165,-4.29496917,4.48626271,-3.42226205,-8.98197705,-12.09400384,-4.64009351
19.59375000,-0.10333368,-7.42492000,-5.01203128,6.96433016,-11.95897429,-10.66385254,-7.43323955,-3.07721872
19.59765625,0.18881693,3.15312361,-3.66074266,8.76126960,-8.30044765,-12.17661039,-8.59545657,-4.84542428
19.60156250,0.64325757,6.52615632,-5.97351669,7.71512233,-5.00525175,-9.05193406,4.82662624,-3.42793669
19.60546875,6.48709051,6.49473581,-9.43112886,13.76705666,-3.66022218,-9.25962323,6.22122329,4.27468296
19.60937500,3.86541035,9.60045666,-10.88916566,12.08224219,0.38259150,-7.88669475,8.87796716,5.05496053
19.61328125,8.60295874,10.09272169,-11.04020902,12.40317225,4.94210358,-4.20853253,1.39109211,6.72460136
19.61718750,8.13712694,12.41511085,-6.56621613,5.79346672,6.71878760,-5.38970506,-4.23483073,14.04634085
19.62109375,8.98445231,5.43657103,-12.29281113,3.80000006,9.14499822,0.99230891,-11.38577985,6.44461773
19.62500000,10.83319668,3.36316436,-12.63804259,2.45867353,9.84752978,2.16488213,-11.31531710,8.79380662
19.62890625,6.54916350,-0.20078077,-8.14272343,-3.20623344,8.32008577,2.28231863,-11.04768851,5.13519622
19.63281250,8.22868173,-5.22357255,-10.38383765,-5.93698770,3.65432087,5.71089394,-3.11660810,4.64434836
19.63671875,7.41166172,-10.97042984,-8.97369020,-9.10664925,1.04005752,6.18424553,6.25387711,-2.22696488
19.64062500,6.06525247,-13.57221906,-7.47715588,-10.04732536,-5.25498869,7.16874955,8.15851876,-8.74220030
19.64453125,6.01313582,-5.70573902,-5.45429274,-12.06793535,-9.08590964,4.26460403,7.54030359,-12.33120703
19.64843750,3.69904311,-6.16314755,-7.85068549,-11.44476618,-8.28780513,10.33183307,4.79579304,-9.46330610
19.65234375,-0.08805444,0.96893340,-5.98888536,-8.41635703,-11.83250374,10.43394142,-4.44625103,-8.83155155
19.65625000,-2.59656012,5.82665625,-4.15729292,-7.63792394,-10.30063547,11.20925244,-8.50872471,-9.42573715
19.66015625,-5.16880101,8.46900641,-0.63324476,-8.63749593,-11.05444992,10.05093880,-9.13970962,-4.63968999
19.66406250,-4.78164476,7.63976152,1.09967379,-0.86120497,-3.67686081,10.95199525,-0.72701232,-1.01249102
19.66796875,-10.11469782,4.54474212,0.25913338,1.45869572,1.64382058,9.00872853,2.46539971,2.12830014
19.67187500,-8.39888481,4.36645867,5.24149538,3.23003764,5.62168219,8.47442984,14.32293887,9.07673271
19.67578125,-10.02569860,-2.86825336,5.52635550,3.08989541,9.45144935,5.92978404,15.87358743,7.30763096
19.67968750,-7.42493169,-7.40683344,5.57437739,11.06122135,7.73893053,2.41235040,9.03940565,14.22620667
19.68359375,-2.97200536,-9.33645660,6.45985922,9.10583098,9.35123179,1.21876821,2.53981491,7.88529180
19.68750000,-8.83384034,-10.41136148,4.20043224,3.99165347,11.09093087,-0.75304577,-3.89337237,7.30786669
19.69140625,-1.62844813,-9.70166388,3.33220760,7.55109098,5.18577461,-5.80530017,-8.47454410,5.62380475
19.69531250,-3.55313340,-5.33180155,12.49082283,6.51952852,-4.40449589,-6.94385441,-5.01992180,0.30591500
19.69921875,0.23011690,-0.62706751,9.86340096,6.08638505,-2.15962511,-5.79595549,-2.48392945,-0.36470109
19.70312500,4.04020152,7.97950349,10.31460304,6.81594467,-6.76913952,-8.78510217,7.49064185,-5.54743426
19.70703125,9.11556159,12.23414687,8.50972059,1.44541353,-10.91136963,-12.21938600,10.93554128,-8.90834311
19.71093750,7.10958059,11.17971750,6.22812373,-2.34577387,-8.62314755,-10.77074219,6.05071544,-12.71131726
19.71484375,6.43870610,8.68770440,5.01804462,-1.95627339,-4.85731820,-8.01577780,1.34524064,-8.19478419
19.71875000,7.93464739,7.75136012,7.73954897,-3.05036927,-1.49945821,-10.06894696,-5.45034078,-11.74184487
19.72265625,6.13849730,3.79483128,6.76346115,-9.86939234,2.47804890,-9.05148031,-9.85744748,-5.56180935
19.72656250,11.51546524,1.04752088,8.92197958,-8.54401131,5.27894883,-5.40661000,-13.77108581,-10.65409998
19.73046875,10.28609260,-6.17280040,6.26253548,-7.09791085,8.76119166,-8.39551728,-6.19859668,-1.95174798
19.73437500,8.88961601,-4.52950688,2.93154639,-7.04433162,13.06823008,-12.13843138,0.42852774,3.53702489
19.73828125,5.70056712,-10.63616295,8.92904016,-7.28969607,9.51616461,-6.26018435,6.76671350,3.90726290
19.74218750,5.61154307,-8.58301771,1.73007051,-8.01594325,5.22627273,-2.49515970,9.67460420,7.03430679
19.74609375,-0.81276414,-4.48411821,1.08431069,-2.83342817,5.40850259,-1.09765098,6.31229443,7.43639090
19.75000000,-1.25952811,1.47689116,1.71293630,-3.14299168,0.03707826,-2.51814445,0.48049768,9.81559040
19.75390625,-1.34454722,3.22680824,0.98121807,1.35471136,-4.69106292,1.57769717,-5.82761413,5.39438261
19.75781250,-7.56569401,8.39213156,0.58206292,5.42265488,-10.40203546,4.53670934,-6.92309240,7.88958802
19.76171875,-5.68131697,6.57752125,-0.61978264,4.43765036,-10.06429753,10.17079797,-6.12780417,4.67018458
19.76562500,-11.87222932,8.64592805,-1.26043878,9.11767521,-7.78631188,4.51691752,-1.06696070,1.87001624
19.76953125,-12.78231312,3.93319757,-5.28510510,6.31377481,-11.32525172,9.74111895,4.85412709,-3.28207742
19.77343750,-8.34957727,-0.15443075,-3.31106467,8.97665529,-5.53464626,9.38101021,11.50972405,-2.53021860
19.77734375,-9.49822736,-5.19771768,-7.17100333,7.56974570,-1.91909016,4.74092744,9.49900063,-6.64425686
19.78125000,-8.24326915,-6.88710154,-8.85877512,5.52201036,0.25682797,8.54538065,6.35458342,-7.77542069
19.78515625,-6.97375558,-12.53064761,-8.95038153,3.42469713,7.01932343,7.95811776,-0.51063440,-6.80031248
19.78906250,-5.34822809,-11.89004856,-12.97952282,3.05307045,4.32577915,2.80517439,-8.86125201,-12.00898357
19.79296875,-0.45636509,-10.44635624,-12.07287383,-3.89983170,13.74573182,2.52607874,-9.92597778,-7.54025801
19.79687500,-2.28604702,-4.25671659,-11.42252216,-7.33095263,9.42431755,6.83199899,-4.21130149,-4.55000683
19.80078125,4.73178069,2.80518671,-11.03149264,-7.98164917,7.14907782,4.20601005,0.76118832,2.67890352
19.80468750,4.33480580,6.04371405,-11.69229461,-8.66935289,2.74846047,2.01144599,6.39215615,2.53022173
19.80859375,10.34910704,10.46676298,-10.63479330,-7.19216945,0.88149780,0.52637588,8.33166954,4.54773512
19.81250000,9.29523898,9.99419073,-9.18600864,-7.29050955,-4.90722461,-2.65331436,2.71246470,8.98960713
19.81640625,6.51225181,9.12859874,-7.67997449,-7.89343986,-10.78000759,-0.58097427,-0.50900060,4.64466396
19.82031250,6.98604471,7.11143937,-3.94640816,-5.63577186,-8.06444102,-7.58992551,-8.40297767,6.33256288
19.82421875,5.55438869,0.92867050,-4.51340654,-4.50524604,-1.60443824,-7.06175604,-13.81220032,3.98783643
19.82812500,5.14127860,1.74317925,-4.14693725,-2.47685654,-3.42905641,-7.59914334,-9.16681917,4.74455767
19.83203125,9.06166889,-7.21941168,1.20643857,-0.26187812,0.06446997,-9.39106764,-3.37829047,-0.87230117
19.83593750,7.09559014,-8.13025537,4.50181505,1.19202613,0.71096202,-5.11186635,-1.70854643,-2.03768152
19.83984375,6.45757610,-8.89830608,1.93371276,3.97911697,5.03573841,-9.48384249,8.54710918,-3.55372366
19.84375000,-0.61424072,-5.98326786,7.02391822,4.77530608,13.28883695,-10.42974497,6.94361635,-8.40268735
19.84765625,1.48169718,-5.24896468,7.19748094,7.64752348,10.50051128,-11.36855307,7.94516557,-8.95642736
19.85156250,0.16412624,0.40620631,7.83162132,7.73035304,7.70238070,-6.59169143,-3.62426458,-9.45330057
19.85546875,-4.90324713,5.86807851,8.59022002,8.56756609,5.15267713,-6.92022939,-9.33588499,-9.13670996
19.85937500,-4.27928573,8.53635888,13.95564881,8.32576556,3.09981600,-6.42885342,-6.13177294,-8.57132233
19.86328125,-8.81101883,8.86398166,10.41147912,9.74322836,-0.85346215,-2.30735332,-7.15095269,-3.69717402
19.86718750,-10.96432509,9.56678910,9.51551320,1.90254055,-5.26575237,-3.20526072,-0.09241850,0.15682944
19.87109375,-9.58833569,4.53560960,13.68217807,0.99160328,-10.54805420,-2.31782076,8.76391746,6.36370935
19.87500000,-11.22209850,2.00820756,10.15698640,-1.78969717,-10.98907207,-0.87954071,8.81657819,8.89488307
19.87890625,-7.11334827,-5.90550778,13.47791325,-6.74084255,-9.48335521,6.88766210,8.26086675,8.61260678
19.88281250,-3.99012374,-12.76733247,7.97576378,-9.19056962,-8.06567226,0.95993828,6.57245713,11.31085810
19.88671875,-0.87244387,-7.66056570,7.52734919,-7.27556727,-3.84670630,4.43309586,-5.50534642,14.64007851
19.89062500,-2.60734238,-3.74750551,7.61684215,-10.34598676,2.67888209,2.58706657,-8.94804331,8.20841137
19.89453125,-4.71682677,-3.82446237,7.60708887,-6.67345960,5.82035080,6.54225444,-5.55017976,1.98879879
19.89843750,5.06099923,-3.51201818,3.03700293,-6.84123442,8.22871235,6.10380862,-5.47577407,3.32043175
19.90234375,6.05842326,1.91578807,5.90183503,-9.82212367,8.04050805,8.83687732,4.79243576,-1.90788240
19.90625000,7.92243344,5.88512006,2.16120344,-6.13708954,9.60036002,9.22301595,12.31305611,-6.24277569
19.91015625,6.17385732,7.65164919,-2.16348886,-4.52966470,8.78365315,7.07245783,3.75925268,-9.14150321
19.91406250,14.34281198,10.95791419,0.17016167,2.60003212,5.39905339,8.04815520,3.70594245,-11.35120551
19.91796875,9.45465851,8.70596912,-2.09353408,6.41495649,-1.50638673,8.89310622,-5.89541377,-14.40543967
19.92187500,3.88969406,3.49736959,0.07785810,6.42565355,-0.57727018,5.71061827,-11.17658067,-6.36292089
19.92578125,8.98506683,-1.27356572,-3.55872159,5.80328243,-9.44084651,7.29645500,-11.66075686,-3.49210071
19.92968750,5.77407178,-3.61181955,-1.97915901,11.26854215,-6.15085864,11.13384162,-5.50987368,-0.81829305
19.93359375,8.85174887,-7.56469468,-3.71988382,8.38516938,-9.74511015,5.33406239,-3.21855154,-2.21886580
19.93750000,9.58755542,-11.51683093,-5.50278566,8.73259533,-7.66819392,6.09437768,11.39191215,5.75358816
19.94140625,5.73707291,-10.88867718,-7.27484622,3.90504164,-5.82626893,0.81972161,6.59987035,7.16188176
19.94531250,0.41481605,-5.80962643,-5.57289776,9.76574145,0.75738038,3.61935860,11.30942464,7.41659582
19.94921875,1.31103502,-1.59645644,-10.33271403,10.03314846,4.47295421,-4.89948686,1.30716063,13.71266186
19.95312500,-5.07253269,3.51522279,-11.11532149,6.69733595,12.70461152,-7.54935523,-3.65372246,10.16508812
19.95703125,-4.41472127,3.78904413,-12.86569511,-5.63836502,6.01622959,-7.58883892,-7.52826849,9.32701630
19.96093750,-5.06279306,8.38055442,-8.93776658,0.12880115,10.73660781,-7.61321707,-5.48878795,6.08669871
19.96484375,-7.06919890,7.50879523,-9.50242320,-3.99888015,10.15711585,-9.52985362,-1.72941186,3.04780108
19.96875000,-9.48903649,5.17254440,-8.82135319,-8.13164491,0.97338106,-10.18908349,8.10053256,-0.77269435
19.97265625,-10.00440046,0.10081145,-7.51853539,-11.18394044,-2.50770847,-13.89962119,12.52140350,-4.93422522
19.97656250,-7.49145906,-3.46208491,-1.19673350,-5.48101756,-5.79154732,-9.78090151,10.61315909,-6.29569729
19.98046875,-10.10066768,-10.63232061,0.14067481,-13.13831414,-9.08883157,-8.07921011,1.87565904,-6.84989601
19.98437500,-7.75666983,-15.42363854,-3.65983397,-9.09050174,-11.44091626,-5.05720916,-3.82337470,-6.31606241
19.98828125,-8.83663683,-14.60309706,-4.74850084,-8.04867477,-11.80391366,-1.08959206,-6.02372540,-10.10169408
19.99218750,-2.18214041,-8.52773812,-4.46984482,-4.99305856,-3.88040811,-7.55188362,-10.14113852,-2.67215976
19.99609375,-1.01342673,-5.86376449,-5.70312848,-0.53381360,-4.89164382,-6.09157135,-3.70755596,-4.66168583
20.00000000,1.49639955,-1.66534371,-0.98516414,3.08251714,4.04716326,-1.62079067,0.46454617,2.53863894
20.00390625,1.88046090,3.12744043,-5.35656048,3.95370258,7.44620175,5.56830551,6.10427405,2.22296513
20.00781250,3.78151953,6.71353156,2.30568613,12.16284998,10.03391251,5.27490525,10.52377816,3.85105015
20.01171875,7.74326014,11.56372678,0.67515474,8.32387742,12.48598332,4.14206933,3.23850276,6.85015904
20.01562500,4.75708977,8.69346526,1.79963751,10.30710562,12.34821220,8.70603228,-0.03440838,5.68219949
20.01953125,6.87642067,5.26502462,6.68426447,8.59011765,10.26056066,8.48193562,-5.01194061,6.75128901
20.02343750,9.16258757,3.71653501,7.00005677,14.12196542,6.54879237,10.07686067,-11.39795003,9.00850369
20.02734375,6.20748874,-2.14022361,3.87592616,13.78496109,-1.92983291,13.58084403,-6.53939612,1.70941857
20.03125000,6.99347608,-9.13925543,9.56171235,8.94412453,-3.81484453,10.98205039,-3.92846384,2.82442486
20.03515625,10.85550261,-6.68661952,12.35328027,5.98901563,-6.82182747,12.39394393,4.43471764,-0.72249028
20.03906250,8.76365577,-6.86550571,14.34379034,2.95820021,-9.93720290,10.42451535,9.53946952,-4.96022769
20.04296875,2.91551465,-4.95095479,6.61706055,-1.23207713,-8.70788379,9.56702936,5.99010314,-13.08927568
20.04687500,-0.74210651,-7.74535367,11.95159031,-3.59993556,-8.55683908,8.81119967,4.57780271,-10.01413894
20.05078125,-2.08451964,-2.22768350,6.07359361,-6.92506449,-4.60008307,4.00547918,-3.36469793,-11.93976413
20.05468750,-2.44661239,7.52537603,10.86496624,-5.91301813,2.49391336,7.23721905,-7.40119844,-7.42569771
20.05859375,-5.81738572,6.10373062,5.23579018,-7.59197904,3.67610682,1.62883745,-9.45969386,-7.09860024
20.06250000,-7.53525786,8.68727772,6.95082713,-8.20550688,1.02756525,4.07685545,-10.56584924,-4.70245517
20.06640625,-11.00747768,9.63315710,8.81733761,-8.61830085,10.71306775,-1.67762492,-2.05184751,2.15435244
20.07031250,-16.13636802,2.03848122,7.72381919,-7.51045175,9.75752453,-4.97909212,4.25747176,6.16055143
20.07421875,-9.16110426,-0.38712850,3.64101508,-6.09506983,5.45431385,-4.76110861,8.65620371,9.08952871
20.07812500,-10.98899288,-1.57846445,4.36383842,-3.78834010,3.14595983,-5.02481856,8.91536210,10.78602510
20.08203125,-7.48617973,-8.47824563,0.92559720,-2.74019973,0.84212023,-11.12545309,4.32483099,14.38065827
20.08593750,-11.72009362,-11.00977024,-2.05153911,0.16044444,-5.09627415,-11.35004328,-2.60377073,12.68770823
20.08984375,-3.01746983,-12.81303415,-3.48689485,3.04746372,-7.60096792,-9.51177795,-9.15348651,9.17065180
20.09375000,-3.98731834,-9.59417079,-6.45585664,6.99187613,-8.33359301,-10.71879673,-5.86702820,3.73965694
20.09765625,-1.09837866,-1.92008276,-2.81296302,6.20335619,-10.37136349,-8.44761592,-1.31807883,3.18152788
20.10156250,4.10810803,5.05954115,-7.91074803,10.91036806,-6.19504472,-9.80178968,2.04787275,-1.42288972
20.10546875,7.89814133,4.86525150,-9.92756657,10.92893067,-6.22900385,-6.62422763,4.72427868,-3.24830145
20.10937500,5.54140463,6.70528367,-11.58592060,10.03852982,2.14126569,-9.13182177,9.78520105,-7.84429876
20.11328125,8.53260102,12.87811092,-9.81996629,9.26511606,6.24832803,-3.25631149,-1.25751746,-11.79572592
20.11718750,8.51035603,4.52193557,-15.48782716,9.49562772,7.20251299,-5.89121943,-1.75369868,-10.93750074
20.12109375,6.30837829,7.04712351,-9.86783973,4.78841405,10.44820895,-5.33263163,-8.87420123,-7.08982038
20.12500000,6.05190768,0.78102366,-6.85438056,1.67633047,10.57824509,1.04803530,-12.38736488,-8.08633187
20.12890625,12.31770086,-4.46614889,-15.56991338,-3.91778996,7.29449769,2.45407965,-4.41569880,-3.63927545
20.13281250,7.21315032,-8.31547585,-9.34585199,-10.20328025,3.89962657,8.12059257,2.19503090,0.27486800
20.13671875,5.90335661,-4.64297056,-9.53850562,-9.61768896,1.14693311,9.26479184,2.78732400,0.17391612
20.14062500,5.95186174,-11.41103320,-6.86831128,-11.14331770,-4.87879352,9.64698528,5.62576706,9.79153189
20.14453125,2.47102726,-4.88061935,-7.49509695,-14.95237239,-2.45504131,10.95387028,8.97477344,7.07845005
20.14843750,1.75453429,-1.66990244,-7.70778836,-9.97783920,-5.67736055,10.16887626,3.58197251,15.54497756
20.15234375,-2.36693380,1.19190359,-8.49171799,-6.49463813,-8.60657991,9.85692180,-6.00255478,9.48306263
20.15625000,-4.80690249,9.28839271,-0.70092169,-7.41994385,-7.73690542,11.25883039,-12.91095170,9.99784679
20.16015625,-7.51467914,10.27163524,-0.61966148,-7.76484315,-7.36651858,10.61439390,-9.32220598,7.09285463
20.16406250,-5.95629825,8.67485598,0.23712052,1.91126913,-5.70613440,7.12549470,-5.13073637,3.54957441
20.16796875,-5.71658683,6.19561866,3.85688286,3.48530004,1.17573961,7.78026425,5.22132900,-1.68281022
20.17187500,-14.80534674,4.57628837,2.88334178,2.85292748,6.24444229,6.39729483,7.66106738,-2.61626503
20.17578125,-8.52450935,-0.29532080,4.72298092,6.64636326,3.69067702,6.98676766,12.85476817,-2.53347080
20.17968750,-9.29420778,-9.07389006,3.64893263,6.59358972,7.86573430,3.48899576,13.09840770,-4.38984655
20.18359375,-6.57831752,-8.01055098,5.91178585,6.05268348,11.60115197,-0.27175495,5.10260572,-9.79454648
20.18750000,-3.84810975,-9.64272317,8.40303064,7.06644123,5.56130316,-1.36631829,-4.59074326,-3.56693593
20.19140625,-4.21854753,-9.45862555,2.83671371,4.47100067,3.10817916,-3.18870455,-12.33631727,-5.10010118
20.19531250,0.94392194,-2.23134247,6.12808153,10.01922512,3.76292185,-8.40680384,-7.44776888,-4.33021253
20.19921875,2.96566102,-1.18243949,9.92086808,6.47325586,0.82438620,-4.71221322,-4.01337964,-1.33544867
20.20312500,1.74070175,5.46905953,6.10269379,1.21036655,-6.50668196,-10.41776108,4.71763682,-0.77041122
20.20703125,3.69259176,11.69668258,5.77451031,3.10391290,-5.21288800,-11.56794549,9.05282166,-0.85074092
20.21093750,5.47562293,9.80536005,6.85161721,-2.64741021,-7.60412531,-6.71990744,4.70643293,6.65592378
20.21484375,2.66057775,10.36295552,5.93135148,-3.33714115,-4.46632106,-7.21910164,0.56335038,5.01117685
20.21875000,4.77973714,6.36152986,7.04615764,-6.34603744,-2.29991313,-12.92687422,-6.57702349,8.95195446
20.22265625,9.69148444,1.98850185,2.60110693,-5.26076995,-0.28371711,-5.87652287,-15.89321016,5.19871819
20.22656250,7.41799749,-1.27883773,9.55667048,-8.80954770,5.47434918,-9.65295760,-12.87018123,7.02836273
20.23046875,5.47262223,-3.60878489,6.87159969,-7.69886944,5.83093918,-8.00818354,-5.54364225,3.08932290
20.23437500,4.33229147,-7.62094396,1.41237885,-10.73741764,9.95275828,-4.60361724,-1.10467641,-1.80671117
20.23828125,5.83125345,-10.30983182,3.65478416,-9.42267201,8.80620590,-2.75517380,9.66526623,-5.73469161
20.24218750,2.94222799,-10.13310245,-0.91666040,-10.12896352,7.44800250,-0.24763888,10.32744988,-7.48551594
20.24609375,5.43091145,-4.34274440,0.50012977,-4.46805379,3.90802857,-0.43183876,6.14033315,-8.14357301
20.25000000,-3.58951986,-0.65371899,0.43498197,-0.71393726,1.83024879,-1.64083003,2.78519208,-9.17826870
20.25390625,-3.46069714,3.75522042,-1.97861421,6.66740132,-2.94906738,5.02095131,-4.73521618,-5.09372597
20.25781250,-10.38255338,9.19387449,-1.16544707,7.80335321,-8.42578017,4.97135429,-10.94975884,-5.96775143
20.26171875,-8.61832712,8.13624107,-4.53811115,7.74821872,-9.56107835,3.57807722,-9.71183458,-1.92180139
20.26562500,-8.66277479,7.27943514,-4.86368304,7.60542370,-6.38647271,6.96973174,-2.20847338,-0.83683742
20.26953125,-12.99383692,5.13027163,-4.49061476,6.62033586,-8.63060011,5.84683988,3.00257275,4.51407258
20.27343750,-9.66146640,1.44684799,-4.17788243,6.20970520,-6.96663965,12.29608136,12.12628396,5.19166085
20.27734375,-7.57100184,-3.59452000,-9.29258163,6.67449222,-4.44931540,15.05676656,11.36971787,8.41742589
20.28125000,-7.89878846,-8.03445451,-8.66607552,3.01444384,2.01159565,4.64975074,5.85683154,14.49112523
20.28515625,-3.62281545,-13.68621256,-8.67539369,-0.03138624,6.50900877,7.05946555,-3.55435859,12.06552855
20.28906250,-4.86511210,-11.80567792,-9.03936479,-1.53672882,10.89201087,6.88470551,-4.37631999,7.48810774
20.29296875,-0.95388947,-7.38651830,-10.47356902,-0.98808326,8.47195520,3.88192146,-7.26633916,4.20187222
20.29687500,0.09748167,-5.29252912,-12.81067563,-2.70664432,10.02226693,3.79213609,-5.87356203,6.06719999
20.30078125,0.80880420,1.47202590,-10.37905152,-6.26490105,9.75071691,5.55885009,3.25980943,-0.79436251
20.30468750,1.36214968,2.98594350,-9.40685190,-8.19512044,0.15466749,4.11825920,9.70139814,-7.06368098
20.30859375,7.69875964,5.34322089,-10.37843734,-8.20493246,0.12851593,3.37589205,7.24289021,-7.91353508
20.31250000,7.14526601,9.43687057,-9.36495608,-8.43177634,-1.81740878,-1.12565453,7.48568779,-8.24128237
20.31640625,10.15955857,5.48159227,-9.21766515,-7.48904517,-12.24489348,1.90593144,0.08322761,-11.29030060
20.32031250,8.78872593,6.40669341,-4.10344489,-4.33171286,-6.25093851,0.38180948,-9.34461046,-10.56853579
20.32421875,9.98663022,-0.29769070,-5.72495242,-7.65933185,-6.38532195,-5.66732412,-13.47370462,-6.76164025
20.32812500,8.62548554,-2.94600750,-4.35013350,-0.96778836,-3.80196137,-6.89841827,-12.20869026,-2.13528734
20.33203125,5.03913105,-9.16151709,-1.25106671,0.02773450,-1.86516418,-6.41646300,-4.16949684,0.40106175
20.33593750,8.93695064,-8.51589513,5.09226272,1.48210931,3.43141401,-9.37960114,2.07232176,3.06719569
20.33984375,5.72903448,-7.23020434,0.45141010,4.71579385,9.05475963,-7.25991137,12.70144477,3.74008268
20.34375000,2.18035245,-6.09047936,4.97440528,8.56479655,5.47614951,-7.42105238,10.91631173,7.91481847
20.34765625,1.22718104,-1.75768906,5.27260894,6.19302197,10.85358298,-12.88072866,7.18902481,11.16655936
20.35156250,-2.68727719,1.51540431,6.48093662,9.48834490,11.63197504,-7.61311472,-1.51336436,9.65730889
20.35546875,-6.67694779,9.56444611,9.38386490,10.17088671,4.73331302,-5.91268676,-9.23498268,10.80621626
20.35937500,-8.31201906,13.13853512,10.10391745,9.41267972,0.78247949,-9.28106317,-8.90268984,6.28198425
20.36328125,-6.54485232,12.58713299,9.51065776,6.01396816,-4.86771246,-2.40574933,-4.45014455,2.39417587
20.36718750,-11.15517040,4.10192191,13.79645910,0.35740994,-5.48881380,-6.39241439,-1.82794981,1.25203458
20.37109375,-9.18725650,5.14587836,13.12261640,4.12257348,-12.03509009,-1.47143042,6.49618229,0.07964533
20.37500000,-10.48808781,-0.65200806,11.19123358,-0.84600763,-11.97612161,4.24020002,11.27264462,-2.54934438
20.37890625,-7.68961027,-7.12116703,11.90803071,-3.66505835,-10.85964518,3.43460991,6.56387002,-9.76259792
20.38281250,-8.45482279,-8.54407734,12.19923542,-4.34996196,-6.73796155,0.94496493,-2.29161541,-10.14609820
20.38671875,-3.62995397,-11.05385959,9.63276125,-9.55889567,-2.66496092,4.58225193,-2.72660394,-6.07724722
20.39062500,-1.92154491,-12.84672306,8.61657200,-6.82710838,0.87622450,4.10251041,-11.34090219,-12.90679683
20.39453125,-0.60925517,-6.76949455,3.85652874,-13.08830876,6.07091096,6.73843726,-7.30394990,-4.49300729
20.39843750,-0.99033799,0.45863939,6.97877124,-11.63877224,10.42927530,4.32915425,-2.16143470,-3.26189166
20.40234375,5.89440653,4.89691758,2.74116888,-9.18333452,8.42039162,7.60393182,5.61812262,4.49728821
20.40625000,5.19362722,5.88582321,0.66276315,-6.60777040,8.61295999,9.37772531,8.60354444,0.73618710
20.41015625,2.27096695,9.61146575,0.20512174,-0.77612565,10.66118635,10.56771226,7.06224586,5.38035816
20.41406250,6.70276994,10.11965487,-2.36138804,-0.83881022,3.70141884,10.16127771,-1.12567016,3.79680586
20.41796875,7.79269016,8.13955215,-3.84990742,1.70467111,-1.84586464,11.44940786,-2.04179611,10.60293350
20.42187500,5.18242931,5.48835150,-3.61759614,5.89441605,-4.71259161,6.92954983,-11.16414922,6.73819651
20.42578125,9.93713408,1.70544277,-0.11501049,6.21375305,-5.96806472,8.74303028,-10.27768179,3.71380893
20.42968750,6.02243948,-6.01670882,-4.76005758,12.93104681,-10.14206699,5.12455253,-4.90835835,1.36555581
20.43359375,6.05157897,-6.23511228,-3.97218620,11.25934153,-11.13999959,4.83700357,0.80522279,-0.62360039
20.43750000,8.00956208,-11.14806111,-8.24177565,7.59893863,-7.33817159,3.91231798,3.03029535,0.70646697
20.44140625,6.08583864,-6.29418058,-8.98582511,6.61741237,-5.18424139,-0.92569558,13.80776867,-6.42221907
20.44531250,-0.45518458,-6.04534332,-10.35794238,7.72182649,3.21977167,-4.99977257,7.86525973,-9.25201966
20.44921875,3.22316779,-0.23564828,-5.67942046,2.37243501,0.95000443,-4.20509553,2.39535091,-6.37261131
20.45312500,-6.81585395,3.47427688,-10.15198007,1.32893596,6.24619874,-5.57265951,-4.47994052,-9.06244370
20.45703125,-9.21225256,6.47127706,-12.96587003,-0.20365199,8.90121015,-5.93860043,-8.75310554,-9.78307533
20.46093750,-6.46671531,5.73123224,-8.93624050,-3.84674016,8.40730670,-7.51716597,-10.51235010,-3.45237838
20.46484375,-7.71938612,8.61347406,-7.58835859,-5.15955271,8.86112234,-7.77719677,-4.72355746,1.75503098
20.46875000,-6.45081286,5.71818884,-6.48792952,-10.75929196,5.84622108,-9.10415123,2.45298454,6.28965984
20.47265625,-10.81808468,-2.84983812,-2.80239014,-17.55596985,-2.24587437,-13.73341621,12.17339117,7.74538628
20.47656250,-9.52154851,-4.63386327,-6.05812940,-13.87585497,-6.93098786,-8.15668811,14.75229657,11.02578448
20.48046875,-8.41423222,-9.55061672,-4.26709123,-11.86850027,-7.75437192,-5.49836242,8.33396096,11.77170387
20.48437500,-8.91200825,-10.42612175,-3.04316471,-10.68575228,-10.05567942,-10.03102624,-3.31433781,11.71652954
20.48828125,-5.38159184,-13.05136287,-5.38191268,-12.10394516,-16.34970209,-6.89549462,-7.27970246,11.88766676
20.49218750,-4.36953788,-7.68303182,-4.83721506,-2.98997349,-8.17160251,-7.85669652,-9.08237649,7.41107358
20.49609375,1.11271038,-5.69582193,-2.56023847,-2.39578871,-2.93719589,-3.97121301,-7.74883515,0.50269120
20.50000000,1.44380043,0.55350840,-1.33285139,-1.46983326,2.54454447,1.05859464,2.10505074,-2.53122676
20.50390625,2.23895983,4.00487418,-3.07660304,4.99966669,5.15845103,2.14471902,11.69575663,-5.63125654
20.50781250,8.16255654,8.10276681,-1.65095327,7.92371179,11.18072648,2.68475852,8.62468497,-7.74829959
20.51171875,8.71973499,9.22686116,3.46132809,11.05897525,11.58328852,4.36719241,3.55011880,-12.45334795
20.51562500,5.80524971,8.66226988,6.78382367,12.31007972,8.55763568,9.47584688,0.91604258,-11.16311061
20.51953125,8.02662081,10.22411281,3.57076600,11.26336774,9.25669595,5.80779810,-8.17200418,-8.65968476
20.52343750,6.67229773,2.62562924,8.65935748,13.66340049,2.78817894,10.34840511,-9.39245112,-4.42499173
20.52734375,6.12318775,-2.45001747,9.32044643,11.32688230,1.58839933,13.16165119,-13.01714609,-1.43498965
20.53125000,8.04476403,-3.85141192,13.17059947,4.78768128,-3.75127010,12.15192763,-6.06369685,-4.46277034
20.53515625,6.45571967,-10.18144275,8.67093838,4.62133148,-7.06451014,10.66950429,1.31166369,0.25157687
20.53906250,1.66610553,-3.92942105,11.95435778,3.32603579,-7.80881231,10.26326662,9.50623818,2.89476110
20.54296875,3.96375904,-8.21637106,13.30185390,-3.39451224,-7.81056587,7.18252527,7.52551474,3.97586577
20.54687500,5.07397407,-1.52213785,10.92291781,-4.89432715,-9.79375764,6.71762795,5.95720279,11.91949054
20.55078125,1.41079514,0.40432922,9.14258472,-6.71886027,-5.24841778,7.14912479,-5.92366569,12.98589371
20.55468750,-6.14381388,3.68380800,13.32820963,-13.05080094,-4.58275395,1.94523498,-7.60394210,8.11514892
20.55859375,-2.06010224,8.26028776,12.90261695,-9.72864087,2.03754697,3.01336550,-13.19723591,9.57842832
20.56250000,-8.08816646,8.44704057,7.28097233,-10.61037840,4.57383171,0.68821226,-5.46705380,5.86742944
20.56640625,-11.50551053,3.76654440,10.15445901,-9.39686693,5.11930218,-2.12503156,-3.52824780,4.22528051
20.57031250,-8.01877504,4.28270110,6.37881398,-12.09543496,5.25005503,-1.72691248,6.27929235,-2.78848529
20.57421875,-7.62066935,2.17174019,4.54504636,-11.21602418,8.08989827,-4.86845294,10.71956418,-2.54746006
20.57812500,-11.96929814,-6.64740557,5.03979146,-4.46523631,4.93588420,-5.48103788,10.02641292,-5.03207547
20.58203125,-8.38698571,-6.27162535,0.83334229,-3.27905920,-0.05415835,-9.22765311,9.78891325,-6.45836050
20.58593750,-2.65631451,-9.77734151,4.28913365,-0.18822399,-1.87562350,-8.42074207,-1.19758835,-9.47760364
20.58984375,0.04494447,-9.58764737,-3.82443739,6.99867268,-1.29471775,-10.39560716,-7.71361892,-7.41128391
20.59375000,-0.45389706,-7.78103698,-5.79412044,2.13126743,-11.50932836,-11.29948968,-6.11111266,-6.82113400
20.59765625,0.09865943,-3.93003557,-3.46861432,8.97575631,-11.08105601,-15.49963711,-6.83265560,-1.78726818
20.60156250,2.91304476,1.38905698,-7.33458982,9.70439264,-7.74805433,-10.50026278,4.81075754,-2.09539318
20.60546875,4.57232411,8.08560451,-9.66461155,13.50739048,-2.72408763,-9.73993798,10.69565979,1.60503770
20.60937500,3.27133584,10.15622065,-8.30127483,10.74780533,2.19835587,-4.59195850,6.29661538,3.98402460
20.61328125,8.61005539,10.91797688,-10.61454264,7.46711955,4.95903216,-8.48974741,7.89880032,7.13032531
20.61718750,8.58501998,5.52058522,-10.78365411,8.04823694,5.81645620,-4.44203372,-6.37058031,9.76188052
20.62109375,7.94647015,8.08999198,-10.97941354,3.38881731,5.77624586,-1.40119515,-7.70450914,7.15841349
20.62500000,8.14761847,2.94092262,-12.58738269,1.32816446,11.11963522,0.70802350,-11.64363612,1.28238926
20.62890625,11.26898396,-4.52608620,-11.82073055,-3.06962953,10.96711326,4.15338179,-9.42979406,6.15569962
20.63281250,3.87169352,-7.57556733,-4.66115097,-7.04591754,2.50608770,4.91456240,-4.77207721,2.49061989
20.63671875,5.75040110,-10.96674495,-8.70880942,-8.56143105,-1.46648746,8.56405038,4.10020005,-1.37192150
20.64062500,1.10082469,-9.88930574,-9.97079215,-5.20305624,-3.74331026,7.33549787,6.11251851,-6.17297116
20.64453125,2.60343435,-4.08816972,-5.32345599,-11.39872946,-6.11659354,8.04706571,6.80877636,-10.87004059
20.64843750,1.71987424,-3.61638827,-1.71068060,-9.63270682,-7.15722522,10.73518373,3.41651662,-7.10746329
20.65234375,0.15216383,3.72064559,-2.36172559,-10.44924112,-9.23058841,14.74720906,-4.61190756,-3.28312038
20.65625000,0.05321696,9.07653536,-5.21909988,-3.03711050,-11.38689477,9.08770393,-8.36270507,-8.13619981
20.66015625,-7.28855435,10.31581435,-4.11945526,-4.26360658,-5.39630760,11.40079924,-10.31766397,-4.64716689
20.66406250,-6.49207574,8.52448599,-3.56576252,-4.39329886,-2.02520573,10.34967028,-4.10540055,-4.27936457
20.66796875,-7.03461986,2.27199173,0.03039833,0.90071826,-0.06877574,7.24966679,3.37328870,1.81358485
20.67187500,-11.70145155,1.35245010,4.05093836,0.51993777,4.14049379,6.90977481,10.71183762,6.99330728
20.67578125,-10.33521518,-0.67505034,3.64420285,4.50296445,5.27803652,10.04900747,7.96103136,7.87293619
20.67968750,-11.24981700,-5.72018396,5.92168336,6.94923241,12.46127070,1.91278482,4.01135890,14.50756866
20.68359375,-7.91872346,-8.68093515,5.86488755,9.69704810,5.82427461,0.06472493,-1.37649132,10.35464293
20.68750000,-4.91035183,-9.91378340,9.40399422,11.47446107,7.57561182,-0.28697756,-2.24169640,5.97059605
20.69140625,-5.20714798,-4.78416257,4.48036208,9.71307266,1.85781574,-4.57330201,-10.39346346,7.36341077
20.69531250,-3.18720977,-3.64859280,4.76110598,5.16549137,5.46190108,-2.63649079,-8.06365100,5.14765689
20.69921875,0.60303192,0.30134648,8.57916449,8.26019559,-5.66970601,-11.74487276,-1.88496529,-0.60345422
20.70312500,-1.66679122,3.82067012,9.09876327,4.45312447,-8.63773607,-8.88890096,8.59751194,-7.29928554
20.70703125,3.51457312,10.84252721,10.59430590,4.51557076,-8.81125338,-12.89219027,5.31567558,-7.39951804
20.71093750,6.48959376,9.23294727,6.44027912,-1.51945613,-9.34038670,-10.12750058,6.68386618,-11.63607799
20.71484375,6.66652802,8.33060307,8.46489698,-3.86213005,-5.40191683,-8.55066218,3.37461136,-14.76325707
20.71875000,10.79283200,7.29464365,5.34072899,-5.49760952,-8.20079290,-6.85741234,-8.28617405,-9.72038566
20.72265625,11.57812273,6.78631882,5.37170194,-7.01396840,0.26300378,-7.58827305,-12.22242523,-10.44829725
20.72656250,6.51273576,-1.20554159,7.02916374,-8.16486772,4.88744674,-8.63861984,-7.75600044,-5.15213388
20.73046875,9.26109006,-5.58573076,2.05522407,-9.16923653,8.66481142,-3.34809246,-4.51286529,-0.89361525
20.73437500,4.32525839,-7.17071262,9.37293877,-7.38290903,9.46508505,-2.48117174,-1.01290210,3.29149711
20.73828125,10.15227304,-8.16109787,2.47253453,-4.14304352,5.78233184,-4.62917034,5.69299528,7.07935203
20.74218750,1.56361877,-4.36836786,4.88865495,-8.58505709,7.18868206,-2.89292134,6.30605744,6.99608110
20.74609375,5.69126954,-2.65692420,4.09954176,-8.14096097,4.88536762,1.18548022,5.57181213,9.59122719
20.75000000,-0.03431218,-4.21331016,-0.16542029,3.82141955,-0.49305054,-0.22933251,-0.39457356,12.25628049
20.75390625,-6.02938262,3.69438766,1.46658339,3.27251686,-5.54468766,1.87864897,-6.99307600,7.25897492
20.75781250,-9.15895996,5.12858633,-2.93058373,4.93895819,-9.26976843,2.88437960,-11.73509695,9.25729078
20.76171875,-4.20862412,5.97782721,-1.97385367,3.91961740,-11.77141271,9.16617669,-5.05588295,8.63216593
20.76562500,-7.50168669,8.78279461,-5.30766240,4.24186604,-10.05284833,9.37339164,0.02954611,1.83721938
20.76953125,-6.35531399,3.59754230,-4.91630269,8.35322157,-11.41554847,13.70232974,5.01185237,-3.22390763
20.77343750,-15.45872046,-0.90231371,-6.20213263,4.58388378,-1.33166691,7.18102996,11.94040507,-1.78798359
20.77734375,-9.70785555,-5.71285296,-3.57408731,5.76610906,-6.55437301,7.55007261,7.69632873,-5.79907196
20.78125000,-9.96196457,-10.10807654,-7.80975573,0.45182571,4.15085210,8.31712582,6.45897568,-6.78080327
20.78515625,-7.54004981,-9.83915504,-8.28304255,3.92962349,7.94852811,7.25618557,-3.97533838,-11.33203558
20.78906250,-5.56002363,-12.68225496,-8.15452753,3.41304885,11.05739000,4.88369184,-8.39396058,-3.17339400
20.79296875,-0.37906403,-8.25490746,-10.35331806,0.14384659,10.37016920,8.22878578,-9.00380534,-7.47234664
20.79687500,-2.41361037,-3.71895461,-8.06290810,-3.85434857,9.26956810,4.08707903,-5.57871799,-1.59535983
20.80078125,3.16252868,-3.38060639,-11.31298184,-10.55167852,7.96218019,2.05170948,-1.08748373,-1.16297257
20.80468750,3.94801888,3.71895229,-12.52687076,-5.31700711,5.18073077,-0.44794395,6.36452600,0.65359963
20.80859375,6.81240672,10.41015512,-10.95655693,-11.14198405,-1.60395471,-0.62611626,5.42455349,5.68164092
20.81250000,5.05759166,9.66463383,-7.78646192,-8.72391252,-4.00249109,-0.29917908,4.07083429,10.77388775
20.81640625,7.75310737,11.08482523,-6.94634999,-7.15523046,-3.15759286,0.55197338,0.36348258,7.02308120
20.82031250,10.34079540,6.08622241,-5.35717451,-7.04497347,-8.15588433,-6.03414649,-4.84679327,7.10382379
20.82421875,10.00743511,4.41133555,-3.97263212,-2.04020618,-6.27850206,-5.54688641,-14.69595935,6.24593765
20.82812500,12.24001329,-2.79857561,-3.00009062,-1.17785123,0.29669326,-7.91979942,-12.14700352,3.03768774
20.83203125,3.22664969,-3.04692802,-3.21736834,0.72425906,0.37713923,-10.54598662,-5.70421594,0.58368824
20.83593750,6.49998055,-4.89478922,-1.03376924,5.43781944,3.35928722,-9.76340203,5.48952937,0.35148580
20.83984375,6.24230725,-6.75150228,-3.61067095,10.38333611,7.43045640,-6.87503032,11.46918772,-5.80551419
20.84375000,4.42533970,-6.79506211,1.87262395,7.52379271,11.54203965,-10.39195085,8.06583621,-3.78455550
20.84765625,0.80274948,0.97208082,5.67347430,7.97764393,6.80631555,-9.75569248,6.92927852,-10.40391820
20.85156250,0.27166292,2.79545998,7.91825922,12.62500343,8.09041253,-10.67874594,-1.69266552,-9.10759296
20.85546875,-2.20711799,3.56125397,9.67454885,12.48834765,5.77221199,-4.58499471,-11.44369874,-11.54895642
20.85937500,-7.78084374,7.14099051,8.48201664,9.43529810,2.44059472,-9.29786366,-9.50702401,-6.29958983
20.86328125,-8.91401902,12.54403909,9.40719967,7.56240346,-1.54518219,-1.36907815,-4.32822985,-3.11405493
20.86718750,-9.05106680,10.20618157,8.19697166,4.03981932,-5.22519515,-5.76292787,1.52106124,-0.62543009
20.87109375,-7.86259686,2.27434242,6.61761196,2.72640162,-7.50628903,-2.41254612,8.26702753,6.38412930
20.87500000,-11.33460408,-3.11134507,10.29353601,-1.12244607,-10.07967780,3.63669548,10.07448007,8.07879788
20.87890625,-10.43958519,-4.18665696,13.32020549,-3.36831288,-15.42080851,-1.91719426,7.98999255,10.84315044
20.88281250,-7.17746294,-10.24617833,9.97368253,-8.05998229,-4.39108023,3.12719643,2.69557395,11.94750699
20.88671875,-8.39614757,-11.79305947,11.27598107,-10.37381980,-6.00353069,6.94375217,-5.15264933,9.15114647
20.89062500,-4.99016717,-9.58560865,7.71706447,-8.31792540,3.74752547,8.52434196,-9.39480257,9.24214089
20.89453125,0.42332974,-10.72282646,3.97269050,-12.87865314,7.33114908,6.80536452,-9.03877081,0.47927624
20.89843750,2.36113606,-4.79762514,7.42122977,-11.20101367,9.93963102,12.77461319,-1.42236332,4.84778205
20.90234375,1.71544278,8.37603225,2.35588605,-3.79970760,11.45413403,6.08364692,5.35858776,-7.36396508
20.90625000,2.31111404,6.99697595,2.75523572,-5.45530249,11.45084207,15.07413842,11.42677319,-9.52640488
20.91015625,4.33709216,12.65543344,-0.85059344,-3.54465240,8.11219467,6.03091579,6.40217644,-11.14848597
20.91406250,6.98527332,10.08448042,0.59061822,1.54420296,4.23061594,7.71505256,1.34393796,-9.31140731
20.91796875,5.08037949,7.85404916,-4.70824682,1.80731343,-0.33584615,4.96772025,-0.87025035,-11.12103331
20.92187500,11.02456980,5.98421651,-1.10711339,8.34303462,-4.61277783,10.29368760,-8.20830422,-10.19349203
20.92578125,9.90615368,0.44280570,-2.95025869,9.66630695,-10.79156756,5.03846412,-9.93130703,-6.09334438
20.92968750,7.68606304,-6.72615053,-2.70379743,9.75760705,-9.57692964,7.75463044,-7.58889964,-3.34203908
20.93359375,8.49976229,-7.67713768,-3.23405824,8.11512196,-11.34036853,3.11077501,-3.38093805,0.03994585
20.93750000,5.87262757,-8.78501805,-4.39306759,6.98284159,-8.04858076,-1.53106335,6.32143142,5.32458861
20.94140625,4.35046748,-10.55141201,-10.02786039,11.83015740,-8.14051485,-1.58953118,9.28128967,8.84219413
20.94531250,0.31944857,-6.65911805,-9.50141468,4.87311018,-1.40428806,1.88713357,3.85487091,10.89450498
20.94921875,0.85971197,1.20679870,-6.55651186,6.75525323,4.33700207,-4.42548112,3.49218706,13.24992654
20.95312500,-4.90131795,-0.06171559,-9.69166509,4.51634570,7.08916217,-4.74230361,-7.18031826,8.68246888
20.95703125,-5.06953068,5.47355550,-6.48459045,2.30278524,3.68253991,-9.07999348,-10.38343636,9.46159303
20.96093750,-7.65633578,11.44856016,-7.71154079,-3.19427126,6.09442446,-6.30106649,-6.31373263,9.36170314
20.96484375,-10.49948570,6.92495758,-8.43265918,-6.13408297,6.44743880,-9.81958902,-4.69490434,0.74362562
20.96875000,-9.96256904,3.16216449,-7.93975336,-10.10370539,2.83520751,-12.11479632,4.94965269,1.13652123
20.97265625,-7.35783878,1.13915594,-7.34668148,-11.60865744,-2.51799658,-6.71182485,10.33143168,-5.94618268
20.97656250,-12.41297392,-5.59017994,-6.06745566,-10.18388184,-6.50882773,-8.82109003,11.20540506,-10.37563508
20.98046875,-5.55784013,-9.80544854,-8.83872991,-10.59219868,-9.44020926,-12.97910852,5.89172475,-10.66177461
20.98437500,-4.76796005,-9.57561829,-7.58189740,-10.15518540,-10.21885990,-7.75759344,1.87190705,-10.81286119
20.98828125,-6.66821364,-10.49861970,-5.79102559,-8.09076889,-8.21737596,-5.77517617,-7.17098495,-9.61257129
20.99218750,-4.07768693,-6.79040813,-1.84740340,-7.18179486,-1.07130119,0.00988205,-7.74623673,-4.26611868
20.99609375,0.60673196,-2.82476558,-2.25698637,-3.34105357,-1.99913812,-7.44624170,-9.62760435,-2.51252858
21.00000000,-2.23727141,0.72990115,0.24085169,-1.12445488,0.49020978,-3.28690898,0.03898733,-3.70026936
21.00390625,2.19978841,7.87785002,0.35049213,4.22768893,10.39815707,3.56880620,5.46965386,-1.68175371
21.00781250,6.68119803,10.16028757,0.86616149,9.10251743,10.30102186,2.59970224,7.46516848,2.55226537
21.01171875,8.59159752,9.63246162,2.41455196,13.25840711,13.36810013,5.33263938,5.26981946,6.37393282
21.01562500,7.40251218,12.49395880,4.92289936,10.18372153,12.22885768,3.37481417,-1.67468271,8.25245754
21.01953125,11.03283672,5.94009156,6.11731092,10.39825917,14.08566275,8.32937990,-5.49829200,8.60767788
21.02343750,10.33962236,1.91787963,7.12075616,8.55364259,3.99460145,11.69298059,-9.26858402,10.33951167
21.02734375,8.12416502,-3.98830012,4.09732237,13.79499001,2.60725822,13.03065436,-8.21632902,8.23141173
21.03125000,10.12146734,-3.06490043,11.53278538,9.51632069,-3.91160042,9.79721715,-4.69029215,1.54791952
21.03515625,5.80833387,-5.39668358,9.03387351,5.90375290,-8.86449714,7.95864416,2.22586710,-0.50731018
21.03906250,1.17213074,-8.86718955,14.72207547,3.24757042,-10.92489005,9.73482783,3.50382635,-3.92029929
21.04296875,3.42673597,-2.41115663,12.23106888,-3.48624073,-11.32442363,9.49848077,11.93567299,-6.04594610
21.04687500,-0.17440877,-4.49218682,10.16742888,-5.97769994,-5.55295834,9.80893833,6.34912131,-6.57804156
21.05078125,-3.39885039,-0.71790988,7.57667375,-11.44680890,1.30295855,8.18459721,-4.63263582,-11.08706989
21.05468750,-6.17606958,2.98449356,9.18289415,-7.84670777,-4.32888749,3.06645616,-6.74397065,-11.48564760
21.05859375,-8.12983978,4.98195013,4.29276274,-7.14893328,5.69514608,1.17655575,-10.29391443,-1.27695568
21.06250000,-8.97889970,9.75083741,8.16950074,-11.37869811,4.90202833,4.77245891,-7.99862719,-2.59271334
21.06640625,-11.28537050,9.23223784,5.07373126,-7.01732893,13.55004695,0.16349307,-1.26678310,-1.04110426
21.07031250,-12.31022340,3.22899158,1.75524334,-6.03704963,8.14327095,-4.65106627,7.18043088,6.23124145
21.07421875,-15.00809603,-1.00110335,11.17739844,-6.06396971,3.64210536,-1.73652127,15.63831146,7.57614835
21.07812500,-10.03408380,-9.39341151,2.52730554,-8.87190992,2.09012388,-4.91466899,11.43861178,9.36565757
21.08203125,-9.27151743,-6.72672020,3.57923025,-2.09766651,0.83783485,-8.59718046,6.53659267,10.08841318
21.08593750,-6.06351244,-7.84911639,-1.14939660,3.82861210,-4.00477761,-12.94401584,0.86099340,11.66678676
21.08984375,-3.41975753,-10.12160029,-2.40025022,4.99671026,-6.73663988,-14.12850836,-12.94122406,11.18850275
21.09375000,-1.25603314,-7.74133899,-4.16739659,6.13633609,-9.51398455,-12.71400784,-5.39195524,6.82704579
21.09765625,2.79951248,-4.17138676,-9.21211795,9.28783791,-7.93343197,-8.45404404,-1.12270941,-1.52828547
21.10156250,0.53540753,4.00730504,-8.87828492,8.17685899,-8.79899012,-11.67186641,1.77148630,-2.18568721
21.10546875,7.54367275,7.27892569,-11.59713774,12.66093037,-2.90683249,-13.08199963,6.78952618,-8.93652189
21.10937500,8.49477918,6.97654273,-8.91692057,13.39588199,-2.89373936,-7.59605292,8.07464514,-7.30037786
21.11328125,7.16532217,12.52918612,-14.00431995,7.71068115,1.16753360,-10.24988133,2.71719039,-9.83730306
21.11718750,10.75922868,9.48766111,-9.61351414,4.31294293,4.50355649,-7.11926968,2.56379245,-12.42491727
21.12109375,6.53603020,7.88742582,-9.46843318,2.93948658,12.22345601,0.32186525,-6.18848036,-6.90089026
21.12500000,9.30541475,0.09037954,-12.73431741,4.32634932,10.44117790,-1.66174293,-10.14278483,-10.77481932
21.12890625,11.58508336,0.39374384,-11.17618238,-10.68549388,7.50520843,5.57133265,-5.37026744,-0.34781317
21.13281250,13.28500717,-9.60861044,-8.72314171,-8.71929636,7.68445303,4.79106093,1.64731342,-5.12260938
21.13671875,8.27654815,-7.67196211,-8.37197756,-9.89272946,-0.20694003,6.83753721,3.25861639,2.47642201
21.14062500,4.62716983,-6.32969402,-6.60262775,-10.53172712,0.61301377,3.88249589,6.47801938,5.95942772
21.14453125,1.39725692,-4.43467722,-3.65212508,-11.33346428,-5.62109335,12.47148323,5.53415828,8.23192903
21.14843750,2.06790395,-3.07193627,-4.75336693,-7.59873658,-9.57575692,5.23318305,1.39166413,10.98359100
21.15234375,-5.16102936,5.41218623,-5.77224887,-7.58799445,-8.72648074,7.43488060,-5.16367728,7.30584862
21.15625000,-1.72689781,7.32302355,-4.43888881,-7.00876552,-10.69941560,11.62675197,-14.68910069,9.61528478
21.16015625,-4.60260595,8.07385949,-0.58682827,-3.83301306,-10.77326986,8.51949409,-6.36955992,6.38282093
21.16406250,-6.89676412,8.15139710,-0.44217228,-0.14838716,-2.20621057,8.25615428,-2.53301476,2.89797258
21.16796875,-9.47569597,5.62049056,0.31605509,-1.80348405,0.11698792,6.77300305,1.95190858,-1.81839408
21.17187500,-12.21093089,0.10654014,1.25274361,1.19148206,4.75121466,6.75099096,7.58880477,-3.81070753
21.17578125,-9.73324304,-0.89448162,3.35734321,5.85401242,9.98706646,4.21866945,9.71103077,-6.54585046
21.17968750,-8.83733775,-4.29526324,3.29306850,7.92286463,6.12218106,3.94231018,9.40407806,-11.64946933
21.18359375,-10.24453143,-8.55684673,5.78146983,5.47399516,11.38071651,-0.78557027,5.65171668,-6.69446050
21.18750000,-3.72755856,-11.29806545,7.04738332,8.46500554,6.39518154,-0.48190711,-7.20049079,-4.43890673
21.19140625,-2.60371978,-10.55594947,6.65695486,9.20458896,4.88856082,-2.47886258,-9.70752034,-9.14179172
21.19531250,1.50145199,-3.75962420,7.32841151,6.81754020,2.34261711,-6.05574896,-4.48951354,-7.31588132
21.19921875,-0.44312230,-1.11555728,6.22734901,3.64884769,-1.21873511,-9.06336553,0.24762112,-2.01041430
21.20312500,4.40838974,5.07721245,4.35883600,4.25999616,-5.63342164,-11.34657870,5.04618996,1.80297523
21.20703125,3.17320330,10.28097015,5.83347555,5.91962008,-12.32380895,-7.41950619,6.51870834,-0.16962221
21.21093750,8.69617108,9.83748293,8.43357229,-1.63347436,-11.34049608,-7.49964546,4.04980258,2.87346319
21.21484375,6.89002453,10.07601653,9.77634364,-2.92602650,-7.77046015,-8.47869719,1.42451496,8.96333687
21.21875000,7.64142214,7.90757995,10.09491614,-4.88030133,1.05627769,-9.57689323,-5.86906752,9.96670746
21.22265625,12.75427157,3.77529762,11.42918497,-4.37049498,3.38588801,-7.41576442,-13.61988833,4.12565111
21.22656250,9.99916050,-4.33793146,7.13401887,-8.33988301,4.56497273,-9.23994489,-8.15722273,6.31583092
21.23046875,7.47056148,-6.45160349,9.82908195,-7.92942457,10.78348552,-4.28490109,-0.44335226,2.14814068
21.23437500,5.90225711,-8.53810954,2.41085263,-11.83346660,9.22444373,-2.55884609,-3.67672721,-3.21036194
21.23828125,5.61182740,-9.22775347,5.98370609,-8.58433404,9.15031092,-2.90267293,7.12630423,-3.28641338
21.24218750,-0.35745911,-8.55121325,5.63287066,-7.52605891,6.22848855,-0.04596856,8.80367910,-5.11688541
21.24609375,-1.43563829,-5.09329562,1.56200992,-4.72110850,2.03665932,-0.42062384,7.68591292,-5.47552205
21.25000000,1.30528529,-1.43861591,1.83976713,-0.72227193,-0.64004319,4.88078386,3.40912410,-9.22081530
21.25390625,-7.03822651,0.93765140,-2.52995253,2.92886624,-5.27128865,2.01971680,-6.10406356,-8.85010848
21.25781250,-9.12554971,8.35644060,-0.77518025,4.46979210,-0.86720490,6.51916743,-11.63942805,-12.01796148
21.26171875,-9.03101562,11.18229777,-1.02368868,6.85211983,-13.85830682,7.41518895,-7.11293559,-6.62378976
21.26562500,-7.85683718,7.40974122,-5.34872270,7.08290489,-9.24005234,6.24758536,-2.40575880,0.61798755
21.26953125,-13.96250612,4.67313861,-2.85214374,7.56135583,-8.38525951,12.47314431,8.97963977,4.69582155
21.27343750,-10.86946947,0.15346728,-3.60520784,9.66799968,-6.88129056,13.32179427,10.36265830,10.23080240
21.27734375,-8.47571197,-7.23058969,-8.17375735,6.34802272,-2.73317847,11.41289172,9.34303009,10.03695259
21.28125000,-6.92038169,-7.25565886,-12.69724547,3.83609093,2.06002200,9.89597253,9.17877380,12.08106626
21.28515625,-4.18713327,-10.96351906,-11.38019680,1.10305386,5.95199161,9.06442577,-3.19517337,12.09683231
21.28906250,-7.69722893,-11.64189682,-8.46080710,-1.24285838,12.46922974,6.69456250,-6.00829548,6.57241785
21.29296875,0.53498803,-9.26628349,-12.49382157,2.68252796,10.64723360,4.29750258,-6.35620627,4.12858312
21.29687500,-1.34493374,-5.02558682,-14.03900922,-5.05080057,10.56169286,6.83241226,-6.95387678,3.90338839
21.30078125,2.70668759,1.11804625,-10.05383566,-2.33533646,5.25425940,2.46770887,1.77987871,-5.16645496
21.30468750,7.93290433,4.70726588,-11.62637422,-6.29151786,5.57780704,1.17652304,6.20293486,-5.75735108
21.30859375,5.71198440,11.49906856,-8.84521869,-5.39186039,-0.93429490,-1.70679707,6.04444400,-8.78693620
21.31250000,5.61470204,10.93077536,-6.97332039,-3.56055819,-8.10572170,-1.30955711,6.32311154,-10.73807968
21.31640625,4.93090962,10.13089257,-10.21663669,-6.54725720,-5.85920814,-0.86546599,-4.69127889,-11.33345024
21.32031250,10.40116090,6.22839724,-5.80120753,-5.32618896,-9.71415671,-2.26481073,-11.97708042,-7.29019034
21.32421875,9.76979061,5.06804592,-7.89169754,-4.45480450,-8.03319501,-2.19648217,-10.38933155,-10.02571259
21.32812500,6.32578665,-2.59914179,1.22447907,-1.57460672,-4.77697479,-5.24721702,-12.31697788,-7.34578303
21.33203125,5.84802444,-7.50621620,-0.13603187,-4.53861145,-2.67696654,-7.19939604,-6.55799995,-0.05591952
21.33593750,5.65959125,-6.85277432,-0.15494486,-1.92120019,2.65309982,-7.38189564,5.53545126,0.24913135
21.33984375,2.64744408,-7.84598500,2.13831808,3.71472633,6.27302834,-11.06710840,9.50758559,6.38953348
21.34375000,4.30563771,-5.28262393,3.44967726,8.29364308,9.35881509,-7.71186126,6.38251165,9.22188654
21.34765625,7.23817958,-5.61708401,5.25437510,10.52801257,10.25375674,-8.14686374,3.63650079,8.88151264
21.35156250,-5.08447433,1.04398851,11.61542928,7.70385214,7.71281891,-7.30906173,-1.16306358,8.80135468
21.35546875,-2.71794020,7.19642587,4.87605418,10.98983229,1.41068322,-6.69862380,-8.68145977,13.03875902
21.35937500,-8.70999117,10.80241498,7.98903330,7.31488595,3.18286197,-4.40781367,-8.23494672,4.40842195
21.36328125,-8.35002301,10.09705452,8.33034462,7.21359140,0.74345547,-5.32217421,-2.71088118,1.82678216
21.36718750,-8.81518003,6.88696387,12.04095735,5.97235759,-7.24476352,-3.06635919,-0.11850846,4.64534586
21.37109375,-6.12940294,3.06275728,9.37605902,2.80227659,-7.47473057,-0.81658034,6.79499152,-1.56469069
21.37500000,-10.29147398,-3.15875684,11.43939056,-1.41563860,-11.80928637,-2.92718943,7.80853882,-5.10733622
21.37890625,-11.28165942,-5.52136204,13.55242698,-3.06183863,-9.18479092,3.69212278,10.36221137,-10.97372370
21.38281250,-7.23795667,-7.12522589,8.43616258,-7.50139324,-10.59733002,2.70275283,1.67707779,-11.58921516
21.38671875,-7.81480544,-8.82688212,13.87639584,-8.16548754,-1.90556969,2.48756626,-3.47252489,-9.86840768
21.39062500,-4.61507195,-8.80554349,8.51254262,-7.41146516,0.58265225,6.35007128,-9.89995531,-5.86618266
21.39453125,1.35819304,-7.08843286,7.61496410,-6.22862282,10.53926962,5.82064304,-7.90510530,-8.32999755
21.39843750,1.36139595,1.05367676,6.45013689,-13.93279820,11.42507030,6.41571918,-7.79772895,-2.72383114
21.40234375,1.20748328,5.34308774,3.16269275,-8.44860631,13.45024694,8.00927672,2.96640530,5.17669879
21.40625000,0.02807523,8.39647129,1.02442464,-5.34173702,12.54774790,10.48767386,6.36029641,5.09390058
21.41015625,9.36809747,10.33877177,4.80634542,-7.80692517,3.15229279,9.69223388,5.38276894,7.35842934
21.41406250,7.76367915,10.99177671,-4.74484411,-2.13501020,5.11773120,8.65188305,4.64800907,5.04039774
21.41796875,5.94209117,11.30234291,0.03986441,1.70588163,1.84149034,7.61599971,-4.14951309,8.00665698
21.42187500,6.58813075,6.80525390,-5.12898909,2.58153619,-2.09753191,10.42394504,-9.23776992,8.25107272
21.42578125,4.95039429,3.94410708,-3.93542244,3.54085383,-5.20957716,9.42172563,-13.44995384,8.47130236
21.42968750,11.25755662,-2.52059801,-4.00892521,5.51690342,-11.19414541,5.21877235,-9.25355734,-0.35943207
21.43359375,7.91351001,-11.20148541,-5.93683294,11.62675972,-10.57082205,-0.34792151,0.87397368,-3.58222908
21.43750000,3.15153084,-9.90905817,-4.32516190,10.04152360,-4.82667276,-0.82230916,5.15571431,-0.43050622
21.44140625,5.59702618,-5.93923886,-8.75108127,10.27676250,-4.73262907,3.23674150,10.22350966,-8.31945925
21.44531250,-1.78960616,-2.95160996,-4.60221436,8.31866740,-3.59241231,-5.97572086,6.47100741,-6.20604261
21.44921875,-0.57563993,-0.43324446,-6.76162466,2.91067602,3.07639434,-0.35477099,1.42864445,-10.22901891
21.45312500,-1.77969947,5.82731736,-6.66671695,4.91421029,11.53763090,-0.63405139,-1.83666645,-9.54781107
21.45703125,0.41795927,6.91252453,-8.92837678,0.88351169,11.84991703,-8.69047985,-10.20329066,-7.94248160
21.46093750,-4.61115980,9.84617522,-8.69967618,-4.98392874,9.14088051,-9.16116505,-8.65470697,-4.93723657
21.46484375,-10.18948369,8.81530162,-2.73950794,-5.05590037,4.28810949,-7.16666405,-3.20972882,-0.86196686
21.46875000,-8.81016763,2.88573811,-6.94139567,-10.01620504,3.41121535,-9.89572492,4.24816939,0.80074782
21.47265625,-9.78178165,0.18093846,-4.20187491,-6.59184083,-1.54136255,-6.29086070,12.72183312,7.78721933
21.47656250,-5.16846800,-3.76301385,-6.80491166,-10.76904094,-7.83609308,-6.75787989,14.21435770,7.39434485
21.48046875,-7.01326960,-5.26182375,-8.97387131,-8.61736075,-8.16447083,-7.25169844,10.17876578,11.25494937
21.48437500,-6.99657032,-8.08969439,-7.49039820,-11.33202505,-10.54015517,-7.71439279,-1.49936534,11.96848359
21.48828125,-3.79264429,-5.44872824,-4.38929271,-8.95017147,-8.05959767,-7.34511537,-2.43105276,10.17520745
21.49218750,-5.79202982,-8.75363325,-6.14731710,-4.73656046,-5.42571701,-8.29619348,-7.42917256,6.81154097
21.49609375,2.45800466,-8.47087877,-4.26520256,-2.52083929,-3.52361301,-4.58192172,-5.80784827,4.81147994
21.50000000,1.32279250,1.60186234,-4.72927181,4.16702908,1.98933277,-4.15847608,-1.20093066,-3.04323113
21.50390625,4.38831668,7.24435845,-2.36761826,10.10171053,5.51581018,0.34450648,5.37838763,-0.14059291
21.50781250,7.36207499,9.55337126,0.00807494,7.80565676,7.79056650,1.50182763,6.89044535,-8.92377098
21.51171875,1.96300095,14.97911566,3.78909414,11.11607397,13.29621441,8.07382145,2.92330965,-14.49789440
21.51562500,8.86923540,10.53611023,4.02486142,10.16802322,13.70269619,5.56364025,-1.17065765,-13.96961851
21.51953125,7.13753787,8.50642291,7.23368710,12.49583255,9.92166246,7.38384899,-7.88876522,-11.97299910
21.52343750,10.88760660,4.49115292,9.39693797,13.28622972,2.15660703,10.20931034,-11.44775288,-8.52567482
21.52734375,5.72804623,-1.10873499,9.83974494,10.25097655,-0.41314050,14.39791929,-11.99405718,-3.50297993
21.53125000,4.78736935,-7.31901289,7.21539869,6.87222383,-1.34800386,14.17229219,-6.94978441,-0.92845890
21.53515625,10.50125398,-6.94290987,9.93203751,5.52286835,-8.08586574,11.63562746,5.58341892,1.96010004
21.53906250,5.78704728,-9.24537740,11.51304959,-0.44945716,-8.52538608,8.42108247,5.90358473,8.85397014
21.54296875,8.12420850,-4.22365137,15.64211345,-0.51651710,-9.26260218,10.46658143,10.75809994,6.87041325
21.54687500,-1.01755411,0.39557075,9.29102046,-2.53340867,-11.60658663,5.36226290,6.39275897,6.90903900
21.55078125,1.72318260,2.14819618,9.24593880,-7.73708220,-6.50365556,3.30132104,-3.22259063,7.83649137
21.55468750,-4.18092470,4.61323173,10.36086394,-13.41238382,-1.84739596,1.48187101,-7.78149313,4.99393339
21.55859375,-7.93964692,8.55825819,14.76864352,-8.82834022,0.78716505,3.23088150,-7.44690453,6.42465112
21.56250000,-8.77177192,10.27738022,6.99604356,-14.25997116,3.83723419,5.30751633,-10.54690550,6.58067105
21.56640625,-11.41281971,7.49698375,10.85882764,-8.72110198,2.34542072,-0.50735340,1.48556700,-0.56208099
21.57031250,-9.45375169,5.81674512,7.18336164,-10.64141250,8.82841497,-4.04231416,7.21097543,0.17931976
21.57421875,-7.71243092,-0.64222372,5.23770270,-5.25640917,3.68390266,-9.58787102,12.40378078,-2.55937454
21.57812500,-5.94436568,-6.15323030,2.26844302,-7.22719356,4.92845264,-4.72850446,10.54952740,-9.48437980
21.58203125,-10.59379575,-7.05548392,4.30728214,-4.03657212,-2.99703535,-4.66904197,2.37688440,-8.50134305
21.58593750,-6.84417369,-11.10297427,2.30586342,0.98930686,-4.55157037,-10.92229131,-4.00755361,-4.88212656
21.58984375,-4.26215315,-12.44498191,-4.65263922,4.20621070,-6.76822503,-9.12430209,-6.23207219,-5.05021369
21.59375000,-4.26708170,-3.36761556,-4.71004602,5.53661229,-5.37477784,-13.10444121,-8.95038292,-6.66424278
21.59765625,3.30733828,-3.68396003,-6.09225359,7.23555212,-10.63179951,-12.62669947,-3.78539666,-1.47578114
21.60156250,3.89918262,0.01768357,-8.17910123,10.22551271,-6.73822082,-13.73893279,5.40092092,-1.95694702
21.60546875,3.69109921,8.10955381,-10.74842936,10.46319993,-3.30736357,-9.61026046,9.71714022,0.96056113
21.60937500,4.51984652,8.31458543,-7.41775436,12.90829712,3.05527069,-6.23908399,7.11733021,4.75236049
21.61328125,6.52917210,14.06240281,-8.61325731,9.86638428,6.18489705,-5.05981016,3.66091953,5.04411909
21.61718750,7.82784913,7.27466217,-9.34428743,4.68487423,6.10947871,-3.29818628,-1.45765425,10.62807976
21.62109375,8.00758280,6.36869568,-8.48780395,4.57945860,9.09358817,-1.02518169,-8.82545611,9.64146949
21.62500000,11.33854207,1.32088599,-13.78759511,0.28761972,7.16303767,-0.34365426,-11.75703763,6.37281395
21.62890625,6.58380112,-3.71489277,-7.17838990,-3.79189940,7.73145972,2.45260677,-6.65127620,3.00800763
21.63281250,6.50842402,-1.49361791,-9.09280923,-3.18894865,4.14579718,7.60718465,-3.66288071,4.81268249
21.63671875,7.54017881,-12.25282170,-8.74458622,-7.94403979,6.18405042,4.67594000,6.17242587,-3.01277114
21.64062500,7.89723546,-9.52503382,-4.06806113,-11.07111020,-1.99423612,11.38765504,5.63095436,-7.36579044
21.64453125,3.03701292,-4.40876832,-3.84147471,-9.81189333,-6.14380377,6.20032080,11.43793184,-8.35016193
21.64843750,1.28377055,-3.83668738,-2.75363050,-9.70628592,-8.42280346,10.40942423,5.64407109,-10.19624012
21.65234375,-2.70012002,3.66391805,-7.69031900,-12.60652067,-7.80606632,11.25684694,-5.69359997,-10.27582713
21.65625000,-3.58883129,8.04531916,-5.53957138,-9.50655381,-10.68841112,12.50210526,-8.38488264,-8.02876638
21.66015625,-7.34508789,7.39792164,-2.83865916,-4.22079025,-5.74039739,8.51073335,-8.65017989,-5.64157491
21.66406250,-9.41604303,8.91736636,-5.69882573,1.86249003,2.26003080,9.13360895,-3.47035244,-5.03545207
21.66796875,-11.17922117,4.81120430,1.23362897,3.69619712,-0.61541538,11.48721947,3.65334465,2.76147466
21.67187500,-12.50363735,3.97487748,1.97232841,-0.00924184,7.21734974,8.82721687,6.85056825,5.70592451
21.67578125,-12.22161849,-2.31025387,2.39213621,5.20480002,7.88985844,5.72187146,11.47703788,8.32621042
21.67968750,-10.68009833,-11.68995111,6.24550814,6.47257584,10.07967391,0.70171337,4.08588630,9.42154775
21.68359375,-4.85824039,-10.32785365,13.23638553,8.29290561,13.86541851,3.62566780,1.69484092,14.61618789
21.68750000,-4.60791076,-12.28406626,7.16728426,7.79847334,9.70699342,-2.54764617,-6.62441994,11.06084260
21.69140625,-0.52347186,-7.25652880,7.00816085,10.94874341,7.08615915,-6.71738929,-10.45018005,4.16143707
21.69531250,3.18231388,-8.24724518,9.13138990,9.53172375,-0.07330089,-5.13829271,-10.14741486,2.87290769
21.69921875,2.01920505,-2.59822684,7.56869125,5.88190884,-2.47075680,-6.27793646,-5.00597684,2.15228658
21.70312500,3.90135574,0.97343845,6.56580160,5.47906298,-4.87323197,-8.21600655,4.44911526,0.47016020
21.70703125,1.20158941,9.91902759,9.85781225,1.45300884,-5.89822464,-9.37309711,8.19798108,-8.82639411
21.71093750,6.74682990,10.04135338,5.81762491,-1.25005588,-7.04158877,-7.93961293,9.91326502,-9.33329005
21.71484375,8.55732188,11.61693551,9.33555383,-3.70571621,-6.14953611,-13.11657090,-2.87566453,-10.49659581
21.71875000,9.34066433,6.76900196,9.79577329,-6.35957603,-2.75072516,-10.18680018,-8.89837262,-11.42031526
21.72265625,9.37376210,2.38885818,7.18719730,-5.82554873,1.62326537,-7.14542466,-10.98624760,-6.86771408
21.72656250,8.01356398,-0.87404606,5.59624562,-9.23603400,6.98149757,-4.19258850,-12.60336023,-4.59565839
21.73046875,9.57842522,-9.72001082,6.97852175,-6.45659061,6.50236936,-4.51435651,-6.09641097,-4.08609279
21.73437500,10.93328752,-9.61109460,7.10968317,-10.14108947,5.40584087,-5.64913674,1.42248116,-1.07752521
21.73828125,4.39973006,-9.95194919,1.89437210,-8.99030119,6.49416022,-10.28558205,7.80683550,4.73615371
21.74218750,4.45692867,-7.44535210,1.14914994,-4.04312288,3.21849371,-1.44626003,6.89211217,8.17292177
21.74609375,2.11480888,-3.27077185,1.46128108,-0.89805263,7.37646026,-1.71286226,5.55745685,8.93680921
21.75000000,-2.35958632,-2.39209084,3.77423811,2.01047864,0.94508149,1.12342378,-2.11974882,8.91481166
21.75390625,2.30731240,4.67543859,-4.62200406,1.57948302,-1.76398779,1.22751774,-11.97594016,9.72554034
21.75781250,-6.88241947,8.13757000,-3.90304249,6.70897785,-11.04343249,2.49521460,-5.93552820,8.98505223
21.76171875,-5.84750355,8.40449907,-1.92072712,4.74435858,-8.61312366,6.98766257,-7.55155956,6.71934926
21.76562500,-10.08907768,8.55730446,-2.20228270,7.43715814,-9.95254818,7.72709964,-2.43839228,6.66296522
21.76953125,-9.76718531,3.20037049,-3.59998994,6.21735919,-7.52364807,7.23832864,7.93817429,-0.92618843
21.77343750,-8.47849710,2.64129782,-11.49096598,9.52924063,-9.51339474,12.05131655,12.60689053,-3.58621534
21.77734375,-6.50114587,-3.35725289,-10.01769770,9.86772479,-0.02718031,10.44420390,10.82900213,-7.36794826
21.78125000,-8.88119072,-7.51473930,-7.06911071,3.92193299,3.40142209,8.31400629,1.82137094,-9.30478493
21.78515625,-6.13157736,-11.27104637,-11.51405605,2.66543276,6.06813643,10.35602870,-3.03830461,-8.15523598
21.78906250,-8.13229131,-9.24021496,-9.78240753,-4.31874713,9.13721364,4.55925885,-4.26528211,-3.69006342
21.79296875,1.39922770,-8.49019442,-10.69076895,-0.95276563,9.47125863,4.96500025,-5.94724693,-4.37062492
21.79687500,1.06915933,-6.17211085,-12.37010312,-2.23308873,7.41314193,3.34314641,-4.24663783,-4.46400153
21.80078125,2.06051641,4.18100040,-7.98289044,-9.34205546,4.99267645,5.19331872,1.19321999,0.81635937
21.80468750,8.01054050,4.29801582,-16.10564761,-7.15005180,5.84592947,3.79376031,8.67452268,0.44494041
21.80859375,3.40370282,11.87875520,-8.26887874,-2.79623445,-2.05232252,-2.12332763,3.15738571,1.30630358
21.81250000,3.87646311,10.36784967,-8.66495241,-4.49345298,-3.78824658,-0.18343953,3.87926719,2.20471512
21.81640625,7.57387410,7.28742113,-4.17333061,-9.15778169,-10.06390573,-5.15099537,1.79284973,7.88856207
21.82031250,7.59216088,5.22278181,-12.03256816,-7.25754713,-9.87368225,-3.43262074,-6.41165061,6.92931242
21.82421875,9.38728930,3.54930040,-4.16509900,-5.23636070,-7.40946738,-1.29865522,-11.98899385,8.91008089
21.82812500,10.99157932,0.13629287,0.28351733,-3.05747518,-5.43715355,-8.84507198,-10.77721486,4.44642434
21.83203125,10.19203197,-5.35518303,0.70426700,-1.19511247,1.08901754,-6.92871682,-1.80977683,1.00636668
21.83593750,6.53017845,-8.50038501,2.93130976,2.70801832,4.35799458,-10.37818896,1.73883145,-0.21791963
21.83984375,5.46866957,-8.63904313,4.23082862,8.50605403,6.49304562,-9.46701700,7.87396461,-5.74460830
21.84375000,-0.51630763,-6.87792822,1.86726352,7.53698811,7.00099593,-12.33582689,10.59958502,-6.80683481
21.84765625,-0.60246942,-1.78778686,4.02786098,6.58317646,10.62170611,-11.51560262,6.93568584,-6.82506372
21.85156250,0.67007751,-1.89722509,3.15438660,9.77531382,10.34147897,-5.41372891,-5.33155990,-5.86009047
21.85546875,-8.27664132,4.10812088,6.47222734,8.19767309,6.90963012,-7.12485239,-12.79714890,-10.12138510
21.85937500,-9.10485123,6.18965536,9.88990951,7.79156956,1.01737736,-8.15837434,-9.00572114,-5.32727559
21.86328125,-9.92703874,7.60051763,7.26631604,7.75556098,-1.77296061,-4.73293207,-2.88918951,0.38225645
21.86718750,-8.09605450,2.91224754,14.60561854,7.37138814,-4.99043997,-3.61085528,1.96569059,-0.27056205
21.87109375,-7.97180093,-0.09885105,13.11428112,2.30943059,-11.39793052,-2.36277712,10.02135819,6.86057511
21.87500000,-12.60275511,-0.26436710,10.03557886,-1.23892026,-12.79525595,2.07225859,11.12952245,10.04868534
21.87890625,-9.28398237,-7.12042450,12.53836973,-3.94569000,-11.38830861,3.30491794,6.86437763,14.12507276
21.88281250,-10.81990270,-5.70390404,6.12849493,-9.41776954,-5.32123076,1.67192240,-0.06644138,10.94004975
21.88671875,-5.60165399,-8.98054738,8.93535904,-6.27180990,-4.42855816,4.45361100,-1.18909989,10.15236207
21.89062500,-6.93370087,-7.47351614,6.70168195,-8.86821854,6.05985368,4.26436180,-6.07701145,10.97863011
21.89453125,-1.35050291,-9.15461815,3.54999958,-11.44984295,4.06460339,8.46794615,-7.69089234,6.35030471
21.89843750,2.33688984,0.34231334,4.76093430,-8.58063462,7.85530984,6.30433129,-2.81521729,-2.61093575
21.90234375,3.30492967,0.79238601,3.62489171,-12.86822688,14.21680434,5.08945158,5.74416490,-6.41183129
21.90625000,3.63855673,6.93790430,2.22346080,-9.81980183,11.24589730,8.30454706,8.39459168,-6.66756508
21.91015625,4.29682163,7.65462924,2.06899694,-1.63256929,9.31964912,9.06370581,8.21384925,-10.08428946
21.91406250,6.89260696,10.48658338,-0.54601638,4.75997197,4.69635139,9.99910881,0.38950936,-12.52684794
21.91796875,7.05246779,11.47212859,-1.64931748,0.02313392,2.82415783,7.15448225,-2.05343717,-12.35919663
21.92187500,6.29138157,4.17715918,-4.27036565,7.76146550,-5.70255013,7.55693520,-10.53424968,-6.93358162
21.92578125,7.85709223,2.69483564,-2.16755489,6.67232740,-10.60969444,5.03773815,-14.17977453,-6.01466559
21.92968750,9.08624297,-3.97491418,-5.08108633,11.81834157,-12.07839657,5.18521343,-5.97597608,-0.40401963
21.93359375,11.54500296,-9.71662917,-7.61125673,5.89218996,-9.96161900,3.24911021,2.20514722,3.75434841
21.93750000,7.46394472,-9.95677453,-4.14729723,8.51222019,-9.19283709,4.25491032,7.14265721,3.00088518
21.94140625,5.69921883,-8.70560514,-8.04343423,11.72437906,-5.33797981,2.69505080,8.43549839,8.74912888
21.94531250,6.26087063,-5.59403106,-6.57194754,7.50584296,4.01025936,-4.34915847,9.04761245,10.07072591
21.94921875,-0.19711142,-1.62073652,-3.64214705,5.58110935,6.85406957,-1.04799958,3.49906412,10.93818719
21.95312500,-2.97677322,3.95352311,-12.37130114,1.89823275,7.02093965,-7.22671206,-3.41928197,13.37293769
21.95703125,-2.98164869,7.25560402,-5.55520150,0.61265516,9.19553359,-8.37121979,-9.09271222,3.82626745
21.96093750,-7.16285825,3.63480830,-8.07587669,-1.65853673,7.40240227,-5.19244632,-10.82609307,6.94253011
21.96484375,-10.98941178,6.11557433,-6.65006871,-7.83139093,10.61935001,-7.83257144,-1.25159036,3.33389044
21.96875000,-9.58199575,5.58073250,-5.90804492,-4.92575342,3.14689915,-9.16369022,3.12648501,-4.04644743
21.97265625,-7.58014286,0.65556606,-6.49884737,-8.91896556,0.65064998,-10.77832919,9.00295214,-4.13721410
21.97656250,-8.25097845,-4.41221878,-8.38811307,-13.27273752,-3.34841334,-7.65320011,11.43969943,-7.25680156
21.98046875,-9.34762034,-7.26029715,-5.30545456,-11.62246174,-11.30482001,-6.12877914,6.93529949,-11.66808363
21.98437500,-8.25559026,-9.35444706,-2.24085239,-11.71565975,-6.67592529,-6.08043439,2.94738137,-4.07985064
21.98828125,-3.12744807,-9.68484765,-6.33774696,-12.17258999,-6.66804134,-8.39586657,-3.77011007,-8.72705836
21.99218750,-3.22721191,-9.60385671,-2.18424739,-3.33518738,-4.62396269,-4.45390256,-6.98861342,-6.94379463
21.99609375,-0.40552511,-6.49050818,-4.42337005,-1.12580893,-3.43137960,-4.53872912,-3.85323577,-5.14538940
22.00000000,-2.34054264,-2.54176720,-3.55008925,2.77148374,4.20480372,-2.51041980,-0.06286555,-2.33866670
22.00390625,6.16394003,4.15310869,-6.13005596,6.93652317,10.10427872,0.05559871,-0.02598642,-0.57817624
22.00781250,6.20582176,8.88182170,4.02324750,7.00962207,8.30333576,2.54775479,7.96041257,5.25701968
22.01171875,4.97303658,8.25160777,3.58132254,11.85234469,13.72940437,4.07663448,3.92291148,8.08474355
22.01562500,8.08277439,12.60129231,2.94539041,7.44984298,10.74371647,7.98835442,-1.14379380,7.48374591
22.01953125,6.11490138,10.24602107,6.96669143,10.67086350,11.88110033,7.34061664,-5.64156865,8.14304615
22.02343750,10.55372132,2.13029332,2.79084847,10.40356205,5.72700489,10.86186367,-13.07653253,5.23195309
22.02734375,10.22299600,-0.99830651,11.20296812,9.89238656,2.19282552,8.96645242,-10.75762751,1.48534354
22.03125000,11.01142902,-4.57677050,13.08549751,4.49223951,-3.60575848,7.89835450,-5.04176292,0.05160120
22.03515625,4.39887333,-7.56790898,8.64992273,3.00459829,-4.57128730,14.46791535,1.02553068,-1.66885308
22.03906250,2.67509832,-9.33432343,9.47834579,1.23206518,-6.70030270,11.16272820,6.90889141,-3.56692423
22.04296875,7.45995945,-7.65599300,9.85814274,-1.53769729,-8.80692738,9.78887088,9.58919608,-8.62022228
22.04687500,-2.05502410,-3.63860106,11.44012644,-3.10926436,-9.38609182,11.57286565,1.99858286,-8.45797965
22.05078125,0.66168309,-1.60193698,13.05259607,-8.31070641,-9.01593543,5.42626872,-2.39457617,-8.62667677
22.05468750,-4.15847395,2.92866552,8.87101956,-8.03020994,-2.67530826,3.99563250,-7.58232311,-10.48395746
22.05859375,-7.77930688,10.94647425,8.88345258,-7.29657463,-1.47211307,3.24533802,-13.52072671,-5.16340513
22.06250000,-4.16339785,10.58443007,8.99922511,-11.99542588,6.50854029,0.79043103,-8.80872192,-10.04677353
22.06640625,-9.84495102,7.16150877,8.05254122,-10.68409494,8.51158460,1.54444211,3.46098432,1.59902936
22.07031250,-10.13372119,3.20660610,6.00141629,-11.63927687,7.94196297,-3.76104406,4.20253837,3.71673079
22.07421875,-7.26363324,1.04000277,6.36619662,-8.98624082,7.09998244,-6.18125342,10.88872608,4.65141102
22.07812500,-14.18162693,-6.51121988,6.72759721,-4.23808720,3.71755908,-7.67673381,9.30053181,4.58552659
22.08203125,-3.60567837,-10.60894009,3.65395670,0.23433928,1.52131132,-7.55618780,7.65083892,13.63212259
22.08593750,-3.95808335,-11.55382333,-2.35739535,0.38257211,-0.02866440,-14.15583248,-3.48094738,7.90027869
22.08984375,-7.73777398,-10.33661934,-3.79516699,6.78627076,-6.16642952,-14.90947075,-7.20565916,7.27805941
22.09375000,-0.95743029,-4.02239949,-2.26009331,9.35518956,-8.55286372,-9.23329076,-7.72630729,2.86603892
22.09765625,3.05716724,-0.96716091,-3.66221047,11.48217048,-11.38322439,-10.55920790,-4.88649441,-0.52901139
22.10156250,0.33370226,0.90591702,-8.14354669,10.19000401,-11.75781625,-13.72418840,4.86957820,-2.94614074
22.10546875,6.14358355,6.38722260,-5.99218159,9.75020653,-7.06566014,-11.15641625,7.41207800,-6.69286641
22.10937500,8.91665313,8.39091654,-12.17598700,8.19878083,-0.96808336,-7.65261306,4.21847459,-7.76582960
22.11328125,8.45930228,9.93929502,-13.76889220,7.71453145,5.72515297,-2.15725420,0.73196903,-10.18980193
22.11718750,7.32966138,5.93379483,-12.12984179,6.82237328,11.82756748,-2.24573268,-7.29836849,-8.04221687
22.12109375,7.35228537,6.28974468,-9.10359480,2.13509212,11.86974138,0.37421591,-10.01263404,-9.17760605
22.12500000,6.93856891,2.23007314,-6.83049580,-1.56425951,10.24246316,-3.76085173,-13.56310532,-8.00568582
22.12890625,6.19205331,-3.91894210,-7.31657419,-2.49196188,9.18698658,2.34200150,-6.57687817,-2.43087968
22.13281250,9.98922727,-7.73303507,-7.95138736,-5.53799101,8.28723852,3.59531377,-2.79062728,2.57806081
22.13671875,6.94591054,-7.55250441,-5.54117283,-8.80762281,1.31723274,9.22689926,4.87219748,4.98035694
22.14062500,8.08037310,-9.72132373,-6.95646292,-12.17421626,-2.74649489,10.03970849,14.05667893,4.55821171
22.14453125,3.47586345,-7.82400389,-8.50180937,-11.79365858,-8.01943819,5.08348071,7.78733642,9.92821294
22.14843750,2.90118324,-3.99088553,-6.47343379,-8.64235445,-14.45995941,10.01629399,1.95406170,8.09044218
22.15234375,-0.35043078,3.25179227,-2.13033255,-6.99870898,-11.57859855,12.49980036,-7.20455449,11.79684135
22.15625000,-4.99549842,8.30995311,-0.97144786,-10.84746383,-9.91365367,8.63169395,-6.20065562,8.73144466
22.16015625,-8.10550159,5.56560280,2.10759757,-5.18270806,-7.31268968,12.83922078,-12.07590935,5.35478346
22.16406250,-10.17560520,7.73748110,2.46255577,-0.65110548,-4.31308123,10.28434539,-6.45544884,4.73990071
22.16796875,-9.53139777,6.24900081,0.34252365,2.78692025,-1.90179709,7.09653226,4.11747898,0.73251434
22.17187500,-8.87053297,2.65512450,3.90273122,6.66391062,3.45198128,6.55963526,9.91008862,-4.80364603
22.17578125,-7.09091216,2.20946843,3.83938278,7.40997357,7.44079714,3.81429001,10.75412448,-7.54701020
22.17968750,-10.05431126,-6.83397649,3.81742624,10.86741977,9.94499118,2.41348460,11.61398926,-5.52596001
22.18359375,-6.43934188,-9.43424033,6.28742441,10.64947552,3.07451184,-0.75763850,1.80303137,-11.87760804
22.18750000,-4.88647281,-10.90609789,11.46366972,11.06883936,6.68581356,-3.08637897,-5.27477099,-6.80493776
22.19140625,-3.94546981,-7.58028923,11.07268452,8.86095988,4.47034071,-3.58147682,-8.60957954,-7.80069598
22.19531250,-3.82004332,-6.45215714,6.24517838,10.28108146,4.74511859,-11.39123015,-6.81966166,-3.14074217
22.19921875,8.02225919,-2.52657007,4.88936655,8.75291397,-3.92556040,-11.52827686,-0.93430422,0.48086521
22.20312500,7.47057854,2.87424860,6.08514247,0.63511906,-4.70170430,-9.53769171,5.74301905,0.13722105
22.20703125,4.72910914,9.15651215,5.78470588,3.78315646,-8.11335153,-12.33742224,10.90105857,4.34118841
22.21093750,5.45667761,7.11514765,10.26666044,-0.04120873,-5.98446560,-7.72032874,3.68818575,2.92283464
22.21484375,9.68612920,8.81237302,7.92964104,-3.90023791,-8.35784237,-10.09897021,-0.95280107,7.61736354
22.21875000,7.80552544,7.62694456,5.93425785,-5.03779560,-1.33577244,-8.77310167,-9.12587732,3.55600664
22.22265625,11.42762468,4.61109159,10.90198741,-7.34236551,2.47674411,-10.95772459,-8.81649444,8.26878528
22.22656250,6.85320118,-2.36561254,1.86918710,-11.77448914,0.97237763,-12.40241535,-11.55860848,5.08218533
22.23046875,9.37018387,-5.43303170,6.51006511,-10.08659502,6.02735425,-7.12843170,-10.33944413,-0.50071053
22.23437500,9.33781502,-7.49913258,5.01717648,-9.26680157,9.43382874,-6.87138091,1.48466863,-1.81905663
22.23828125,3.29466822,-6.07653949,7.32832424,-4.93173776,9.01331231,-0.93055122,10.63395548,-4.64356180
22.24218750,4.09598391,-9.15733860,4.90752511,-5.62396386,9.67496437,1.45351220,7.82026765,-6.47647340
22.24609375,2.56832106,-2.63087034,3.49154583,-1.67500758,3.06241976,0.58319871,5.54611809,-9.89199868
22.25000000,-2.10630282,-0.73531959,0.85793420,-2.62836690,-3.44057512,1.61028772,2.48297504,-9.94770470
22.25390625,-0.05118942,4.84226725,-0.00886628,0.15389079,-4.72559050,3.46778494,-4.21592142,-9.96142282
22.25781250,-6.61446795,9.62732928,-1.40198693,6.01883637,-13.21846922,2.92703295,-7.06931047,-2.86409824
22.26171875,-5.14401041,10.24844441,-2.96833722,7.26613271,-8.63406326,4.81801209,-7.64148738,-3.10993964
22.26562500,-11.02184947,8.22445938,-3.97139481,4.56303590,-10.99396432,9.25450429,-0.54329240,-1.31669914
22.26953125,-9.21350784,4.08093903,-9.19180699,9.09149888,-5.27491263,8.19661007,4.60562160,4.55017072
22.27343750,-8.11923557,1.01863683,-4.87607911,5.57996115,-7.89773845,11.20060520,10.96306449,10.76033361
22.27734375,-8.63489010,-5.17442438,-4.27342396,3.58080732,-3.53543617,7.97566219,6.08356948,7.91176757
22.28125000,-5.64255000,-9.62860269,-4.13958179,6.73341246,1.38261052,12.81482023,4.08636988,13.12279079
22.28515625,-0.66209346,-12.81989067,-8.03644445,4.43726783,8.14473456,11.42659928,-0.60264605,7.62002823
22.28906250,-2.32246728,-12.61243732,-9.40872744,-1.69444980,8.29612544,9.62095842,-7.94545264,10.21253414
22.29296875,0.54413238,-9.02627145,-11.92380307,-0.11742975,7.61443998,1.36173174,-5.91548018,6.53117488
22.29687500,-2.53612721,-4.07292547,-11.59217546,-0.15150237,9.64148217,4.63361542,-0.31964196,1.10712693
22.30078125,-0.76277811,-2.09450245,-7.73521748,-3.94035555,7.04381506,0.25586983,3.85601045,-5.48598455
22.30468750,6.89612238,6.75477847,-8.04611075,-2.94909958,1.49284863,1.34463830,11.60676055,-2.10891358
22.30859375,9.41892017,7.94750560,-10.11499566,-3.80770119,-1.54513786,-4.39974261,7.63840767,-9.18954318
22.31250000,6.46478977,12.28154747,-10.02678935,-8.67232537,-4.45993557,-0.10826107,5.29506776,-7.79981327
22.31640625,4.10822142,7.96435340,-11.14071742,-9.04775337,-4.89990049,-1.11124632,-0.25139944,-13.12097214
22.32031250,9.84538812,2.97618553,-5.98114192,-9.06780054,-7.67987266,-4.53042020,-8.85633272,-9.01605377
22.32421875,7.43358233,4.40341523,-5.24686620,-5.74059501,-6.11059724,-6.92325059,-9.46431635,-4.85236955
22.32812500,5.90511483,-6.45071575,0.80301065,-2.17930576,-5.99381499,-6.59917870,-9.39911777,-5.72910525
22.33203125,5.29038696,-5.63189038,0.80241016,-0.09405121,-1.41416787,-4.61302067,-8.56823773,-3.84948616
22.33593750,8.85054088,-7.89784402,1.59962730,-1.44072673,2.54788097,-8.72991192,-0.51741178,-0.12029022
22.33984375,4.21041687,-9.58393935,-1.62959402,3.97870781,7.87021071,-8.91402539,7.67149201,6.59473325
22.34375000,-0.60426279,-11.29237432,5.27309096,9.48165389,6.33530237,-10.97509789,9.50523126,8.26888878
22.34765625,-2.26923420,-3.52650016,0.32669424,9.85849662,11.76882731,-5.47588118,3.19564774,7.66505808
22.35156250,-5.55724850,-0.03127820,3.14363315,8.35200632,9.13634730,-10.38685183,-1.91127354,8.41695561
22.35546875,-3.37768241,4.94713591,7.23580716,10.49396094,7.98208825,-6.16996926,-9.12125871,8.01904552
22.35937500,-5.33643835,9.15263256,10.55946465,7.09361848,5.60045358,-10.94733982,-15.31966853,4.69934139
22.36328125,-8.53646313,9.74512547,14.27633683,6.91927777,-9.67190426,0.40547635,-5.70313553,2.58630246
22.36718750,-8.79760966,4.77347460,14.38347452,4.20472944,-10.50239030,-1.41837389,1.42659401,0.96588994
22.37109375,-8.98431607,0.90317664,13.05212439,2.65210595,-11.58543489,-4.45111682,10.49250436,-5.03488314
22.37500000,-7.83555351,0.23878200,9.04258990,-2.88570619,-12.75529813,-0.48505575,10.55699908,-8.37860204
22.37890625,-8.10642837,-4.83911290,10.82445174,-7.83852356,-3.75076673,4.46855225,6.76999484,-7.06918876
22.38281250,-11.44787247,-10.06244433,6.76121187,-1.64068443,-7.11032165,3.11444103,2.37582976,-11.34860944
22.38671875,-3.81630807,-12.20699064,5.63121661,-8.54368941,-5.94363653,6.24592334,-3.13824723,-8.53016964
22.39062500,0.21868625,-7.39652230,9.20959824,-11.24719266,1.34967983,8.61132543,-8.24108742,-9.84557483
22.39453125,-0.97037788,-7.33123615,7.37831311,-8.02208799,7.88662763,4.74335797,-7.43719736,-3.85051687
22.39843750,-1.34822036,3.24494038,-0.58949725,-11.25492537,11.37900535,6.03342050,1.19868990,-2.76075266
22.40234375,1.14234423,2.51634644,1.12410501,-10.22658271,14.43771712,4.45409428,3.29487937,1.88057645
22.40625000,-0.11606814,8.24654691,4.68931972,-2.23074939,11.38577138,7.64629805,7.27333821,3.79978644
22.41015625,5.47330128,10.75661116,0.90136398,0.18304981,11.45597423,9.87773136,10.56185046,6.53345149
22.41406250,8.83634168,13.58745717,-0.82533417,2.55255283,3.47654868,9.45382367,2.95637642,12.36294242
22.41796875,7.67710217,8.34772627,0.69593341,2.30375076,-2.51073872,7.03715938,-4.71497434,8.98670489
22.42187500,6.86494076,4.18097722,-2.31408665,6.79148592,-2.72921401,12.07444555,-5.44220712,6.87908116
22.42578125,5.39395506,-0.01883168,-6.66988745,6.34591726,-10.87120494,7.42285995,-15.69118091,7.66425081
22.42968750,7.37019848,-5.51657117,-4.51714307,8.16544327,-11.62650344,4.31199249,-7.08827414,4.55144025
22.43359375,8.18423444,-11.40938782,-5.52635588,6.35139669,-10.58766929,5.26895505,-0.16931204,-0.17024692
22.43750000,2.84582830,-7.23790748,-6.11895281,11.59165066,-10.47256473,2.70654022,4.58183358,-8.97316019
22.44140625,1.19425858,-8.73399091,-3.70707196,13.02950487,-3.73839350,1.31186521,8.03720342,-6.82258497
22.44531250,2.88822638,-5.79801954,-11.48040346,4.80933044,-0.64641741,-4.38001493,10.39402276,-4.66397499
22.44921875,-4.07372499,-3.57487697,-6.91414856,9.15732760,5.77524556,-2.29779421,-0.54302025,-4.24433863
22.45312500,-0.63731308,3.12447468,-13.10313127,4.31383403,5.79068614,-5.82987887,-6.99666412,-8.43425594
22.45703125,-7.54120703,3.62445614,-9.71885981,-0.88658871,9.70336048,-10.76835694,-10.24610446,-5.79506398
22.46093750,-8.22953472,9.80857080,-8.74617310,-3.00984420,8.28056666,-5.86332499,-2.42060346,-4.02349022
22.46484375,-11.88688945,6.07607252,-11.73385579,-7.21909249,3.71987214,-7.39714856,1.18999381,-3.80858133
22.46875000,-7.64615532,6.75719031,-9.00812250,-6.76546336,3.53048115,-8.05302690,4.69617769,3.52338799
22.47265625,-12.14145341,-0.58938947,-6.95787535,-9.31252821,-0.14300619,-14.46879082,8.26525092,9.11002778
22.47656250,-8.29158515,-3.77748247,-9.08440128,-10.69679125,-6.95382576,-9.71035510,9.54495726,9.64686086
22.48046875,-9.57336375,-12.01895491,-6.59533919,-14.15892490,-5.28213477,-8.23131882,6.06672597,12.86925627
22.48437500,-4.97139703,-8.32398463,-6.02993004,-10.46247391,-5.91567337,-8.65939168,3.02041892,7.26080811
22.48828125,-6.58624968,-12.58038901,-5.11481644,-9.20265956,-7.17516603,-8.27062710,-5.44617211,9.28917068
22.49218750,-6.95300154,-7.64772898,-1.07888362,-6.92298024,-10.14424295,-7.33676435,-7.68151320,7.13504377
22.49609375,-0.37709816,-5.13877344,-0.66099113,-3.58366662,-1.68473424,-3.31127968,-4.71976663,-1.54981827
22.50000000,1.54691863,3.06747216,-2.18765682,3.25774201,0.91749169,-4.02440295,0.71310964,-1.56437702
22.50390625,6.67602821,7.21353522,1.29918911,6.43624740,4.67333389,-1.62775656,2.95000355,-3.06967517
22.50781250,1.71290887,7.97184710,3.14185312,8.43643198,8.46122670,4.58978771,8.27393700,-7.97707102
22.51171875,8.16651430,12.47663320,3.58591257,10.45422243,7.31539764,6.79971932,8.99330673,-12.04004758
22.51562500,7.99799679,11.41382674,5.19305823,9.63794326,15.70389350,6.70407097,-3.55263813,-14.05870892
22.51953125,4.42281130,10.80428618,2.60670566,16.93865179,12.37761810,14.35463195,-3.69136453,-11.53506515
22.52343750,9.82130750,1.71959641,5.51930903,9.06760891,3.22368744,10.94920503,-11.12336435,-5.20411243
22.52734375,7.16749974,-0.39717293,9.87782847,6.75881508,-0.10834060,12.21148773,-12.16771782,-7.17214132
22.53125000,9.10242013,-5.19744812,8.12929951,7.38440181,-5.81321742,6.71236170,-0.47976515,-7.35870341
22.53515625,6.84363409,-8.51816757,8.09579584,5.72533246,-7.61388322,15.01394877,3.04263897,0.58816855
22.53906250,5.73249359,-7.51578738,8.62455120,0.63472665,-7.91917217,9.87000371,5.81773574,7.81160854
22.54296875,3.44877688,-8.30089167,7.27438334,-0.96969680,-7.66924350,7.91190610,5.46998582,7.35604549
22.54687500,3.56627400,-7.15994679,10.82866540,-5.60344366,-9.00945181,9.58237343,4.35021548,7.37421455
22.55078125,-3.37528079,-0.66095919,12.71650653,-7.49014442,-9.23728416,7.52930584,-1.07150575,8.80265646
22.55468750,-6.09775530,7.38310178,6.86284213,-8.31017814,-1.86887552,5.35606219,-5.69386282,10.94328896
22.55859375,-9.05365097,6.53152092,7.86077152,-10.54527271,1.80134805,1.64143511,-6.99788088,7.24274994
22.56250000,-11.14059298,10.94566771,9.35446101,-9.51758716,6.12695848,-0.58157252,-6.51724293,7.78026665
22.56640625,-7.10064899,7.86550912,5.40279266,-11.06828757,10.92405723,-1.58192074,1.88998243,0.26425537
22.57031250,-9.26283202,2.66069958,9.83962397,-10.46160108,4.58362743,-4.89717259,6.91046984,-5.15388225
22.57421875,-8.52360852,2.00546897,1.56002089,-4.43438911,4.83888820,-4.47674148,13.00158054,-2.76955101
22.57812500,-9.89200924,-3.72791383,0.37850509,-6.78378225,5.46273324,-3.83150248,15.91133555,-6.78102240
22.58203125,-7.80858185,-7.56763437,-0.44684730,-3.24435675,-2.66457622,-7.15691887,3.87266391,-7.12895234
22.58593750,-4.20396216,-10.88684580,-0.65636191,2.99514356,-4.66380708,-9.86085398,-3.51555121,-5.85901369
22.58984375,-4.82557456,-9.76120222,-1.29316186,2.81161224,-7.91775900,-15.29125248,-11.47575827,-6.62366561
22.59375000,-5.24243060,-4.10999938,-3.48203224,4.80473271,-7.29763232,-9.42097042,-3.23454466,-7.52934835
22.59765625,5.47248898,-3.79310493,-8.24974713,8.65118905,-9.37923077,-10.63058997,-2.96430164,-3.70504048
22.60156250,3.09177504,-0.67906789,-7.81192041,7.91909108,1.16856628,-12.82601193,4.48850648,2.90353209
22.60546875,3.02577015,7.27073391,-8.44665189,14.58186989,-2.66244287,-9.74547838,7.79700609,2.07687329
22.60937500,6.17027051,11.76528852,-12.12214523,13.58537952,2.60103774,-7.12229867,6.96659886,4.46384863
22.61328125,11.91048326,8.92131272,-9.81809450,11.40369865,1.73132658,-7.81481499,4.97308489,8.22651847
22.61718750,8.27348256,12.80155569,-8.83473345,5.56735984,10.66453227,-4.47882606,-5.02900555,11.29980176
22.62109375,11.38672857,2.83821808,-9.61000340,5.68912883,9.64830760,3.67710871,-7.86348661,11.96906193
22.62500000,7.94703300,0.24856098,-10.25000955,1.37080186,13.90886507,1.63285607,-9.97887258,4.54467542
22.62890625,6.74273207,-5.61431516,-12.55164582,-4.05701712,10.89274702,4.14587152,-8.20695202,2.82686145
22.63281250,10.28824924,-6.93511222,-11.82471502,-7.99386103,4.63064464,4.42315938,-1.52012555,-0.18875558
22.63671875,6.60974343,-4.21273312,-6.88990787,-9.07919405,0.52353805,7.02542345,5.72642504,-0.31780714
22.64062500,2.94412224,-4.63889144,-11.47153513,-8.79458201,-2.02780525,5.38080080,12.44646040,-7.81736614
22.64453125,1.20149327,-7.57764432,-7.43696153,-11.63222320,-7.15191358,8.72880575,7.38050834,-3.23776253
22.64843750,2.56576462,-2.31446272,-4.41754918,-8.06133662,-4.73889018,10.01649810,5.72243354,-6.95694883
22.65234375,-3.96007444,0.68739205,-3.12407653,-9.49268725,-6.41471722,8.96985184,-5.92365728,-8.78547401
22.65625000,-2.71397539,5.03772019,-4.01027530,-8.36114406,-11.19642492,8.51887509,-7.97428835,-5.07647032
22.66015625,-8.23754258,8.93376230,-1.71320646,-6.27264360,-8.33359079,8.22497266,-8.96478824,-9.06506714
22.66406250,-6.12434945,9.32948189,0.27696398,-2.99334190,-3.67528372,7.44610603,-6.34174305,-0.47394906
22.66796875,-9.60378450,0.70243595,0.26905894,-0.73452750,-0.72399292,7.20006001,2.52961850,0.87132264
22.67187500,-7.28434996,5.57178470,6.48240406,-0.40175527,6.71833103,9.79543620,11.55474508,6.29736627
22.67578125,-11.35558902,-0.85986182,0.43694861,2.08788087,4.78708347,8.05690121,9.96845051,7.16865371
22.67968750,-7.41233652,-9.20198863,2.58543517,7.49147028,7.19974233,1.32070623,9.38326582,8.17045837
22.68359375,-7.39838765,-10.23983894,6.83775177,6.83335688,8.99733967,2.81747695,2.52683403,11.39901150
22.68750000,-4.30376995,-11.56683147,10.86613509,11.97400611,8.04778398,-3.94867198,-5.52695227,8.99730240
22.69140625,-4.99071209,-9.60580641,7.20177220,7.92622116,5.23782161,-2.21287104,-4.69039813,6.84624903
22.69531250,0.42899135,0.23678241,10.18649641,3.22290710,1.17030573,-6.01804929,-7.77953982,3.98973903
22.69921875,4.69585695,-0.91949141,3.85921242,6.82563078,-2.64391908,-11.36743652,-0.76674209,-5.60358148
22.70312500,4.07574037,8.40312069,11.51873310,7.68711150,-9.49335357,-7.79968647,6.24122860,-3.43872523
22.70703125,6.92946514,6.36842676,8.86261731,1.45601752,-5.88081606,-9.72421477,5.07628376,-3.63823485
22.71093750,3.47663141,10.13296478,8.32410763,0.02893095,-9.15656257,-7.71508703,3.70459812,-9.47040681
22.71484375,9.03057915,10.55757439,5.75933252,-0.80870121,-9.23039132,-8.47604469,0.20971821,-14.18532951
22.71875000,8.19082159,7.33389831,9.84585708,-1.63612492,-6.77138054,-6.28299003,-7.73389653,-11.15809468
22.72265625,11.57329631,4.25530083,7.03548124,-5.35065456,0.23545089,-5.64346985,-13.62829549,-8.80200217
22.72656250,8.26097178,-2.26123821,9.46932510,-10.06245476,7.62952454,-2.42187362,-11.00849655,-6.26698638
22.73046875,5.58528179,-4.42952283,4.23888586,-6.54861518,9.91782802,-8.71967903,-7.56599932,0.37104946
22.73437500,7.91197475,-6.39201673,7.38731468,-8.52443789,11.66419818,-4.32821637,-1.36378978,-0.61107836
22.73828125,5.48557706,-7.75983471,4.29847170,-7.04363794,11.28880025,-5.54316169,4.84012896,6.85107623
22.74218750,-1.62903890,-7.89211503,2.42934233,-7.35442742,8.95675019,-2.17806947,9.41812308,9.44061722
22.74609375,1.51952128,-4.09173756,3.03016459,-3.47683331,0.88471355,0.67953624,4.31224996,7.23652540
22.75000000,-1.83929926,3.61288570,1.19775179,-0.88146406,-0.61507403,-0.44571055,-2.79695450,13.79483607
22.75390625,-5.94558243,4.94238822,2.29724105,2.26840926,-3.84025030,-0.58713351,-5.60913137,8.30892983
22.75781250,-3.75697390,6.36178972,1.73760694,5.81992889,-6.12996865,5.46270307,-9.63173667,7.31175703
22.76171875,-8.89423468,6.91685901,-2.40767506,7.34404690,-7.50743894,9.31052170,-3.28475104,9.74051062
22.76562500,-5.28849859,9.03341922,-2.57135506,5.65350635,-15.08870044,7.39992107,-0.85393833,-1.27866998
22.76953125,-8.69747532,8.52627640,-6.96751391,11.55533876,-6.17246556,11.44750384,10.54095666,0.03165488
22.77343750,-9.41351293,-2.08493373,-5.93183266,10.05694379,-4.68981781,8.40051155,10.77829705,0.62720974
22.77734375,-6.90674218,-7.80926926,-9.12788022,8.75081870,-3.78417727,9.51481888,10.24775632,-6.45218484
22.78125000,-12.33521606,-10.18734181,-10.25592640,6.52066894,4.58863907,4.55572694,2.43303330,-9.82544230
22.78515625,-6.87809254,-12.21422421,-6.98771366,1.93775175,5.59880834,10.22405103,-1.40681363,-4.39783143
22.78906250,-5.23623192,-10.20824574,-9.85398303,-0.82190470,7.59928258,5.80090727,-8.26804922,-5.33208051
22.79296875,-0.29524491,-8.64178829,-5.69301630,-4.28299243,11.36478962,7.03852117,-4.31198429,-3.58415975
22.79687500,-0.66913956,0.29571387,-12.25312997,-3.53585949,5.50388992,-0.03379892,-3.31517509,-3.79620598
22.80078125,0.54424256,2.36299542,-10.00983652,-2.72108040,6.00685178,2.13257549,-1.69868849,-2.12761888
22.80468750,5.48631413,8.39752972,-10.19957239,-11.17112651,4.19285154,1.49837186,9.15609165,4.18801480
22.80859375,3.51116700,9.42882073,-10.57674640,-10.78051058,-1.76910070,-2.71687542,8.40436781,7.78819587
22.81250000,6.36855906,10.82421152,-8.57347021,-12.04116524,-8.69737983,-0.71093982,4.83236534,7.36580916
22.81640625,8.18109592,13.04365695,-8.68620201,-5.14237127,-7.49369804,-3.70769356,-0.10946384,4.80935809
22.82031250,8.22465060,5.39194969,-10.02569526,-6.93353828,-9.93181986,-3.26260413,-7.49136280,7.33906932
22.82421875,8.73830487,-1.28112277,0.03146279,-3.90105233,-6.50917472,-6.49583194,-10.10548256,7.73942288
22.82812500,8.01708763,-4.78063444,-4.95810690,-3.44851489,-7.00264972,-7.05587613,-7.56737510,2.18379062
22.83203125,9.39028776,-9.10484040,-1.25636538,-2.47196885,-1.22111012,-6.81785789,-2.77095671,-2.39205869
22.83593750,9.37435802,-7.80145538,-2.37006577,5.51997781,0.68723739,-5.98291279,2.52782656,-1.11251410
22.83984375,5.58984959,-5.05474390,6.43539195,4.59854850,7.01783609,-8.94224021,7.77282853,-1.89391328
22.84375000,4.74658665,-6.63814003,4.02461570,7.32509524,10.79381126,-4.83856935,14.05750653,-6.44791858
22.84765625,-1.60672111,-2.93458460,5.07739321,6.73863698,14.14046510,-10.67532199,3.06522933,-9.40818086
22.85156250,0.93452748,1.68681072,3.50726617,10.66461166,10.51725265,-7.42739866,-1.67207921,-10.01128115
22.85546875,-5.25464254,6.73211847,4.19040098,7.21483347,6.45404905,-8.84871975,-7.31693780,-8.39507174
22.85937500,-5.01515343,8.20059376,10.84037613,7.26311067,1.64412225,-6.41250551,-8.63136277,-8.41020803
22.86328125,-5.38712588,9.58766866,12.38559797,8.18848105,-2.73619234,-6.15125218,-3.09102628,-4.14445560
22.86718750,-8.67123199,7.17438024,15.56151392,5.58095531,-7.31784775,-3.47759276,2.14659611,1.57903740
22.87109375,-14.23376342,5.39177288,12.01563187,-1.72106758,-11.62786518,-3.22292657,11.32268099,1.61251732
22.87500000,-13.71141239,1.15249653,9.97541918,-2.41325266,-12.43640537,4.98010217,12.10648969,11.71262921
22.87890625,-10.26130668,-7.03602302,9.53983778,-4.78157004,-5.92725000,2.84380445,10.61959543,10.58364930
22.88281250,-6.72397062,-9.39157038,3.93640479,-4.89662800,-7.27753693,4.68386218,-0.41600078,12.28863246
22.88671875,-6.17846456,-12.98012755,13.08086705,-7.04617283,-1.11973422,6.66364952,-4.36495201,13.04584273
22.89062500,-2.41636799,-7.32559063,6.98235167,-10.79248779,4.35825296,5.00551854,-7.86503319,4.56635791
22.89453125,-3.50934966,-5.06713106,6.41774240,-8.85029195,8.76921392,4.09425778,-9.37341058,5.30201031
22.89843750,1.49499782,-5.51206709,4.30951117,-9.71272513,11.83194896,8.05871214,-2.46843680,0.70078497
22.90234375,-1.32676366,1.56701664,3.56726043,-7.56633397,10.19841226,11.14907297,1.26008356,0.24407167
22.90625000,6.90303322,9.32055728,6.94991335,-2.38372006,14.05035777,10.90637334,6.89945928,-6.81128863
22.91015625,10.68764729,10.33957410,0.06408715,-3.11340737,6.48883300,8.62385371,6.04834902,-7.83828188
22.91406250,5.76425824,14.84078679,-0.23764871,-0.80897572,9.22659586,9.58857013,3.41482836,-10.14514946
22.91796875,8.48890499,9.66411596,-2.58967674,4.89624998,0.88368216,8.35802666,-3.48053240,-12.13621128
22.92187500,8.89216669,6.02805009,-4.76311745,4.97807341,-5.00618926,8.16934509,-6.47206856,-9.98196819
22.92578125,5.44899778,-1.17610535,-6.92752410,10.66705902,-7.25153363,2.07053700,-12.78270335,-9.34210908
22.92968750,9.52541772,-2.63032910,-4.46316152,10.62735708,-9.07640431,2.55509255,-7.23190911,-2.39486280
22.93359375,5.98482059,-5.52111217,-7.48377029,9.90025326,-9.74555929,0.38423974,-1.33781820,-0.51896909
22.93750000,7.62389869,-10.32168031,-6.65986427,10.90622358,-5.99629283,-1.27403981,10.92064163,1.77281632
22.94140625,0.56767750,-5.86026392,-8.15077486,8.10198395,-3.37821497,-2.07037981,9.11062832,11.20520549
22.94531250,2.70655852,-3.50495971,-8.19225899,9.27089071,1.94569851,-4.88543441,6.58575528,11.67700413
22.94921875,-0.64682196,-2.87603402,-6.71142065,5.73579760,5.33030693,-7.19569134,-5.03771032,9.55641865
22.95312500,-8.09524559,5.42404228,-8.04211832,2.74049080,6.44875795,-2.91373225,-3.45671319,12.33325738
22.95703125,-3.40191164,5.74012386,-6.77065300,-1.57654548,11.45631903,-8.03717211,-11.18178182,10.06351231
22.96093750,-4.74154900,5.84166915,-9.42039989,-3.85598394,10.09146962,-8.01825877,-8.17543058,4.93367752
22.96484375,-11.16649652,7.92886631,-9.33523369,-6.35087902,5.10724671,-11.02118049,-2.31686405,6.75498231
22.96875000,-10.26827556,5.24604824,-8.76124431,-7.71702004,2.75456784,-9.08080158,7.73781980,-1.19667052
22.97265625,-5.90146961,-0.42446602,-6.61536411,-12.55944157,-4.17954427,-8.86808449,8.41718866,-2.58432146
22.97656250,-10.93078442,-5.38055512,-7.29490332,-13.42045698,-6.75806469,-7.49430980,9.15704231,-3.35796605
22.98046875,-6.20466670,-9.63775000,-4.60005174,-10.47932975,-5.61933007,-13.22384521,6.55863930,-6.75576457
22.98437500,-7.53810967,-7.28370528,-7.28459648,-12.92188345,-6.82337881,-6.90370542,-0.76137863,-6.13513382
22.98828125,-6.02784691,-9.76120807,-1.99153694,-10.61647610,-13.71831870,-8.70062603,-4.95192080,-9.99300589
22.99218750,-3.17103959,-6.61293880,-3.74115712,-8.47680965,-8.51497159,-8.00772061,-3.97990534,-8.83371253
22.99609375,-1.19985052,-9.48235337,-5.37298502,-3.08055079,-1.23829806,-0.97842743,-4.37287590,-2.99361895
23.00000000,0.84868863,-5.64939942,-3.28741676,2.25181434,3.13621828,-4.87070803,-1.61413853,0.47029457
23.00390625,7.24421404,8.65181546,-0.97910988,4.84142295,9.90763275,0.95049209,4.61732514,3.00048600
23.00781250,6.25320181,10.79008913,0.59972858,8.62074172,12.01936951,0.20139535,11.14589760,1.60520416
23.01171875,7.17196661,11.90944900,1.69406379,9.28077346,12.67803863,2.14490375,9.44124714,7.24818876
23.01562500,8.90008345,9.69316598,5.85538124,9.83559279,13.31324110,5.08947426,0.20840868,5.06701660
23.01953125,11.40524629,7.23082503,2.90206110,9.31625013,10.18289649,8.91932236,-15.07124710,4.61573011
23.02343750,8.43918405,6.52133569,4.97153421,16.04179371,7.05780353,11.88212667,-12.46507421,8.86275129
23.02734375,11.02346294,-0.99701399,9.90885339,9.76465181,3.01203491,11.25418273,-10.56560392,5.73897135
23.03125000,9.98775021,-4.93353621,8.34689409,5.46049198,-5.20000768,10.70351158,-5.65088802,0.87393478
23.03515625,7.08584226,-3.73114884,11.38296296,10.37996226,-6.07913170,9.23630597,3.85681814,-3.97577573
23.03906250,5.52064859,-6.27703566,10.37122992,5.75467616,-6.76355472,10.98418837,8.50764755,-1.43338040
23.04296875,6.30551276,-4.35481416,10.94976452,0.23289599,-12.52330439,7.52812676,7.62545431,-5.00980527
23.04687500,1.81593693,-7.75638213,6.74737982,-8.00679500,-13.73569854,7.84635509,2.19702959,-11.07941110
23.05078125,-2.77400924,1.36590253,12.49252284,-9.64155814,-3.03063283,4.97596872,-1.33941800,-11.79072768
23.05468750,-1.52964749,7.56996511,8.16481339,-13.05167979,-0.70843722,0.61852662,-6.76704238,-9.74116966
23.05859375,-5.22468237,6.43298522,8.26226027,-12.20198590,4.79100881,0.08964207,-12.69737972,-7.27337460
23.06250000,-5.39497056,8.52679375,7.35030380,-12.94112249,5.03422805,2.88130976,-6.74689637,-2.88938045
23.06640625,-10.26230692,5.62235237,8.55336616,-10.08179842,10.60747730,0.43523840,-1.10197966,1.18222151
23.07031250,-12.96225035,1.24156450,4.93516219,-9.85402893,7.12819295,-4.25286265,9.04007777,3.84636135
23.07421875,-12.76013867,2.25110174,4.81719766,-5.36522301,6.84623302,-1.73293312,10.67474426,3.07248077
23.07812500,-13.29348720,-9.65805707,4.83869978,-5.22546368,0.28103929,-7.55719536,8.20348271,9.86785173
23.08203125,-9.86844189,-9.50937304,4.04167767,-1.52421072,1.43630251,-10.49748135,5.81212160,13.93008564
23.08593750,-7.48779775,-10.76788152,2.70779576,3.64051747,-3.19435958,-10.85013418,-2.72904645,7.30832700
23.08984375,-9.60856315,-8.18042731,-1.12947393,5.71840839,-3.75924628,-11.52624171,-8.95410781,9.60596435
23.09375000,-1.92831245,-6.73348732,-5.85648683,4.36358054,-8.93822462,-14.25024484,-10.28882816,5.64093231
23.09765625,2.04572822,-3.62211295,-9.59745536,10.00587344,-9.09301342,-10.28590320,-6.49531629,3.49670493
23.10156250,1.83872105,1.26144801,-11.99093172,11.59377021,-7.45480196,-10.17947792,-0.35010367,-6.79021068
23.10546875,4.56323970,6.74510955,-8.54644253,8.22288117,-4.65438537,-8.53078310,8.45175396,-3.42366252
23.10937500,3.29086818,10.96127426,-11.10782959,12.12771538,2.77881704,-8.04847700,8.87816300,-9.17455103
23.11328125,9.07693793,7.62947846,-12.66978781,9.68792742,2.85913175,-5.02751012,2.25065773,-8.19162791
23.11718750,9.05088108,7.46993633,-8.79267093,8.22368758,9.67718147,-4.80071065,-4.23574197,-12.75992665
23.12109375,8.58496934,4.42976646,-8.10493735,2.51179540,9.48861765,0.07323140,-12.60308572,-10.39992708
23.12500000,6.78121016,-1.52799993,-8.38359270,0.62114308,11.28671028,1.31694228,-9.53545581,-8.13097157
23.12890625,9.25111568,-4.26987260,-11.04112026,-1.38830704,7.16296345,2.61023143,-8.02963629,-4.08061041
23.13281250,3.39931838,-6.35519571,-8.04349959,-6.60170817,3.87039587,2.25464157,-0.35748193,2.89183744
23.13671875,6.62655540,-8.40529101,-13.11231256,-8.25947887,1.43725307,5.18597864,2.91451232,2.85953385
23.14062500,7.82234461,-9.96178283,-14.68213353,-9.27344038,-4.19160128,6.40163248,9.02306984,11.37388594
23.14453125,0.18528461,-8.77616206,-10.42320949,-8.89259426,-7.78577345,11.03820655,5.42088602,8.54314068
23.14843750,1.02543318,5.78451763,-9.07951920,-10.16926289,-6.95143861,6.72744126,4.03002325,10.43758054
23.15234375,-0.80863849,4.79189511,-7.31503858,-10.70123302,-8.55628817,8.69712959,-5.05820959,9.09729807
23.15625000,-3.64413869,4.11144158,-7.57234525,-3.90987425,-9.62656310,9.28465666,-4.88686332,7.04706712
23.16015625,-7.17328412,9.21509889,-2.41351419,-7.46061683,-6.92854313,7.56224847,-9.58084529,11.55269041
23.16406250,-12.22399660,8.00204796,-0.88629288,-1.89149004,-4.93098916,11.28346389,-5.15932343,1.80277723
23.16796875,-9.03228685,6.46019669,2.38014986,1.95779883,0.74767056,6.52368168,2.73182788,2.99359960
23.17187500,-10.23959538,4.65016490,1.90735725,3.72379919,2.08432858,6.44917070,7.73319308,-4.14403993
23.17578125,-6.53370148,-3.77021449,5.44735626,2.83717958,7.46283265,4.55127586,9.63981185,-9.21164619
23.17968750,-5.85265786,-4.85085563,6.22692797,8.34644561,9.38663261,3.96441037,6.91202513,-5.94313006
23.18359375,-6.31826047,-8.35643918,4.52176258,6.34354829,7.46358002,3.35615117,3.88508326,-9.06698730
23.18750000,-7.98967602,-10.57428225,7.57024693,10.48762489,8.93843711,3.18708684,-5.14291559,-9.23039663
23.19140625,-0.78808280,-9.88035983,8.75708386,8.13325693,3.12053846,-3.55365352,-7.56390439,-8.34021824
23.19531250,-4.82167594,-4.20826021,8.27881320,8.82079107,0.79637842,-5.02000597,-10.89159994,-4.21957042
23.19921875,0.21367137,-0.20413272,7.67439085,9.62933361,-0.80345389,-7.01105839,0.11114885,-4.59319237
23.20312500,2.51382975,2.71276659,7.04979659,8.10409412,-2.31591005,-4.59681670,5.82165066,-4.43465272
23.20703125,4.51547203,10.15771235,9.94202589,4.23883750,-2.69096318,-8.49259764,6.61046625,4.76976974
23.21093750,7.07674968,11.18081319,6.92960551,-1.17088448,-4.49106029,-6.30813743,7.12578337,9.30165356
23.21484375,9.89553732,13.50489248,9.04096657,-3.89844458,-2.19438748,-9.76071078,-2.62689651,9.41402683
23.21875000,8.81444139,7.11208873,7.68433192,-3.60988970,-2.11533188,-6.98432754,-4.35149831,8.09920667
23.22265625,10.99986607,4.32504526,10.66554615,-7.87885520,2.07537500,-6.25614166,-9.80945514,4.53917972
23.22656250,10.25171061,2.39283086,8.23366922,-8.83826951,2.42658984,-9.04782959,-12.62378927,6.37835417
23.23046875,4.52496327,-4.91507013,7.97901315,-7.17429839,9.11173494,-6.82847144,-5.61467734,3.12657905
23.23437500,5.92458729,-10.84013685,5.89689227,-10.48590686,9.49548580,-6.74714278,2.78222529,-0.49148344
23.23828125,3.49704952,-8.80676250,1.51078706,-5.26348271,10.98261301,-4.89765706,4.88757831,-3.96537262
23.24218750,2.46825703,-8.14786425,6.60476811,-3.94157977,7.44927790,1.31257997,9.46259232,-4.32831255
23.24609375,0.60349979,-5.77249817,3.44650575,2.04617806,3.35186450,-0.81766002,11.52915719,-11.17268032
23.25000000,-0.60022851,-3.50470646,3.28814153,-5.22723502,1.85489326,1.65032725,-1.43101375,-9.93231925
23.25390625,-5.75923206,0.81942827,-2.89612548,3.01358239,-8.10193465,1.23844422,-5.85333074,-7.96846336
23.25781250,-6.24816089,12.17735546,0.41465703,6.74438705,-6.33677856,6.70575064,-7.80785203,-5.49830097
23.26171875,-9.61898995,8.61160924,-2.32008195,8.19850913,-10.74676641,6.48489217,-8.72630184,-2.98887643
23.26562500,-6.81848339,9.66334553,-3.88863270,5.12217599,-9.23042556,9.45805873,-1.07470827,-0.26455534
23.26953125,-7.59513339,7.80517022,-5.50298910,10.30482934,-8.89626785,7.33778193,6.69779713,0.72883804
23.27343750,-13.23521800,-0.30043408,-8.68972844,7.21872438,-8.09316879,7.58959720,8.52569645,9.07422809
23.27734375,-12.26035890,-4.67763568,-7.82680781,7.14358107,-3.07821074,13.54248551,11.03693007,9.94844278
23.28125000,-7.59071125,-10.38719034,-6.00166449,1.24432613,-0.75885677,4.23758648,4.61450555,13.45325924
23.28515625,-6.70739445,-10.45087054,-10.97870529,4.61130090,8.63528886,6.46988730,0.41521341,8.84972080
23.28906250,-1.63340786,-11.78478310,-11.93629955,3.31435621,10.76499423,5.64553500,-7.80828412,8.04729613
23.29296875,-1.86826905,-7.22870544,-5.08193471,-2.42069290,12.95599147,7.57875582,-5.76727037,8.39377695
23.29687500,1.75067814,-1.93940515,-10.58230162,-2.17588419,9.99176505,6.30156968,-2.27698533,3.20736973
23.30078125,-4.40988807,1.56606248,-12.93878381,-6.16861065,8.44161580,1.90354283,2.39292820,-3.60834409
23.30468750,5.05371605,6.53853366,-7.01030617,-5.97085245,4.00500876,1.82816527,8.14849916,-4.61458332
23.30859375,6.10081702,7.45924566,-7.84374075,-11.11966401,-2.99841214,-0.03439900,8.33002068,-8.37015513
23.31250000,7.92491777,11.17128391,-11.06944242,-7.33339727,-7.66322076,-0.96440288,3.49296022,-10.19673712
23.31640625,5.78242209,12.27635920,-7.76522095,-5.05242913,-5.09450617,-3.90076623,-2.98186080,-10.82538330
23.32031250,9.71356316,7.30794482,-5.86317256,-6.36244323,-10.72823124,-4.88670001,-10.54236535,-9.06407108
23.32421875,6.21036743,-0.09833111,-3.34431498,-5.54546529,-9.95713832,-9.98886694,-10.58103007,-8.96207708
23.32812500,0.41934330,-3.03789658,-0.52460704,-6.31580479,-4.31223802,-4.03808081,-9.62665940,-7.93171924
23.33203125,7.67143496,-8.34448535,-3.47791993,-2.82882555,-3.05587953,-10.19394563,-4.37720653,-2.63647506
23.33593750,7.34018155,-9.80120759,-0.82316410,3.59944515,4.53207580,-9.14639963,7.87785442,1.24039806
23.33984375,3.83686974,-6.83755930,-0.81885378,4.99191218,5.87047901,-10.27774284,7.90991386,4.79898010
23.34375000,2.29237990,-5.74506592,1.96855159,7.96090347,7.25056993,-6.21870202,6.23586547,7.17493492
23.34765625,-1.75762304,-0.66756966,4.68313575,6.67920726,12.83220006,-11.68632243,7.32224972,11.81908822
23.35156250,-2.09933327,1.93225335,2.88119991,9.61646643,9.59260997,-11.28797025,-6.06562895,14.66509990
23.35546875,-6.87329876,1.65812054,14.87131397,8.43627024,6.01173010,-11.54069364,-8.21127562,6.70018432
23.35937500,-8.17774702,10.55148116,10.47206448,8.28054944,0.23424538,-5.22508818,-12.70799505,4.30643175
23.36328125,-8.00368074,10.03906616,10.47183173,6.16491676,-2.93635714,-5.65729975,-7.11502766,4.63761319
23.36718750,-6.53269862,7.89071308,7.73359422,-0.46638795,-10.49209548,-3.19535769,2.15759039,-2.67773846
23.37109375,-8.67890489,5.42574404,9.31217979,-0.16499218,-6.98464238,-1.62149277,8.12656838,-5.68547281
23.37500000,-12.62471573,-3.06063795,12.15285827,-0.80494463,-11.50805976,3.06946042,10.55310404,-3.29018990
23.37890625,-7.72765515,-2.94507634,10.09290857,-1.46852684,-12.98644996,2.39485504,7.72350753,-5.21199332
23.38281250,-9.12143019,-8.23412014,14.14724613,-8.79671883,-9.10263905,4.07891928,4.58900884,-9.84559783
23.38671875,-6.30202469,-8.22870612,11.32921887,-8.41637923,-4.01787871,4.07172569,-6.86334044,-8.11646354
23.39062500,-3.56750697,-10.60647558,7.70041818,-9.42060915,4.84246851,4.39024870,-10.99703496,-6.12150329
23.39453125,0.07433681,-4.95686182,6.79394099,-12.16437288,6.52910646,4.29979855,-8.12645558,-7.10214652
23.39843750,3.55986254,-1.75314922,7.63079525,-7.60758038,8.47414230,7.15990781,0.24914577,-4.93395715
23.40234375,2.22595653,2.52779813,5.56155291,-5.19715224,13.43161968,8.72301302,4.42020809,3.11981478
23.40625000,-0.14854431,6.82360975,-4.20602237,-4.35504014,9.49038309,8.83357799,6.25081008,4.61139271
23.41015625,4.27736163,7.82839522,-0.13146032,-3.34130435,10.45264614,9.43611488,9.63875324,5.02846119
23.41406250,11.61920886,7.13860140,1.01918854,0.49232446,1.05336174,9.61082141,3.65453357,9.19650134
23.41796875,7.61605658,8.66192140,-1.82153662,0.00759277,0.35780032,11.95246985,-3.03554466,12.07697691
23.42187500,9.90771326,6.69961816,-3.43889280,6.71335040,-5.66424376,10.36752688,-10.46990067,9.26863251
23.42578125,13.48522576,0.26647456,-2.10228759,2.32160068,-8.57974995,7.72270056,-12.85937404,5.68289225
23.42968750,10.33945049,-3.21231679,-3.93999852,10.96296037,-10.45133991,7.60680125,-6.48820855,2.85735218
23.43359375,8.45044527,-8.05096311,-4.63356551,13.52023336,-9.51625437,4.31052796,3.27167907,-5.14639940
23.43750000,6.75245200,-7.24110472,-4.98379355,14.39718392,-7.79530150,3.78765456,9.16177011,-6.58236519
23.44140625,8.44336522,-9.14199549,-8.21745141,9.95357552,-8.31322168,-2.26034831,10.43635491,-5.03841472
23.44531250,-1.86513501,-2.37930911,-7.52054312,3.75909922,2.24786915,-1.20075280,5.34899514,-12.50326087
23.44921875,-0.53555571,-1.05796846,-6.33749984,9.45693596,1.21766110,-4.60685392,4.39390140,-10.87588075
23.45312500,1.81946057,0.64411070,-11.84361974,6.29850777,5.13380778,-4.38926624,-7.54336952,-10.30372490
23.45703125,-6.74092345,6.84991991,-11.80581203,1.90589761,9.72291774,-5.83665842,-6.81254118,-5.74914963
23.46093750,-8.90653523,7.66221473,-8.05220477,-7.45765233,7.22220892,-5.64799165,-4.25234357,-2.68952695
23.46484375,-6.58428684,7.85329849,-6.62617920,-4.93888742,5.30286227,-2.59140127,-0.84642301,-0.15884898
23.46875000,-12.60243682,6.48571263,-9.66674161,-8.47536473,0.14391698,-9.03203030,4.84329249,4.01621146
23.47265625,-9.38649246,-0.21787894,-8.70056404,-12.69945508,-1.93648902,-10.77576114,9.67745413,7.61631844
23.47656250,-7.05841028,2.28034412,-4.00168165,-11.28123244,-4.68970288,-8.29878068,9.43656851,12.37945449
23.48046875,-8.78938358,-6.67725393,-4.20639943,-11.41700761,-6.67135388,-8.87395653,8.15077496,10.54099455
23.48437500,-6.29543866,-8.73404586,-4.21080302,-6.85187350,-6.20612940,-6.26673682,-1.09538701,12.68207267
23.48828125,-4.38588811,-8.95164648,-6.89596655,-10.27145428,-5.92031809,-5.32654246,-2.44211799,8.39425293
23.49218750,-3.00489391,-6.65632786,-6.25278484,-6.68666713,-9.44957961,-3.96977348,-11.77748966,5.42969498
23.49609375,-1.09662233,-4.58510966,-3.03635300,-0.79174222,-4.48432082,-4.25511802,-8.94808784,4.78439569
23.50000000,1.36376700,1.23903503,-0.42982183,-1.62027182,0.13247607,-1.40230221,3.02033194,-0.16962687
23.50390625,1.88767761,10.24916912,-0.29253031,2.38369906,8.37075834,0.11472690,6.42054727,-5.80596816
23.50781250,7.00092443,8.19825226,0.37597317,8.17991585,13.34108887,-4.46955680,11.82575324,-6.73448294
23.51171875,11.00025392,11.45261006,0.83977965,11.16415746,12.04781738,6.12839801,12.04846243,-16.79877335
23.51562500,10.11089901,11.35635151,1.92293418,9.48469835,12.66598743,4.54757533,0.69412056,-12.43593564
23.51953125,7.95855916,5.61962454,2.07302371,9.83304365,7.27366171,10.25549479,-5.45914955,-10.90691672
23.52343750,8.08907211,5.30576527,8.09872090,12.25460166,7.66476047,10.06517067,-13.92365918,-10.51245186
23.52734375,10.26538861,2.35697848,4.04725290,12.31702373,-3.41972809,7.04427112,-8.20960535,-9.08852289
23.53125000,7.15838207,-6.34523560,10.00274171,7.18436348,-3.61679633,11.56268608,-3.39942712,-1.56758210
23.53515625,6.44410000,-9.26532037,9.78792854,3.69861542,-10.75736317,13.63567050,4.03907750,1.53029538
23.53906250,7.75310153,-13.07465325,10.31855433,2.64347285,-8.77071733,12.53763607,5.82607584,6.11027431
23.54296875,3.97639292,-3.25952037,11.75049424,-0.03442571,-8.30963504,8.94808417,8.02282632,5.36136340
23.54687500,-1.22310560,-3.81506850,14.58424994,-4.85065661,-9.68327032,7.32924120,4.95637091,7.47148980
23.55078125,-0.01269192,-1.28705890,13.32976021,-4.84977550,-7.85571127,5.89118519,-0.83559907,10.78179709
23.55468750,-3.02246505,3.70015614,8.09978394,-6.52387485,-2.41597295,4.08339393,-6.24677323,9.77776954
23.55859375,-5.69708062,8.60547204,8.42376937,-6.14230111,-3.52701349,7.89580311,-8.01221278,9.25826174
23.56250000,-7.04934039,13.33780344,9.86877886,-9.77814444,6.57718462,2.65318949,-4.81890578,5.94909473
23.56640625,-7.12016740,5.71188715,9.44309209,-9.69173376,6.17111047,-2.58141468,-0.28757145,3.61425279
23.57031250,-13.25266758,3.47777568,6.26826625,-6.40789124,6.53944154,-2.38013940,4.97191355,-1.84384345
23.57421875,-9.62336868,-0.75599131,4.52186665,-7.84329917,6.87671595,-6.68393830,11.01283887,-4.42334257
23.57812500,-7.87605993,-5.36613112,4.65628494,-5.69313881,3.26607113,-11.33396368,7.59636511,-7.42827690
23.58203125,-12.13001728,-7.70539101,5.82782379,-1.74787155,-2.91867222,-6.77890727,5.54410537,-10.18883417
23.58593750,-5.92893884,-14.63983093,-0.78516996,1.51248229,-4.82909987,-12.38958402,0.20386688,-7.02089786
23.58984375,-2.58268985,-10.21303839,-0.73851618,6.51405553,-8.05082914,-12.44641412,-5.06225916,-4.35089246
23.59375000,-4.50489013,-5.40407246,-5.52702722,3.60999100,-4.91366203,-11.78353850,-12.42237278,-6.63795496
23.59765625,3.75001859,-7.44176484,-6.15575733,9.78160901,-4.94983341,-13.74892922,-3.95140908,-2.72565382
23.60156250,1.52087379,3.17401269,-3.72933603,6.56594949,-7.15735759,-9.18957534,4.12371171,-0.51567417
23.60546875,4.66064731,7.65431953,-8.93413342,11.44467574,-3.89307020,-5.63902360,6.82197450,5.02058150
23.60937500,10.74884335,8.30024156,-10.21448100,11.59580894,-2.90174119,-10.21432731,10.68196969,4.70958470
23.61328125,7.01876170,12.83932274,-10.91871881,7.46961242,4.57709462,-7.21592374,1.76302586,6.27660628
23.61718750,13.09676915,11.97040992,-11.47687510,5.98571681,11.32412478,-3.89036452,-3.37878451,10.95468312
23.62109375,12.56644729,4.11344794,-10.48862402,5.19890868,10.62883850,-0.35847989,-9.62272211,5.07289925
23.62500000,6.22734913,-1.10390539,-5.86995492,-0.77713956,9.91115214,1.17683222,-9.16566449,10.56468363
23.62890625,11.91573082,-4.67065919,-11.84806341,-3.29879954,11.34197613,1.48092035,-7.60390364,-0.47459824
23.63281250,8.83055746,-6.11655384,-7.36959087,-4.72189460,6.21073269,4.37108427,-0.83740653,0.48806058
23.63671875,9.89961984,-11.18910625,-7.29820580,-5.29367100,3.02798304,1.95428618,6.74845275,-2.87354487
23.64062500,2.73834788,-8.89004999,-11.11389844,-6.03616791,-4.03220646,5.77444282,12.50790767,-7.77026238
23.64453125,1.06789452,-3.43786070,-6.90422520,-9.89986565,-3.49997108,9.08954074,6.78827769,-4.37010052
23.64843750,0.61047479,-0.91687144,-7.89343322,-14.68404435,-7.39400642,11.34258013,3.84199093,-9.14457887
23.65234375,-2.92273129,3.59616571,-3.67246025,-8.35403729,-11.56933149,13.03011964,-4.06551315,-10.85824263
23.65625000,-3.54025791,3.54453380,-3.55795385,-7.08332183,-9.45158003,11.79277670,-8.21043458,-2.71551418
23.66015625,-5.54751136,7.87138458,-2.08413782,-7.16910036,-5.13917002,7.57858328,-9.59662431,-6.16566275
23.66406250,-7.64551473,12.13352330,-1.38698018,-1.72841837,-2.55510494,11.08837318,-8.32009289,-0.99062435
23.66796875,-8.03469972,5.12736804,-1.24390461,-0.62634751,1.80028707,7.02076464,0.57998469,-0.51339397
23.67187500,-12.44672336,-1.09123399,4.18111860,0.01701386,6.14485125,10.63457572,9.80457013,2.99138973
23.67578125,-8.17242447,-5.16165633,5.62450288,6.40216198,7.77367700,7.46421269,6.21696093,10.11107896
23.67968750,-6.15579183,-6.01085894,5.74196285,5.32088490,9.20961122,4.25697576,8.40134953,12.13110323
23.68359375,-8.37380432,-10.83826159,8.12135055,5.43780096,7.86969366,1.04971609,2.12557273,10.57292581
23.68750000,-0.29622785,-11.69432818,6.06401925,8.80970391,7.70282795,-0.46986344,-6.22662135,10.91645282
23.69140625,-3.16332671,-9.27445036,6.49188312,7.06429424,4.61043260,-6.11742302,-12.90814008,5.83388876
23.69531250,2.20878535,-3.97000157,7.29826866,9.62105174,0.09384056,-5.78087173,-5.44080689,3.95393234
23.69921875,2.21902002,4.07812301,5.60886114,8.52671678,-7.61445991,-11.79977650,0.27031281,-4.65884578
23.70312500,0.96671738,2.69878182,8.22152582,1.27731602,-6.05611977,-8.82327927,5.56417151,-3.66661016
23.70703125,4.65137342,10.16579336,6.11114396,3.68113779,-7.21756461,-8.95869793,10.73245635,-2.21092275
23.71093750,6.65604943,11.57572359,7.01296610,-2.13631043,-7.80253863,-6.28453710,8.84312484,-8.29279013
23.71484375,6.70544545,15.05182298,6.22614945,-2.69287022,-1.83043033,-9.25061781,3.46512029,-7.55929824
23.71875000,11.05502391,8.40452754,9.59227055,-5.26540392,-3.86182588,-7.44213201,-2.77651448,-12.87735949
23.72265625,8.89104382,6.19475489,7.47677983,-7.43229402,-0.70044448,-7.29108323,-16.11612502,-11.72249502
23.72656250,6.32364290,1.03977776,6.37751938,-5.28319328,3.52150649,-7.67279568,-11.18592493,-4.77446049
23.73046875,9.52423653,0.32774308,3.08018503,-8.78257637,8.10283863,-4.56014427,-4.52465491,-3.68296269
23.73437500,7.24692698,-9.72863823,10.29617677,-10.49316772,7.14071807,-10.02473797,0.71887890,-2.81561088
23.73828125,3.30945613,-9.35381501,8.28075393,-6.72357665,7.46970959,-4.37199357,6.65636890,4.58338078
23.74218750,2.97631553,-7.94534681,4.88783080,-5.40118580,4.23108467,-3.20160105,9.75826162,10.31876140
23.74609375,-0.40782337,-1.73388876,1.11000808,-4.21683025,2.74616069,-1.48679570,8.22026829,7.21791288
23.75000000,-4.02854423,1.64061740,1.46853241,-2.67609915,-0.54397791,-0.18723370,1.94276726,12.74848421
23.75390625,-2.76005531,4.59862916,0.24926769,3.52667230,-7.50370465,2.67113740,-5.76850322,6.93728078
23.75781250,0.48823694,10.50595087,-3.19063015,3.14628491,-9.23478926,3.94574830,-7.58102007,6.47134244
23.76171875,-4.99823265,3.48226708,-9.53057373,7.08239613,-7.90592323,10.02082664,-4.69886683,2.81782547
23.76562500,-11.46281836,7.30064972,-4.69287382,8.16530204,-11.04905166,6.98108523,-2.05280701,4.99081827
23.76953125,-6.81296756,3.31717854,-7.21914391,9.98073410,-10.91910217,9.62527306,5.34144297,-1.29530643
23.77343750,-10.42202642,-0.36049774,-6.00898209,9.51336423,-10.97295402,9.93203404,11.57670619,-2.54154171
23.77734375,-7.71246450,-4.93525782,-5.63774251,9.07233652,-2.39381799,9.26521225,8.79852415,-8.45152889
23.78125000,-9.42622109,-8.53049097,-5.38076091,7.00864233,1.83598004,10.09832201,6.84951525,-7.39974114
23.78515625,-6.70427451,-10.08043208,-5.69251675,4.36928451,4.47653971,7.26794800,-0.96278737,-10.33828662
23.78906250,-6.93529046,-8.26153297,-12.71334229,-1.56738151,7.83109185,6.74758023,-5.19936940,-9.11106549
23.79296875,-1.48622960,-7.23752576,-14.56834967,-1.82741820,9.68849006,5.32587611,-13.29400074,-5.48273838
23.79687500,2.06427835,-4.09861856,-10.88294318,-3.25725662,7.95899481,6.67720381,-5.03267063,1.54919056
23.80078125,4.53344882,2.71271856,-9.43759652,-6.34455306,9.14206237,6.38158967,0.90106571,-4.60427122
23.80468750,3.89751651,6.89154466,-11.91408918,-6.07316553,-0.94006250,-0.09199601,5.95104924,0.78550683
23.80859375,6.97776554,8.21496242,-14.21144391,-10.48713451,0.13280781,-0.08756798,5.93076809,6.12450262
23.81250000,7.19476296,10.64292492,-9.03634435,-5.20051048,-3.02647507,1.76373109,2.16446220,7.78301463
23.81640625,8.37057294,9.84928668,-5.69945104,-6.27117462,-5.87347228,0.73783560,0.26729396,8.04642722
23.82031250,6.18374316,4.82612868,-3.73855734,-6.28510104,-10.61947702,-6.16678273,-8.01001090,6.44302573
23.82421875,5.22100193,2.17668253,-0.74781559,-1.07054576,-8.27700295,-3.61289525,-11.76127583,8.30100347
23.82812500,3.19988672,-2.03240666,-4.18728703,-0.59851083,-4.32196060,-6.18406556,-10.23929556,5.10961891
23.83203125,5.34390971,-5.14066988,-1.38985443,-0.48330245,-0.38343554,-7.67476622,-7.34689089,0.09875365
23.83593750,3.85306334,-9.25086728,-0.12696830,-0.17497846,4.51625581,-10.61090545,0.35223905,-0.99433863
23.83984375,7.20451062,-9.29097437,2.29797787,8.12749615,8.37151880,-7.36147849,9.53346986,-3.71369441
23.84375000,1.63900592,-4.69390905,5.70357869,9.03175453,8.97074066,-9.89290228,12.83072085,-7.68345481
23.84765625,0.61716569,-3.24766200,5.05711874,8.57937289,9.55326520,-11.30155518,7.27379230,-7.69009784
23.85156250,-1.33370920,0.07956950,7.43180412,10.37515082,7.25212817,-9.16592964,-3.77632068,-7.92029872
23.85546875,-3.27330678,6.48058803,5.10822961,8.32410756,2.83045339,-6.15714496,-11.44401695,-9.56997350
23.85937500,-5.66825951,9.97441381,7.48793233,11.35758037,-2.53643060,-4.16640643,-9.68599856,-7.01115935
23.86328125,-7.93425754,10.68666533,12.21117083,7.97914331,-0.18923405,-2.41334890,-0.96624407,1.59459210
23.86718750,-6.67737790,7.45540573,9.74815964,8.18829912,-5.84597024,-2.64255584,0.57786447,3.43878825
23.87109375,-8.67342848,1.70668282,13.11285465,-0.22780312,-11.70467105,-3.81758958,9.30176642,2.00292703
23.87500000,-14.21555992,0.06488343,10.16544269,-2.25724094,-7.94109190,-0.31381733,12.73336467,12.08892259
23.87890625,-11.40818558,-5.59484323,10.45687910,-1.18918615,-9.38161910,5.02805267,7.79599992,8.80137384
23.88281250,-10.70493817,-10.18918108,9.92273022,-8.02843124,-5.88887582,0.47619532,2.94854584,10.07288789
23.88671875,-7.40387692,-11.18610708,9.60053600,-3.84171208,-1.48769429,3.69907279,-1.63106454,10.48716587
23.89062500,-3.07964461,-7.77748283,8.84299000,-9.93345341,-1.25322955,2.60887971,-6.90506962,5.93194619
23.89453125,-3.69382067,-6.09305567,6.21444937,-4.36973620,6.86237219,7.45244996,-6.99305172,3.60284755
23.89843750,-0.40537468,-0.32788782,3.57008708,-6.47493613,10.15706379,6.81082948,-4.19798867,3.62872819
23.90234375,2.75679741,3.94492838,1.85446866,-6.48691020,11.14014154,7.24698044,3.15857096,-7.58535933
23.90625000,-0.18177203,8.69430285,2.97368002,-2.37116820,11.91781850,5.88657086,10.39347186,-9.01188534
23.91015625,9.05336608,9.49643214,3.15645715,-2.29144855,7.83949358,10.78615086,11.37177979,-9.72837283
23.91406250,7.33278416,9.71090694,1.22435937,1.71276585,4.30497568,7.94071151,1.36912364,-10.46892888
23.91796875,8.53045135,9.87079284,-1.89908373,3.97644327,-1.03029631,7.57435670,-6.42349654,-11.07730672
23.92187500,9.79675991,6.11566895,-1.90704064,7.02770518,-5.32361491,8.65508797,-6.27168580,-9.62443114
23.92578125,8.03718585,-4.65817328,-1.61659951,6.51371688,-7.87695260,3.37822947,-11.16675127,-4.82513176
23.92968750,10.02533164,-2.45917572,-7.74264818,6.81720531,-8.66470224,6.29690277,-5.23697245,-4.41019802
23.93359375,4.14894153,-8.46607379,-5.54891642,2.89247342,-8.45394686,1.59855522,-2.08255972,2.08360066
23.93750000,3.25093721,-10.11334426,-10.68443182,10.39873902,-6.86302837,1.15991767,7.72233052,6.64999219
23.94140625,2.49280244,-8.27376119,-4.69664402,9.28898561,-1.18712660,-3.94046003,10.67317341,8.00485342
23.94531250,3.21504099,-5.10326725,-9.19335578,6.69442954,0.67116914,0.42268026,8.17806053,6.20486788
23.94921875,0.51783874,-0.11953382,-13.57715361,5.96960807,2.61912248,-5.35583957,5.20346406,8.48966126
23.95312500,-2.59316546,6.63577164,-8.40186627,3.70770376,6.67416902,-8.58910195,-6.41505923,12.19030229
23.95703125,-2.37262958,3.87694867,-12.67260186,0.49565485,11.39596999,-5.58701352,-11.00052673,7.23609430
23.96093750,-11.42998211,10.68081230,-6.27024694,-1.92055632,9.98434009,-12.08556172,-8.19162170,6.08002719
23.96484375,-7.40866740,8.26499267,-8.63701858,-3.78400784,8.29862260,-8.45339105,-0.16236925,0.60768760
23.96875000,-5.57970870,6.26213147,-10.73214683,-8.25019100,3.07399484,-7.68309188,10.74536602,-0.89339631
23.97265625,-12.60392225,3.78956832,-3.55294254,-8.42749985,-4.39334076,-10.63198145,12.44517471,-5.29370798
23.97656250,-6.61228913,-3.05232651,-5.19639546,-13.78403371,-5.43988198,-5.88413202,13.80599174,-5.73745909
23.98046875,-12.44230137,-5.38177503,-0.25419981,-14.85090092,-5.82541738,-6.33315090,5.58221302,-9.18395573
23.98437500,-9.86658116,-10.45543368,-1.64613493,-10.38526388,-10.17685745,-7.61972876,2.64933402,-10.91753475
23.98828125,-6.67317774,-11.96434856,-4.50477439,-9.42021731,-8.72283327,-6.68955391,-7.14063220,-9.75049508
23.99218750,-3.22278574,-7.33743937,-5.14603955,-6.89439204,-9.07832015,-6.58682508,-8.12155889,-5.93781124
23.99609375,-1.05776744,-5.28262423,0.81086722,-4.17652133,-6.01806903,-1.55492420,-3.82742613,-2.82641842
24.00000000,2.68062161,-1.38368342,-1.94837419,-2.13772000,-0.09170743,-1.18288444,1.37066728,-0.57975239
24.00390625,1.26385163,7.09056104,-0.50477173,4.90412509,5.60127962,4.26283478,5.64139800,1.17415268
24.00781250,5.48432479,5.68785204,0.45706610,11.51781415,9.06103404,2.47140766,5.83622903,3.54395443
24.01171875,5.37839718,12.70238447,1.09390213,6.74651916,9.99053564,2.54927057,6.06110365,6.16223833
24.01562500,8.80746889,5.62397179,3.29497959,9.42501282,11.42765864,11.50329775,-1.80094485,9.34928984
24.01953125,7.13096923,7.73859412,4.17588293,10.92467467,7.88732455,9.47241295,-4.03540024,3.85645494
24.02343750,5.68073834,5.02806216,5.06393974,8.10964075,5.45723979,9.69218920,-10.86707527,6.74738069
24.02734375,9.89589373,0.68853923,11.67626973,7.46893977,0.95718121,14.88127812,-8.71392467,2.83093421
24.03125000,8.59136251,-4.31791598,4.22498967,6.54683135,-2.21987724,10.70534194,-8.12683802,1.48280955
24.03515625,9.27481624,-7.01703968,10.51756004,5.63205612,-3.07959985,12.39330836,5.77100717,-1.03333272
24.03906250,4.79408158,-10.80307026,9.66304421,1.73088018,-9.38708081,7.76930872,7.94553733,-5.16732840
24.04296875,0.24209642,-7.30614637,9.31530179,0.00673079,-12.35532751,12.31259561,12.43434655,-8.02680302
24.04687500,0.64213230,0.73571615,11.21452505,-4.68936705,-7.41043719,8.60642726,6.98499385,-8.17573190
24.05078125,-2.26790021,3.60955653,14.79254376,-6.91475595,-4.16441113,5.43001109,2.18861354,-7.36992214
24.05468750,-5.50038985,4.93512509,9.48784638,-9.75519759,-3.43817749,3.38136040,-7.30413348,-8.61027348
24.05859375,-5.94198239,7.40973107,6.34340785,-10.30044056,2.13632562,6.32519407,-8.44606982,-6.51833282
24.06250000,-5.52493835,10.52236376,8.48806887,-8.81153245,6.07088731,-3.57791673,-8.20247431,-6.75440660
24.06640625,-9.53846432,9.57325716,8.98494856,-12.01731243,8.44928355,-4.37836096,-1.59192024,-0.22816220
24.07031250,-8.38414244,1.89463926,3.62917375,-14.29403860,3.79826676,-2.10851557,9.14938362,5.16462812
24.07421875,-14.73110508,1.03188119,6.09701171,-5.56569471,6.50962651,-3.83273195,10.54463117,5.73509969
24.07812500,-7.76277591,-2.98839860,5.43005040,-7.67111550,0.72756274,-6.42032991,10.00526376,8.42718800
24.08203125,-8.33746675,-13.17042010,1.49851796,-4.19794649,2.69182080,-10.86152529,2.23853887,11.29903221
24.08593750,-7.19123653,-6.72882566,-2.50171073,0.76320856,0.82520927,-10.77516476,-4.59156124,11.32611023
24.08984375,-1.95123352,-13.53901734,-4.63855592,5.54805844,-3.65209252,-13.46523184,-6.84456340,10.41329683
24.09375000,3.34581423,-8.06846888,-4.35007204,8.17274141,-8.69067198,-7.91317372,-7.90486310,3.86058401
24.09765625,-0.46405084,-3.83739300,-9.05337652,8.99928929,-9.84472821,-8.14237554,-0.00105844,-3.96632925
24.10156250,2.25121282,1.12798726,-9.37668953,7.13973662,-5.06595923,-9.53050622,5.45794297,-5.35585399
24.10546875,7.95995653,7.42106265,-8.71821016,13.61480615,-4.29101937,-7.40700068,7.06191632,-5.60062077
24.10937500,10.07504424,8.47879190,-12.28703694,10.30431574,-3.54236636,-4.86487783,6.18049488,-10.21616633
24.11328125,4.39294067,13.18948040,-8.28826151,10.52759279,3.10440615,-11.58586544,4.18072797,-8.87450351
24.11718750,11.27404139,9.19820562,-8.95836125,10.80516352,4.18906823,-0.23171575,-1.39294042,-9.71524532
24.12109375,8.75875848,5.34162352,-8.74157678,1.75245707,10.64413905,0.52606101,-10.74144709,-12.63463990
24.12500000,10.62179067,0.03199423,-10.86017808,-0.90116166,10.48247216,1.63988398,-11.35106388,-8.67023332
24.12890625,11.90461142,-4.95363148,-6.66888774,-2.95273327,8.34868575,6.69651130,-7.57044977,-3.33809296
24.13281250,7.62110991,-8.62657697,-11.16174680,-8.16937111,0.57554088,3.83602099,-0.79078345,-1.68271454
24.13671875,5.77639019,-9.86847899,-8.48550535,-4.71221160,4.41442893,7.60625485,1.11655170,5.83041045
24.14062500,6.79050002,-9.88431937,-6.69950746,-11.78333326,-4.67377429,8.32570740,10.17305676,9.26930716
24.14453125,5.29925836,-6.62031722,-8.67299534,-8.83828175,-5.69649590,6.82533298,6.84634857,11.22353351
24.14843750,0.66191005,0.95432724,-5.23697180,-9.06534028,-11.47695891,6.93727179,0.66466800,11.76197368
24.15234375,2.08686113,4.58743552,-9.94812932,-7.81305838,-11.01710867,12.87638133,-8.22618963,11.10259082
24.15625000,-5.74820829,8.27813126,-2.49071791,-7.58688359,-14.35306084,10.41241471,-5.69289697,7.07708528
24.16015625,-1.31147519,12.40789260,-1.45681194,-5.98013218,-6.11825377,9.74808010,-10.28295184,4.15642541
24.16406250,-10.55885728,13.37907219,-1.03461701,-4.92296307,-0.97765714,8.02820316,-4.78709246,2.99094443
24.16796875,-12.57668699,6.03873340,3.00728191,0.70527736,-2.79587376,9.43551444,3.28991896,3.60194123
24.17187500,-9.57673383,3.97370268,2.21897737,2.66443021,6.10813898,9.45739437,8.49981562,-8.51795720
24.17578125,-5.93589503,-2.89304916,5.94610024,4.87346130,8.96134664,6.28628364,15.33034419,-5.57011489
24.17968750,-9.11429686,-9.06998496,3.97043130,6.52397786,9.20081576,3.24387302,5.02180481,-6.03151487
24.18359375,-9.16038830,-11.50214627,10.98576870,6.84092316,8.09354011,1.01677162,3.40872198,-9.56786035
24.18750000,-9.02426931,-9.81253590,6.56439562,9.54448035,9.08505747,-3.19677043,-7.63365832,-6.51654166
24.19140625,-3.78136929,-8.40493930,6.99082695,9.96599601,5.89362969,-6.79731133,-7.94108615,-8.98841600
24.19531250,0.49950549,-3.48222116,9.54122050,9.18460084,3.11998741,-8.38489798,-8.00854070,-1.99941416
24.19921875,1.85974038,-1.09902656,11.02928276,7.73204332,-2.67547012,-8.17386524,-4.94236016,-6.03745840
24.20312500,3.00309383,5.94707712,7.52214036,6.25893144,-2.55613684,-6.22191411,5.78610314,-1.75119514
24.20703125,5.13638553,9.46357937,8.89760637,2.83982311,-6.95862532,-8.64726537,7.82936993,4.08710924
24.21093750,6.43043054,13.63653665,8.19265848,2.18725649,-9.78269188,-11.51342861,3.31989430,7.36550864
24.21484375,8.79212649,12.68203843,4.86817232,-5.42949180,-5.99344705,-9.50711110,3.06752859,6.58018218
24.21875000,10.44797095,7.32385258,6.95349988,-3.71315688,-2.40188348,-9.53029638,-4.19979678,6.25257569
24.22265625,8.42372884,5.63919610,7.88847549,-6.27936227,-0.19106697,-10.65122405,-10.11952640,7.47203175
24.22656250,8.00345920,-1.00592666,5.04774001,-9.94930634,4.24316686,-7.31826414,-8.14809274,9.22843242
24.23046875,8.72442662,-3.95912366,7.93945602,-8.33643951,6.72625173,-9.00876996,-5.93522013,-1.81993261
24.23437500,7.59778658,-9.42077288,4.61775722,-10.24138327,9.85844015,-6.04395112,-0.84873048,-2.03791316
24.23828125,5.83468816,-7.52831327,4.09435730,-5.54152182,8.28179272,-2.08839745,8.80999554,-7.35423144
24.24218750,3.90723406,-11.40075513,3.57660704,-5.28159939,5.63106819,-1.06664450,9.61760101,-7.43769808
24.24609375,-0.53288272,-4.28381271,-0.05654887,-5.73781541,1.61574046,2.50043182,8.96946221,-7.83611789
24.25000000,-3.08293051,0.79605147,2.57308079,3.09059550,-0.65323594,-0.72723544,-0.95782819,-10.07673101
24.25390625,-3.64531044,5.07126162,2.79001044,4.79255981,-3.98269403,1.04726895,-8.99709754,-6.42034186
24.25781250,-8.75428014,4.29484815,1.56390873,8.46212950,-6.54761804,1.59296335,-8.83944154,-8.00657277
24.26171875,-9.00302292,12.90116349,-2.95700788,4.77462853,-10.91579897,7.10710274,-10.24046613,-5.21101843
24.26562500,-9.04609227,7.29061223,-2.98221319,9.17993505,-14.39931778,11.35501542,-2.83343217,2.70982249
24.26953125,-8.77128481,8.70334295,-5.42394403,5.58575652,-5.88407079,7.49003223,4.83967899,0.99569546
24.27343750,-8.20107327,2.18947910,-6.75974231,8.02281911,-8.34418458,9.64649885,8.09462695,6.76651538
24.27734375,-11.35155891,-4.50025843,-8.63486689,2.08736457,0.27666758,9.22770509,8.87309148,8.03314443
24.28125000,-12.28778200,-6.37591283,-11.17780154,8.25117115,1.78536758,8.89100918,5.81920414,11.93228861
24.28515625,-9.35269608,-11.56451388,-7.36261905,1.08599917,4.12537799,7.16751619,-1.67705134,16.26107884
24.28906250,-5.76990151,-8.93895694,-9.27906136,0.20409902,9.84960420,6.25135536,-8.09698560,11.82985840
24.29296875,-2.43674404,-7.98723261,-11.41190686,0.18477895,11.63569163,3.20971980,-3.23179809,3.90368490
24.29687500,-2.34303638,0.57512580,-6.54291457,-2.47626069,10.59460129,5.37141755,-1.39780438,4.18824321
24.30078125,4.72589242,2.15977127,-9.28792242,-1.92228115,8.78133429,0.76441739,-1.67618369,-1.89074072
24.30468750,1.96432620,6.86730844,-13.08641148,-5.01839887,3.25223456,3.92814821,9.70349890,-3.64131881
24.30859375,3.45566452,11.89828218,-9.34684210,-13.20502786,-4.52976058,2.24337613,9.44635916,-6.93894811
24.31250000,10.83433225,8.54587516,-5.57366205,-7.26045815,-6.40273426,2.48408921,2.81037422,-8.45755677
24.31640625,7.81694118,9.34624034,-9.87142944,-10.15252630,-5.68440903,-2.65733990,-3.76682238,-15.41862357
24.32031250,8.66051602,2.33810185,-9.36573196,-8.94148055,-10.81322927,-5.69319816,-7.92228526,-13.55306615
24.32421875,10.53332103,-1.16517621,-1.53914007,-6.99041928,-4.22856360,-3.01437424,-8.79957690,-10.63860152
24.32812500,9.66830926,-5.29593064,-3.43314281,-8.73576080,-4.91192269,-5.60444970,-10.65350822,-2.68022761
24.33203125,6.99268313,-5.09062649,0.73145722,-2.94623385,-2.20395481,-7.51347566,-5.77819190,-5.52647786
24.33593750,5.76728559,-9.03637542,0.62274795,2.77188897,3.27791550,-6.72557862,3.94539147,3.12270576
24.33984375,6.31241233,-10.84497177,4.54551645,6.49092997,5.40763714,-7.26663311,11.15260566,4.13836747
24.34375000,1.27786853,-5.01992837,3.41279092,9.23700047,9.86744867,-7.28922168,10.46375052,8.63513741
24.34765625,4.24098862,-0.44645771,8.10628888,6.35647813,6.72191278,-7.65159803,2.61184836,8.14842516
24.35156250,-5.58386168,1.97661866,9.22299356,7.77625102,7.18087238,-11.80348469,-7.01492463,9.49563337
24.35546875,-6.74047619,6.87268801,4.52391006,7.70638490,2.93907379,-5.97906617,-6.09060507,5.85204896
24.35937500,-6.48844557,4.96688833,11.68916703,9.22016590,2.29947981,-6.83086647,-7.37171594,5.52306965
24.36328125,-9.32458860,10.62804753,7.24807093,3.16114091,-5.40178694,1.66959003,-5.19067925,6.75089982
24.36718750,-10.55796369,6.73695252,9.57652254,4.22784709,-4.84860611,-1.04622440,-1.10559634,-1.34467973
24.37109375,-12.38179279,2.09841867,9.95485609,1.34825800,-9.55000805,-0.87587241,8.01725046,-6.36009929
24.37500000,-9.50207630,0.92569281,14.14082638,-0.16613590,-12.58039297,-0.31147677,11.13180565,-1.03113785
24.37890625,-9.19366320,-8.84255164,7.19777664,-3.27365946,-11.90779540,4.47196267,8.34256861,-13.35726214
24.38281250,-10.78295767,-8.93716430,9.48307156,-5.70953559,-9.22895700,5.68162936,3.63059762,-11.10390160
24.38671875,-3.26354516,-13.54770745,11.12641766,-7.35887230,-5.25720455,2.57152294,-0.79759694,-10.93660279
24.39062500,-2.10149167,-9.35731797,4.97890807,-9.18950417,4.26964831,6.83484367,-11.32938823,-7.34856910
24.39453125,0.14778701,-6.60109555,3.80040743,-10.63055211,10.00109847,6.92099620,-8.98763406,-3.38827189
24.39843750,4.27937004,0.69276766,8.90911297,-9.40686180,12.04561752,10.19326873,-2.49562671,-2.15716551
24.40234375,-3.21369490,2.49898404,4.85624507,-7.44255436,10.80396258,5.02784561,2.33021800,0.73628452
24.40625000,5.90762287,8.17637957,-3.10083973,-7.06429976,11.38123076,5.78760295,7.60507524,-0.20709291
24.41015625,6.20033411,13.50666350,-2.48178181,-4.63382232,9.71158738,7.67921328,8.75530832,5.77819129
24.41406250,4.24518874,14.62887166,-3.89904336,-0.62335855,4.29901686,8.16202675,2.51412488,8.53549107
24.41796875,7.38870301,10.36531538,-1.02069307,2.24872657,-2.75489931,12.29542199,-1.44934304,14.58463624
24.42187500,7.87904645,5.99533751,0.66162039,3.08872387,-1.13589588,7.48071583,-8.42861124,8.01388256
24.42578125,8.42359063,-0.36407285,-3.94616748,3.71516892,-9.75672413,5.73713446,-11.99178185,1.13682586
24.42968750,6.70243926,-3.26802101,-4.66115418,10.34994663,-8.27575300,3.61780059,-11.66413119,3.12643987
24.43359375,8.31339285,-4.23951415,-2.59127865,7.41563391,-6.65841521,8.92226149,-1.65636985,-1.52623992
24.43750000,5.39030234,-5.86770580,-5.09110671,12.30325377,-8.10693346,0.16126257,6.78629803,-0.80317907
24.44140625,3.40111497,-7.65788324,-2.40021705,10.77609827,-5.48528446,0.74028275,9.63897574,-4.63951928
24.44531250,5.73253596,-5.97731153,-8.76504943,6.15135770,-4.45356284,-1.95243662,9.74311614,-8.49925582
24.44921875,-0.01805514,-5.66213937,-7.81764925,6.11360059,4.79502058,-6.23542914,3.07032160,-11.58992805
24.45312500,-2.59046150,-0.91722722,-11.35394205,3.63511806,4.95974046,-5.48500335,-3.40338512,-7.29980255
24.45703125,-4.63116054,10.49772393,-11.03038183,4.35046367,5.32729010,-7.51616600,-10.58333064,-9.32676720
24.46093750,-9.71499696,8.95551365,-8.23562970,0.29585407,6.75161954,-11.21665131,-8.79600068,-1.71404796
24.46484375,-9.97350556,10.38193529,-9.19747064,-5.48629455,4.01551636,-12.84865668,-4.41632430,-0.74963540
24.46875000,-12.02117806,5.71389378,-5.53965108,-7.42219993,0.89914042,-10.03820697,3.68427975,4.53340953
24.47265625,-8.45566515,-1.17657195,-8.65757721,-13.80867265,-3.55005363,-7.43888072,10.90173850,8.95129599
24.47656250,-12.54305460,-3.07051028,-8.65782702,-12.32226247,-7.23211129,-5.50383319,11.58701560,9.35733834
24.48046875,-9.82665367,-10.62560850,-5.31275595,-13.17746406,-10.50579219,-10.16234233,9.18141095,14.33585941
24.48437500,-6.78163042,-10.66347635,-1.98615668,-15.35897327,-12.24362069,-6.49904090,-1.52699041,9.66697845
24.48828125,-4.36277181,-14.52409824,-3.07080408,-9.43082191,-11.16211317,-7.93182276,-10.62023760,8.64698547
24.49218750,-3.35928020,-8.23216886,0.41388024,-7.88806244,-3.77591168,-7.06664816,-9.60840708,6.76495137
24.49609375,0.47387801,-4.93567558,-6.00899805,-4.77961266,-3.22309918,-4.73149821,-2.88417111,1.74417033
24.50000000,-2.33936676,-0.44475409,-4.30638234,2.91218914,0.05824453,-2.29358696,-3.42449904,0.13566885
24.50390625,3.27492984,6.22998192,-1.60483296,6.49587338,4.37410974,-1.23742997,7.40084268,-7.40435856
24.50781250,2.06529176,7.40164912,3.79824343,6.08112480,7.94045661,-1.74961510,10.58441827,-11.25634504
24.51171875,8.52204248,10.55944928,0.64537093,9.20879470,9.50687237,4.41881269,9.16903871,-11.78918647
24.51562500,8.42864744,8.78901106,6.64028871,11.82896066,15.97542021,9.91470522,-6.02574877,-10.19313772
24.51953125,9.61098307,9.12109432,3.65878807,11.27409818,11.21770700,7.79516060,-7.70364985,-12.37853683
24.52343750,10.18212544,3.17455603,8.72458429,8.18119817,8.44021772,10.51844574,-9.22728144,-8.05279992
24.52734375,10.53990393,-0.11474709,10.21490986,11.57168566,-1.86135037,11.14402899,-11.44906578,-4.43884233
24.53125000,5.39075633,-4.76610413,11.11513701,6.08128049,-5.02012687,16.04407254,-5.32060513,-3.01558004
24.53515625,8.14988372,-7.88485824,11.24549476,3.38300935,-8.60664560,12.37277687,2.74951591,0.58805691
24.53906250,4.26390077,-11.78799230,12.04298065,5.07299972,-13.74170241,12.46472897,9.02137063,4.54903759
24.54296875,3.00959122,-4.42469969,11.23691716,3.91995397,-9.92753056,7.86072132,8.03997952,9.62844287
24.54687500,2.20601399,1.42006119,13.89492175,-4.11201648,-10.48096743,4.99774808,6.35037027,8.07843468
24.55078125,-0.93184236,0.12891971,5.00890976,-5.03740777,-4.49862087,6.95629979,-1.90408605,8.43852134
24.55468750,-1.71143491,4.71352144,7.66255997,-5.61352905,-1.21440710,9.83969145,-8.27972525,8.58814207
24.55859375,-5.61427117,9.36794935,6.20312407,-11.25002870,-1.48661628,-0.34632915,-13.75090171,8.90463028
24.56250000,-7.97922357,8.62783270,9.07511067,-11.22714820,11.64152918,-1.82507141,-6.30075277,8.34394050
24.56640625,-11.83001407,5.21186291,4.45758809,-9.70128201,2.61512416,-0.10753910,2.08548960,2.24102580
24.57031250,-13.28842141,7.08975058,3.10875362,-12.83961037,5.87949368,-2.02934724,7.49531744,-3.99517662
24.57421875,-11.14149408,-2.49317198,3.76898261,-4.80022755,7.53216705,-5.00175844,12.24390548,-4.16848853
24.57812500,-8.93788143,-5.04588710,3.92749579,-3.79985530,4.86432256,-6.77893934,8.69699341,-4.78337421
24.58203125,-5.26990227,-8.67957247,-0.10060820,-0.27460031,-1.00769490,-8.23737418,5.14383588,-7.14942201
24.58593750,-5.51080644,-10.55413064,3.71346216,3.14751754,-5.42272635,-8.03563603,-5.90528988,-7.52458022
24.58984375,-2.57293214,-10.73950359,-5.24569659,0.29993855,-5.80060661,-9.84531555,-7.63982196,-8.24489862
24.59375000,2.94380400,-9.91273405,-2.24093329,8.19437153,-11.56717615,-9.89567163,-6.67486850,-2.67572774
24.59765625,2.92052211,-0.09155734,-4.78328741,11.85692130,-11.87139266,-13.03359656,-2.66106990,0.53886798
24.60156250,1.98964252,3.81838725,-5.38146582,10.94702173,-6.10564086,-10.43596409,7.10258857,-0.28643174
24.60546875,3.96490216,5.73277695,-12.47040559,13.87215961,-6.27321860,-11.15097939,9.34234085,3.15109159
24.60937500,3.77170984,10.27045876,-14.28113537,10.60044860,-2.54086269,-9.61721942,9.30265214,3.20916142
24.61328125,7.57444828,5.62110481,-11.05706686,7.83429885,0.58232958,-5.71586476,-1.23287459,7.63015772
24.61718750,6.04304410,9.66935255,-9.83083319,7.07215776,4.44387405,-3.68855738,2.90451255,8.47728209
24.62109375,11.23415691,7.49480541,-9.15031842,1.34212169,11.30001068,-1.43739680,-10.56387774,5.33113898
24.62500000,9.24155906,1.18236575,-9.06368756,0.21029723,8.28851154,3.88930214,-10.60298235,9.03073911
24.62890625,9.93480029,-3.36953393,-10.16161843,-4.36092053,4.19712788,0.88935801,-5.34209339,6.33734342
24.63281250,7.58070940,-10.16498722,-8.57986616,-8.27093583,8.34359969,7.71250567,0.33009303,-0.68942670
24.63671875,5.19748127,-11.49179860,-6.02116486,-5.47690503,-0.01112048,4.85287951,5.54252240,-3.60172740
24.64062500,5.06733243,-8.02297868,-4.48654772,-8.88875364,-4.14934831,3.31670345,9.10879064,-5.78483325
24.64453125,0.76266687,-0.67649415,-5.75605900,-7.96094267,-6.73695106,10.19007065,8.53679668,-9.39236522
24.64843750,1.28342990,-3.16624511,-8.75856845,-9.23922106,-10.17123187,11.42164960,4.79618163,-9.80528028
24.65234375,3.38827092,1.48920872,-3.03446495,-7.32202974,-11.39938332,11.41279139,-2.11951325,-10.86712305
24.65625000,-0.78227039,10.71198839,-2.11206866,-7.10289291,-11.17760042,10.27946687,-8.28067819,-6.74132431
24.66015625,-3.19918011,8.04107667,-0.90224845,-4.02716676,-10.89266225,7.00195713,-12.60069461,-5.22409424
24.66406250,-8.94999677,12.49516200,3.36297685,-4.29350438,-6.31358594,13.20493661,-2.53243342,-1.37305404
24.66796875,-9.30342738,6.67411276,-0.22916788,-3.97276846,-2.14505769,6.38161553,3.31434584,0.40158095
24.67187500,-7.26863667,0.10697837,6.18431864,0.19162838,8.40550427,6.66719349,7.52189032,8.31884859
24.67578125,-12.14565266,-3.58396110,9.70212609,5.40108164,3.15053332,4.23336148,11.55749764,4.63630109
24.67968750,-8.60677747,-7.45808467,8.57714384,9.50695843,9.93296754,0.43682938,7.62472340,10.08019196
24.68359375,-2.65173660,-9.77046473,8.16895767,6.41498516,8.67587168,1.47444605,-2.35082673,10.11335327
24.68750000,-9.77633261,-10.05189621,9.38489658,10.87844774,2.51848407,0.41643882,-4.23117280,11.24695055
24.69140625,-3.84856165,-8.26060725,8.12028337,8.28524632,1.23496828,-4.96140180,-9.49612416,5.52302010
24.69531250,0.84978531,-5.08598594,6.77097392,9.03886741,-2.01359652,-4.97573391,-2.33278386,3.15780685
24.69921875,3.62900612,-0.91771967,8.95688850,7.05600576,-5.09202768,-7.49822959,-3.32273639,-0.23092567
24.70312500,5.09627126,3.37114783,6.52960612,8.18010233,-6.49183861,-10.60696199,7.52423258,-3.85270558
24.70703125,6.14426925,9.34256476,8.14164576,0.11436039,-6.53995241,-11.39715737,7.45992146,-5.89818539
24.71093750,5.89897509,11.78170751,2.78976543,3.52080015,-8.95078885,-11.66418959,10.66510208,-8.42850346
24.71484375,7.51250543,10.35024173,6.62477115,-1.94293182,-5.22695171,-8.51949685,2.13729876,-12.51934734
24.71875000,6.74802832,6.97899670,8.36642277,-2.61198190,-1.35988142,-10.08070843,-5.03797893,-11.39229874
24.72265625,7.17573849,4.92644433,8.55254015,-7.75195216,5.08356073,-5.82556250,-11.41160171,-11.25277458
24.72656250,9.84275766,-4.60188613,6.39269434,-7.85231983,4.22059190,-9.42065842,-10.36137508,-7.82582397
24.73046875,5.67829980,-6.59933594,7.88008809,-11.43825119,7.32087991,-5.87354392,-6.32828979,-2.57085032
24.73437500,7.22394057,-8.12211065,5.95668817,-10.24420677,9.08904105,-4.06780045,2.63120848,1.24018647
24.73828125,6.79468323,-9.36615109,7.35291586,-7.87518797,7.14126433,-4.77054582,2.11174461,3.32186914
24.74218750,4.51808725,-6.18480604,0.55268042,-4.87993327,7.63133055,-2.60987810,10.60575707,6.00504510
24.74609375,1.46023682,-2.89275392,4.90249201,-3.31988027,3.73325473,0.43681928,8.06105572,7.63019000
24.75000000,-1.65064376,0.44216184,0.02967465,0.97668285,2.34561381,0.57637603,-1.16300459,13.27447162
24.75390625,-3.44718708,5.54355237,0.98504870,3.26649994,-3.72572494,3.99948316,-6.34804924,4.48252833
24.75781250,-8.38039153,8.84287827,0.10094353,4.24747825,-6.76549928,4.27528028,-10.85999514,5.93673302
24.76171875,-7.36205988,8.43305994,-0.86948246,3.15040463,-12.09636042,6.13343281,-7.18506383,5.56998762
24.76562500,-10.55116026,5.31167959,-5.12660697,5.40050465,-12.60666450,8.42996712,-2.74436841,6.41691366
24.76953125,-5.98251367,3.09599514,-9.67697546,10.50558064,-9.32254733,7.92186757,4.43228787,-1.69744231
24.77343750,-8.21791159,-5.70552031,-5.48636123,7.67388271,-7.63856811,6.60224712,12.93980066,-6.14750008
24.77734375,-7.43767904,-2.56367337,-7.20755927,5.66072890,-7.06954820,10.53797306,7.16321400,-0.10566638
24.78125000,-7.96854240,-6.90066883,-9.82714091,5.48734617,4.87570078,6.06468550,4.29509990,-5.20544611
24.78515625,-5.84580597,-11.16238856,-7.34800945,0.09422890,3.68545240,13.55620621,-4.10329675,-7.83614474
24.78906250,-4.23450377,-11.19059352,-9.56970052,0.23337149,8.34516171,10.17621848,-6.95994264,-9.55031489
24.79296875,0.99065680,-6.54825316,-10.09650278,-2.36912754,9.97279071,5.16883906,-7.75423356,0.85294029
24.79687500,3.01446656,-3.36145692,-8.85326298,0.43443472,7.57835237,6.70556815,-6.54735241,-3.87040089
24.80078125,1.66784118,0.34769463,-7.81080780,-0.59730452,6.03211982,3.60297588,1.36320782,-2.61371481
24.80468750,2.72547520,6.57074265,-7.37232769,-4.64225789,3.38966234,3.28656167,6.13299017,3.47497814
24.80859375,3.32490353,10.31181984,-11.27141194,-5.37536393,6.80820709,1.30725949,9.58947119,3.87362703
24.81250000,9.91282809,10.97460066,-10.30860418,-10.83917663,-7.37742751,0.68272610,7.64154830,9.40374060
24.81640625,8.31934086,7.86279568,-7.58202678,-5.94726691,-6.53266584,-0.33733392,-3.71940230,9.53029382
24.82031250,10.05573621,6.86655535,-6.26964398,-4.52067692,-8.59428162,-4.97221580,-8.86151434,9.57638120
24.82421875,11.46119929,0.25785417,-4.97903134,-6.54255730,-9.74245682,-6.15371009,-9.96025469,5.73921411
24.82812500,10.50179997,-2.14292779,-3.04337465,-2.84112350,-2.80957962,-6.45059925,-9.07788601,5.97479160
24.83203125,5.54838211,-6.29991806,-2.10341343,1.23865869,-4.73493377,-8.00337322,1.29756130,0.34280681
24.83593750,7.91215445,-9.94239604,-0.12757497,0.85881343,2.82310378,-9.48253192,11.25452662,-1.36363384
24.83984375,0.95742066,-10.47850260,4.25416888,5.40469225,7.24592027,-9.01033606,12.94772194,-5.90086284
24.84375000,2.68949511,-4.65388813,1.95515425,2.16523952,5.20716277,-9.78382341,3.80272694,-10.24454839
24.84765625,1.94894280,1.21933248,8.51688596,10.14460791,8.86654016,-11.46510394,1.63702285,-8.36631308
24.85156250,-3.00788809,2.56970949,10.84917232,5.89361272,5.37932884,-8.93861838,-3.83891885,-8.78279845
24.85546875,-5.40780290,3.32110121,7.56307174,11.15462461,3.15556457,-8.31906663,-8.83024362,-5.31062828
24.85937500,-5.97733973,8.93720783,9.66854589,9.53463277,0.11021440,-4.55257833,-7.22601612,-8.23883758
24.86328125,-5.95866902,9.22711398,10.71149591,5.35924338,-3.30824386,-5.53087522,-4.76824620,-4.04020654
24.86718750,-10.08125462,7.52490161,12.27527003,6.75210800,-8.25931305,0.61112740,2.58259232,-0.82092567
24.87109375,-12.38679583,2.04415106,10.15368589,3.30744587,-9.91373758,-0.85589001,8.97426750,5.87691968
24.87500000,-11.90112329,-1.22902080,13.80454296,-2.04969001,-12.06615450,2.88648550,11.54994444,3.00287861
24.87890625,-12.20693557,-5.20196797,10.58335828,-7.69226760,-11.16981358,3.38966523,6.86416162,9.84774727
24.88281250,-6.85228574,-10.84598927,8.47304137,-5.35371160,-4.33832471,1.15909512,2.64944866,13.67140319
24.88671875,-5.88722078,-12.74805100,9.67395298,-8.95023962,-0.86150218,5.38803858,-3.99243787,6.34800955
24.89062500,-1.19328738,-12.41537049,7.12784870,-5.43752327,6.44287827,4.86898350,-11.31950249,4.21403497
24.89453125,-1.73161318,-5.13669473,6.47762375,-8.70451400,7.61344465,6.81559763,-7.17359881,5.75215247
24.89843750,-5.53068938,-0.92983129,4.11690597,-8.13123766,12.28162846,6.37413296,-0.71234476,0.00528595
24.90234375,4.30971422,1.28910614,4.37757016,-9.15731101,14.08929079,11.67435303,-0.32455554,-2.60368372
24.90625000,6.31986512,4.35791369,4.99772574,-6.83368140,13.95765599,8.25757785,8.09482338,-2.78454756
24.91015625,6.49604439,12.12570423,3.29753086,-3.95604353,5.81333757,10.12725284,4.86234262,-11.76546824
24.91406250,10.64333101,10.19833271,-4.48337913,-2.67511238,7.34782258,8.01530933,1.04718130,-8.64351690
24.91796875,8.97186171,10.15075391,-3.25895216,0.73064965,-3.26800577,9.59989083,-7.97563715,-8.82073679
24.92187500,11.59744196,7.44852046,0.17872521,5.73215357,-2.59005360,10.26849368,-10.40481009,-11.33554462
24.92578125,7.13146288,0.03582431,-1.51989226,6.43294913,-6.11970948,5.57838921,-10.76100990,-3.35179558
24.92968750,9.65288656,-5.84276236,-5.43856613,9.26511342,-9.46658171,4.70332866,-3.61573050,-4.23160112
24.93359375,10.56647100,-8.08970150,-4.75390312,10.51320845,-7.84285747,3.68732813,0.94612081,-4.01708361
24.93750000,4.49194273,-9.34479024,-6.76605166,10.28526841,-9.16514731,0.98285027,5.30030345,7.76641194
24.94140625,4.80372619,-8.75847304,-6.82380651,7.18012607,-7.63428239,-1.49209508,10.55734621,1.55235960
24.94531250,5.17500520,-7.78580555,-9.62598370,8.43170920,0.11282409,-1.81788438,5.57332272,4.60497713
24.94921875,-0.07922359,-2.77786949,-5.56044982,8.64437703,3.28318537,-2.90838937,0.12631607,8.75164021
24.95312500,-2.34902440,6.25721433,-10.38527040,5.22086781,8.46489257,-7.45682779,-5.49839237,7.46645520
24.95703125,-1.76507763,5.98643583,-6.49742238,0.18350886,7.57578987,-8.09025802,-11.50248387,9.48008500
24.96093750,-8.76405852,5.26561350,-7.99730408,-3.90802065,5.39676054,-5.47168612,-8.77824545,7.19606001
24.96484375,-8.88503175,4.50146074,-6.66020374,-3.15126578,2.75047066,-9.53508481,-3.35946543,4.70806445
24.96875000,-11.40019119,5.42574073,-7.28746862,-12.39820544,0.08360292,-9.77627438,7.65008047,-2.76584727
24.97265625,-8.93984329,-1.19163818,-9.41913109,-10.35512946,-5.04000508,-9.50529350,11.28871812,-4.95506318
24.97656250,-6.73571665,-2.07768061,-5.51433634,-9.70091670,-8.43106596,-4.81467483,14.58290205,-8.15773070
24.98046875,-7.81354016,-11.39358940,-8.07995823,-8.80117502,-6.34008761,-9.10098057,6.69809954,-13.85541719
24.98437500,-5.22893269,-9.67054704,-6.57167450,-13.48128201,-13.21998344,-3.93894585,-3.09225548,-7.13544944
24.98828125,-3.78986760,-11.89154129,-5.79719537,-8.84079351,-11.32111322,-6.18208604,-8.50909196,-8.01715402
24.99218750,-4.65643532,-10.16923063,-2.71533945,-2.09915832,-6.60836423,-7.10577259,-9.56895485,-9.41243167
24.99609375,0.50131937,-5.51104240,-5.74757539,-3.70301160,2.20848541,-2.69880782,-5.13867670,-5.88413845
25.00000000,2.62516097,-0.00553158,1.09092028,2.13937318,0.51631583,0.79538483,-0.97254911,-1.27336740
25.00390625,6.39240162,2.27586277,-2.69712606,4.41016584,8.21045148,-3.84257821,2.60658491,-0.23430279
25.00781250,6.30315922,10.28309037,-1.66180741,10.81507503,10.24664012,-0.85888960,7.57167051,7.61969754
25.01171875,8.20160762,13.14834956,4.66891461,7.36773520,6.77129752,3.06097760,4.91134317,6.68836334
25.01562500,9.02970060,10.38936744,2.16764690,11.20995173,11.71398666,10.17826811,2.57040677,3.74778338
25.01953125,8.83155560,7.91539016,5.48196450,12.17923446,8.17437647,6.46906668,-3.30683516,8.11713029
25.02343750,9.79852678,2.00349178,9.03706656,13.15470407,1.81462620,9.54947964,-13.72880594,8.78721340
25.02734375,10.30414260,-2.42830538,6.57929528,10.52630898,0.25181663,10.88783129,-8.84270554,4.01878101
25.03125000,4.63320179,-5.49446543,5.28949107,9.07015407,-3.13131593,12.08468060,-4.32183112,5.12296882
25.03515625,8.64267102,-7.85982562,12.80442005,5.12850360,-11.78956042,13.33469884,2.84566449,-0.65809773
25.03906250,7.06179957,-9.12708432,7.00124672,3.34196173,-7.35275534,10.58227637,8.31727158,-5.78051745
25.04296875,5.39408775,-3.21080749,13.67902451,-4.20661207,-6.90571797,10.80617226,9.25038435,-7.04702385
25.04687500,2.53378392,-2.70488116,9.43430306,-4.85506665,-10.03870332,6.08568820,4.60955100,-5.62092189
25.05078125,-0.12807915,2.73248548,10.76366036,-7.17499126,-6.06038392,4.53860676,0.93886726,-5.92121790
25.05468750,-1.24589316,4.80058702,9.80652618,-11.28338058,-1.12006102,6.07506215,-4.94878279,-7.95208558
25.05859375,-6.64841231,8.89646687,10.07491471,-7.37503382,1.61755592,3.49439064,-8.01301405,-4.31513662
25.06250000,-6.95356540,10.93912977,8.09514122,-8.54873803,7.98075747,-0.04063581,-4.66419747,-5.20549648
25.06640625,-9.04993216,7.31535252,5.52126143,-8.34233340,11.92352387,-0.11017721,0.80983470,-0.16799484
25.07031250,-11.02395760,2.07737238,4.90660440,-10.53340439,6.90386900,1.29236875,7.68319687,2.09321832
25.07421875,-11.84139876,-1.41820950,8.00802178,-7.32779504,6.87523775,-9.54947455,12.17716673,3.89482502
25.07812500,-6.22839246,-7.06475052,3.62497735,-4.97682197,1.66912468,-6.75462534,8.69883905,10.17296863
25.08203125,-4.52952203,-8.02477184,1.40632129,-4.88478938,-0.56804156,-8.79507097,3.69482631,10.48001056
25.08593750,-12.22463067,-13.34922854,1.17278340,0.53358537,-4.09767669,-9.34867862,-3.79337940,9.59803725
25.08984375,-5.25358060,-13.49018064,-2.49378590,3.02349757,-8.24574459,-13.26966630,-8.93972227,9.53701604
25.09375000,-1.51835434,-8.94301789,-3.67228621,7.84329502,-5.84980080,-10.28693971,-8.56556259,9.81329675
25.09765625,-0.89869819,-3.09189981,-5.14162256,10.83955516,-9.60465220,-10.71403766,-2.11623295,-0.89338896
25.10156250,2.93440942,-1.66667616,-8.55307622,10.29317352,-5.62506009,-10.65431253,0.35157012,-5.41747235
25.10546875,8.67825744,7.67276200,-8.22439089,9.03758769,-5.05789470,-5.07849639,8.00265007,-6.73005287
25.10937500,6.64266647,10.22502656,-8.45451736,11.03700730,-1.51458953,-11.56365775,6.45030314,-8.90986188
25.11328125,11.68578502,12.31289430,-11.73652895,7.59566987,3.38027897,-6.72945939,1.83771971,-9.88203337
25.11718750,7.01023803,10.56586124,-9.39601777,5.52534552,2.98607001,-5.18209845,-1.26839703,-10.68290795
25.12109375,10.74550748,5.23804610,-7.11186591,6.37648033,9.20188706,0.78574710,-7.42850966,-12.08773816
25.12500000,4.67027149,1.71633055,-7.55010925,5.14323736,9.93959680,6.24482386,-9.99493590,-4.58987222
25.12890625,6.82644012,-3.42220613,-11.67841548,-1.48114115,6.59750243,4.40309501,-12.69872607,-3.84535367
25.13281250,7.42504534,-6.79578049,-8.99788618,-5.28039994,3.24913696,4.91518326,-2.46896378,0.24522121
25.13671875,5.94845488,-7.65831195,-10.87487853,-6.38908880,-1.06914210,6.78369889,6.63005017,1.96315189
25.14062500,3.69652995,-10.44990149,-12.04121734,-5.16143083,-2.39968880,8.95490621,10.78146431,5.32194741
25.14453125,2.10496627,-5.35731353,-3.62583688,-10.60085520,-2.44709917,4.97156657,8.84704496,11.41516393
25.14843750,-0.12302659,-3.67993985,-7.88664880,-12.26922326,-11.73736559,7.87669370,4.65741111,7.50836118
25.15234375,-1.61111427,4.85791442,-8.97409659,-9.18930991,-13.64218641,9.57222713,-0.47278613,8.63498564
25.15625000,-7.94969186,2.11076300,-2.61984740,-4.95634326,-10.76259797,10.70916290,-7.71506081,9.33545324
25.16015625,-3.50985819,8.92722526,-2.79413759,-7.03311703,-6.27688294,10.87033964,-9.30797956,7.83766464
25.16406250,-9.59046180,8.87490287,-2.13419993,-1.41420664,-5.93284112,9.15594383,-2.96903641,2.54928469
25.16796875,-7.65350567,5.19200634,0.60755754,0.19486298,0.19919507,4.07571454,1.51650283,-0.82677032
25.17187500,-8.94460358,2.96917276,4.74056819,0.00359853,3.69042703,5.74765983,12.20515760,-3.77944678
25.17578125,-10.78775089,-3.01800833,3.49429492,4.06243125,9.46813606,5.69140989,9.12436423,-9.61206935
25.17968750,-8.80388578,-5.30350074,4.97252281,7.48730321,7.91342480,7.66898837,8.83743948,-8.90695823
25.18359375,-1.51501771,-10.15650232,4.81910331,7.05802045,8.91145866,1.82958915,1.89155553,-10.13069473
25.18750000,-5.63756202,-8.97695379,6.78253499,13.35379382,4.07454850,2.60712399,-10.52107370,-13.24213802
25.19140625,-3.00505422,-8.68141294,8.95797093,6.91157838,1.53812816,-3.35531319,-7.04340346,-10.63388358
25.19531250,-2.69025711,-3.10294201,10.13100536,6.99087443,-1.10737007,-3.80343621,-7.88016302,-4.05930864
25.19921875,1.20902152,-1.85077469,8.48262973,7.72590762,-2.33224317,-11.47309415,-3.07336963,-6.00432802
25.20312500,6.24534562,5.69660644,9.66055417,5.25334046,-7.71771815,-7.11835951,6.19365896,0.99732443
25.20703125,7.50456923,6.84148286,9.12138026,-0.41968779,-8.13733344,-8.29628700,8.71192156,5.00552921
25.21093750,5.22789201,9.21989059,10.60693926,-1.43045266,-11.20791133,-10.76706320,4.22672071,6.86387979
25.21484375,4.03300752,11.07887299,9.34183665,-3.29877493,-4.54726327,-9.37447594,1.94415453,11.12792305
25.21875000,6.74130592,8.74865141,6.21839200,-5.58408269,-4.92548988,-6.62490369,-2.23912099,13.19638603
25.22265625,6.11866153,6.52838574,10.16692944,-8.28336439,0.05943967,-9.70245737,-11.21010339,8.66235018
25.22656250,8.48339537,-3.00288449,4.82730843,-10.36193847,5.09598358,-10.99491804,-11.55606565,7.36243094
25.23046875,2.02691442,-6.38157373,4.09748850,-13.36373187,10.91612754,-7.16630209,-3.74720166,2.92903667
25.23437500,4.96918399,-8.01104091,6.54044799,-9.93947124,8.66158062,-4.57004492,-3.19230759,0.41716676
25.23828125,5.55275541,-7.86255106,2.48961956,-9.33561871,11.05413699,-5.34427656,7.47063869,-3.50282919
25.24218750,2.08741427,-7.04900479,2.76119904,-5.05459038,6.23143676,-2.09835399,10.33137597,-5.37022866
25.24609375,2.35258612,-2.40868030,1.73013817,-3.45635682,2.82429007,1.51410052,4.35064856,-9.08319995
25.25000000,-1.79259386,1.36486923,1.76906657,-1.78096002,-2.50682827,-0.32843862,0.55344718,-8.12319856
25.25390625,-4.53386605,6.41661910,2.51831519,1.08818794,-3.24664813,2.61078529,-5.05704956,-11.01018826
25.25781250,-5.75242851,5.32894982,-0.77403679,4.08503073,-5.65892426,7.65515507,-9.55299042,-8.68666493
25.26171875,-4.53675014,6.55573666,-3.04372013,7.82511834,-12.12909400,6.01730341,-5.81642577,-2.83761197
25.26562500,-6.46121296,8.59662619,-4.34464291,7.59751325,-10.61530967,8.86441585,-2.79713453,0.35219735
25.26953125,-8.60537109,2.75667961,-2.87568623,10.05257243,-9.46897656,6.50870161,10.64447910,5.00555033
25.27343750,-7.37117628,4.85449030,-5.58884348,8.63896385,-5.01061919,14.73513273,12.99564387,9.26994444
25.27734375,-12.22975621,-2.41751187,-9.65956613,11.54992472,-0.45560565,12.36820831,12.60849242,10.35413816
25.28125000,-8.65364072,-10.10753220,-7.67165257,3.64224498,5.22404922,9.86788629,8.26181664,10.48736608
25.28515625,-7.62275799,-11.36758690,-8.97738992,-1.27143386,6.04691575,9.38767186,-0.13502883,14.13072444
25.28906250,-4.81999207,-8.73813814,-10.54458934,3.07250568,9.12220629,4.50521051,-5.00776243,6.29762956
25.29296875,-3.44353539,-9.81085942,-11.56766143,-4.07372575,8.85102718,8.22261136,-6.22455112,6.48925674
25.29687500,-0.41958969,-3.81763544,-12.60829211,-2.32855097,7.58156468,7.72985977,-4.09918403,1.47592935
25.30078125,4.08982588,1.59022708,-11.83510520,-3.52621325,11.20402553,6.97485137,4.49814605,0.87354126
25.30468750,4.42910703,10.36153570,-8.40836772,-2.21451991,-1.22370566,4.44757717,6.84251745,-7.25287205
25.30859375,4.84027104,11.64722470,-13.39412760,-5.94296648,-1.43879452,1.27876678,12.22568239,-9.68485000
25.31250000,11.34749711,11.39405531,-8.11970037,-3.96860369,-8.59714936,-1.89390780,6.05927794,-11.52323868
25.31640625,9.48648034,11.95265415,-14.48669298,-9.22368860,-6.16366091,-3.59355937,2.95260124,-6.19682768
25.32031250,6.98189553,6.08906556,-5.67272436,-5.60664057,-7.56981194,-0.79054925,-11.07771534,-9.97403289
25.32421875,11.63178941,3.43500975,-4.05525265,-5.06553996,-9.49963818,-3.94287645,-7.23636171,-7.95265378
25.32812500,11.74541098,-2.94159402,-2.42696103,-3.22305096,-6.48336070,-4.36447941,-8.08719582,-4.96673848
25.33203125,6.47308573,-6.39664918,0.60249654,0.57017274,0.52223208,-2.35261055,-2.79275691,-1.64500656
25.33593750,7.81690985,-9.97808451,0.98348543,-1.57843051,-1.04443487,-9.16870664,3.56153255,4.92236531
25.33984375,5.19689547,-9.34631017,4.35043267,5.20164467,5.24880196,-7.55344148,8.65155022,5.69988022
25.34375000,3.11203246,-7.52952212,7.17730674,8.66064063,7.78120733,-11.61956576,9.52864671,6.56249336
25.34765625,2.17214024,-1.55954094,3.87670454,10.05795916,9.68991363,-12.59950816,3.89251635,8.85453385
25.35156250,-5.06631265,1.92169174,4.66854817,10.91849121,11.39409984,-8.16781732,-3.24179061,10.91593769
25.35546875,-8.16111210,1.64077909,8.34647790,6.42061481,5.88248113,-7.04961037,-8.47727383,7.56655151
25.35937500,-9.62086397,9.15469475,9.83542688,10.63618100,2.19376187,-5.46752971,-9.31755218,8.87347457
25.36328125,-7.95139642,7.91331688,9.14128864,7.95992521,-0.94667453,-1.46796729,-5.19403490,2.92577738
25.36718750,-7.37783800,7.24779434,11.06223369,0.74746800,-7.84643560,-1.08449621,5.90069562,-0.84177193
25.37109375,-8.09539607,4.55839990,14.24031952,1.01378638,-10.03139395,-0.56217886,11.28161152,-2.49869720
25.37500000,-9.48764124,-2.74396909,12.55520901,1.20825942,-9.80153041,1.20630609,9.87186550,-9.04373536
25.37890625,-10.37332891,-3.99643846,11.89955574,-4.58036694,-9.91144002,2.76001008,5.94813553,-9.29111164
25.38281250,-8.65963127,-10.48971185,7.80236495,-8.89494345,-6.10610085,3.71645343,2.93860165,-9.56869015
25.38671875,-6.73688007,-11.32727400,7.46060936,-7.07664322,-1.61075529,3.42792949,-4.58615987,-9.20642640
25.39062500,-0.43196114,-14.37033921,9.28494092,-10.57635645,-0.31623977,4.54494393,-5.79526679,-5.07149303
25.39453125,-2.09736022,-5.64163515,6.95893581,-9.62974799,9.13815521,8.61965285,-7.59597207,-3.09133629
25.39843750,0.71114193,-2.76075485,5.33360209,-11.62196253,12.54829004,7.43590688,-4.75214072,-3.13982454
25.40234375,4.50182745,0.55940971,1.45287112,-9.11298248,13.62091429,6.49451257,3.50868111,2.10606907
25.40625000,4.68482707,6.93607715,0.89201753,0.20728334,12.52702963,7.41938392,7.35341632,0.71900216
25.41015625,2.59032159,7.47884478,-0.52939615,1.79679672,13.43153064,12.05513733,7.82381244,3.91295177
25.41406250,1.87293247,10.42735256,-5.10464867,0.17791528,2.51253084,12.49145574,2.62766338,7.21393658
25.41796875,4.50292205,6.44670466,-5.87362570,1.43907195,-2.75480204,7.10006017,-6.07008808,3.61657267
25.42187500,10.01723081,3.02060508,2.24444673,1.03868931,-7.17925059,5.94713869,-10.03487417,9.08121180
25.42578125,8.35472096,-0.61355775,0.69444972,8.66490765,-7.62902466,7.25968701,-13.45167747,4.77073045
25.42968750,9.24439028,-1.71221213,-4.24534192,6.16158188,-12.02940190,8.35184683,-12.36748938,3.22687233
25.43359375,7.79915636,-8.34380351,-7.24758523,10.62407891,-11.34520389,3.70246766,-3.13022243,-2.67186022
25.43750000,9.66748439,-9.05260521,-3.69005898,7.30626914,-7.76080157,6.25158969,9.61681110,-4.74993865
25.44140625,0.78713811,-9.00024677,-6.58838549,12.25333372,-5.20579933,-2.88065917,6.91685372,-7.72743866
25.44531250,0.12287006,-4.23482285,-4.52351496,7.78990001,1.64073422,-4.10189164,3.20910975,-10.39230180
25.44921875,3.03498029,-2.11479763,-6.99929190,9.58329971,5.42990843,-8.76050065,0.84554027,-3.90177051
25.45312500,-0.65186772,2.06715297,-7.93323417,3.12953801,5.83366838,-4.43689445,-3.84846534,-9.38622509
25.45703125,-3.91444900,8.65036105,-9.29759402,-0.32019470,9.04472644,-8.26480710,-8.74067001,-7.31316594
25.46093750,-9.40579803,8.78877410,-10.93254063,-2.48966162,7.00640158,-10.88943366,-8.95549554,-3.51310549
25.46484375,-12.91131789,11.10977459,-4.84918146,-4.85111671,4.87192404,-11.38516286,-6.46938920,4.75496067
25.46875000,-9.66736756,4.61588156,-11.09784203,-9.85872800,4.34570515,-9.90509921,2.72060280,2.08612826
25.47265625,-11.63106971,0.32852165,-5.15631984,-12.25513766,-1.16383286,-9.49289078,12.40436117,8.10012801
25.47656250,-9.17054425,-1.98821631,-7.92364896,-13.83440960,-5.94975926,-6.66786325,14.27346385,10.07048833
25.48046875,-4.89470245,-6.89159300,-7.10071768,-7.81057501,-10.92050742,-10.46718115,9.12157477,14.40454594
25.48437500,-7.70440697,-8.95255721,-5.24356756,-7.89098411,-9.99478874,-10.02707129,-1.88904850,10.36364515
25.48828125,-6.59202111,-13.05013983,-5.96999675,-6.92739865,-8.34690376,-2.64214903,-6.24598164,6.17741311
25.49218750,-1.80804213,-10.15119207,-1.97311006,-5.29760282,-8.70547894,-6.01270521,-10.13313474,7.05103939
25.49609375,-3.96269884,-3.47294849,-3.67172776,-3.79235322,-0.13488656,-2.54663843,-8.62756434,3.49083616
25.50000000,1.29554413,-1.54480767,1.75762031,2.94438311,2.13316221,-1.93723281,0.44170374,-3.10383621
25.50390625,3.29422542,5.48486379,1.50547859,5.10077633,5.74746590,0.07977363,5.89404680,-3.93603153
25.50781250,8.37547904,4.35389581,-1.78710098,6.35165408,7.60093691,1.74921748,9.02381089,-7.52574317
25.51171875,4.22341982,11.62159949,1.75271889,12.00880508,11.43920119,3.75583088,4.87292065,-8.04571377
25.51562500,11.57011550,8.93351440,3.52759745,8.68124691,13.04958064,4.42343027,0.05158166,-9.43189114
25.51953125,7.52968563,9.07492235,6.13471793,17.09310896,8.17727721,8.07160640,-5.05282219,-11.40676871
25.52343750,12.27202851,3.17667025,4.18350040,11.38654320,5.33509383,11.37303126,-11.69789918,-8.60475269
25.52734375,8.42562616,-3.11237246,6.51204004,9.14372724,2.15442681,11.68452500,-5.28159299,-5.50200199
25.53125000,7.45676584,-0.83588864,5.42627506,3.92246785,-2.20558690,13.45286789,-3.70405646,-3.87091311
25.53515625,5.93500218,-7.39116881,12.14463554,3.53391590,-4.42370858,12.61757081,2.24915644,4.14615480
25.53906250,1.38201861,-6.15659676,5.57804822,4.61222014,-8.77996177,11.67184393,10.57447668,3.17597604
25.54296875,3.80885708,-9.65111511,11.57792232,-1.02597918,-12.76432978,4.49615554,10.01027867,6.63806705
25.54687500,1.46350310,-2.49616888,10.62842138,-8.49216496,-7.20003745,9.27829499,4.96620324,5.80885487
25.55078125,-3.60807354,3.51363420,11.74088642,-5.46532891,-7.32134500,6.11919470,-1.00098735,7.52665061
25.55468750,-5.10506937,5.67011985,6.76846336,-8.40020300,-0.13737584,4.30533407,-6.76103092,10.35974163
25.55859375,-4.70633431,7.75351271,8.64763360,-10.97554870,2.01203926,-0.80078747,-11.56879301,11.35902054
25.56250000,-6.95172902,10.39612006,5.94991615,-9.46053669,3.64869240,1.30301314,-2.73305452,8.03923216
25.56640625,-16.11466729,10.54640203,6.53806729,-8.52328837,5.57787777,-1.58898941,-1.29559762,2.15979351
25.57031250,-10.71912882,2.43956600,8.03924197,-8.55239842,6.89131661,-3.09739281,6.70296105,-2.50897507
25.57421875,-13.81721476,-0.71774327,4.78789410,-7.27983809,5.71168717,-2.71996631,14.05913512,-5.51060810
25.57812500,-9.30859187,-4.42543770,5.00508249,-4.02931005,5.78365307,-5.27212375,8.33411072,-10.99018816
25.58203125,-9.10504216,-12.02552597,2.97300001,-3.27555742,2.58290050,-9.25966399,1.05781849,-11.55458051
25.58593750,-6.70652042,-7.85604339,-1.27947811,-2.40085424,-4.23269525,-13.10113558,-1.33755155,-13.65807941
25.58984375,-1.88067877,-13.63167647,-2.88241609,1.18401909,-7.90487283,-9.45619016,-4.89021328,-9.42077460
25.59375000,-2.69414273,-8.30813327,-1.26437418,8.38275273,-7.68758786,-10.97433699,-4.95084178,-5.30620399
25.59765625,0.17946306,-2.09326949,-8.08543087,12.07331174,-2.00429063,-11.98245824,-3.50484597,-2.70273601
25.60156250,6.80766221,6.39472653,-8.41383171,11.86709334,-5.27935505,-6.15339551,2.85418016,0.07780945
25.60546875,5.10949479,8.89632090,-8.99563421,8.63432818,-4.36094930,-6.85604174,4.14890093,4.48354273
25.60937500,3.88995735,12.49375193,-11.80334299,9.69023678,0.95206736,-7.60261290,10.00432120,3.89098595
25.61328125,8.81538481,13.82903241,-10.52736039,12.02197683,6.44495315,-4.90906541,4.46318417,4.80697411
25.61718750,12.28114407,5.73791056,-5.14649328,8.35702378,3.26932309,-3.72559209,-1.68153639,12.60262203
25.62109375,7.76501711,2.71331087,-10.59792735,6.94182068,5.41791633,-1.05053859,-9.93007985,7.01495490
25.62500000,8.49536060,0.30683762,-9.54520272,2.28115912,9.68106578,0.92945439,-11.19213813,9.08817885
25.62890625,10.65069284,-2.43168477,-8.59865652,-2.22706560,5.22523310,-3.05349359,-7.27754247,2.19927491
25.63281250,10.52925556,-5.29949112,-5.83707550,-3.79200861,7.31462610,5.54760787,-1.96256426,0.90303359
25.63671875,7.21352137,-6.62679487,-9.36262733,-5.68504431,-1.90090427,7.03815207,5.19294953,-1.31058249
25.64062500,5.43626194,-8.91368036,-8.72297513,-11.30493752,0.76984324,10.91980311,10.67677296,-5.82058564
25.64453125,3.29889727,-8.40364091,-5.87834459,-9.95423353,-5.97252215,6.40026622,5.17154354,-7.90302237
25.64843750,1.43065661,-2.99275008,-4.53954328,-16.50873752,-7.26269625,11.34958070,0.97133511,-7.53272465
25.65234375,-2.90919862,5.63625816,-8.73226953,-8.81175923,-8.68135774,6.64004403,-5.93312342,-5.99065559
25.65625000,-2.65391454,9.25712623,-3.87170274,-8.10138220,-5.33832177,6.59612611,-10.14730013,-7.32418082
25.66015625,-4.40029387,9.19225652,-1.82347816,-3.59039002,-9.67931320,13.13663294,-7.60879530,-3.73598676
25.66406250,-7.27155290,11.37058506,-3.31055790,-3.14482276,-1.08700745,11.83815300,-4.27625116,-5.91727636
25.66796875,-10.28573901,3.30348819,-0.42013096,-1.94561368,-1.25330885,6.25448676,3.61099798,4.72701715
25.67187500,-8.91085992,4.28417437,4.50091747,-0.31116605,0.61196773,7.43041721,11.70739370,6.24328744
25.67578125,-8.34207750,-3.99079920,5.06438008,4.44066790,10.57261324,7.79272953,13.65181884,10.08350615
25.67968750,-10.82299434,-9.81811674,4.09316279,5.29250236,10.58585566,2.26172106,10.47366831,13.00505519
25.68359375,-6.04001114,-11.41989539,8.32474974,6.82120651,9.10662290,-2.51119264,1.80631280,8.63979790
25.68750000,-6.81979956,-11.31994685,5.58649015,9.63194432,6.58568352,-9.38732980,-6.20975470,11.56408253
25.69140625,-3.39748897,-10.80589277,7.08919951,8.86480913,2.20080743,-4.89586541,-8.11866245,5.62563256
25.69531250,-1.06447660,-4.20250623,3.81314695,8.69075637,-4.06879996,-3.26735165,-10.72601990,7.66535842
25.69921875,0.72424316,-1.46361382,6.69559984,9.23171161,0.07873143,-9.14248438,0.93321097,-1.51335866
25.70312500,2.07465144,5.41635847,10.37923928,1.60367991,-4.89512794,-10.31140857,3.14282821,-3.97998175
25.70703125,3.79831399,12.98970739,8.36343325,5.92248034,-4.16631176,-10.67949646,9.43087802,-9.19770624
25.71093750,5.57394219,8.70004089,8.35704637,2.08147286,-8.66150470,-11.83099207,4.84951616,-10.80468096
25.71484375,5.33006123,14.37875748,8.85829893,-2.74975608,-4.15369556,-12.63131701,0.83820399,-13.22232234
25.71875000,10.41581053,11.08025512,6.77458869,-4.50439492,-6.09232055,-9.80086195,-6.81677049,-13.99872176
25.72265625,11.41191655,2.57982539,5.92900687,-10.62311353,7.13846481,-7.84196427,-8.48788362,-10.73166434
25.72656250,7.04583374,-2.77610353,7.43104978,-5.76223288,2.84468090,-8.23030405,-11.93687080,-3.46436741
25.73046875,4.81284156,-4.21423409,8.11134096,-10.28896441,6.66819333,-4.24494949,-6.34869008,-2.63804679
25.73437500,4.29639499,-5.74521665,5.88449358,-11.90033554,7.91242487,-5.58596603,-0.46012288,2.20475124
25.73828125,2.56468116,-13.00698470,2.44576602,-9.43155340,8.89460606,-5.87524213,10.42468305,3.28599032
25.74218750,1.38237475,-4.02783602,3.35142142,-4.95108348,6.22217390,-2.86134074,11.17920687,11.19464322
25.74609375,1.45430627,-3.17589969,0.16755446,-5.11243100,3.26106350,-0.84895640,6.23394688,11.31132014
25.75000000,-4.39784094,-1.18584208,3.11308755,-1.57234565,-0.37861467,-0.30747632,1.85779382,8.62109516
25.75390625,-3.99910223,2.90504195,0.89908656,3.55836695,-6.03213032,3.59941924,-6.37944452,6.36697289
25.75781250,-3.82341881,6.59532287,-1.16292932,3.25623013,-8.35052716,4.51808198,-10.23455592,11.11721610
25.76171875,-5.94114769,7.38543918,-2.10860869,3.25226882,-10.10975633,5.42561318,-8.17700368,5.93310750
25.76562500,-8.99368630,11.62663978,-2.40596579,4.94580754,-11.26185283,8.71023079,0.74913570,3.11691825
25.76953125,-11.06739592,5.27128491,-1.65125346,9.59500643,-8.14059068,7.98868882,2.55420523,-5.88101818
25.77343750,-8.67887355,0.73297970,-8.53529166,8.43289151,-5.98618283,9.49614037,11.31500280,-6.30324973
25.77734375,-13.35524205,-5.66944910,-5.78553582,8.28976591,-4.10010841,12.92428498,10.96632647,-7.45355015
25.78125000,-9.39960105,-12.47158356,-8.23015852,4.36710482,2.01404804,11.84726943,9.81640968,-5.31238802
25.78515625,-7.01196027,-10.92565986,-11.22717081,2.61333044,7.89683358,7.16400056,-0.32597510,-9.11480680
25.78906250,-5.23032789,-9.17874676,-7.95198615,0.74384779,7.37323363,6.53685688,-10.84637686,-7.36514633
25.79296875,-1.52952176,-10.36990001,-12.10717115,0.48489435,12.74187043,3.44436501,-8.41629398,-7.78204670
25.79687500,-0.19704948,-3.90952372,-8.87343237,-5.01353572,7.77693768,3.83616339,-4.28515121,-1.91241186
25.80078125,1.12086717,-3.70485941,-12.42877092,-3.38732616,7.36733538,4.50989811,0.02316464,0.54172344
25.80468750,3.87138380,2.66273657,-12.94233041,-9.01130735,0.47050590,2.69024967,11.44597534,2.32120784
25.80859375,6.53723543,12.74061800,-6.35262220,-5.81326240,1.22483704,-4.79319142,11.50015265,7.04850027
25.81250000,4.47012657,13.85729419,-6.46013472,-11.15398615,-4.43335091,0.54902752,5.51367980,6.24647296
25.81640625,10.22596121,9.68536663,-6.30701434,-9.59658394,-2.24371369,-4.18327883,-4.01004049,7.25871652
25.82031250,9.78690083,7.72612717,-6.40404625,-7.55593143,-9.94829669,-4.52198223,-7.43546212,10.03352468
25.82421875,10.53956247,-0.85322101,-3.71667731,-4.44451284,-7.42889163,-5.45501389,-10.87291588,5.18598978
25.82812500,9.17105770,-3.02407599,-1.97355034,-4.55389992,-1.86103809,-3.66398132,-5.18087741,2.50174199
25.83203125,7.45798367,-5.28026916,-3.57545996,-3.62873729,-3.60596174,-5.87151637,-3.62849643,-0.87334716
25.83593750,7.21786214,-8.01101010,2.31886013,-1.37897848,1.02316985,-11.86699672,5.12017523,2.11156831
25.83984375,2.63016316,-7.96477397,3.10698757,6.19890935,5.21499891,-8.42028625,10.57521672,-4.11733889
25.84375000,2.17845575,-5.62791343,5.09857515,6.57331192,10.33234245,-9.60341001,9.70159891,-7.08892380
25.84765625,-0.13507447,-3.76074439,4.64443159,7.49883780,10.01209052,-9.60151651,0.34847512,-8.55838785
25.85156250,-0.67593355,2.07706265,6.20081136,9.91219810,7.47056842,-6.33041705,-1.12875744,-7.21559434
25.85546875,-2.67805192,5.20237072,6.49124835,12.47710113,6.44789887,-7.32434551,-5.31609204,-13.02805021
25.85937500,-4.05036775,11.22837881,9.93121623,11.86580248,2.45264755,-2.84169394,-10.22684538,-2.87400778
25.86328125,-9.23722430,12.30674597,9.21520028,10.72725156,-1.84715132,-6.11767968,-8.74988198,0.53941109
25.86718750,-8.69399420,4.93529534,8.10015087,2.97531119,-6.91774835,-1.82975336,-1.50392406,3.60522659
25.87109375,-6.35540957,6.20335496,9.47048662,1.09366848,-9.34231703,-1.12571379,10.02920143,4.96131379
25.87500000,-7.92719011,-2.55412728,13.12433647,-3.83872332,-12.48865818,1.50158690,11.43291816,10.09275009
25.87890625,-12.06708535,-11.28697197,16.31778119,-4.96915352,-12.44659581,0.82319707,11.84538044,7.30033310
25.88281250,-6.67454186,-10.68386290,10.62875605,-5.08063301,-8.29274943,1.33366879,1.92861054,15.73556093
25.88671875,-6.09276683,-11.25079606,11.55502227,-8.01335469,-5.30170667,3.89280910,-4.75681825,8.43194213
25.89062500,-0.88357601,-8.71667987,8.07156302,-10.08389784,1.16653294,-0.44530858,-6.17271142,6.73624848
25.89453125,-3.14886835,-5.64896142,7.16969429,-14.42356540,10.03382263,9.46661978,-8.75579588,2.49455224
25.89843750,2.16921704,-3.13643562,3.24465089,-7.59690218,11.95388341,7.98296500,0.81130784,-1.55501299
25.90234375,3.33345605,6.47242915,3.94545719,-6.97409680,13.35195964,8.74619541,1.92062923,-4.49742450
25.90625000,4.55289133,3.10352920,2.51236808,-4.41209386,12.43682905,10.50139692,9.61419386,-6.88169173
25.91015625,6.02017443,8.43736957,4.37087692,-4.94745090,9.01926445,10.82574244,12.21209163,-7.19106596
25.91406250,5.17700469,12.43229232,-3.81162355,2.10962424,6.21904722,6.69793006,1.33866244,-9.75068370
25.91796875,11.37976270,8.84900062,-1.23350200,1.74117639,-0.72335881,7.79027643,-6.63813457,-11.04371443
25.92187500,6.02248855,5.45165284,-0.52238253,6.46899437,-3.24976277,8.36910624,-11.79728039,-9.12266068
25.92578125,7.06310262,2.15437438,-3.09171051,6.66242141,-8.73759330,7.69050427,-11.73833705,-8.63987734
25.92968750,7.36644346,-5.80888683,-4.88811391,4.49791186,-9.44495592,9.61796890,-7.26186446,-6.36833887
25.93359375,8.37834856,-4.53130037,-4.80868468,13.55456523,-7.66341961,0.32021705,2.68375870,0.91894051
25.93750000,7.09667623,-7.61681709,-0.91454034,12.40446683,-3.27157820,0.53198036,5.79276869,5.23290637
25.94140625,2.07768152,-9.22823941,-8.12063312,8.00797272,-5.60003523,-2.66611911,9.54727556,7.60020753
25.94531250,-0.67559617,-5.16858321,-5.48102389,5.96333185,-2.55246349,-0.95575835,6.56736293,9.80363671
25.94921875,-2.97652477,2.03955570,-8.49213932,7.11913550,-0.86878147,-3.24441534,-2.14317964,10.16555600
25.95312500,-3.77579399,4.76116145,-11.31964130,2.56693445,8.55705983,-7.84056175,-5.37369010,10.52792978
25.95703125,-4.37438174,7.78557739,-8.85083561,2.80096690,8.15758410,-6.97604981,-12.66920519,9.52025818
25.96093750,-6.68020018,11.53469059,-7.99278833,-2.08573986,5.02988715,-5.42085930,-10.61709352,6.57719818
25.96484375,-8.66121973,9.66299402,-9.99637582,-7.91141179,4.98737894,-10.83688230,-1.68813480,5.87234715
25.96875000,-12.79609571,8.72427678,-8.36314663,-8.38027521,2.29147169,-9.77036172,5.24440724,-4.17316676
25.97265625,-8.68773629,-1.47577064,-1.19904913,-13.37515435,-2.83318589,-6.63924715,7.49766149,-0.49757852
25.97656250,-7.53666748,-2.71390337,-11.25712867,-10.40928269,-6.35024583,-9.40050680,12.87201040,-3.53680730
25.98046875,-9.18990925,-9.05215098,-5.38624507,-13.23224282,-7.76635814,-9.37100372,7.45736230,-8.58017130
25.98437500,-7.02059923,-12.44439964,-6.02674521,-10.62076055,-12.26159796,-8.91697143,0.42333097,-10.39922524
25.98828125,-6.74028865,-9.67892349,-2.12234853,-7.47062647,-7.92076780,-10.00241281,-5.82609043,-4.01303755
25.99218750,-1.26502445,-9.54906065,-0.92329030,-5.76161045,-7.64130012,-3.87726073,-4.48482765,-4.06400881
25.99609375,0.68932821,-5.35341835,-6.01623376,-3.41601618,-5.61098643,-7.07998023,-3.81438860,-3.77960825
26.00000000,4.71096504,-0.18569634,-2.44891759,2.82105528,1.65238308,-7.01240111,0.80364425,-0.89326495
26.00390625,7.79956845,7.32467955,-3.14618022,5.49274614,6.70508612,-0.83193300,4.77743640,-0.43704544
26.00781250,4.14544103,7.77234401,-1.20838833,7.08016274,8.10715052,1.90945373,8.70674831,5.54609788
26.01171875,6.73961796,10.74694546,2.39163471,13.11557541,11.83759051,3.67216946,6.50045098,4.11637695
26.01562500,6.09155478,9.63057603,2.97645010,10.75029383,9.54748439,10.03121007,-2.95822080,6.58105604
26.01953125,5.74025454,7.39186355,2.99894942,11.64502372,11.00952388,6.97572014,-4.05629790,10.28488272
26.02343750,10.91583676,-4.00787801,9.73532205,5.86636850,7.64385698,8.74667894,-10.95722198,4.42020951
26.02734375,11.85980054,-4.63739084,7.93688436,8.46260818,-0.08317213,9.78299979,-8.44430965,5.49231851
26.03125000,12.84179321,-6.03669870,7.57329003,6.49263114,-5.14799394,10.24078894,-6.62073239,0.59418516
26.03515625,7.83012416,-5.95287265,13.14340023,3.91745742,-8.57800638,10.98203342,-0.20157872,-0.73099173
26.03906250,3.96305836,-6.62121461,10.11143707,2.84867551,-11.21653027,10.11425950,6.58807262,-3.21325463
26.04296875,4.69424213,-7.23717370,12.33849898,1.71553641,-9.19527235,12.81692878,12.62829006,-8.19307809
26.04687500,-1.09401610,-2.43994233,9.72491925,-3.31120196,-7.77307068,4.80850449,7.53071290,-10.37604693
26.05078125,1.19397527,3.34874692,6.74748480,-6.59828753,-6.29402037,6.91532429,-4.54287571,-10.83101924
26.05468750,-3.58444663,7.25570343,9.95633773,-11.62103711,-0.69253953,8.64237617,-8.61437315,-5.27305047
26.05859375,-7.33760741,5.47681894,8.64284652,-7.77572473,-0.39589008,3.70728569,-6.63748590,-5.08816395
26.06250000,-2.62562839,9.78716717,7.70936784,-12.57293931,5.50229049,-0.79789443,-2.59144600,-4.33611843
26.06640625,-9.64360577,7.39997170,9.57302001,-6.94493620,13.38055716,1.56925054,-2.00019574,4.49100344
26.07031250,-12.05148989,7.39424761,8.87514561,-9.97970359,7.58375426,-2.72280246,8.36698816,3.79577328
26.07421875,-6.73219915,-2.57138375,6.32263083,-6.57179938,8.78541760,-3.75737732,12.46209177,9.49623836
26.07812500,-12.48525296,-5.88970576,0.30265513,-5.92992261,1.58501339,-8.37207591,7.90492424,13.49908857
26.08203125,-6.08774401,-11.47904193,3.77788251,-4.24723848,1.46654776,-8.44244021,-0.38162168,15.65902799
26.08593750,-5.86256481,-12.16367486,2.33674352,-0.10178707,-1.31363675,-8.33510639,1.04039821,13.37110611
26.08984375,-5.11950699,-12.02974943,-1.51765533,2.25151822,-7.97403327,-11.27344655,-7.95324153,7.22817550
26.09375000,-1.37640106,-7.48715827,-3.07997359,6.70816241,-12.44212660,-15.89201430,-5.94089435,5.16917185
26.09765625,0.85167919,-6.10313252,-6.14445152,7.93018893,-8.04502567,-12.75221750,-3.57565262,3.69743916
26.10156250,5.38860041,2.42228315,-8.36912038,11.34676418,-9.49944158,-10.77226308,5.44139044,-0.57894292
26.10546875,7.94885142,4.96735624,-10.93524257,11.85200685,-4.45990302,-10.98237203,9.52391939,-8.82034771
26.10937500,5.84991626,9.46026597,-4.22080683,7.68523362,-1.51688945,-9.13468155,7.68327985,-4.68952306
26.11328125,11.70506346,10.82990403,-9.28986247,9.56905959,3.54242986,-9.56207560,4.99702844,-11.00384934
26.11718750,9.36267640,7.73919769,-11.31784812,7.97159574,6.72328898,-0.23230753,-0.77158892,-11.01310776
26.12109375,8.36332621,8.59411082,-11.92819606,1.50960267,8.54278728,-2.58011646,-6.89529739,-10.90304149
26.12500000,7.72400352,-0.58640787,-10.88710804,0.01242738,10.09372370,2.72759212,-11.82020959,-3.42214758
26.12890625,10.42456304,-2.96526466,-9.78901488,-3.00004105,9.83184197,0.23146942,-10.95341007,-3.20279588
26.13281250,9.04823035,-8.61117113,-7.18603130,-4.74505993,3.90581198,8.03668110,-0.58243055,-0.73902556
26.13671875,6.23876908,-10.00184956,-8.38544726,-6.31319762,1.00290050,8.23853916,5.29891469,-0.28106724
26.14062500,4.78792414,-8.94233610,-7.89327658,-8.53740981,-2.88139600,4.22243263,7.09925225,6.22192316
26.14453125,4.26491411,-7.81766948,-7.22845111,-8.88194440,-7.30468014,9.55787406,9.03237343,8.76624864
26.14843750,1.72895457,-5.58996824,-3.27424902,-13.70003510,-8.62950966,7.85918746,7.78418663,10.18413381
26.15234375,-1.16839665,2.23759480,-4.27402819,-11.91670620,-11.51760639,11.80828251,-6.71726998,11.13010275
26.15625000,-1.23397018,8.33366469,-2.51438818,-7.24656205,-11.37307729,8.01176815,-10.47379468,9.47493111
26.16015625,-4.84218526,7.12188503,-1.34694198,-5.45728379,-9.05540867,9.61831401,-7.90772661,6.94399317
26.16406250,-8.58378371,8.86729785,-1.44720790,-5.63211396,-1.94341263,10.05300112,-4.34879387,0.60768501
26.16796875,-7.54873726,6.17186552,-0.19483078,3.18989526,4.56194526,9.76331115,6.50259621,-0.84164339
26.17187500,-13.21261565,2.60390824,3.80310514,2.38873971,8.23708964,9.43305564,5.57038044,-7.92942021
26.17578125,-10.24420481,-0.82984854,3.50906522,5.75952675,7.36560191,2.70250914,9.68549372,-10.09305855
26.17968750,-10.05285741,-5.12960047,4.25904246,6.61085873,11.46072190,5.03897161,7.71285507,-8.39548824
26.18359375,-7.59996746,-10.55152917,7.38787937,5.45006273,12.31134164,0.47872387,4.57031479,-11.09163975
26.18750000,-2.49253544,-9.08050071,7.67845158,10.45774995,4.35206017,-1.65394923,-7.37197274,-8.04670696
26.19140625,-1.77266408,-9.89505441,7.31428663,6.72098795,0.87192678,-4.32447602,-8.05565241,-6.64240522
26.19531250,-3.82762589,-6.98181972,9.24406648,7.21912420,4.03583013,-5.14271139,-8.49945631,-1.13816714
26.19921875,1.03880304,-2.95335013,4.50586569,10.58762387,-4.71217029,-3.21137536,-0.61155939,-3.94593209
26.20312500,1.66300385,5.87423190,6.14385019,6.03132769,-6.93127964,-10.04778498,5.27288553,-2.79355688
26.20703125,6.26383018,10.46310731,6.75843114,4.95216435,-10.05987902,-10.48868995,9.62817749,2.91327598
26.21093750,7.50636654,8.53904114,9.82797647,-1.27700618,-4.49100967,-11.77482144,5.84523083,9.11156517
26.21484375,5.43082867,5.27875983,9.10205392,-4.37583070,-5.58981944,-11.13925576,0.85998242,8.83290713
26.21875000,9.29907700,11.19409468,10.22921223,-7.14866883,-2.21479616,-5.73764864,-5.80919707,8.99829168
26.22265625,6.68575799,2.05126326,7.71225877,-12.77945225,-1.59604087,-7.18825833,-10.98528712,8.94141829
26.22656250,9.70762077,1.58817429,10.69609443,-7.23381517,4.14286685,-7.83068641,-12.63148383,5.44636467
26.23046875,5.52426190,-3.52511767,6.14448175,-7.66558305,5.28434764,-10.79485498,-4.52964662,0.43618925
26.23437500,3.11287929,-6.24675020,5.65797371,-11.32204732,14.12511485,-6.05127247,4.26827804,1.21898871
26.23828125,4.51880986,-5.67620711,4.62931590,-11.74219899,10.95277776,-5.11650637,8.34453753,-4.82699705
26.24218750,3.88892751,-5.75728828,2.86157399,-6.28114433,9.05704718,1.39962136,11.86222571,-7.82505084
26.24609375,-0.19762480,-0.87812665,2.85902460,-3.11528321,5.53105268,-1.37554307,10.75270849,-9.41391116
26.25000000,-1.26393505,-1.95436985,1.54274069,3.13580578,-4.67463031,-2.15600426,-0.74544252,-10.36323645
26.25390625,-4.01506495,2.38428209,1.60563220,4.27669000,-3.39808408,1.76447634,-5.23551650,-7.66428437
26.25781250,-7.26796764,6.16393300,-4.54713535,8.18814234,-7.53569096,6.30117718,-8.12944149,-6.22332828
26.26171875,-7.53369081,7.92362849,1.50335664,4.74207002,-7.53226005,8.45411650,-8.47797353,-3.89643534
26.26562500,-9.67934447,6.64827132,-3.02022260,8.39442837,-13.42887247,9.29185389,-0.68296162,-0.07024284
26.26953125,-8.59641923,2.79854191,-3.83701757,8.65725644,-6.47592230,11.59186946,4.82291246,4.87876657
26.27343750,-10.14973373,-1.39744269,-6.08754543,4.94076128,0.15338594,8.10330150,14.07634279,6.52361559
26.27734375,-9.85181886,-4.91429511,-8.05395225,6.01194284,1.41147063,9.69860197,11.70183545,9.29535645
26.28125000,-7.26552555,-8.80022011,-9.17006493,4.51527507,1.06503909,7.42355278,5.96109738,12.00165289
26.28515625,-8.36233752,-10.80816490,-7.31502769,5.64540373,4.41148344,11.27464459,0.06619515,11.07267211
26.28906250,-1.62852813,-8.54617171,-10.91213464,-0.06346512,11.54685554,4.11716797,-4.11306147,11.16847601
26.29296875,-1.84842542,-8.52027623,-8.70087703,-6.19755509,11.38816554,8.81368755,-7.22221787,7.39224889
26.29687500,2.81601591,-3.30212708,-12.86102127,-3.99776958,11.66110924,5.05741065,-7.62648225,2.22764920
26.30078125,4.28147960,-0.62148341,-7.42871139,-4.03914364,5.76072745,2.86080647,0.38973565,-2.44075082
26.30468750,3.33256424,6.63959723,-16.55722677,-3.54242892,4.03581799,2.19359019,6.07384054,-5.44611339
26.30859375,6.85059834,12.36184686,-6.99677868,-9.75018502,-0.29484621,-0.46187255,11.51374829,-12.76040162
26.31250000,11.12714209,8.28896906,-8.66515788,-7.84863160,-4.86878343,-2.71050439,6.93559999,-14.32044698
26.31640625,9.28559746,9.37811351,-6.26439984,-8.84908050,-9.88534129,-1.42733168,0.55543263,-9.16710772
26.32031250,8.44276713,5.76865999,-6.85011889,-10.73575106,-10.64370844,-4.61188740,-8.90096894,-12.78642119
26.32421875,9.34528361,0.82881277,-8.71631327,-2.86421483,-9.16648198,-4.82090090,-11.33792626,-5.26779655
26.32812500,8.19188483,-4.35290009,-1.98889062,0.60600610,-6.63561451,-4.99071984,-10.65448452,-2.98372237
26.33203125,7.07678578,-11.34890576,2.44353058,0.86317258,-2.12074125,-6.48137142,-2.86787169,1.07188587
26.33593750,9.75059867,-9.53586720,-1.44261433,2.77092812,0.81852315,-6.26247142,4.77108678,5.60512941
26.33984375,8.44649274,-6.24103328,2.35117269,7.14668037,6.32286633,-11.96804916,9.96913767,6.49256616
26.34375000,6.39187526,-7.42497272,1.84985357,9.36925036,7.77708778,-7.18530116,9.34694491,9.26128007
26.34765625,-1.93354929,-0.55046793,5.52994156,7.41500970,11.09184822,-7.84607751,4.79619988,10.99888578
26.35156250,-0.88525725,3.51032710,6.05798361,8.80704469,7.89419515,-6.08642639,-5.79161260,8.90155415
26.35546875,-4.32300004,6.68251285,9.02482959,11.08935808,5.30432898,-5.44648983,-9.50269172,8.21916324
26.35937500,-4.13109658,7.93264652,11.70538249,5.13639970,0.08164869,-8.76988275,-11.16719644,10.26342063
26.36328125,-6.36779142,11.16086762,11.79367844,6.55455539,-5.32687378,-5.70870150,-5.26092169,0.22778199
26.36718750,-10.42414353,6.76215475,12.33721713,5.81126509,-10.47452870,-6.30297846,0.83664262,0.44834085
26.37109375,-9.75199015,2.03788770,10.24541770,-1.05017978,-9.76387409,-1.15395965,11.37534618,-5.13868227
26.37500000,-8.80195501,-3.63239027,5.21571757,-1.74710328,-13.89909469,1.55634721,8.67718960,-8.06397073
26.37890625,-7.88932845,-6.09346522,12.63700368,-3.26593928,-9.39984040,1.94414405,7.21214478,-5.54135710
26.38281250,-6.71853841,-13.17792821,7.50259197,-7.14347463,-2.39853088,7.17797164,2.59810097,-8.58393384
26.38671875,-9.12486899,-11.66919858,9.59642240,-7.72829832,-2.64555296,1.08469168,-5.64626518,-5.81628286
26.39062500,-1.57337718,-11.39437912,5.72938206,-9.06070000,3.64819532,1.38271957,-5.79936501,-7.41529421
26.39453125,-1.90413933,-6.14931182,7.44671569,-10.26078444,7.14441730,6.68799841,-9.27209914,-7.45005477
26.39843750,2.11502515,-5.84471695,6.03132118,-10.10623044,11.55584701,4.05797142,-1.94628261,-0.86791448
26.40234375,2.93848879,4.49236517,2.80377166,-7.20077132,14.24993460,7.62876269,2.95371905,-1.00214177
26.40625000,2.92594808,8.80496437,2.12004284,-3.18238402,14.48399783,9.74417532,4.12096031,4.59030792
26.41015625,3.78988250,15.98151625,0.06228699,-3.93852534,8.56243354,8.53012328,6.96869033,5.06205344
26.41406250,5.76804794,10.48682103,-3.19131337,-4.86809705,7.42953290,9.23908673,2.03291205,6.08028209
26.41796875,10.81566395,10.38142527,-3.96116228,1.82934682,1.05314776,11.76143666,-7.63161252,10.62910948
26.42187500,10.58487383,2.60292471,-2.90187610,4.48180830,-4.27729913,10.48887445,-7.83092742,8.26837567
26.42578125,11.27573257,-0.00712675,-7.19153803,6.88069849,-5.19307297,5.42051508,-8.44144108,8.59361660
26.42968750,5.42860918,-4.32120616,-1.56380669,8.64380905,-9.92548295,2.09504797,-3.97555306,5.42091280
26.43359375,8.70297983,-8.72658381,-10.63813439,14.38280558,-8.39379317,5.11316432,-2.39795527,-3.90590793
26.43750000,3.54400668,-10.91059236,-7.59440671,11.09795990,-10.22679765,-0.09994264,7.04743353,-5.02344052
26.44140625,5.40490886,-8.27920026,-5.14248130,7.07914470,-5.21644038,-0.15012377,12.41063483,-6.12376338
26.44531250,3.78505283,-4.55633217,-8.56693197,9.42069533,-1.09718579,-3.76129579,7.42009996,-8.29798862
26.44921875,-0.14594019,-0.99749540,-7.12876196,6.84366592,2.12736147,0.68654984,1.67532929,-7.61913310
26.45312500,-5.70455516,7.63676945,-8.42543218,0.42833657,6.27731476,-7.83134135,-3.54625262,-9.47969161
26.45703125,-3.75850411,4.34819804,-8.66160103,-1.08138115,8.61565021,-8.90665143,-10.97124018,-6.87287100
26.46093750,-6.51628129,9.72559082,-6.95074172,-1.03171605,10.12809517,-6.65993278,-9.06013246,-6.30443157
26.46484375,-8.64708252,10.63962782,-9.00029209,-6.03288550,7.16126001,-6.16490943,-3.09591902,-0.58687379
26.46875000,-8.99248089,2.88272356,-10.33564549,-8.41522660,5.04906534,-11.34292487,3.64644403,3.75846499
26.47265625,-9.93510655,2.11189189,-8.04337030,-7.42789226,-2.34539597,-7.42114803,11.12827557,3.39208234
26.47656250,-10.18804212,-6.76832853,-8.16379601,-8.93138204,-3.94383874,-7.72972505,9.66652640,7.06733446
26.48046875,-8.14483678,-6.70248024,0.33666258,-14.54362494,-11.74969120,-11.40539584,6.51696010,11.14878216
26.48437500,-4.83431577,-9.02063505,-5.46740093,-10.45712038,-11.53466526,-9.86437838,1.48158469,10.63881880
26.48828125,-7.15511910,-14.13278203,-8.01613244,-10.14856350,-6.54243615,-6.80556957,-10.31168038,11.80257538
26.49218750,-2.52645413,-11.54293160,-3.71856444,-3.96330434,-4.34325852,-4.56312967,-14.21384791,7.25488730
26.49609375,-2.31745520,-3.65321914,-7.25342534,-3.28817027,-3.80955079,-4.59885099,-3.07922498,2.48450906
26.50000000,0.50159843,0.07820550,-1.34725373,3.29266538,0.98008322,-2.86734422,-2.87350886,-3.74543283
26.50390625,8.43794808,6.10818421,-4.84224086,4.22050079,4.43909588,1.85610974,10.14595797,-5.03149349
26.50781250,8.03455187,8.38629980,-2.03754871,7.65739438,6.92626925,2.51967592,10.60670993,-11.77934519
26.51171875,8.94268842,11.71824565,-0.63984886,10.85071949,12.66609554,3.04594995,4.24548700,-13.24217961
26.51562500,7.97906719,8.25956120,2.42814968,9.84017623,12.68100145,8.24965114,-2.21435761,-10.55394103
26.51953125,9.05615480,4.04079244,4.82678431,13.21118569,10.29343647,7.58804603,-9.52296985,-12.06663406
26.52343750,9.97816148,3.48765775,6.64889479,8.56001638,8.89096481,9.06214631,-11.10749618,-11.84254710
26.52734375,9.31846268,-3.96278367,9.04169734,11.05924191,4.48006427,10.13146738,-8.73875706,-6.58243080
26.53125000,3.34489884,-5.05801998,13.65424536,6.44126390,-3.99721080,11.45354782,-2.06974201,-3.11029716
26.53515625,5.18389772,-8.02059394,9.90682297,4.66231492,-9.74142842,8.25838573,3.21741078,-0.32060133
26.53906250,6.58631450,-10.81058608,12.99117838,2.47547616,-11.92118744,12.64102634,9.13266154,12.12169246
26.54296875,3.33598273,-4.23391877,9.61822961,-2.34118387,-11.74890664,6.43748844,6.54098123,10.93652471
26.54687500,1.29378836,-4.35280511,8.60271862,0.06112601,-9.75813561,7.39370371,4.89606155,7.49351019
26.55078125,-0.53586228,-1.06611062,10.66695880,-6.42603411,-6.84928166,8.17914540,-6.48213001,7.77422935
26.55468750,-7.03137762,3.49827215,10.71847306,-6.59185079,-1.98592436,1.99051595,-5.51950834,8.12115809
26.55859375,-7.61386154,6.63272369,12.18082052,-7.35496304,2.05218321,5.50230733,-9.07474061,8.26804751
26.56250000,-10.47339672,5.59872709,12.45621672,-13.61952531,5.50838147,2.15913420,-5.77949241,1.00683168
26.56640625,-5.90538046,8.05403793,10.11725422,-12.65061862,6.47015720,-0.33438570,1.91761871,2.82407759
26.57031250,-13.33439678,5.79353408,7.21827629,-12.03900709,11.50346810,0.57638518,8.95988670,1.27221323
26.57421875,-10.19564464,2.88278640,4.98268197,-8.03740657,4.35605460,-3.60155102,8.76124119,-2.05457542
26.57812500,-10.46810289,-5.81567847,4.99928363,-7.91922959,2.64975915,-6.62992255,9.62436052,-9.64570273
26.58203125,-3.72907014,-6.23780493,0.21411185,-0.51601227,-4.76925443,-7.31762002,7.47485107,-6.64795872
26.58593750,-5.34544623,-8.52626927,-1.35864552,2.37794056,-2.98100721,-11.46006957,-5.56146431,-7.36048923
26.58984375,-0.01633604,-8.30259846,-3.72351580,-0.78042733,-2.93389987,-10.93279141,-7.83077127,-9.29572128
26.59375000,0.48152039,-7.42010117,-6.68186063,6.19931534,-9.39460465,-14.56995682,-6.17003412,-3.58053817
26.59765625,5.14831028,-0.81943804,-7.06544234,12.76952594,-8.67900607,-13.64727307,-2.00415475,-3.99591624
26.60156250,3.65659444,0.93573541,-11.05654223,10.49809915,-4.21816198,-11.19049782,0.24364564,1.37873389
26.60546875,4.55829670,6.11434308,-9.37490818,7.76665942,0.29447162,-9.58145119,6.80113238,7.04129179
26.60937500,10.04756286,11.35042684,-10.81823085,10.98589431,2.92918348,-7.21148297,6.81569774,5.57158267
26.61328125,6.76889988,9.62847030,-6.49498059,9.28001984,1.11659379,-5.89907531,5.74831512,7.59750737
26.61718750,7.06371422,10.12414013,-8.81293935,7.45928125,6.16546129,-4.48670998,-4.02082223,7.08398414
26.62109375,9.63544752,6.40029444,-10.35839962,6.18376165,9.95750001,0.87627527,-4.23394394,9.18953267
26.62500000,9.05460869,3.54460768,-9.31113651,4.58385561,13.13929011,3.37401432,-10.91602087,3.94741955
26.62890625,7.43455461,-7.20453377,-8.32794927,0.42665616,7.85197086,1.96515027,-8.02616611,-1.04401333
26.63281250,10.74165884,-6.96243211,-10.66245011,-4.53659320,6.51952138,6.32976916,0.01579786,-2.79593048
26.63671875,5.57263419,-7.37976594,-4.15809709,-9.17916875,4.98088387,6.43889724,4.56529453,-2.94416289
26.64062500,2.93653721,-7.44824443,-11.31992164,-13.29903950,-4.27572346,8.07851324,6.24530503,-5.76888816
26.64453125,3.86810509,-6.36951868,-5.45079313,-10.43076137,-8.42521319,3.80397488,10.00301975,-6.90583907
26.64843750,-5.74006759,-4.04350561,-7.55004851,-11.61680713,-4.64548237,10.64507137,2.34339670,-9.17179720
26.65234375,-2.37639255,2.71908050,-5.61501895,-11.74236170,-8.91835566,11.33952525,-3.99625735,-5.74607175
26.65625000,-0.39132022,3.89806126,-2.48405210,-8.26543355,-11.52999899,9.63613759,-11.69983617,-6.89133593
26.66015625,-4.65297435,7.69672149,-2.53616529,-0.69107589,-8.00147011,13.47052393,-10.22775545,-4.17895133
26.66406250,-8.44659417,6.37092749,-0.19336582,-4.06775357,-3.89912347,10.23397591,-4.86516239,-2.07801738
26.66796875,-8.45340799,4.33492499,2.57819180,-1.96507585,3.46308725,13.45524470,2.94442324,2.61513661
26.67187500,-10.44931059,3.92558288,0.16121407,4.29336301,-0.23621482,2.61821364,8.87898762,6.23505060
26.67578125,-7.89844354,-0.42874468,5.90883105,1.96826500,8.01698716,7.05395364,12.25603719,9.71212458
26.67968750,-8.98093544,-9.30905928,8.83355797,11.50285520,9.19674694,1.56694802,6.23597994,11.72592703
26.68359375,-6.87275114,-7.17453119,9.01753610,8.84742946,6.07805902,-3.84962843,1.20694745,10.43444373
26.68750000,-4.13452442,-9.57042564,4.05570352,13.00272235,9.17034844,-2.37208118,-4.06039090,13.49671701
26.69140625,1.34862944,-9.87805719,2.72634859,8.61857237,6.01100921,-4.94310677,-9.06583872,8.97505143
26.69531250,2.26805113,-1.93679030,7.93002045,7.97005722,-0.51050945,-3.91354249,-8.80191713,2.90336982
26.69921875,2.57136246,2.97379199,8.91012600,14.06158577,-1.83677482,-6.48674863,0.41721208,1.61428339
26.70312500,3.90061089,3.07746065,9.34843389,3.52583211,-2.76219357,-6.82104226,3.20197074,-6.05486251
26.70703125,2.98579173,10.15789332,9.36020785,2.50705498,-11.61119315,-9.46887932,7.53757858,-8.37434849
26.71093750,8.99232057,12.17403020,10.62075226,-2.27946656,-8.64872058,-10.54764629,2.79618113,-8.22999176
26.71484375,8.40459601,10.32923440,7.40991074,-2.10480259,-6.34745852,-8.40322911,-1.43133480,-11.61468762
26.71875000,13.76824534,9.37969460,9.23594354,-10.11023535,-4.57569958,-9.22109366,-5.51944922,-10.04622700
26.72265625,11.22553363,4.52145677,5.24367656,-4.80407557,1.43162447,-12.92943228,-13.05185964,-12.26885760
26.72656250,12.01764464,0.05056507,6.33455446,-7.64151367,4.30118207,-5.52835719,-11.12616215,-6.62613831
26.73046875,8.51488178,-6.99803136,5.61720481,-8.61222830,0.65528983,-5.54120336,-8.76327386,-3.31198598
26.73437500,5.84304046,-10.52621812,4.63548835,-11.01896059,6.60568072,-7.28968646,3.21335489,3.68230139
26.73828125,0.61511371,-10.40398334,5.22437535,-10.62062297,10.22724002,-4.23780808,4.70050149,7.03578004
26.74218750,-1.18538279,-7.68112869,3.27258154,-7.21191227,4.17091801,-3.78916572,10.27713892,6.55049212
26.74609375,3.34510962,-3.03332696,0.73886229,-3.64324129,2.97869344,-0.80690088,4.82923230,7.10244409
26.75000000,1.14941913,0.19477802,-0.00069981,2.58123381,-2.79735921,1.35360513,-3.03681447,8.97915028
26.75390625,-0.57538334,6.58780776,-4.51191010,4.46083198,-4.89295052,3.27789152,-4.43195698,10.37574057
26.75781250,-7.83162657,9.81939134,-2.69183713,6.62537467,-7.95629247,1.79189431,-10.95766215,6.89169794
26.76171875,-9.29228085,10.31166257,-3.46853914,7.69921248,-11.53391044,8.47571611,-5.27343301,8.49533053
26.76562500,-12.85952385,12.45657055,-4.38606839,6.25555442,-11.59004969,5.89606989,0.68359967,-0.50567954
26.76953125,-10.67547850,2.11694048,-1.90974347,7.88263483,-10.22995614,2.19314240,6.95427700,-3.92128202
26.77343750,-13.03274345,-2.64400552,-4.81292049,8.27004282,-7.16817782,11.84863475,12.61994772,-5.41827589
26.77734375,-4.30852018,-4.93118049,-9.72185662,8.90319143,-3.72764717,9.56240692,9.65532067,-7.04047196
26.78125000,-8.46771007,-9.15400260,-6.29882566,3.47593313,4.26577387,6.65124857,7.94335584,-6.20481803
26.78515625,-9.35605618,-11.80406202,-10.93927136,4.94998512,5.28250695,7.74787347,-3.68960278,-4.75107869
26.78906250,-5.51547363,-9.75101518,-8.22166522,-0.65497473,11.97502761,10.48646330,-4.65652950,-4.89559849
26.79296875,-1.10077080,-5.59992424,-8.33724878,-1.62790215,12.76033564,10.28307629,-11.28471155,-5.59977883
26.79687500,-4.78984613,-3.52911122,-9.39138668,-2.41641271,8.43786565,2.87140733,-5.22547660,-2.24825159
26.80078125,3.61106532,1.08806866,-10.27271526,-3.01854485,5.69489693,1.69416422,0.86243128,2.04603793
26.80468750,2.39886003,3.45165429,-11.62929449,-2.11032121,4.26054714,3.69633511,6.09007814,4.78993085
26.80859375,4.53990538,10.90891664,-10.49437652,-6.87194870,-3.27877807,3.54285795,9.60054704,6.41113983
26.81250000,5.39449506,13.81067233,-11.75567667,-6.58373390,-3.83242369,-0.65234186,9.55303228,4.42837211
26.81640625,13.21625621,8.39709638,-7.21716114,-6.44824009,-8.97283028,-2.70297421,-2.11608082,8.61621143
26.82031250,7.00300224,3.73353241,-6.00514796,-3.71916197,-7.48437848,-3.06256974,-7.39552893,8.19004151
26.82421875,9.21649625,2.56057674,-6.18044571,-1.07642554,-4.98601576,-6.20098746,-13.14861824,4.30717503
26.82812500,7.24037291,-2.29356360,0.25296637,-1.37346220,-5.16683744,-8.52501328,-10.18826497,6.78243902
26.83203125,9.78257183,-6.43421624,1.64532884,2.95500936,-2.33159857,-7.07135514,-1.42323417,2.13968942
26.83593750,7.22656332,-11.70158106,0.41959233,1.24664504,2.33055483,-6.78751280,5.03192373,-7.06156259
26.83984375,3.83692316,-8.13455337,1.54453311,6.48135001,2.92195718,-11.23746337,9.06352874,-9.07755056
26.84375000,-0.81402266,-6.58071284,-0.17302008,7.13652687,8.49048404,-7.58237229,9.26244150,-3.93573195
26.84765625,-1.74474723,1.94071532,4.71324355,5.52256826,12.29186362,-10.09397651,1.56008448,-9.93610672
26.85156250,-1.72280503,-1.03907859,7.14202034,8.09500501,9.03687144,-9.57921406,-4.54117116,-10.49865662
26.85546875,-1.21271276,3.49287169,9.98185934,12.22200153,1.73154682,-7.81095998,-9.46629417,-9.20142754
26.85937500,-6.96619462,12.52637744,4.90250979,8.59580979,1.20777050,-7.79589723,-10.23597252,-7.08257357
26.86328125,-7.81594229,9.00959814,9.68304707,9.33694891,-6.85279820,-3.24194204,-6.10040361,-6.62260060
26.86718750,-11.89322017,5.31155441,6.57676367,3.14929892,-8.82982155,-2.94587209,1.61140676,1.67259380
26.87109375,-11.26851593,5.11013952,10.38649869,-0.03468069,-9.95929681,-2.85712584,9.51610153,1.64772452
26.87500000,-9.83779766,-0.18577794,11.36132956,-5.15151678,-9.25114049,3.23483367,9.93933810,6.96099014
26.87890625,-13.92251475,-3.75083662,10.00117002,-5.97379593,-13.05933565,3.65350110,6.62581277,10.51705015
26.88281250,-5.74821156,-8.81342462,11.09444821,-7.29554199,-5.07637064,3.83321131,6.10297738,11.07526755
26.88671875,-10.31146818,-9.64599311,8.13362919,-10.69998582,0.93697919,3.41960414,-6.18937488,5.56219681
26.89062500,-3.75766594,-8.19271172,1.80585266,-11.17740203,1.65209347,1.91675467,-11.09620281,9.29692991
26.89453125,0.19105935,-7.59241911,6.24133069,-8.42178692,4.44683565,4.81648305,-7.74802121,5.51809144
26.89843750,1.89769303,-5.43523670,4.09622284,-8.94533299,6.71802058,8.55930754,-0.02886105,4.84630206
26.90234375,1.72139931,3.27191769,0.15417483,-13.15991878,11.50663729,9.52354300,3.00038375,-5.82266944
26.90625000,4.53830447,8.51105638,4.89694573,-7.50386203,9.96157543,10.24632182,8.46221708,-8.43604533
26.91015625,6.36627605,11.16155886,3.46802277,-4.53209187,11.62341068,10.45201726,4.70225754,-7.26115194
26.91406250,5.87731679,8.51658773,-0.96646062,1.77904339,3.31897778,6.76518857,0.69204036,-13.22082330
26.91796875,6.64244327,5.60829726,-3.16147612,0.07108654,1.21704131,6.47489845,-3.87606384,-10.11360037
26.92187500,5.86471265,4.83541302,1.74913718,8.42566382,-7.60634122,7.59633947,-13.91635354,-6.92554001
26.92578125,7.49702913,2.40670484,-3.83510296,9.82323738,-9.50143738,4.35894447,-8.68776754,-8.09412059
26.92968750,8.96486543,-2.86535019,-3.30812068,9.24715620,-12.63638209,2.36696554,-11.03146993,-0.91817864
26.93359375,3.64804880,-11.54719297,-6.41653509,8.79511152,-9.18122498,5.19241725,-0.70550822,-2.59500810
26.93750000,4.38956449,-9.25683077,-7.81527796,8.60885964,-3.75803351,4.41269516,8.32469050,6.43833408
26.94140625,5.00822922,-9.94460532,-8.77740410,8.65388144,-4.89335801,-0.09405421,9.25171254,9.12213731
26.94531250,3.97411503,-5.84048506,-6.97153104,4.38596270,1.30866673,0.89550097,8.36679129,7.66633903
26.94921875,-3.06572553,0.54000831,-9.70228320,8.37423900,2.31614275,-5.96018053,0.77464483,10.30838472
26.95312500,-3.01218645,5.25291768,-5.66046399,2.94847720,7.65305253,-3.32415477,-5.69215369,9.72654600
26.95703125,-4.28653440,6.95808670,-12.06677905,-0.35924932,11.52150931,-8.28346747,-11.59213918,9.83489386
26.96093750,-6.30175609,8.42166473,-8.84805348,-4.51542366,8.73655827,-8.74117937,-5.43121892,5.61679550
26.96484375,-9.63585206,10.75292360,-10.56742612,-4.28363293,8.47406693,-11.19545951,-2.23859735,2.97694872
26.96875000,-13.43231349,6.32235058,-6.58071942,-13.21392792,2.89094261,-11.24170189,6.91836979,0.28601579
26.97265625,-5.63168188,2.65029368,-8.77910261,-9.26849051,0.73851003,-9.48133122,9.04368284,-4.86146409
26.97656250,-11.36412869,-6.74783860,-6.67913040,-11.47119737,-4.40631264,-10.08664437,11.67965327,-5.86083295
26.98046875,-9.06750706,-10.30796364,-5.89546662,-13.64535219,-12.11314930,-6.48418434,9.92399774,-7.24877279
26.98437500,-5.61825127,-7.28829931,-1.65870591,-12.00679725,-16.20539083,-3.29222588,3.52511740,-8.89214326
26.98828125,-3.80540628,-7.39898308,-3.21775021,-11.86254739,-11.37974289,-10.30306711,-8.42359170,-4.99482865
26.99218750,-5.77665099,-8.57778590,-0.93987026,-6.93601688,-11.87660313,-7.56472684,-5.51469733,-2.12672675
26.99609375,0.01803419,-4.48756848,-4.12527526,-1.87223542,-1.86652122,-5.73177850,-9.39816843,-6.38342356
27.00000000,3.28118911,0.60358416,-1.87936238,-0.16821193,1.75743050,-4.36630646,0.42439090,-1.19936856
27.00390625,4.10396352,7.44758589,-2.73815094,5.78341091,9.48875112,-2.28689974,3.92615298,-0.73507181
27.00781250,8.56859011,10.38209989,-1.05503140,6.96974782,11.06647792,2.42413749,3.58939047,6.49817378
27.01171875,6.69237551,7.90793110,3.70270309,12.30300253,13.45153368,7.71510904,3.39995752,6.88064322
27.01562500,8.55066349,9.15795713,2.39728660,15.36197126,9.90593113,5.11380532,-6.25948963,6.20032062
27.01953125,10.85607376,8.01448690,7.05640040,11.40763435,4.74694083,10.77343860,-6.01242584,9.71762243
27.02343750,8.98624609,6.28404903,6.82852653,7.89380203,2.50519768,9.37005299,-15.68959230,5.15671658
27.02734375,7.98506085,-1.35185796,7.24755337,10.20218609,2.26784774,8.07511947,-11.66897882,2.73568609
27.03125000,12.14881259,-4.78480464,10.37143157,11.60933443,-1.52378975,11.55645419,-6.00198960,2.49942414
27.03515625,4.06826370,-7.52300790,12.25126706,6.89760289,-10.09083056,14.62278946,2.07981900,-3.75411543
27.03906250,5.07700369,-6.00514812,13.81765410,0.72249892,-6.76454965,9.15403747,7.70803841,-5.68427348
27.04296875,5.22435134,-8.91089513,10.91149690,-5.91892157,-16.51865785,13.03405268,6.74530538,-7.73394809
27.04687500,1.22597890,-2.49619604,12.61849385,-4.14833116,-6.29444319,6.48411397,0.77751937,-9.12459856
27.05078125,-4.05437340,-0.72953149,14.16694814,-3.47555588,-4.25737571,5.65905905,-0.18546720,-12.22335283
27.05468750,1.12368252,6.68106684,6.75181181,-9.68273090,-2.80996826,3.58426306,-8.86236309,-9.39940932
27.05859375,-8.15106389,8.47920864,4.83583461,-10.66715937,2.79960808,4.15350896,-10.70005931,-7.08187401
27.06250000,-11.24391929,9.74099091,8.35248520,-11.61066895,0.42189480,3.95466287,-8.74237994,-2.66725941
27.06640625,-7.82148882,5.34732583,11.75078183,-11.18511650,9.34557228,0.64408002,-0.57411860,3.73709520
27.07031250,-9.02988192,3.70172900,6.70086889,-9.64568710,9.29053725,-2.51545222,8.16768263,6.44944594
27.07421875,-7.98672334,-4.44914214,7.12073835,-10.99236942,7.32770851,-9.79602685,11.30864525,10.91381849
27.07812500,-12.39847607,-7.89122297,4.59986054,-3.40447816,3.72725212,-6.89426662,12.13517752,8.15091566
27.08203125,-8.00305020,-6.88146142,1.60364211,-4.56671271,-2.35816295,-7.92844248,6.77240669,9.74155516
27.08593750,-9.02547951,-11.66503571,-1.02309376,2.51128056,-0.17752392,-9.68040312,-2.47395364,11.43221319
27.08984375,-2.86448713,-8.22331326,-2.21397977,2.80329265,-4.07861626,-10.30400319,-9.14548026,5.79006518
27.09375000,-0.58093068,-5.13208500,-2.19544122,9.15055680,-11.04083040,-14.24095833,-4.34039253,4.94439375
27.09765625,0.73955548,-0.55160467,-7.27442234,8.60974525,-11.98843203,-8.63678634,-4.36232670,0.70590033
27.10156250,2.17273577,4.86692266,-6.80477391,11.01350357,-7.31601610,-9.88880757,4.75027218,0.39842771
27.10546875,7.58555725,6.33156708,-8.38972752,6.95567276,-3.16358662,-7.03097934,6.36860798,-8.64929574
27.10937500,8.44259985,10.00193808,-10.48449823,7.88682966,1.96915120,-6.97746158,11.37925596,-9.87477089
27.11328125,9.65426997,8.35732179,-14.29084354,11.46482907,2.23633357,-4.58149092,4.58174372,-16.20349143
27.11718750,4.70968897,6.98944828,-8.57323452,5.36573134,9.06898254,-3.22583711,-1.29592352,-10.93391468
27.12109375,7.41159726,3.50896344,-13.79964115,-0.48519601,6.29215048,0.82174900,-10.09489972,-12.47573611
27.12500000,8.66844372,2.49514816,-11.21238243,-1.51918651,10.48501440,3.89178247,-15.97555744,-9.96011127
27.12890625,8.37550611,-6.05634265,-5.59236029,-3.46405416,9.19169133,4.54387488,-8.26863692,-6.35381546
27.13281250,9.31891136,-3.64099201,-12.31910465,-7.04430411,1.97706379,3.77825944,-0.08321804,-1.61294761
27.13671875,6.58238103,-6.11478133,-10.26291594,-7.18946325,1.01745373,8.14111380,8.21327328,4.53964291
27.14062500,4.15170045,-10.55327015,-8.07731768,-8.75362544,-0.06413026,7.05225479,8.53090136,8.18582503
27.14453125,1.31536083,-5.01890061,-6.05460999,-13.41492970,-5.85420348,7.25170969,7.91237586,7.26898594
27.14843750,-1.45835128,1.68150328,-6.08607656,-10.57598580,-5.53632771,7.18067978,4.09679528,11.08026577
27.15234375,-1.42051411,0.39106932,-5.99358748,-10.79666274,-11.38801778,10.45473233,-6.98516073,10.04372742
27.15625000,-7.25051989,5.40134814,-4.28075282,-7.64376499,-8.65717318,10.01872867,-8.82037452,8.20659918
27.16015625,-6.65252849,7.89767945,-0.32445833,-9.49270551,-6.51343049,10.91217465,-7.52017107,8.98024926
27.16406250,-10.85754749,7.62640983,0.48178961,-4.49000523,-6.99174004,8.89888656,-3.31015079,5.33501557
27.16796875,-10.47762831,7.46821589,-0.20862266,1.51418073,1.94855486,10.58923970,4.94272307,2.41277295
27.17187500,-10.39753639,3.17511738,1.71667844,2.44765297,3.40508268,5.39726386,6.07740731,0.08929995
27.17578125,-5.10181278,-3.30965618,6.68157806,5.76830276,4.89071865,4.14738455,8.52508180,-8.16905153
27.17968750,-7.22555279,-6.45902111,4.93519253,6.22641650,8.94631241,3.24784273,6.30051081,-7.95198064
27.18359375,-5.31594003,-11.16332976,9.46653538,9.25832936,9.88452007,3.55334403,3.00134079,-7.49005721
27.18750000,-8.80298352,-11.42571726,8.52910713,6.87501559,6.81817137,-2.90548267,-5.35179594,-8.81360461
27.19140625,-0.71476315,-10.36408241,10.06944402,9.65932524,1.94258235,0.23844829,-8.56999991,-11.86198560
27.19531250,1.36830919,-3.87366099,3.31376610,4.97123480,5.21880647,-8.89607380,-8.15827334,-6.90406970
27.19921875,0.66827934,-2.30467203,6.12575296,5.62221013,-1.25980683,-6.56052059,-0.44942234,-1.73331272
27.20312500,4.04442296,0.14916922,11.36962613,6.26246503,-7.47212713,-9.98414650,2.77487416,2.07236101
27.20703125,6.72860013,11.23318817,9.59673982,4.52264414,-5.02592174,-11.58428556,8.76261660,3.10260060
27.21093750,8.48966031,12.60587583,9.37297536,-0.28890440,-9.59125557,-5.59288916,1.62360788,1.53791264
27.21484375,7.22252404,9.30729327,9.25790843,0.08169108,-5.30764546,-11.08867809,-0.36587567,7.68992636
27.21875000,5.03523658,5.71763665,7.24691866,-6.15975787,-4.57212652,-9.38825940,-9.03283998,10.61495034
27.22265625,4.55398603,2.73640051,7.76396123,-7.67449246,1.19701692,-9.06255206,-13.73465815,7.23089854
27.22656250,10.37988572,2.34881842,9.14629372,-8.82094692,5.24844564,-11.57439587,-11.46573894,8.53477887
27.23046875,7.95394367,-5.19652975,6.29846082,-9.78938194,9.44119673,-3.72699925,-8.32409542,4.59302520
27.23437500,8.29493362,-9.49699913,6.64112046,-10.41264627,8.83598225,-2.69244019,0.10585026,1.14236160
27.23828125,7.80192271,-6.89684987,0.65259485,-6.60069025,8.93396829,-2.62158027,6.31670576,-4.35668013
27.24218750,6.21509858,-8.38881884,0.06585500,-4.46771715,3.75007464,-3.44683506,7.07102370,-3.60996836
27.24609375,2.78416198,-3.36167413,7.84826526,-4.39701784,4.43392623,-1.32116515,8.32302587,-10.97699708
27.25000000,-0.77045015,4.52736992,4.67966496,2.83804186,-1.00298045,0.94118364,-1.26167177,-7.17296181
27.25390625,-4.68402887,2.84999170,-2.26364540,2.00740176,-3.97309998,1.03115893,-6.53790720,-6.72657603
27.25781250,-6.51112575,6.71519899,-0.02080012,3.35652787,-5.62563931,6.11345672,-11.83026172,-4.85005965
27.26171875,-10.42118897,10.58289618,-0.28083144,4.20361722,-11.67251875,9.20937842,-9.16099488,-0.49226456
27.26562500,-5.09961069,10.57890850,-6.39374407,4.52859051,-5.98160877,9.27990389,-1.50726866,0.58969976
27.26953125,-8.42486480,6.38044679,-2.64622428,8.02386154,-11.82949360,7.37054158,4.94340585,4.29608261
27.27343750,-10.53601821,-0.02910824,-4.43879197,7.12357051,-6.55912977,8.65843401,10.40772498,3.77869329
27.27734375,-11.62372962,-7.56025988,-7.64539339,11.67879987,-4.50198368,11.14511625,13.92248918,11.16867442
27.28125000,-2.43346014,-7.68651998,-5.93234959,5.39141613,3.68568920,11.72220248,6.19101893,11.21213978
27.28515625,-5.57423238,-12.39519427,-10.26753798,0.98982098,7.02512609,12.56455142,-4.76128738,9.12203321
27.28906250,-4.14484106,-11.19949037,-9.81536324,1.11774385,9.35144559,9.87950495,-12.39404536,8.02137913
27.29296875,-4.46852779,-9.72809641,-13.00465410,-1.33447590,11.01355554,5.41735676,-9.11973306,2.80030612
27.29687500,0.41566667,-4.34218088,-8.62657009,-3.89783178,10.24907855,4.81507694,-4.45374069,3.37743127
27.30078125,1.04719668,-0.08653937,-10.55306882,-2.82156800,3.78236859,3.57529699,-0.93358942,-1.01284757
27.30468750,6.69539841,7.23722175,-10.22383112,-6.92490975,0.70405946,2.45702054,9.55638697,-5.70124617
27.30859375,2.92188233,8.08496502,-11.62698529,-9.19357410,1.53213442,3.86749288,8.17994841,-9.92596774
27.31250000,9.34010841,9.65535947,-11.87018053,-7.28196738,-4.25452377,-0.71146669,11.08774115,-11.55386794
27.31640625,10.01096920,12.16569427,-9.15866730,-2.89515604,-7.91036089,-2.49744438,0.85769459,-8.36826806
27.32031250,10.16230284,7.38592695,-3.09698922,-5.73797623,-3.41293538,-4.57573540,-4.81740233,-11.92230405
27.32421875,6.10185122,-0.57061125,-5.39312928,-4.74774803,-6.49190108,-3.32117632,-9.34908273,-7.76688183
27.32812500,9.28977961,-1.48920668,-7.86180245,-1.96155504,-5.99362532,-3.67170058,-6.91896002,-5.49180796
27.33203125,7.93546947,-10.04090704,2.19847584,0.09419300,-1.81690368,-3.83787351,-6.06103175,-2.67085519
27.33593750,7.57810106,-10.83915530,0.78163951,0.50318699,0.51334186,-4.76135055,1.40535691,7.42592739
27.33984375,3.33349457,-11.61092935,-0.55190460,6.18891096,5.11165304,-4.62173338,9.09815633,2.14368801
27.34375000,6.41938206,-8.60511064,8.11108189,7.63917416,7.63160405,-12.64095972,9.17126210,8.28071316
27.34765625,2.92231645,-3.75554353,5.38472666,6.88694864,12.49084436,-10.29010764,0.64390599,7.77305096
27.35156250,-0.66659891,-0.62047062,9.04901782,11.96896838,10.59685368,-6.77399116,0.13827426,7.28884141
27.35546875,-2.20734877,5.26545556,9.66260254,10.55843329,3.20000369,-8.83172613,-6.05816257,9.84143560
27.35937500,-5.69660236,6.73470114,7.06236041,7.40538038,1.98963744,-5.52287834,-11.91862268,7.51061363
27.36328125,-7.97947243,8.91257808,10.40919517,6.35695660,-4.88970034,-6.55745693,-7.47707479,5.88331472
27.36718750,-6.83737151,5.38735814,10.83187461,3.64290893,-8.28253818,-0.86352974,0.99892747,-1.06020213
27.37109375,-6.55561830,0.06294905,13.67847912,1.62057889,-6.82761782,-1.67108415,11.20118020,-3.08117021
27.37500000,-11.91139821,-0.12322268,11.12640816,-1.47287017,-7.38593489,1.48412155,9.82668569,-5.79876983
27.37890625,-10.30695842,-5.59882719,9.54265265,-2.00138793,-9.97368220,4.49963655,8.67945915,-8.48245450
27.38281250,-9.68823278,-8.60897471,12.89619859,-7.74784712,-6.82504248,1.72856488,4.53541634,-7.15260333
27.38671875,-9.46658474,-8.26416711,11.95089977,-7.97132614,-7.07097749,3.80746481,-2.61617786,-9.20061506
27.39062500,-4.91378311,-9.81835657,8.67732621,-14.09889969,3.83067886,2.82113941,-9.46596423,-7.27219692
27.39453125,1.32283999,-6.28296893,5.17670316,-8.24578108,4.98437181,4.99160418,-7.06304358,-3.03869349
27.39843750,3.77317091,-2.21613206,4.01551030,-8.26871524,11.51452080,7.44119737,-6.11439620,-3.93958554
27.40234375,1.63532284,4.52686603,2.46488409,-4.54165815,13.61551806,5.00436157,-0.27840280,0.96210503
27.40625000,3.41909988,8.99106177,6.41545309,-6.11196800,10.80663996,10.45920624,6.06996088,1.74679530
27.41015625,4.33562312,9.64842404,2.64706296,-1.21385200,10.52459702,5.51874958,5.99920105,8.52763009
27.41406250,8.48402746,14.46214643,-2.11511835,0.35077765,3.31893656,11.22584555,3.25788408,8.33006164
27.41796875,8.24195571,8.26724815,0.09252402,-0.10543145,-1.61779733,8.12270656,-2.79192925,7.63355608
27.42187500,7.78124079,6.75674485,-1.15680219,6.02060750,-3.80061712,6.86028387,-10.51074259,4.49484939
27.42578125,11.57332429,0.34022721,-1.85754816,5.03803791,-10.67382660,7.00516964,-9.58671489,4.00850566
27.42968750,6.54193564,-5.20059811,-6.02854838,7.90642416,-12.58695651,6.91426926,-5.40332643,-0.24071918
27.43359375,11.67407230,-10.33700428,-7.49651505,7.78518705,-7.01511256,1.11869493,2.70380576,-2.55013343
27.43750000,6.91548218,-9.79474466,-9.12014183,8.10250943,-7.26346268,0.88969432,8.07937490,-3.95688947
27.44140625,2.91094192,-12.75005318,-5.66945743,4.15105125,-4.86094479,-0.29972161,10.48054095,-7.16334489
27.44531250,0.73992769,-6.64180314,-5.95387885,10.63855718,0.36845209,-6.40051148,10.90457727,-7.20094647
27.44921875,1.90253699,-1.27770732,-7.90988313,1.62227418,3.53261875,-9.44019681,3.08695522,-11.62668760
27.45312500,-0.78362049,2.06272782,-7.47015672,4.79230257,9.02230432,-0.06217236,-3.48922062,-9.07676965
27.45703125,-5.39525732,6.15272136,-8.36775809,2.60869757,10.91360573,-8.71036629,-3.76717242,-6.95902313
27.46093750,-4.14701502,4.33749546,-8.58869508,-2.73508510,10.32706900,-8.79424886,-10.34535351,-1.29716945
27.46484375,-4.95414337,6.68508674,-8.48045871,-4.22950031,5.66122152,-8.41284861,1.63177216,-0.85681429
27.46875000,-14.39782581,6.86484270,-7.88877125,-5.73154900,2.35379623,-10.41114949,-0.59304801,4.20888186
27.47265625,-9.62395177,1.02977465,-6.44661003,-7.49111590,-3.21759782,-10.15524010,13.05419757,7.92165729
27.47656250,-14.08627003,-4.03827478,-5.58991224,-12.71179876,-6.56957902,-11.10028792,12.33558933,7.60171905
27.48046875,-11.19021526,-5.99534921,-5.98543006,-9.76220434,-8.25764839,-9.04874302,4.42002978,10.94090394
27.48437500,-4.64898769,-9.56961151,-0.94412131,-8.30505525,-10.40410919,-13.93835052,-1.76271505,12.05014418
27.48828125,-4.40918334,-11.34489430,-8.27075392,-5.72751916,-5.15011162,-5.75355038,-5.18104838,10.57179346
27.49218750,-4.03227626,-10.16625646,-0.93076386,-3.13953079,-11.06447315,-7.28987768,-8.23458438,6.87078555
27.49609375,-0.02368853,-5.83934730,-0.45228946,0.03202261,-4.57681151,-4.39892661,-7.27185146,-0.92026164
27.50000000,1.40374158,0.37782744,-1.11090558,-2.92318557,2.81672757,-6.92960494,-3.12982262,-2.52258627
27.50390625,7.11491146,6.64280315,-0.43298867,1.94156708,6.89601403,-3.51189864,11.85453193,-6.15735356
27.50781250,9.86920220,7.91890357,0.85394299,12.44914692,12.38853349,5.95990516,7.27191829,-9.02024037
27.51171875,3.29248627,12.92921265,0.65514513,9.67847438,14.41038242,-1.21784987,9.96043894,-11.33050919
27.51562500,4.68879495,12.44771884,4.90603875,10.73584790,11.42069568,4.70425689,-0.83796080,-15.14865711
27.51953125,9.29371866,8.89861830,5.34093745,9.84764830,12.47500332,7.10104218,-11.40182072,-9.91736054
27.52343750,8.11996223,6.86600312,5.50375593,11.29459287,4.00107269,6.67876808,-13.17532030,-9.77425390
27.52734375,9.10914268,0.22636728,12.74723867,9.45958146,-2.65804246,13.41652620,-8.98136691,-4.50422029
27.53125000,4.84643092,-5.54336298,7.26188004,7.39979687,-0.71818098,10.90963337,-1.06431664,-4.13013501
27.53515625,0.40679453,-9.97878634,7.36641127,4.92894955,-12.47098540,10.95814460,3.60598015,4.35005465
27.53906250,7.03548404,-9.68227611,16.15713309,1.80502769,-12.23538655,8.73711826,8.95349841,4.21819348
27.54296875,2.09863648,-6.34824260,6.16331915,-3.20061606,-9.30450632,9.14717982,7.47188380,6.84873520
27.54687500,0.41596562,-1.54392408,10.69868836,-5.96017895,-8.14207522,9.34645445,5.72611461,8.88730291
27.55078125,-0.54920700,3.78092111,10.22646188,-3.12594305,-7.34249703,8.05948660,-0.69692967,9.91322454
27.55468750,-6.65654916,6.20041690,10.95846481,-10.58442781,-4.36353990,3.20085505,-6.31936509,6.57841339
27.55859375,-7.31144256,8.03863396,10.79614346,-12.48474686,3.07779019,4.22522389,-11.29931900,2.36152793
27.56250000,-7.47354646,12.72532518,7.59694277,-9.61566542,4.15201133,0.91645277,-5.89188512,4.04540427
27.56640625,-8.16358112,9.48758760,5.96261774,-7.59665052,5.24786188,-4.13325278,1.07687960,2.11766798
27.57031250,-10.37938617,1.96321022,6.16702691,-4.58968903,7.66078571,-3.05817369,6.48075930,-0.28816139
27.57421875,-11.76430468,0.78566888,3.91692574,-7.09893038,6.35100177,-5.15954000,12.68349563,-6.05920702
27.57812500,-8.92345196,-4.77683152,2.53397330,-2.71908393,3.07034555,-6.74067571,8.06466451,-12.46880814
27.58203125,-4.79753677,-9.62991227,3.95637583,-4.40589860,-2.41404158,-12.12612052,5.50036746,-10.41600070
27.58593750,-5.58807910,-11.74565506,2.03029904,1.77009678,-0.31663206,-9.20288485,-2.72241526,-9.48113776
27.58984375,-3.44469390,-8.97015626,-2.12100863,4.99662251,-8.37734201,-9.30063509,-5.19078556,-6.25873539
27.59375000,-1.38880619,-6.86528870,-2.72338340,3.45797476,-8.27223896,-12.40756368,-7.17803353,-5.16914747
27.59765625,-0.94525857,-4.24544237,-6.11946326,5.05368687,-9.63196441,-11.14669430,0.06462079,-2.74935673
27.60156250,1.92028861,2.17980975,-5.59471788,8.25379860,-7.01506356,-11.80503846,3.69637498,3.15865633
27.60546875,4.14365062,6.48172173,-11.09092758,15.54509517,-0.21618078,-8.21289766,6.60063996,1.78197363
27.60937500,6.93617869,13.75772316,-10.59939955,10.44542202,-1.31980216,-8.40843128,8.81095268,7.52869920
27.61328125,9.59062497,15.37306136,-8.37372343,8.77216438,5.91476908,-2.91804852,6.76513550,5.11783264
27.61718750,7.02753843,7.92027427,-9.38878669,7.99850745,9.81854874,-1.12566223,-0.48691150,6.67886288
27.62109375,11.39089522,3.80952343,-10.97179221,4.65770116,9.82188765,-1.11105632,-8.10080226,4.87151698
27.62500000,9.13841543,2.54595874,-7.47884216,3.33546923,11.74830724,2.78384553,-11.04482093,7.97422361
27.62890625,9.80290890,-4.01999773,-8.62838553,-2.73898917,7.22360605,3.12607131,-6.04624307,1.66756104
27.63281250,13.00228981,-7.36490245,-7.68963794,-3.02693092,3.69735880,5.19280320,-1.97788407,1.24297911
27.63671875,9.15586033,-7.91571474,-8.40670702,-10.80492374,2.75802826,6.21546782,3.78262115,-1.49496704
27.64062500,6.74999168,-5.81078673,-7.37109952,-10.37038790,-2.97644376,5.27238752,13.53475169,-5.82114331
27.64453125,8.45027873,-8.03776237,-6.95473024,-8.35015024,-11.32742349,8.84886567,7.18352660,-5.66546842
27.64843750,3.53964964,-4.35429140,-4.29796079,-7.97863822,-10.50867494,6.86400748,1.64281311,-8.14573429
27.65234375,-5.42864503,2.71604886,-5.64767151,-8.96135852,-11.06834618,7.85946313,-4.96720472,-12.89541734
27.65625000,-5.82737309,2.86026814,-5.52048140,-7.66519682,-7.57619525,5.62227223,-10.11639582,-8.83210832
27.66015625,-5.90917802,7.39828801,-1.07408826,-8.69418815,-7.14451866,10.47095680,-11.79629326,-3.01335491
27.66406250,-8.20889781,6.85143803,3.76234888,-2.63650325,-1.96348136,8.06484162,-5.19486204,-4.38702121
27.66796875,-15.16846957,10.08957086,0.56825262,-2.01528418,-0.20044115,6.04157948,2.64723460,1.61316355
27.67187500,-11.26412872,5.12335977,2.68536789,2.50402925,7.79528281,7.65951369,12.89440230,2.20895737
27.67578125,-9.66961730,2.50919993,9.39442293,-1.04048687,5.70543785,5.41613876,10.43476147,7.32213857
27.67968750,-5.80776073,-8.95518736,9.80791261,3.11488566,10.21212106,6.10266524,10.40707197,11.89361269
27.68359375,-7.72386036,-6.26048971,3.88850971,6.64572504,8.52089217,3.08472918,-0.83187501,11.41288633
27.68750000,-4.45687214,-9.34575814,5.73420849,7.62844455,8.09187449,0.31473631,-10.49681835,8.88140226
27.69140625,-3.84270475,-7.87418436,9.44973582,7.03475345,2.50394802,-4.16476490,-11.82581117,9.83621266
27.69531250,-0.52493693,-6.06097059,8.25888777,9.80647247,-1.17698243,-2.99811379,-5.75192794,0.31582597
27.69921875,2.24255913,1.04873401,6.47421230,5.72466292,-4.58696958,-7.91333930,-3.83548805,-0.95431626
27.70312500,5.53341083,4.90865497,7.50142888,2.88841995,-7.80805144,-7.74934277,6.58325887,-4.66460897
27.70703125,3.73191473,6.10895656,7.93437102,6.31067597,-7.75244043,-7.44972484,10.96737162,-6.21854655
27.71093750,2.23042295,11.63295910,8.21284381,2.49774629,-11.10142176,-6.94101668,6.12240826,-11.51021117
27.71484375,10.27564151,9.65583219,7.04485182,-5.75462114,-4.25666392,-9.67996317,-1.64214620,-12.79804611
27.71875000,10.39619139,11.17715837,8.03456824,-7.00040015,-4.92934317,-11.72408656,-4.65015594,-13.87435317
27.72265625,6.73729755,2.31975392,7.36932867,-6.99814110,-0.45744661,-8.21372271,-13.86828921,-9.58442473
27.72656250,6.03048888,-0.71046389,4.56364535,-10.54847242,7.08326480,-7.90678103,-10.64463705,-3.04476417
27.73046875,3.13195951,-4.63054553,8.17743078,-5.74710928,3.54778905,-6.57958776,-7.37363159,0.45136970
27.73437500,4.72358667,-10.75533025,8.47462796,-10.35547128,9.22101062,-3.87308500,1.98264813,2.65558982
27.73828125,3.35293125,-14.54678326,4.44786755,-3.46554243,13.49572871,-7.97965312,9.23946158,3.33262041
27.74218750,9.41468541,-6.11218701,0.15266591,-4.61720848,3.13105851,-3.20266476,9.40109531,7.95802899
27.74609375,2.29447949,-1.32819445,3.47528181,-5.27878319,2.93613778,0.05584146,7.08874268,11.26351805
27.75000000,-5.25176220,-1.09604689,-1.98848277,3.00579745,2.14608161,2.94258332,-1.63738550,9.39682098
27.75390625,-3.84072177,6.01748127,-4.65377558,-1.14407419,-8.84892145,2.43688624,-7.50974840,10.99255163
27.75781250,-6.43089477,5.94558068,-2.51811617,1.49232595,-7.74869291,5.85197067,-11.52030827,8.85854857
27.76171875,-2.72737700,10.77087879,-3.16962038,6.59806455,-7.69120935,5.62225435,-6.90416633,8.06056915
27.76562500,-11.36331284,7.06422907,-2.57491845,7.05741509,-8.83831600,12.11083437,-0.22991346,3.86754862
27.76953125,-11.42013695,5.41520373,-5.11441921,10.97748675,-9.71608336,11.34773085,5.52030979,-0.04253696
27.77343750,-10.00030696,3.43001673,-8.12460264,12.10710757,-6.08000462,5.96672909,10.04583581,-3.60947667
27.77734375,-8.64246329,-1.56442018,-6.88817194,7.80309257,-1.66319786,8.09007695,15.43164304,-4.89544275
27.78125000,-10.48085044,-7.21054616,-6.81963200,1.10009481,4.89819674,8.81767345,6.71605767,-10.16405867
27.78515625,-8.73714053,-12.39854050,-10.68874631,0.56451830,9.74581671,7.40356770,-5.38191204,-11.39539964
27.78906250,-9.53149819,-9.97109435,-6.18443526,-0.35657182,5.39410249,7.86706758,-5.94611834,-7.24060150
27.79296875,-1.30553472,-5.34887683,-7.67076643,-1.54105476,8.93216793,7.03652483,-8.81539648,-4.49228320
27.79687500,-1.03158368,-2.59962082,-12.50974518,0.08470054,11.80415135,6.48370451,-5.42598258,-2.16151189
27.80078125,5.56886023,2.80312493,-9.38873459,-7.69320986,6.44510204,4.37880563,4.86607205,0.63679448
27.80468750,5.49966543,5.81113670,-6.00218351,-7.63735193,4.84146808,-0.26710897,10.12932888,2.88465075
27.80859375,8.08124306,10.22599372,-9.95999265,-4.83908970,1.69419705,-1.59127338,8.90818524,8.40766049
27.81250000,3.44609168,10.75517202,-11.42689996,-7.21175321,-2.32274073,2.84819740,6.07245551,3.85632053
27.81640625,7.53806043,7.05261144,-10.40461944,-8.77123122,-10.41262098,-4.55251434,-1.39711344,9.72926239
27.82031250,6.18183689,9.47838323,-5.64372310,-9.97560878,-9.92381319,-5.90080541,-6.58636014,12.03089330
27.82421875,9.73440125,2.24825213,-1.65247748,-5.11264445,-7.16354764,-7.44853885,-10.38735926,8.07049689
27.82812500,12.09668034,-1.78365752,-1.63450359,-1.48767212,-7.23057765,-6.76938117,-3.30853710,3.00024452
27.83203125,9.20540805,-5.12675094,0.78910332,-4.50917910,-4.67419755,-10.14893006,-2.97861381,1.63854909
27.83593750,10.14677627,-9.73632846,-1.29115196,1.42198861,1.72293836,-1.03442622,3.55736373,-2.44410984
27.83984375,5.66164568,-7.06017624,5.26707857,2.61395159,8.39778103,-7.63553951,8.19888103,-5.80200927
27.84375000,0.07016867,-7.41067692,4.29572058,9.46276985,5.60308064,-10.36115548,6.01330278,-8.45100733
27.84765625,5.88337820,-4.38472710,9.03250937,6.34505982,4.08368395,-8.46801459,3.44292547,-8.39760614
27.85156250,1.89238621,1.13165444,7.41671459,9.22988453,6.89757301,-6.47204885,-3.19634701,-9.14028047
27.85546875,-3.58943893,4.41463187,9.92506834,12.11135258,2.80723301,-11.63057827,-9.69048832,-9.83537177
27.85937500,-6.51993189,7.44448791,6.95179687,5.72887752,-2.43069240,-10.09748933,-7.25059592,-6.45127931
27.86328125,-6.52014089,9.53324177,8.16668486,7.62349246,-5.55634277,-6.60310478,-4.24292328,-1.36657989
27.86718750,-4.45137765,7.26926619,9.58980009,6.02439669,-1.79976839,-2.63544727,-0.54488600,0.52450445
27.87109375,-11.20210800,1.24240434,6.09148478,2.97616089,-7.21852919,-6.32644829,7.08390226,6.39738553
27.87500000,-9.74083533,1.73005554,11.32387181,-6.86750831,-9.50002458,-6.42741011,9.02290628,7.20884567
27.87890625,-10.60935629,-5.05606406,14.36996948,-5.18630514,-10.02184561,-1.47289501,10.14445948,10.62350322
27.88281250,-3.88819041,-8.80148860,14.38682168,-7.92277407,-6.51001169,3.00135869,4.45444675,12.73577324
27.88671875,-5.62321957,-10.05082909,9.42877594,-9.11750120,-0.92261924,2.77882296,-2.88284036,9.96858482
27.89062500,-3.07594125,-7.94173029,7.52063763,-6.48925232,-1.28305772,5.20803459,-9.84510351,9.92516526
27.89453125,-2.50757031,-9.10362235,5.24266767,-9.15239453,4.31642224,8.84933930,-8.28836698,4.58006565
27.89843750,-0.47109171,-4.33167901,5.97729167,-11.12614658,7.80417218,8.21581220,-3.16068137,2.99647018
27.90234375,3.44582486,3.04225112,3.48034449,-5.17133619,11.29638539,8.15385569,4.80649538,-4.22427062
27.90625000,2.38428689,10.42899175,3.37388670,-1.70041668,10.64884354,10.62780735,9.90140520,-6.19495108
27.91015625,7.72498225,12.76936226,-1.58621344,-6.04694772,10.81218593,8.73136855,3.23737755,-12.38200945
27.91406250,7.14185131,12.08246059,0.76390448,-1.27243454,2.66849941,7.71664988,1.84447231,-13.47401343
27.91796875,8.38019854,8.94998003,0.49558550,1.53282079,0.84907131,5.28858276,-3.58457226,-10.34621465
27.92187500,11.12717496,4.21151413,-0.54647969,1.56088047,-3.49992292,11.98283531,-8.68246912,-11.85219908
27.92578125,7.62599118,2.56053111,-2.21658539,8.13293486,-7.90537382,4.64114762,-10.26892660,-6.69738524
27.92968750,9.81678068,-2.53140685,-6.60843346,10.23409067,-9.10492463,5.94972368,-10.02600781,-0.02002168
27.93359375,7.80911341,-4.39937954,-6.48888276,9.72915814,-8.50427114,3.05288373,-3.40705300,2.34640949
27.93750000,12.39746287,-9.63367279,-6.82342244,6.61203945,-7.00741950,3.08182842,4.21173048,3.03067498
27.94140625,3.82642912,-10.33953799,-8.47450142,7.52176128,-1.64461321,0.01473141,6.73422785,9.28931118
27.94531250,4.17410772,-9.02301929,-8.43280920,7.98240309,-1.24333418,-5.05953702,5.42848100,11.14152194
27.94921875,-4.95871579,1.06675216,-9.55569957,2.36721046,2.95621805,-7.07006302,3.24615958,8.18023994
27.95312500,-6.27362019,2.98711658,-13.19878422,0.41396606,9.46613947,-6.82047732,-6.76198751,7.45081121
27.95703125,-1.74409044,7.74465052,-10.41347742,0.30117537,10.11868581,-4.94720441,-7.49792717,9.66801297
27.96093750,-7.70091736,6.61167021,-10.17161730,-2.26749403,10.80586100,-8.37246888,-6.15961487,2.42016872
27.96484375,-7.53347996,6.87402701,-6.91681789,-3.55006835,2.75808856,-12.70799552,-2.38904497,1.84594904
27.96875000,-10.90014307,7.57337622,-9.01232077,-5.97216469,0.97576070,-6.13339091,4.70899954,2.10548790
27.97265625,-6.00355606,1.14764790,-6.29293324,-7.97259532,2.40355673,-7.93316747,11.83027981,-4.73815329
27.97656250,-5.53705190,-1.71283569,-6.28121286,-14.56807262,-4.02928012,-7.26478506,10.32753229,-10.00758056
27.98046875,-10.49584401,-8.14759551,-6.38449362,-11.31784963,-9.90125986,-6.41486057,3.50940843,-5.08145615
27.98437500,-7.01958638,-11.46878987,-7.86763326,-8.36857048,-10.91674251,-8.41283041,-1.07879677,-7.41346031
27.98828125,-4.49906241,-12.58933845,-5.60504577,-6.52643992,-11.50928664,-12.72567595,-4.70656791,-5.99112026
27.99218750,0.35788078,-9.68866111,-3.16709610,-2.03820244,-3.28853505,-7.06104790,-9.39312580,-5.83960908
27.99609375,2.01395049,-5.47562844,-3.93894376,-4.86415675,-3.56651387,-7.03622494,-8.15741148,-0.27083361
28.00000000,0.89256425,-0.38151297,-1.58650182,4.42905758,0.17855675,0.11289024,-0.09501543,-1.51156530
28.00390625,2.43562117,4.45294207,1.02710101,5.91348670,5.73106914,-1.64785257,4.43321677,4.02298009
28.00781250,4.43282558,11.96785283,1.13060957,14.35537447,12.42456076,2.14177708,5.52657105,3.96184773
28.01171875,7.27816965,6.10652133,3.67897414,6.91537341,7.45462036,3.61752156,4.62042910,7.00678766
28.01562500,4.90088347,13.07768442,5.56997479,7.44042269,13.00968463,8.58497152,2.89616865,8.67875151
28.01953125,10.60601242,11.09933125,3.94754775,10.80324699,6.43776599,12.26719630,-2.18444923,9.70343791
28.02343750,9.02069197,0.16845172,6.51481669,9.80467866,7.68166369,11.51803645,-12.59745793,6.80431780
28.02734375,9.61680314,-0.10376007,12.26782644,8.75849636,-1.19103134,9.41429883,-14.27344460,5.38782523
28.03125000,8.78803673,-8.75424184,7.95734200,11.02647787,-4.21350319,8.27946351,-2.71387979,-2.59760233
28.03515625,7.20701551,-7.31071966,9.05895428,5.79377106,-2.84739489,9.04295044,2.33867102,-3.91626765
28.03906250,6.59859813,-8.38627146,7.65830486,1.72838725,-8.81734455,12.07313672,5.14445391,-7.27790014
28.04296875,2.14827202,-8.65285046,11.01888172,-1.18003236,-11.32246325,4.24820553,9.22157098,-10.92702714
28.04687500,3.79169347,-7.91042687,18.13928482,-4.22872757,-8.73028049,6.44297395,3.64334808,-7.77309309
28.05078125,-4.47663689,3.82747743,11.79033622,-6.08835561,-9.16923188,7.18625580,-1.09564904,-8.67309362
28.05468750,-4.60937760,4.82719843,10.25307364,-7.90746311,-4.32932332,6.50324012,-9.03851399,-8.73982294
28.05859375,-10.01166924,9.92052575,8.57349269,-5.32182707,2.23831228,4.10115262,-8.96962286,-7.84865271
28.06250000,-7.23872782,10.05930000,4.95038156,-10.38614167,2.01481710,-1.00111351,-4.71246720,-4.32530289
28.06640625,-11.86663665,6.33321963,8.92799635,-11.14234160,6.95190653,3.68160616,-1.06536014,-1.68854742
28.07031250,-12.05826339,4.06839571,6.05767464,-5.35076480,10.28382566,-3.69121810,7.38703109,6.12766645
28.07421875,-12.82455339,-2.72409368,5.50022685,-5.81570894,7.16812093,-2.53213232,11.53673349,5.17499643
28.07812500,-2.55282996,-4.50309999,1.80955181,-5.49963357,6.32002722,-8.12908757,8.15890393,13.22600008
28.08203125,-5.11070128,-7.76496382,1.80759174,-2.61056467,-1.05043534,-7.13162685,4.70991237,12.74854838
28.08593750,-5.13045025,-8.39167107,2.48718046,1.50936430,-2.30596651,-10.14219850,-3.52429338,11.45842715
28.08984375,-5.30930178,-7.70593244,-6.35404065,5.81319893,-4.17866681,-7.10463705,-8.87543122,6.59621442
28.09375000,-3.54178812,-9.96704506,-3.68665815,7.16911682,-7.23860213,-9.83983722,-8.29662090,6.64628906
28.09765625,-5.14193826,-4.89394149,-6.80521932,12.36887242,-9.85124825,-8.42236859,0.08242857,1.60012505
28.10156250,2.73887805,5.30436412,-7.81497770,11.06490376,-7.57325286,-11.64946369,2.22325316,3.29752389
28.10546875,2.80432118,5.29579029,-8.99642149,7.98333210,-4.66122429,-10.44705267,7.41253237,-6.70604458
28.10937500,10.30557824,13.44987953,-9.02092644,12.77770968,0.45286933,-9.66952934,8.14104868,-10.16072620
28.11328125,5.66125411,13.36677947,-10.02340048,8.73956300,3.71456086,-10.28424216,3.01586244,-14.01561620
28.11718750,9.11437647,8.53299574,-10.10100958,5.15611845,4.87947324,-6.31701254,-3.49249138,-9.80060926
28.12109375,7.07810514,7.78953413,-15.15123337,2.62282385,6.82160131,-2.92090255,-13.70048266,-9.57710112
28.12500000,5.58814205,0.85623379,-10.59997281,-1.62263678,10.83391816,6.56653745,-7.31690667,-7.40634017
28.12890625,10.64215114,-6.00057327,-8.77032803,-1.00774317,6.89885964,3.46337165,-7.26819705,-4.69548866
28.13281250,8.95862660,-9.07397958,-9.21901064,-3.20437423,4.77635454,4.00519180,-3.46208486,-1.11645445
28.13671875,9.59229498,-6.28159627,-7.67115595,-8.35899144,3.03912785,7.99134251,3.59877846,3.18187621
28.14062500,4.91863415,-5.13802568,-5.63159052,-9.25374038,-3.12048965,6.49338407,6.16412843,9.90719607
28.14453125,1.82752049,-4.03578487,-5.93505277,-9.84597046,-6.10623506,8.86161185,9.38437270,9.59014842
28.14843750,-0.43230512,-0.18642972,-3.57777636,-10.70229807,-9.45487872,10.08307754,3.63811463,8.71703214
28.15234375,-4.00963764,2.41799554,-4.89932196,-9.69667265,-10.13880665,8.30891215,-0.58433990,9.34142654
28.15625000,-6.39968029,8.32374745,-1.43547242,-7.86977570,-5.33949146,11.55916567,-11.18816770,7.52207956
28.16015625,-8.41651963,9.92331011,1.00360114,-2.92542635,-6.27908250,10.55624550,-11.32852630,6.17743340
28.16406250,-4.45061627,10.02301964,-1.18820725,-2.87312916,-5.05601857,11.03695116,-3.51893363,0.78497416
28.16796875,-12.98784520,5.92505079,-1.54559681,0.24349518,3.06815016,8.57360452,2.36638495,-3.17498597
28.17187500,-10.16408950,4.58342661,2.40446890,3.97209940,1.17077220,2.77655411,10.78051470,-6.63288902
28.17578125,-10.63656014,-2.90050834,3.21445299,3.75520366,4.86782873,4.71554875,14.62161377,-6.58610699
28.17968750,-7.87047858,-6.60116356,6.24517061,7.09215703,7.93570505,4.88881802,5.68907126,-9.77467662
28.18359375,-5.62618691,-6.91878630,5.65831528,7.44811256,7.32399801,-0.06783002,0.16082820,-6.51136110
28.18750000,-6.63229459,-11.05792920,10.38947993,9.07867841,5.36538479,-0.21520291,-7.09858255,-9.86755142
28.19140625,-1.60168516,-12.92673045,5.36663415,8.02428241,2.64125048,-5.72915120,-10.64931145,-5.32323273
28.19531250,-7.15444686,-4.49172590,7.42667032,9.61074177,3.54672776,-7.85059096,-5.22555559,-2.07485693
28.19921875,2.27202233,-0.92124315,9.68402043,4.78750190,-6.58294279,-7.29764296,-4.92738323,-4.48583426
28.20312500,5.64937399,4.37179140,7.04512139,2.39759550,-4.70239296,-8.40546811,3.85573565,1.34426849
28.20703125,2.85994592,5.62999699,10.36483750,5.48114470,-10.24241563,-9.37429121,10.69454668,6.47533758
28.21093750,4.31171661,14.86806345,11.75737153,2.45035823,-6.48027770,-12.95115553,3.49712582,9.50038610
28.21484375,7.48035167,7.64492062,8.67576119,-1.24942066,-7.92996764,-5.48556050,1.28565727,12.07059865
28.21875000,7.88319971,8.87774647,7.70209364,-5.41061433,-1.33125788,-7.99438474,-5.27123616,8.42740849
28.22265625,8.15595443,3.29906566,7.05506094,-6.36835419,2.37133724,-8.60802340,-13.67151407,7.75761290
28.22656250,4.88397972,-0.12396625,8.59206498,-7.42280009,7.84345118,-10.23195879,-8.15803326,5.96241004
28.23046875,7.79650421,-4.21555130,4.90328410,-8.59201464,7.41414206,-8.91739425,-3.87299293,-1.77447326
28.23437500,6.20378721,-8.47429494,6.34622217,-11.93565268,9.85090054,-8.02287905,-0.43830488,-4.29934884
28.23828125,4.90771852,-8.28057240,10.53134680,-6.08759148,9.68377614,-6.80944658,8.57131151,-3.30766716
28.24218750,4.55692654,-6.22305639,6.70095805,-6.77397966,4.74466603,-5.06422801,11.61659081,-8.98362045
28.24609375,6.18686022,-1.96334647,-1.47410008,-2.94945221,2.41130349,-1.82695475,8.14967470,-11.98938557
28.25000000,-1.89753381,3.10289717,-1.85952136,-1.81877155,-0.52255975,3.79409068,-1.55266828,-7.02104961
28.25390625,-4.20524343,2.57482191,-1.32696862,0.33215506,-7.97549908,-2.45994652,-4.11448356,-12.28256486
28.25781250,-1.51662223,10.10928297,0.88935221,10.14418519,-9.35017178,4.16050168,-6.44336872,-5.65036981
28.26171875,-6.20189982,7.67669889,-2.66393518,6.40893218,-11.55577922,8.22686739,-10.11617378,-4.15185198
28.26562500,-7.16418452,6.66313577,-5.90989898,12.74905402,-6.60443002,12.10191500,-0.32183314,-2.41928719
28.26953125,-9.21647088,5.67839664,-5.98424229,8.43549080,-9.77802921,12.21162252,6.17935117,6.26701027
28.27343750,-9.83157439,4.95031698,-2.53003594,7.04001827,-4.71570795,9.57287889,11.39335249,5.59811581
28.27734375,-10.47820819,-2.72311883,-3.98686043,2.71917141,-6.43212227,10.42985079,12.70943193,11.77084823
28.28125000,-7.20802275,-11.36132020,-7.79124605,2.02144995,-1.09132913,8.85022096,7.14370929,12.97994984
28.28515625,-6.89588234,-11.10225064,-10.05904310,6.59693948,4.22610334,6.06735800,4.73356362,8.52458357
28.28906250,-1.77296086,-12.68673786,-9.58544266,3.17818736,9.85028789,6.36297898,-5.16609434,6.32172727
28.29296875,-3.92372683,-8.62255430,-17.10307354,1.53032524,10.29173006,6.27647848,-3.33619204,1.80896570
28.29687500,-1.48861688,-4.75313577,-9.15749321,-0.95201602,6.75718358,8.24578180,-3.63253312,0.79355649
28.30078125,1.77828645,1.91817155,-9.89124870,-4.34172885,7.61591990,4.81454219,2.88588161,-3.31235112
28.30468750,1.13893522,9.77372499,-9.94746779,-6.13405710,2.87094224,5.35832970,6.93934872,-6.06541751
28.30859375,3.40882116,9.62607829,-8.14850016,-8.00179176,-0.89126060,-3.47019994,11.11033364,-12.36674714
28.31250000,7.91558285,8.85803071,-11.80972165,-5.03904699,-1.27246326,0.67278307,4.54190390,-15.81243963
28.31640625,5.15368654,11.07621184,-5.49059534,-6.18158934,-9.10390461,0.47165799,-0.41203071,-7.73644087
28.32031250,7.81859657,6.88500922,-6.84471878,-5.46232309,-6.67609081,-3.56857154,-7.78413753,-11.66197826
28.32421875,9.41165293,5.93606440,-6.81309158,-8.84775940,-7.88343879,-2.87531259,-9.15727550,-11.11411904
28.32812500,10.57514321,-3.72818202,-2.15968290,-3.30927146,-7.20787673,-3.90871734,-10.18547734,-5.33321629
28.33203125,6.33774980,-9.82237577,1.79934094,2.03434258,-3.48729078,-5.02227773,-5.96737567,-2.06478277
28.33593750,11.20423186,-8.43962569,0.92355564,4.13658259,1.88724028,-11.48245473,1.23650066,2.44722425
28.33984375,5.94613403,-10.00344127,3.37208307,6.29290508,8.89914707,-8.03813278,15.22240849,7.50724096
28.34375000,4.53895841,-4.00353235,6.90533132,3.91175715,9.16743054,-8.29765126,8.80625175,6.06234390
28.34765625,2.40766133,-3.69293744,5.87484629,7.02970839,9.84237756,-9.27870233,2.68237674,5.96539458
28.35156250,-0.97010295,-0.25204440,5.42064637,5.57901882,8.28997160,-6.52655709,-4.61891556,10.82742168
28.35546875,-6.01736555,6.51119911,10.46643641,14.08976172,7.38610616,-4.93789350,-10.04132669,5.70787582
28.35937500,-7.73034508,8.38874978,8.46549098,12.51273695,0.62972988,-9.57790182,-10.07929838,7.81992467
28.36328125,-10.24864813,7.87663793,11.86861213,5.33890435,-5.28203043,-4.07506369,-6.43887048,4.64077660
28.36718750,-9.30776448,7.75507252,7.62946678,3.74347261,-6.02879563,-3.93187815,2.15587246,-0.68743948
28.37109375,-10.40886905,-0.01534067,10.13580492,1.75616359,-10.18319016,-0.35509193,7.64443403,-2.03255912
28.37500000,-9.21808297,-0.24489916,11.22244952,-1.66629590,-12.47488194,5.43009646,11.71761798,-5.79646610
28.37890625,-10.84807759,-7.72500242,9.58374905,-2.71979497,-9.59782334,2.79384995,10.99878620,-8.39261907
28.38281250,-9.52233440,-7.23835676,7.81654851,-5.27996034,-7.51145071,-0.03376646,1.33142611,-13.46548410
28.38671875,-5.84792911,-8.14809986,6.53678090,-12.22986928,-1.87963493,6.20111399,-4.54309754,-10.44226189
28.39062500,-3.84844138,-8.22553432,6.90623893,-7.64329166,4.35115830,7.70468881,-10.05231037,-9.33662625
28.39453125,3.36600648,-5.39003507,6.28037612,-10.09910325,3.10336508,4.90959773,-8.30206116,-4.01550402
28.39843750,-0.62898001,-2.17589835,8.51723625,-4.06640788,10.08288327,6.02013186,-6.48268794,-1.23543276
28.40234375,2.44345034,3.61251816,6.39489093,-8.93358506,14.11265034,7.26568030,4.04499372,3.24269996
28.40625000,3.34475560,6.58033578,-2.73610836,-4.65996562,4.66498102,7.66076351,5.88806364,1.57977950
28.41015625,6.29486787,9.14598552,3.90446958,-5.22666709,7.95730261,12.40479271,6.98952897,3.13985017
28.41406250,5.85191586,10.27786705,-2.24719959,-0.64318734,6.54638873,8.65694436,1.03221162,11.46602122
28.41796875,8.57139529,9.72639560,0.48971314,1.93124041,0.63075602,9.92602308,-5.11119636,11.64539275
28.42187500,6.85802577,1.30992997,-5.53683504,3.58229458,-6.07740130,6.35870080,-11.91000089,6.69984853
28.42578125,6.37223757,3.82520542,-3.94915604,8.21702342,-8.14229091,5.61986359,-9.99541848,6.41345241
28.42968750,11.67376102,-5.87039258,-4.50461302,8.30470998,-4.88931113,5.50331947,-6.18540752,2.84630347
28.43359375,5.35574157,-8.88512639,-6.87662981,11.66191548,-15.61700326,4.52213496,-1.69667391,-1.73324978
28.43750000,8.01112815,-7.90121459,-6.40215126,9.76044565,-5.35333766,0.26114170,5.28944892,-3.88459535
28.44140625,7.92621551,-9.14326437,-5.46415022,9.15207228,-6.33796416,0.70108340,11.50879360,-2.61814907
28.44531250,2.18832382,-4.48699922,-6.87076764,8.87438361,-1.67981578,0.11265911,5.53304048,-10.87356757
28.44921875,0.75167362,0.17637811,-9.29806075,5.08980325,5.32565111,-4.83649057,2.86184184,-11.85170050
28.45312500,-4.14739617,2.01059765,-10.33139343,-2.88974438,11.59788862,-6.97390540,-2.43622506,-6.12873314
28.45703125,-1.51551614,8.29538244,-11.47699921,0.55653717,10.77264598,-8.11246846,-8.41917398,-8.65719589
28.46093750,-3.91518794,7.41540448,-9.28843527,-4.35531339,6.02297639,-5.22122734,-9.78027871,-2.81074503
28.46484375,-12.05630814,11.31418277,-6.24916262,-0.53678204,5.79504051,-5.09109094,-2.68601531,0.87505001
28.46875000,-9.05912603,6.13850342,-7.75963586,-11.84921836,1.08271646,-10.44836922,5.65770318,3.46325383
28.47265625,-12.89675995,0.34709715,-6.63036158,-11.30740451,-1.61243247,-8.09749565,8.92983452,5.95120387
28.47656250,-11.18805650,-5.92048461,-6.14986108,-13.17670974,-5.39629575,-10.40316906,9.21082753,7.53602105
28.48046875,-7.64377812,-6.81547935,-3.52457669,-16.49929882,-9.61247002,-11.06331976,2.90858135,14.53204615
28.48437500,-6.28682775,-9.66924617,-6.26428947,-10.65931816,-14.93324377,-5.61908402,2.80116837,7.54432311
28.48828125,-2.06665839,-6.84949320,0.51565734,-5.24399038,-8.85591152,-12.42431070,-3.71090525,7.83446411
28.49218750,-6.72991488,-11.56258961,-1.49461798,-7.66142237,-7.04565092,-5.07146700,-8.43400356,1.08218146
28.49609375,4.28214848,-8.59902859,-0.73354339,-2.57594288,-1.58666772,-3.61212479,-6.99329728,0.68404974
28.50000000,2.13785158,0.62971043,-1.83745953,-2.10192610,2.18677220,0.11656457,-4.74117086,-3.13750928
28.50390625,2.71819416,8.51274899,-1.52122491,3.73034269,7.62652098,-0.71135108,8.23550955,-4.54291115
28.50781250,7.26954627,6.88951114,1.96848102,3.77660521,8.78425978,-0.47784773,8.90134212,-9.66754006
28.51171875,7.33281063,13.21885096,1.51131772,13.97146539,12.94048677,4.72136910,6.92776702,-10.92234365
28.51562500,11.40639876,11.37964409,2.21183827,9.46725659,10.21253541,9.28476141,-1.33193960,-14.30459999
28.51953125,6.45538955,4.82001538,4.11199824,11.57009797,10.10885842,6.41555661,-6.19615367,-7.67192743
28.52343750,3.68912727,6.24789513,4.77225211,13.88546248,4.96007900,9.62599458,-13.07257667,-6.38555469
28.52734375,9.07546168,-2.66807834,8.43583609,9.21788936,1.83466544,11.28269129,-10.39125755,-5.33254574
28.53125000,8.60841979,-5.83412981,10.25887981,6.41929837,-3.58266950,12.00199400,-9.68548011,-1.73965651
28.53515625,6.37697325,-5.43659447,8.73688537,8.21993951,-10.20635246,13.10071499,2.56242265,4.87156587
28.53906250,6.07981490,-10.37989389,9.07734679,4.23013323,-11.50978871,8.39710454,4.49487005,6.26437039
28.54296875,4.39109345,-9.04176817,8.29707967,-0.95601138,-11.12517339,8.96761771,9.59475485,10.32374832
28.54687500,3.21585153,-2.42346097,7.90526118,-6.24221010,-6.52830088,8.92712471,6.64119380,9.53413482
28.55078125,-0.24402479,0.24277872,7.03871623,-5.83873959,-6.97364578,9.03147888,-4.65916206,12.72086312
28.55468750,-3.16428311,1.24370206,11.85670720,-9.38028387,2.74370032,4.03066021,-7.37083688,11.44376177
28.55859375,-6.78117447,10.01816846,10.87066252,-9.81692076,1.59587828,1.58982525,-3.60868271,7.23412851
28.56250000,-7.05247083,16.76556331,6.99092708,-7.00660525,4.56343269,2.61064627,-4.99506402,3.86856858
28.56640625,-8.88132017,10.92379511,6.31768427,-10.06727855,9.59218909,-0.62858410,0.22892820,2.70855029
28.57031250,-9.52733612,6.09332887,0.22764533,-9.89698851,8.11690854,-5.55017003,6.45315711,-0.33835806
28.57421875,-11.43295958,0.12705394,4.00079851,-5.02496160,7.20455461,-8.37895820,9.72530821,-3.56582016
28.57812500,-11.95180381,-3.21352587,3.06936789,-6.06218789,2.69218960,-6.81461439,11.98191919,-2.91428694
28.58203125,-10.07587737,-6.18649428,2.92660558,-4.87365883,-2.02320913,-9.44447855,4.01323399,-11.14649401
28.58593750,-11.46286723,-11.53188916,1.02378395,1.34812348,-1.04890337,-12.88296968,-8.32313174,-8.11193698
28.58984375,-5.03691423,-12.81725832,-3.45070536,2.74956876,-6.19516778,-15.59714074,-5.30243920,-8.31568061
28.59375000,1.92985444,-6.30060054,-4.90672708,6.12556117,-11.33891559,-11.47435931,-8.80704552,-8.33203132
28.59765625,-1.95971856,-6.06787268,-2.90176111,9.43699214,-5.43618106,-11.87785987,-3.53024661,-3.16069789
28.60156250,-0.06554889,3.92460890,-7.68347028,10.86896076,-7.75448312,-9.78985179,-1.84068772,2.15471125
28.60546875,1.83785906,10.94936422,-12.05739385,7.65831451,-5.06209152,-13.27047603,6.48410782,2.81550815
28.60937500,7.79499648,10.44651467,-9.83247486,12.60457180,0.53946724,-4.69016061,7.16493995,3.25814628
28.61328125,6.23749767,10.66354065,-11.20531899,10.84446022,6.98730383,-8.75410607,3.90145655,5.76392851
28.61718750,8.81038915,10.01761539,-13.04412423,5.22501448,8.43947338,-4.32815101,0.59106335,9.72127470
28.62109375,6.88932878,6.42205341,-10.21666722,3.40724912,11.03425591,-1.38711959,-6.40753836,6.08270135
28.62500000,9.94769421,1.59150736,-10.89908333,-0.26370786,8.96077897,0.42962810,-8.78905200,7.20483621
28.62890625,13.25714586,-3.11645413,-11.01400363,-2.35888396,6.50868375,3.15699584,-9.23288800,4.64661868
28.63281250,6.14554772,-6.37091970,-8.52428830,-3.46510849,6.91755286,4.33400806,0.28514081,5.31159916
28.63671875,6.57881046,-11.90433748,-10.44217495,-6.00968746,-1.61654695,4.98194981,1.24202126,-4.25060404
28.64062500,4.93615524,-6.84318251,-7.73252297,-10.65274760,1.35307582,6.92997862,11.49173656,-6.54904453
28.64453125,1.62062394,-5.79752622,-7.04962841,-10.84104159,-4.43194975,5.20274018,5.23976137,-10.95331895
28.64843750,0.79169855,-5.01301659,-5.28039208,-7.16857367,-8.19821030,9.29461619,-0.42087371,-6.94730109
28.65234375,1.17000822,5.47705506,-5.90512260,-6.76683692,-10.30919904,9.92693999,-1.44033966,-11.70920229
28.65625000,-6.19909472,8.41915406,-0.43954084,-7.00956499,-11.64256921,7.80216048,-8.83729654,-8.00339466
28.66015625,-1.71848895,12.08490842,-4.45680683,-8.59520366,-6.61459257,12.00118171,-7.31650785,-7.16775462
28.66406250,-5.81698942,9.25923216,0.88120486,-3.58102529,-2.76795710,10.53348466,-2.49567918,-2.82436190
28.66796875,-12.45632105,3.86443408,0.05092930,-1.38278442,-0.11366772,10.19079068,2.22197876,1.31064588
28.67187500,-13.10099647,2.28096135,2.45875075,-0.39760956,3.71580637,7.60333216,6.15873733,9.05459388
28.67578125,-10.27554613,-4.05656736,5.27931422,2.94770588,7.52829129,5.96278020,14.50903301,4.49506370
28.67968750,-8.05703696,-8.29097811,3.31112449,4.95889235,8.37503309,0.62497018,1.86798590,10.02689929
28.68359375,-8.70660099,-12.77446674,3.57184378,7.19430480,7.31482764,3.23265544,-1.73651837,12.04604693
28.68750000,-8.10793622,-7.84160913,6.11178735,7.66294245,9.33660260,-3.78864966,-5.86800835,11.01076825
28.69140625,-2.47670291,-6.39591972,5.80962678,11.12659743,5.07467953,-5.88207824,-10.64219483,5.60350357
28.69531250,0.77802144,-0.50492590,6.95194992,10.86092190,0.08627007,-5.85612062,-6.28438448,2.20093810
28.69921875,4.13211451,0.27633866,4.70311460,4.31923202,-2.98224704,-7.20392952,-1.81038247,1.53104020
28.70312500,3.38824445,1.55332069,8.70114422,5.14209457,-6.35263629,-10.85114857,3.91269561,-6.05480783
28.70703125,8.70853874,6.97078316,2.94246457,2.03805261,-6.59302911,-9.20970704,9.05615773,-7.60193105
28.71093750,5.48159993,11.61853686,8.20091778,1.63865943,-10.03892559,-5.62086403,5.29002410,-12.62001636
28.71484375,8.50483841,9.82814758,10.33967850,-2.84012253,-5.51876373,-14.17097080,0.29632492,-10.91976161
28.71875000,11.23050305,7.84488693,7.56895718,-4.23190328,-2.75994611,-8.74214015,-3.86460171,-12.22038025
28.72265625,10.20623174,1.60906688,9.56644870,-7.54416521,2.08760846,-10.38429905,-9.43883237,-8.42444644
28.72656250,8.65860282,-0.94715970,4.15067525,-11.16484291,7.11632773,-6.81061780,-13.61485644,-4.73576279
28.73046875,7.48325706,-7.94338607,10.37027437,-8.73220216,10.12916907,-4.87953790,-4.55771772,-1.78224921
28.73437500,8.96180536,-7.94604800,11.06670145,-9.09237282,10.42382003,-4.78048396,1.64449020,4.06268412
28.73828125,8.65665559,-4.37177712,6.57628218,-9.81454568,10.51273063,-3.67687736,7.53701057,5.21130204
28.74218750,1.65156202,-9.45867147,0.45642604,-7.35170626,2.35508802,-4.27170273,10.43579800,5.95739645
28.74609375,2.25480941,-8.06820892,1.08361856,-5.24265661,5.92451507,-3.47290994,8.66922180,8.79045056
28.75000000,-1.20725057,1.40765428,1.43662289,-0.64368774,-0.13863719,0.22684737,1.42709817,11.40356306
28.75390625,-1.86985892,3.40240235,1.59092560,2.08101174,-3.24004529,6.23775293,-7.51980180,13.84205172
28.75781250,-7.07463825,4.55081617,-0.74418847,2.32033142,-10.84923296,3.29828270,-11.50629470,8.62330880
28.76171875,-5.62494076,5.47217246,-0.19885887,7.07223992,-8.94608583,5.32351761,-9.51631672,3.23549726
28.76562500,-7.62490141,5.61130943,-1.39775673,5.55884666,-11.02230781,8.97143317,-1.92394703,1.11906971
28.76953125,-11.95639266,6.89949644,-6.37754603,4.57475519,-12.14653326,10.30118658,6.80691417,-2.25879774
28.77343750,-11.48278244,0.40716449,-4.97337734,8.01866293,-6.24453644,11.57476651,8.18556310,-4.19907902
28.77734375,-7.32634293,-4.14549526,-7.94421116,5.46044339,-2.03067390,9.83602479,8.01804640,-7.13847655
28.78125000,-6.24456368,-7.59323451,-4.07368884,3.90546815,3.96436102,9.07630854,7.27936590,-6.98498193
28.78515625,-6.09341424,-13.55561810,-8.64975794,1.01452173,10.03689891,8.96381703,1.97440379,-6.32597889
28.78906250,-4.12154239,-11.98576452,-6.87525175,2.06860580,11.80332239,11.81211013,-2.78631112,-9.75555879
28.79296875,-3.84770606,-9.76992343,-11.79012384,-2.32205014,10.28394673,5.33302881,-3.05572300,-4.95849550
28.79687500,3.00802110,-4.42142651,-8.20581799,-3.24648909,12.32128030,6.55050368,-3.88633727,-3.65704498
28.80078125,6.08063050,1.14763099,-16.11335873,-7.21119554,7.71171318,4.43658079,0.42253376,-0.49838179
28.80468750,3.89367140,2.83756139,-12.12157977,-7.19035007,1.52047859,0.22884810,5.12166802,6.95434451
28.80859375,7.98051764,12.97455904,-4.25644031,-9.39705246,-0.08630269,-1.90100176,8.04685882,7.20871820
28.81250000,5.78870744,9.51890986,-5.40311849,-4.75209722,-8.10649214,-1.39495284,7.09668851,7.42512133
28.81640625,10.43118556,9.67108126,-3.80584962,-9.95047697,-5.88813997,-2.62975558,-0.45829846,10.68210257
28.82031250,6.10145381,7.06979586,-3.69469283,-9.73101164,-13.37679646,-1.78443519,-8.16487640,6.15967286
28.82421875,13.74706060,2.22993205,-3.25767618,-5.08772320,-11.79987645,-4.27454096,-11.28467496,1.86907570
28.82812500,8.11878465,-2.09367352,0.37308501,-6.32101930,-7.50654135,-8.67686413,-7.11262952,3.49784733
28.83203125,7.39404304,-4.63370170,-0.89999131,-2.23079677,-3.85258120,-5.60248760,-4.67590135,-0.05393450
28.83593750,5.74660308,-6.95428139,2.20324843,2.71041936,2.86100396,-6.40471714,2.87783678,-1.83763663
28.83984375,3.39189233,-11.03333473,-3.80210021,4.18846474,8.22821233,-7.84024979,5.76115449,-2.62741286
28.84375000,6.03152468,-9.98444240,2.68291374,5.32215950,4.85592035,-11.90206234,11.27280708,-10.23039930
28.84765625,0.48159146,-0.35848827,6.31975987,5.87019875,5.58611683,-7.81695461,6.43436708,-6.69209015
28.85156250,1.30194762,4.72986728,8.34863772,11.84674667,3.63562977,-7.29369494,-1.95725641,-8.75994733
28.85546875,-6.49975809,5.06717912,9.91902686,6.83901029,7.47599105,-10.42542346,-7.66759353,-9.01650092
28.85937500,-5.77877851,9.10089360,5.29578727,11.17328130,3.60289437,-6.36836080,-7.69232424,-5.90069574
28.86328125,-9.15816707,10.18695225,9.17588997,6.14735627,-1.12416179,-1.41724187,-11.04780756,-3.90848563
28.86718750,-10.04182870,2.42846396,11.63846043,7.50202165,-7.52546948,-3.64006205,4.38338184,1.05239307
28.87109375,-7.48588435,2.09421163,11.97421225,0.39797597,-9.65284911,-0.33621280,3.22098520,5.90034330
28.87500000,-8.91931166,-2.67281334,7.94991656,-0.13202940,-9.33973165,0.66941081,13.10918351,3.50247618
28.87890625,-9.51028841,-4.56217941,7.52055998,-4.87907472,-9.14580186,1.37926484,10.87975306,12.34168618
28.88281250,-7.33220059,-8.32429179,11.21811055,-7.54023670,-8.35184227,-0.82007895,4.52909725,11.20597745
28.88671875,-6.39858852,-8.30005217,6.63719878,-10.76688031,-0.47455255,2.72889350,-0.10375857,9.32350444
28.89062500,-2.65766743,-10.29140661,11.27297096,-7.24979083,-0.38743527,8.85516276,-9.33548044,7.06917810
28.89453125,-1.75139308,-6.66297663,6.37943689,-9.08552723,7.00441987,4.94215340,-9.04592322,4.92371802
28.89843750,-0.24318061,-1.98532808,3.57323864,-7.02272064,7.12844523,10.95384413,-2.05219971,-1.55421701
28.90234375,3.03105269,3.12692294,4.20380202,-3.78900488,12.04697192,7.44716140,1.01702623,-3.59297414
28.90625000,1.41626728,7.94500381,1.14753617,-10.20067980,10.55622456,8.55743268,11.10563054,-3.20221229
28.91015625,7.33571172,14.38469055,-2.69214148,-3.76914864,10.46941269,4.49996224,7.72017672,-6.70456082
28.91406250,7.36328346,11.23885765,-3.04325670,-0.70314536,5.61639832,8.62857432,4.43704973,-11.01158112
28.91796875,11.88210942,8.10935323,-0.53134525,1.87890673,-0.03737488,6.61463517,-7.23717198,-13.93311138
28.92187500,5.92730680,3.25778235,-7.04436322,6.56822048,-3.56152160,7.65136079,-10.50476269,-11.44146572
28.92578125,9.73476911,2.48202463,-3.64085052,6.45602084,-10.26547388,8.60470091,-14.46870209,-8.32979567
28.92968750,6.88306972,-4.15970361,-3.17559784,6.82056615,-12.16104306,3.96656863,-6.69358412,-2.96344509
28.93359375,5.16322198,-11.63604508,-11.29963408,10.59569533,-10.48798384,0.32729005,0.08235215,1.61711516
28.93750000,4.36168403,-11.59719158,-5.43271148,12.22537814,-10.10293686,0.12324746,8.41846294,5.32841319
28.94140625,4.55101079,-8.78100263,-6.15737680,8.59622291,-4.03510137,-1.32528293,9.55898372,7.69847135
28.94531250,1.01333530,-5.85019822,-9.17428334,5.75731469,-0.45823715,-6.44598552,7.44204424,10.87295698
28.94921875,-0.34548425,-1.35051929,-13.18451785,10.03587074,1.88701272,-7.97598323,2.49154253,11.92500770
28.95312500,0.09753047,2.60600204,-8.61513362,3.49769715,7.51970563,-5.71259149,-5.57272058,10.36585297
28.95703125,-0.91417870,8.84345802,-6.37970447,-1.68022884,7.69662059,-5.07422663,-10.96530123,10.18899295
28.96093750,-6.89805294,11.16795048,-7.23197768,-3.29073562,7.36555678,-9.15967220,-7.13184872,2.87336997
28.96484375,-10.80198649,10.29854508,-8.28984307,-6.82299252,6.40049505,-7.00231421,-4.96023479,3.05130504
28.96875000,-9.89383724,8.86034825,-7.23805237,-8.94682950,1.79653532,-14.26489689,6.52186739,-1.05307791
28.97265625,-10.33066496,0.11395331,-9.46899063,-8.74480582,-0.21233224,-12.88032866,13.46152922,-2.33201343
28.97656250,-9.61948560,-3.09281191,-6.40509177,-11.40494323,-7.21717546,-8.33659942,11.82762033,-6.42151060
28.98046875,-5.89378363,-7.54820178,-4.34887525,-11.69597633,-11.51525262,-8.29375027,6.55973948,-7.66726085
28.98437500,-5.66826925,-8.01564631,-6.17359110,-9.94439908,-8.87875305,-6.44136543,0.56025431,-4.78316577
28.98828125,-2.94557785,-10.24132763,-1.44016425,-5.49521869,-11.00688563,-6.55808382,-3.00692295,-8.60871759
28.99218750,-2.18196152,-10.89462515,-3.93256952,-5.27643074,-7.23835303,-6.86478339,-9.97315676,-5.52417773
28.99609375,1.21433385,-3.68682574,-2.39751014,-0.37163741,-6.20713513,-6.83129240,-5.71467820,-5.02172824
29.00000000,0.80904547,-0.14708147,0.91236765,4.13209000,3.21549907,-2.99617998,-4.42107374,-2.86940721
29.00390625,2.18893222,3.13387903,-4.80501332,5.44572603,4.10798888,-0.69008883,1.16913507,-0.36495703
29.00781250,4.49874412,8.14083821,-0.12079215,7.91086173,9.54934628,3.59909749,7.62641056,3.24161468
29.01171875,5.02606527,9.40030320,4.18010505,12.33527635,10.82149740,7.09390134,4.17969989,8.46525587
29.01562500,4.98143672,13.52460309,3.99227683,9.30695918,11.39647579,8.34235780,1.27906454,8.78947798
29.01953125,8.43076180,7.26728824,3.21387908,10.43012388,6.08551745,11.00522458,-9.08416029,7.94594969
29.02343750,8.94034592,4.40824527,6.39533599,11.08469092,8.44954555,11.26517559,-12.27604473,8.61029968
29.02734375,6.96585243,1.07636993,7.94160635,9.08634244,-0.24649635,12.83042749,-9.18874605,4.73249982
29.03125000,5.93915523,-6.36199591,11.41747080,8.75835950,-4.55520765,11.72395709,-7.35936276,2.17917500
29.03515625,6.90678561,-9.08579821,7.29534724,6.51844258,-8.53206361,11.66571409,-1.53121790,-2.41231282
29.03906250,4.87257402,-7.30078544,9.29214951,3.72729054,-9.88143746,10.06291151,8.86382558,-0.87189547
29.04296875,7.24372672,-7.48798957,13.54371052,-0.22004537,-9.24689402,9.66017857,8.49017848,-2.39239673
29.04687500,-0.36322972,-1.21831207,13.00031675,-4.61520414,-5.17820895,10.41546535,7.73393791,-9.96602081
29.05078125,-2.82799519,1.20302307,8.12129761,-7.89354241,-6.86937031,6.95222201,-0.49692183,-12.68330215
29.05468750,-1.98868575,5.30973417,6.82667537,-10.17395161,-2.77120195,2.94143000,-8.28039253,-11.64962388
29.05859375,-6.85959298,6.15108751,4.94104080,-13.22960569,2.31453179,1.36890687,-10.44159588,-5.38723384
29.06250000,-8.16512730,9.79593107,7.40531455,-11.10723257,6.78869163,2.94638784,-10.53889543,-3.72972842
29.06640625,-8.12414531,9.28290195,5.59808285,-10.90631746,6.98824873,-1.24095041,3.04674945,0.48030694
29.07031250,-12.64078839,1.41861239,6.11592593,-8.82391796,11.25405557,-1.63851902,9.95024460,0.78551247
29.07421875,-14.13327618,2.85181837,5.82724136,-9.00804995,6.10813869,-2.01024668,15.11509142,8.87642413
29.07812500,-9.80345187,-6.61570447,2.79868865,-7.56768089,3.56630634,-4.11395794,11.25665925,11.98278386
29.08203125,-8.52421176,-7.05896565,2.71634378,-2.42803650,0.02908992,-9.33175216,2.84769014,10.95675941
29.08593750,-4.04916141,-11.53141700,2.26683973,-0.60589561,-2.17441042,-11.40154341,-3.20427189,11.04683531
29.08984375,-6.04428975,-8.87746024,-1.29136965,2.71673173,-4.89828235,-9.22061107,-10.06512905,9.70480706
29.09375000,-1.31280142,-6.16495005,-9.15553110,8.56621709,-11.06755482,-12.76605782,-10.25112554,5.86206977
29.09765625,-1.94865678,-3.64040247,-7.35028878,8.42015238,-10.73582180,-8.95834651,-1.46310644,1.09908733
29.10156250,4.84394139,5.42872287,-7.96709006,6.99850207,-9.67602240,-10.82277509,1.01572195,-3.94035129
29.10546875,3.69593548,8.43423664,-7.21769650,14.53374676,-4.92498498,-9.12674021,6.70050117,-7.57692664
29.10937500,7.16281060,13.97838242,-10.98967112,11.85292514,-1.07821414,-7.86410517,7.90442825,-10.85018122
29.11328125,9.43411914,8.92365417,-12.77567108,8.78807612,2.94440844,-5.20603533,1.26455750,-8.50974427
29.11718750,10.78840575,8.51777605,-13.02498669,12.07627720,9.50460321,-2.52466993,-1.41670767,-10.06010940
29.12109375,4.06231322,3.82021543,-10.72738784,5.05224396,10.11713087,2.41256570,-8.93947448,-12.50864141
29.12500000,8.25060976,-0.62475401,-8.84769870,5.24157860,8.61271409,-0.41989143,-8.50292251,-4.11917077
29.12890625,6.97906056,-2.94282447,-9.05041085,-1.83662273,5.67880500,4.97814043,-9.35268406,-3.47502751
29.13281250,8.36465654,-6.76489017,-8.71527371,-10.82288066,6.00236405,6.05719784,-2.44381134,-3.93970784
29.13671875,6.72487710,-8.17951080,-4.90174162,-6.96063932,-0.55579135,8.57659766,4.47533145,1.94376519
29.14062500,4.27516087,-9.47983531,-10.97994043,-11.55061034,-1.32222895,7.25009548,9.23997817,7.99991588
29.14453125,4.84789341,-7.39594004,-5.29395583,-6.57315760,-3.00961295,10.76926288,10.21823751,5.90836602
29.14843750,4.42525362,-1.58566663,-7.46768065,-11.90622426,-13.26902647,10.26614245,1.27483538,8.65303195
29.15234375,-5.20689127,2.89119901,-6.41102283,-7.20504918,-10.81422022,12.90239794,-8.72477736,9.23031626
29.15625000,-4.10099050,6.65417910,-4.94005348,-7.63828515,-8.74313338,8.85366142,-10.69282497,9.27822622
29.16015625,-6.36138321,6.10473630,-0.84827229,-5.24211756,-8.92631330,8.19274891,-11.15668107,6.71823329
29.16406250,-5.98952115,8.07387548,-2.80808224,-5.00126687,-1.91289947,9.42225448,-3.53630777,3.72631924
29.16796875,-9.16642365,3.98588229,3.40674178,-1.01540106,-4.31086683,10.83959193,3.61547891,1.17681911
29.17187500,-10.03681900,3.80532952,1.18140422,4.98856524,2.99970068,5.82614469,8.35038545,-5.36311870
29.17578125,-8.32199185,-0.33863033,2.36788374,5.50270163,4.62829962,7.06846710,9.57537114,-6.10151811
29.17968750,-7.00489590,-7.01196730,7.45648268,6.86501062,7.10361252,1.06759813,6.64860198,-4.71816971
29.18359375,-9.14370982,-7.23567920,7.76067212,10.58956406,8.64299808,-1.89681101,-0.33223726,-11.07840584
29.18750000,-4.34357767,-15.87507106,6.45961649,7.32644156,5.49191748,-2.84070356,-9.73114277,-7.40021000
29.19140625,-3.39253192,-9.70150375,6.95807229,10.46026837,3.18716570,-1.81968198,-10.98618630,-7.33682048
29.19531250,0.53245043,-2.75089296,6.83037115,7.68503801,3.20524839,-4.78455183,-4.53176837,-4.20088935
29.19921875,-1.88945008,0.32701103,7.35077502,5.53817039,-4.55481884,-7.52794829,-3.08269399,-6.53752058
29.20312500,6.10628743,7.43309167,4.85703177,3.23054283,-8.24762850,-7.93566752,6.85247844,2.73073475
29.20703125,5.67519172,8.10813758,10.35742343,2.93027630,-9.63896868,-5.71207034,9.07908102,4.86596566
29.21093750,6.87572735,14.81775968,7.07288564,-1.67063888,-5.47379794,-10.47336373,8.45713042,6.42826225
29.21484375,6.20399673,10.71053883,5.73529717,1.32280287,-8.44264395,-12.84422816,-1.29515564,8.07754990
29.21875000,3.15425375,5.00804672,3.05233330,-4.77300555,-7.57777706,-6.97903526,-4.71908820,9.77101244
29.22265625,6.59851293,2.17466880,11.47386440,-5.37001546,0.93640488,-7.62726718,-10.26797006,6.21647602
29.22656250,11.66149242,-2.11305824,10.40917649,-8.57473824,3.15168942,-7.95844109,-12.86478253,8.91729485
29.23046875,9.75533566,-6.95641674,5.80433663,-11.14873015,5.85264052,-5.80100281,-8.01511967,3.69893926
29.23437500,3.36292275,-8.58502595,7.08862728,-9.37496175,10.80959308,-6.23748411,-0.98611448,-2.28164730
29.23828125,5.38290562,-11.80432258,5.90733738,-6.44798161,7.39169259,-0.47402119,5.82319478,-5.35534825
29.24218750,3.44046280,-4.69295752,1.62286677,-6.17821926,8.55349479,-1.38928924,7.40264168,-6.13541221
29.24609375,2.33874173,-7.84612590,-0.83581873,-5.21622266,3.36028128,-0.15481295,7.08989310,-7.07154586
29.25000000,-3.32870307,2.57199178,8.05798507,-0.31108825,0.38942749,-0.57034627,-1.62250659,-8.63622522
29.25390625,-3.15518250,6.09691849,2.67831675,3.03976652,-5.21751469,1.87730574,-6.19948547,-7.20179566
29.25781250,-3.87293933,9.72126746,-5.31957727,4.76328942,-6.94649113,2.68327483,-12.72482103,-7.90878890
29.26171875,-6.58438715,9.84111936,-3.74904472,6.27035805,-7.92924413,8.84530527,-8.75992394,-6.81333373
29.26562500,-5.40386170,9.36121003,-6.14765245,10.06096564,-14.68454720,10.02552560,-2.78116841,-5.39999546
29.26953125,-9.27687208,3.87220529,-0.59240337,9.90650189,-8.64886208,9.34562069,6.85274743,1.19575816
29.27343750,-11.87017605,-4.85330842,-8.85726165,5.68497696,-7.04166621,6.87822817,10.12158526,12.26110184
29.27734375,-7.51667124,-5.21717732,-6.40315134,7.49232365,-1.48088875,8.97568000,10.74076210,8.05227073
29.28125000,-8.69525789,-9.59544077,-9.37467078,6.23900658,-2.32903173,10.10797780,5.41171043,9.26108988
29.28515625,-5.40022882,-10.06995987,-13.03568018,-1.86444777,5.75180391,8.56774372,-2.57452108,10.68699436
29.28906250,-1.55190806,-11.95334484,-9.70807001,-0.58010753,8.76518591,3.69288010,-4.18861134,8.65757677
29.29296875,-5.05170332,-10.46676661,-9.23824174,-0.85235577,11.40801072,4.47605731,-6.17868155,5.66556025
29.29687500,5.04631182,-5.11391546,-14.88176350,-3.83290241,10.08919562,5.93798574,-4.95552600,-0.38574039
29.30078125,4.14353793,2.36704923,-12.35576483,-5.14188733,6.80998694,4.03962771,3.48586357,1.88896810
29.30468750,7.45680584,2.88981088,-8.70693292,-4.22150712,0.78225378,2.06217681,3.46043680,-5.60448556
29.30859375,3.18172220,8.88039209,-7.63411879,-8.91275192,-0.92522470,3.17915210,7.56459360,-13.59062914
29.31250000,7.64929247,10.67242620,-9.39149508,-5.37329119,-5.44611966,-0.00289496,2.48438014,-12.35622487
29.31640625,5.58533695,9.28022588,-9.60841503,-4.43555549,-8.50583652,-4.36644275,-1.05681807,-9.08324788
29.32031250,11.38509430,6.78427444,-6.85715962,-11.57311309,-7.11000391,-2.04825782,-6.27730587,-16.77533343
29.32421875,7.54457474,4.57120232,-1.95185753,-1.26072255,-11.00836801,-8.69408523,-10.54820277,-8.06444506
29.32812500,11.45675458,-1.66638237,-2.08374645,-1.01685826,-6.06099654,-7.92768543,-6.76967475,-5.13190182
29.33203125,7.99173758,-6.58290587,-1.13798950,-3.01301106,0.59558281,-5.52669820,-7.87910929,-6.12917704
29.33593750,8.48877027,-8.65450477,-2.42895172,0.09248579,-0.72426955,-5.42882609,5.02406544,0.89994800
29.33984375,5.19607700,-9.38577542,2.25155391,-0.21643116,8.43086205,-6.43080173,5.47448279,1.39731566
29.34375000,-0.00997974,-8.19856193,2.33004516,8.01962690,10.06751224,-7.47774455,8.30352481,9.12796306
29.34765625,0.38568169,0.74665856,3.81420879,7.30064410,11.62093231,-8.23345813,2.48373632,10.81838045
29.35156250,-5.32210967,4.55265769,6.92449014,11.24609616,7.10638996,-10.70784557,-4.11663951,11.82097712
29.35546875,-6.32085448,7.94459579,8.29408052,9.96853125,3.16069122,-5.63035783,-5.33685140,6.79980046
29.35937500,-7.25826429,12.08204707,7.21638741,9.85796285,-0.98855234,-2.90533057,-7.46603414,9.62500883
29.36328125,-8.87355996,8.60608763,9.80724571,6.32205229,-3.98959636,-5.21388842,-9.06227344,5.71578685
29.36718750,-7.37338979,5.09478459,11.67971228,6.63228003,-4.08108751,-3.94358035,-0.35090191,0.39216385
29.37109375,-10.56470134,2.21938239,9.88865860,-0.51563999,-8.47935614,-0.98025093,8.66289008,-5.79456316
29.37500000,-14.36178324,-3.85400320,10.34789085,-1.11436084,-13.94392291,-1.84122525,11.03152791,-5.32544211
29.37890625,-11.22510379,-4.47866212,12.17523064,-2.86274981,-7.14718805,1.31742602,10.76011255,-10.97001033
29.38281250,-10.62122768,-8.27725753,14.23372361,-7.80390832,-10.65281390,1.77352940,-0.35653483,-6.40505654
29.38671875,-0.13893355,-10.48617918,11.11344425,-10.43389682,-0.47041094,2.38136598,-5.89189744,-6.39275301
29.39062500,-4.00894212,-11.38231281,8.90335713,-10.87337826,5.54501437,10.91175033,-6.95277242,-6.42607123
29.39453125,-0.99474710,-3.76172753,9.78367529,-9.33112357,4.77092297,8.50525328,-7.87875060,-7.01014364
29.39843750,-2.00970018,-2.73033798,2.65987972,-9.33220716,8.05749051,5.12268958,-3.85404456,-4.70222697
29.40234375,2.19490239,4.65246646,1.56498872,-5.00847696,12.18800616,7.88560515,0.36929055,-1.72767170
29.40625000,2.23190305,8.77887949,-0.57487402,-6.27535714,11.01184847,10.75610146,7.39536351,3.39188643
29.41015625,4.46245180,6.62903240,3.38333150,-3.12684412,9.62645630,11.07971252,9.29137778,8.16519290
29.41406250,4.52305398,7.50501170,1.90199202,1.41262049,8.40643184,11.07410154,2.93499437,6.78868795
29.41796875,9.18046217,7.90983475,-0.18847464,2.29203947,-0.19014938,7.77379785,-0.02685777,8.92660292
29.42187500,7.21688047,5.21383440,-2.20184992,9.09975843,-6.37085332,6.68669388,-9.91895697,6.60003372
29.42578125,6.81605484,-0.99295595,-0.27003667,6.21675817,-6.02186259,8.68047052,-6.83909515,9.48346832
29.42968750,9.41517614,-6.77821857,-3.82010969,6.63304238,-10.17371431,4.25779386,-11.71023563,2.98886861
29.43359375,6.15925420,-7.42480939,-3.13875931,13.69718880,-9.75638444,3.29245262,-0.54536419,0.20472912
29.43750000,6.08484164,-11.29469774,-5.76617251,13.58694444,-6.02778442,1.09323863,4.79038395,-1.08842659
29.44140625,5.15123047,-6.86927360,-7.78732941,9.24136430,-6.62200977,-2.83440036,10.51429045,-8.73919085
29.44531250,4.53238411,-4.15465644,-10.93464476,5.30595297,0.56512480,-3.26710827,6.52112512,-6.48025414
29.44921875,-1.61537341,-0.91023207,-12.43438185,6.93299827,1.46568336,-7.68050027,1.85820132,-7.71156142
29.45312500,0.28445163,0.22230110,-1.41193717,0.95893227,6.93381288,-4.74160645,-5.04210638,-4.25850845
29.45703125,-5.40233557,9.71778165,-7.45333058,-1.77699146,10.51916315,-12.28481604,-11.51944704,-6.84361766
29.46093750,-9.46093487,10.69960391,-8.01447929,-5.01460088,8.66728881,-9.94464088,-9.19457670,-1.45773672
29.46484375,-6.58750495,4.72315210,-8.45227128,-8.61206581,2.62910547,-9.98872003,-2.95266785,2.59541914
29.46875000,-14.50550067,2.57867290,-3.23082557,-7.42117248,-0.42677190,-5.58919140,1.87556453,-0.55917315
29.47265625,-10.52874878,-0.15201104,-6.16020168,-13.32363473,-5.28897007,-8.25739658,13.78302171,1.83776397
29.47656250,-8.31660954,-3.80113505,-6.51017465,-11.82154556,-3.09555185,-11.89465565,11.86144955,8.31385867
29.48046875,-8.59157359,-5.77159506,-8.97225318,-13.72167854,-6.00737605,-12.59439346,11.13523531,11.51595783
29.48437500,-8.61495371,-9.66017319,-4.61546228,-5.38637932,-11.03028210,-8.49957673,-3.32089824,12.64987479
29.48828125,-4.59861050,-9.42757944,-5.54980223,-6.37408789,-11.28628429,-5.08144264,-4.93984955,14.40595971
29.49218750,-2.13673002,-12.15649326,-2.81922936,-4.94363006,-7.31579778,-3.80563855,-9.78290980,5.71043344
29.49609375,-1.45471493,-5.41043957,-5.81571551,-6.61111093,-3.02028226,-4.20671338,-8.64051318,3.88417769
29.50000000,2.79058211,0.68395294,-2.07392315,1.74263800,-0.15345191,2.47860230,0.14642242,-6.50413889
29.50390625,0.83805296,3.21843637,-0.31760934,2.28054660,6.86739384,-0.04934006,7.45452798,-7.24743185
29.50781250,6.49125364,6.80387716,1.20883610,7.37932581,9.40673445,0.19053521,7.76039147,-7.90412393
29.51171875,3.69940187,10.10597808,1.81555804,9.37551844,13.10490925,0.94759507,6.70436226,-15.31954473
29.51562500,7.12065539,10.22208246,2.50003871,8.95988017,12.34085346,3.87542363,-0.73449357,-14.08497596
29.51953125,7.17939714,5.50075159,2.07771188,10.86734536,5.58075747,10.57033464,-9.81544057,-9.06694887
29.52343750,9.33018419,5.00025985,5.54263259,12.23102327,1.13169384,9.59217762,-10.37576097,-8.05683082
29.52734375,8.98492505,-2.57733222,9.33902730,13.36952137,-0.80054210,10.62176516,-5.25764118,-8.64755472
29.53125000,6.63704849,-5.82738737,8.99580490,9.43584972,-4.43964095,10.93303416,-3.73979618,1.10100034
29.53515625,5.90352035,-5.99269083,8.85938730,6.55920518,-11.53521480,10.36732890,1.97301339,3.49760563
29.53906250,6.51259597,-8.72639045,12.09736995,1.40823715,-12.47172968,8.00818630,5.42053558,2.88883791
29.54296875,2.65376855,-5.22176782,7.19892602,1.15002586,-12.81548302,10.93295611,6.81252028,8.73928155
29.54687500,-3.21550376,-3.68066945,12.72498080,-4.45807470,-9.07941960,5.19858879,6.26254126,9.19426595
29.55078125,1.27019057,1.60362610,10.11331122,-6.27299966,-8.60821141,0.12714970,-2.05611451,11.08142106
29.55468750,-7.15623845,4.84943375,7.00955356,-12.22294148,-0.88524637,2.00608471,-7.66942783,9.33818718
29.55859375,-8.96989817,12.77870401,7.77782891,-11.34112647,4.68820684,2.51315546,-8.14823472,7.56622040
29.56250000,-4.25198699,14.34176319,9.77043723,-9.31136840,3.61130625,0.74306887,-9.71160083,4.30229207
29.56640625,-6.21571706,6.05499218,8.29526064,-10.90870038,11.46882473,-2.29763140,1.75575896,-2.22025396
29.57031250,-9.28694488,6.85291114,3.07723714,-7.57612768,9.75745564,-5.83237080,6.80096941,-3.63285114
29.57421875,-6.31446359,-0.39891398,5.65107888,-5.93219536,6.46270674,-7.29879616,8.57039679,-4.10290619
29.57812500,-13.62773287,-3.38884290,2.83175102,-2.13955370,7.65877713,-5.93129954,8.76926713,-10.73708442
29.58203125,-9.21775176,-6.82014652,1.57811386,-5.88625133,5.31164069,-6.72891919,4.80687547,-7.64687386
29.58593750,-7.72954527,-13.12341354,2.06187905,-0.90384688,-2.82874055,-11.47633254,-1.28675246,-8.47440715
29.58984375,-2.68592445,-12.91549122,-7.11761577,6.38078981,-9.12834036,-10.01976559,-9.20666078,-7.89060534
29.59375000,-1.56375345,-8.45959460,-6.43876890,8.05817912,-6.45496488,-7.89193075,-8.00839254,-5.41930871
29.59765625,0.31554081,-8.25086000,-7.21233341,9.33025122,-1.55196054,-12.48420904,0.23097754,-0.04483083
29.60156250,1.23478221,2.04129878,-8.92572452,11.88217680,-7.27457274,-7.17748350,1.21518384,-0.98693753
29.60546875,4.37963349,8.93953691,-6.07588135,11.99080895,-4.29880580,-7.87630228,11.29397656,4.59981074
29.60937500,8.16637232,10.52471132,-15.97175449,8.96619230,-1.73759975,-7.83292073,8.50538971,7.69678693
29.61328125,8.20435764,4.11964204,-9.82487796,9.54601407,5.12684473,-2.81882892,3.41508040,11.84607138
29.61718750,5.94815831,6.83610296,-10.20671149,2.40159449,7.89909574,-0.79027558,-4.35989990,8.32925433
29.62109375,7.97105315,5.12338708,-5.81223806,2.59137087,9.97059311,-2.42046830,-9.04619716,7.28861470
29.62500000,8.34411042,1.88160509,-10.01351519,2.97037811,9.83432465,2.77457177,-14.48483747,3.22587781
29.62890625,6.17914080,-6.26560604,-6.39352721,-2.71768493,8.84460995,5.06658099,-8.27097875,2.89392029
29.63281250,4.68657417,-8.05709963,-11.60506486,-5.81873932,5.80557503,6.99735794,-2.49220231,0.16794565
29.63671875,8.45126786,-7.67342534,-10.15891471,-8.57033687,0.80916566,7.63614000,5.18810475,-2.76341235
29.64062500,4.40947086,-7.83120736,-6.90813531,-13.33075590,-0.44001671,6.16341020,7.75536222,-7.85498739
29.64453125,1.34610115,-6.58111616,-9.97921479,-9.26105603,-4.96745785,6.87041595,6.88788692,-9.54366712
29.64843750,-2.35278360,-0.99713749,-6.19377863,-9.20619628,-8.31543306,11.23853480,-0.82151972,-7.70173835
29.65234375,-0.26793246,5.96120683,-5.58703720,-8.08682381,-11.38032916,8.90277167,-0.09871830,-9.91942451
29.65625000,-6.97993108,7.03530461,-2.19044571,-10.66587671,-9.08798510,9.59695374,-9.04623054,-6.44355939
29.66015625,-5.67119014,10.17547135,-1.93275511,-6.03499546,-2.28709459,9.65846381,-10.52581333,-8.99412785
29.66406250,-13.73060905,9.93822786,2.20966301,-8.19632347,-6.22810076,4.70213333,-4.36916516,-0.95532565
29.66796875,-6.93254307,5.76137586,1.82867336,-3.39617884,2.95324310,8.86267274,3.42813761,2.20792033
29.67187500,-8.67751584,1.85131912,2.93301270,4.42658891,4.22502658,12.65586741,10.46430395,7.31341784
29.67578125,-10.91263004,-2.57287307,5.85433676,3.09477789,8.67004633,6.12993431,8.49040126,8.41116141
29.67968750,-5.91919478,-1.17358220,8.65738024,5.75012842,8.02075695,5.70529549,12.48663018,10.51235095
29.68359375,-8.22198986,-11.48088299,4.90307259,7.80500286,8.64155929,0.10772643,1.31619753,11.67115508
29.68750000,-5.51671149,-8.31641343,8.25229821,9.60360552,4.92677352,-1.74237894,-3.88834685,8.87206074
29.69140625,1.51380034,-7.25429969,6.25326362,9.09623652,3.02444297,-2.91504040,-11.85649119,6.36471102
29.69531250,0.82425244,-5.03457950,8.22654533,11.36699887,-0.84605078,-7.60550505,-3.85130110,4.45126996
29.69921875,2.78525873,-1.55043918,3.93947013,5.79552663,-3.86517890,-7.78923557,-0.31814315,2.27223434
29.70312500,3.40099313,9.33192577,8.77703391,4.09220048,-4.01123269,-2.79393726,4.54552758,-7.79600711
29.70703125,4.44661546,6.76975108,9.30413146,2.10212236,-9.24154248,-6.80217953,10.09824891,-6.50383003
29.71093750,4.92046888,11.59376325,7.91545628,-0.19930075,-7.17795885,-12.25962459,3.81716646,-12.95884098
29.71484375,9.99463691,14.65088882,8.47617773,-0.93800749,-4.11004608,-9.34078663,1.77440513,-12.92340525
29.71875000,7.46459341,6.66684161,7.20700144,-9.55651407,-3.18549740,-10.43918618,-4.98171343,-11.72198628
29.72265625,9.02683326,2.55528738,6.15602732,-5.59366727,5.36785516,-4.71459205,-11.20354180,-10.97693439
29.72656250,11.21600235,-4.44374647,5.03002651,-6.97280701,6.88665159,-6.67261691,-13.22047553,-4.92482032
29.73046875,9.91680761,-3.67532410,8.99691016,-12.95720008,5.43192579,-6.06469232,-5.60318917,-5.37539539
29.73437500,3.27844825,-12.46970126,4.74136129,-11.02543597,11.11577159,-7.10406039,0.58990423,6.32942474
29.73828125,5.02278086,-8.03289791,7.08389418,-10.15923982,11.36907206,-5.27370275,7.91104907,4.06286430
29.74218750,5.47847546,-7.46604834,3.84065988,-6.31617067,10.11374153,-1.90738497,6.69458965,7.00963186
29.74609375,3.85386155,-5.39111694,0.06670781,-0.83250861,2.55681876,-0.14985938,10.94777708,8.64475272
29.75000000,-4.25342305,-0.13125742,3.26178706,-2.44671847,-1.34107731,3.01166793,2.52302110,8.24708216
29.75390625,-5.23383708,2.22025882,-3.54274903,1.57686240,-5.41264509,3.30561743,-8.30743119,7.75918038
29.75781250,-6.30500303,9.92855346,0.82638067,4.56146225,-11.14348928,5.38621889,-6.83569537,5.80854447
29.76171875,-8.57396126,6.10709853,-4.89024783,5.30521911,-10.40770744,10.11053019,-5.53379804,5.89079198
29.76562500,-9.31620640,8.48773473,-1.66281987,7.29391571,-12.69260800,7.30751122,-1.94031049,1.75433741
29.76953125,-10.64078322,-0.15903731,-8.06417562,4.69697506,-9.84275002,5.51630777,6.26846736,-3.68403184
29.77343750,-11.21216358,-0.00378852,-3.47649845,9.69113568,-6.14487984,11.83611896,9.87692587,-3.03518920
29.77734375,-6.36315741,-4.33439871,-10.23398556,6.85853256,-1.79545059,9.03646892,10.07685355,-9.20085777
29.78125000,-12.68402633,-8.65404657,-5.14941510,5.04447862,4.28972864,7.96863687,2.66805712,-5.86260963
29.78515625,-9.25484101,-5.58545514,-9.26368756,0.18744150,6.38314069,7.15896099,-3.23448906,-3.99469426
29.78906250,-3.67506313,-11.54459491,-8.70464967,0.33972609,8.75424812,8.77299049,-6.73258069,-8.99788946
29.79296875,1.02941954,-9.36863110,-12.69072619,-2.36328175,3.85607375,6.13617736,-6.63999226,-6.67511310
29.79687500,2.38342134,-3.90406008,-9.59510336,-2.43005276,9.18860094,7.05990486,-1.47058203,-2.70280897
29.80078125,1.29840228,-0.59455217,-10.70045832,-3.96625369,6.48462681,3.75773650,1.65819954,-2.25622816
29.80468750,6.23107640,6.35770707,-12.04321740,-8.10004458,2.01927456,1.45868739,7.97265745,2.20187763
29.80859375,8.36710605,7.83658645,-9.79083602,-7.32515937,1.02181822,0.32720190,10.91883044,8.86217035
29.81250000,4.82620219,10.13329454,-9.01611275,-6.54449179,-7.82951801,-0.34047231,5.30735929,4.53120153
29.81640625,10.77119189,6.35571452,-10.69608496,-6.75833543,-9.67105321,-0.82427794,3.85421328,8.43440525
29.82031250,7.29504669,8.67746238,-5.72258217,-8.00857659,-8.37728085,-4.98801885,-9.37435763,10.70132988
29.82421875,8.71587913,3.90129636,-5.54684041,-4.42396789,-10.03203917,-4.59794205,-11.47691542,7.23424067
29.82812500,6.92255857,-5.62071261,-5.54411595,0.21473058,-6.80026536,-7.89922945,-13.32077040,4.12966503
29.83203125,7.13531647,-5.26715102,-4.34159245,-0.81376201,-0.43430453,-5.79973157,-3.01859867,-3.27647371
29.83593750,4.78027855,-8.81242562,3.25034667,4.06743463,4.28815057,-9.75374258,2.75492420,-2.64432042
29.83984375,6.93196990,-7.43686590,2.68253486,-0.10726821,4.62824501,-7.85978844,6.18336428,-4.47663415
29.84375000,0.34708640,-4.50033302,3.22437585,7.52683731,9.40666664,-5.30582651,4.57184570,-3.68539697
29.84765625,0.85232598,0.66115574,6.91073612,8.81825738,9.22216425,-9.62472705,4.97285536,-9.84770791
29.85156250,-1.87321920,-0.16496692,4.85744844,7.82761436,10.63966253,-6.24184250,-0.99288012,-10.34424669
29.85546875,-1.65958585,4.96973017,7.54527237,8.56925075,3.36025128,-9.58166611,-7.50367295,-4.85642566
29.85937500,-4.30637705,7.21853967,7.96155799,8.42825802,3.20384821,-8.94827663,-15.36611360,-3.84691541
29.86328125,-9.22539377,7.86973981,10.38089070,5.61602658,-2.37764267,-6.23717574,-5.04126460,-5.01988699
29.86718750,-9.04688564,6.86337249,7.82508816,3.49484098,-8.37925292,-3.57910294,1.12410223,1.89011119
29.87109375,-10.83090980,4.66552162,10.76998722,1.96717259,-12.01548236,-3.20002194,8.39408918,2.77032784
29.87500000,-8.90179237,-0.27543697,11.92347087,0.23858586,-7.00254863,-0.65989908,16.42837935,5.21657150
29.87890625,-6.32131401,-7.86181441,9.35636284,-4.59395731,-8.61590012,4.71567695,11.19823983,7.94963415
29.88281250,-10.15196371,-6.14878539,7.31408370,-6.82025788,-6.13737513,0.11752920,2.96040185,14.57645186
29.88671875,-7.41808433,-11.01735069,11.14834421,-6.21252812,-4.09018372,4.42905030,-3.73244360,9.14693890
29.89062500,-6.18526906,-9.34401364,6.36187921,-9.03409903,3.32037665,8.86050374,-10.80790743,5.63819731
29.89453125,-2.45899846,-9.40224736,3.61530633,-9.46255542,8.94992190,9.13468723,-9.85785479,8.52344047
29.89843750,1.99898685,-5.28228445,5.37990472,-9.55941681,12.81063614,8.14913624,-1.49953481,-2.36580796
29.90234375,4.66267533,2.33883602,4.09757141,-6.24669601,13.58997996,7.80336950,6.10338186,-1.45035279
29.90625000,6.31337191,9.04923966,2.48360483,-8.17529920,11.82551490,11.18837801,7.22584392,-0.93991992
29.91015625,7.82382410,7.95711921,4.23351622,-1.70064373,7.86212657,6.90850652,8.60615930,-8.74483222
29.91406250,9.95555381,10.57762455,0.31222120,0.23578921,4.73038449,8.35017580,4.15446408,-13.70770339
29.91796875,9.37952959,10.51989320,-2.79854774,1.01070898,-1.41585542,12.92906793,-4.53564336,-9.69678480
29.92187500,6.22919502,1.35052313,-2.88372688,8.49023159,-3.50261266,7.80328273,-11.65425323,-7.50249756
29.92578125,9.90677862,2.31425815,-0.65403327,9.74613718,-9.32875565,6.33244035,-8.65275745,-7.60075422
29.92968750,9.10582319,-5.83442126,-2.83151754,8.11062527,-8.11876459,3.95129171,-7.85572718,-4.82271893
29.93359375,5.16991877,-8.05879952,-3.05975692,11.54951439,-11.26395460,5.62116579,-1.59534904,4.05519371
29.93750000,2.92988523,-10.96305088,-5.52177222,9.08662777,-5.98542387,3.53513240,6.88215530,3.29396883
29.94140625,4.86119712,-8.11128329,-9.22710700,7.53609697,-4.96162176,1.85772359,10.59010650,7.18516251
29.94531250,2.15266729,-7.98827970,-9.98353895,7.83841728,-0.77749609,-7.02621879,7.59767734,14.72441226
29.94921875,2.34838824,0.41022715,-9.25744562,6.02181415,6.16477552,-5.58523020,-2.51528069,12.55634553
29.95312500,-1.78394931,2.49035577,-9.74475247,2.98476352,6.72456541,-8.32407595,-7.15903710,12.28866041
29.95703125,-0.34168760,8.21347351,-7.01676775,-0.22593534,13.35683236,-5.95333089,-6.83751992,8.17255644
29.96093750,-7.38481950,7.66415165,-9.66319726,1.83094808,8.98396250,-11.58751254,-8.47077077,5.20834359
29.96484375,-10.45212431,7.69723125,-8.59976210,-5.84442500,2.34821517,-11.48412135,-1.80153575,0.00229639
29.96875000,-9.37099823,9.30324389,-9.14623485,-8.00522497,3.00246417,-6.73817742,5.12082911,-0.58010036
29.97265625,-9.53237566,4.76053004,-9.88417330,-9.32746113,-0.23590885,-8.77615912,9.82438368,-5.35099219
29.97656250,-8.98230952,-1.78459491,-2.63824849,-11.00921703,-4.94896719,-12.14376349,10.40908927,-6.26850444
29.98046875,-8.59826055,-11.05538887,-2.45199321,-13.84264619,-4.84117715,-8.67384252,3.70620729,-5.91816019
29.98437500,-2.87359130,-10.18075849,-6.87527514,-10.16517899,-13.41725207,-7.99870245,-1.44817994,-6.78637180
29.98828125,-1.17622839,-13.00267898,-5.15893849,-10.56976406,-10.99389718,-6.90759803,-7.45072414,-8.46305733
29.99218750,-1.59687827,-6.00051654,-6.70300904,-11.29468336,-5.29711913,-7.25261719,-10.30094757,-8.52841567
29.99609375,1.80715168,-6.01523773,-3.84402676,-3.29769412,-2.18189299,-5.11498075,-7.24151090,-6.49114331
