time,ch1,ch2,ch3,ch4,ch5,ch6,ch7,ch8
0.00000000,-4.41608585,-3.57160440,3.28548813,-2.29956130,-0.44751049,-1.15971497,-3.68655767,1.39501850
0.00390625,0.89383533,3.51513875,3.92394172,4.12413342,5.38536430,-4.20090692,2.07671042,2.64692271
0.00781250,2.95114275,8.27398404,5.46071198,2.75042923,2.99332817,1.01937104,11.81769631,13.20765258
0.01171875,7.68752541,13.02418338,8.06423757,6.43644920,11.70740565,0.76978656,7.89163533,9.70370794
0.01562500,9.53323870,8.72770542,7.30844056,7.57596353,6.14433954,3.24839099,0.16512111,10.92359089
0.01953125,8.38851874,6.41337997,13.02753237,8.44722856,6.11438866,7.62502240,-4.73344381,14.71822048
0.02343750,9.44937229,2.27916465,7.58554274,12.35917579,3.54535838,2.84828099,-6.41373810,14.05755257
0.02734375,9.98570037,1.78719055,6.72566253,5.23386452,-0.16306602,6.46019204,-4.62691745,9.06877321
0.03125000,3.88707669,-4.59813132,8.50849715,6.22081332,-3.91234817,9.12347726,-2.39190585,4.18750679
0.03515625,9.72164208,-7.92153625,9.20354030,5.03212606,-7.83304194,9.52275784,7.68851097,0.52518600
0.03906250,4.79975055,-8.35238492,12.69577938,2.65925193,-7.99534653,6.19582226,10.10656804,-4.13626189
0.04296875,-1.49555289,-2.88578059,11.75464963,-1.96090840,-13.68470446,8.05784192,9.09489252,-6.96052223
0.04687500,2.88638476,-4.20435418,11.80085662,-4.99585526,-8.60098988,5.62097051,7.43396455,-7.21158389
0.05078125,-2.16802488,2.39339465,8.24523772,-8.17685209,-5.59551141,4.83957893,-3.92966672,-8.36292713
0.05468750,-3.86912664,10.12447256,8.20183594,-6.90515474,-3.54365837,4.06389124,-7.27863863,-5.88991231
0.05859375,-6.23682259,11.22101193,6.77765008,-6.35263121,2.62623736,2.52500288,-10.54408962,-4.34773487
0.06250000,-3.80124196,11.98790795,2.43828812,-7.52391478,8.00863886,0.05048494,-5.48759026,-4.60061057
0.06640625,-8.68355850,8.93707727,6.91027892,-9.79576853,8.15790696,-2.35965145,-0.32585482,5.18541611
0.07031250,-6.03266718,4.18013141,-2.05882733,-9.06115536,5.82328779,-3.33998728,8.81731321,4.58124353
0.07421875,-6.87651335,0.79116607,6.46876932,-8.51248375,11.06410331,-5.60892595,12.26365149,10.29823851
0.07812500,-9.21592529,-3.58575067,0.92594493,-3.27054264,1.54542570,-8.86632821,10.34881111,9.23372994
0.08203125,-9.45152935,-10.29323765,1.15423583,0.24566293,1.88612384,-2.02159970,4.55342321,10.74719952
0.08593750,-6.31847624,-9.73824289,-5.10120054,3.39932664,-4.95390794,-6.68408598,0.90768733,10.07408325
0.08984375,-8.71943336,-8.20250793,-0.01078013,6.99311966,-4.86466602,-4.56010932,-8.22124603,8.72718755
0.09375000,-5.95728519,-6.70066494,-2.70402762,4.34316635,-5.24563176,-9.48961842,-10.68614884,4.04338189
0.09765625,-2.30105307,-1.88486560,-1.70143343,5.41587545,-10.91634670,-8.01411718,-2.21970716,1.20746452
0.10156250,-3.86227201,2.22989400,-6.93268825,8.02694857,-9.31686551,-10.30805901,5.09025050,-0.34471927
0.10546875,2.45746429,5.44119033,-4.89340338,10.01619434,-9.13173108,-9.44907790,8.59455789,-2.61567213
0.10937500,6.78638313,11.73964841,-7.76464807,10.67390459,-4.65156432,-8.19687850,8.73068743,-4.90741902
0.11328125,7.37012347,9.08571110,-6.76668882,8.21032143,3.22488466,-3.01883584,12.75428964,-8.62384511
0.11718750,9.77485104,5.28606915,-7.80835052,5.47526425,4.93635317,-5.14816225,-0.26825160,-9.24676515
0.12109375,9.27568096,3.87091009,-5.59634406,5.24212877,10.14611817,-1.14729994,-7.36159115,-9.00370105
0.12500000,8.16349909,-1.72385405,-10.73052170,0.37069722,9.56038213,0.66050071,-9.40642219,-5.43462785
0.12890625,4.11295826,-2.36243775,-7.45485461,1.92610491,13.30765988,1.66693448,-5.41866060,-6.07048054
0.13281250,8.47404273,-7.46175756,-9.91738490,-5.93330618,9.04685302,4.62266314,-0.96280237,0.37124916
0.13671875,6.30716408,-8.38427506,-12.14795927,-5.04449616,2.65511734,4.67699618,2.60505143,4.22479762
0.14062500,7.05266509,-10.02087273,-9.33701895,-9.79559495,-0.85667167,6.40626058,10.64025937,6.92251999
0.14453125,2.67366646,-5.41693156,-5.91947915,-8.87924515,-6.77025438,7.82501681,11.43180614,6.08602929
0.14843750,1.25798433,0.01786592,-7.69963303,-12.41714185,-9.82435155,8.39490395,5.35433963,7.80224484
0.15234375,-2.60229591,2.88251811,-5.53028772,-7.67079110,-6.56890077,11.71514683,-2.67634059,7.97568625
0.15625000,-6.36902015,8.69017460,-1.94441683,-4.36615198,-9.69049461,8.46252981,-11.46765248,8.82554156
0.16015625,-7.54262154,7.65424611,-3.75026350,-4.20685956,-8.23364923,7.37977511,-12.49680822,7.49872010
0.16406250,-7.02358941,12.58616852,-1.14335317,-1.90247109,-0.97671659,5.23154669,-3.85844892,-0.53620966
0.16796875,-7.38446884,7.23469618,1.84771000,-0.65341278,-0.33997320,4.70696066,3.02235590,0.81665599
0.17187500,-11.01417424,3.62301270,3.00912680,3.59706367,5.32599125,6.82791839,8.81898679,-3.94781565
0.17578125,-8.83991381,-3.43811949,1.48181285,7.11460336,4.97400325,4.69312156,8.24443793,-4.54061543
0.17968750,-7.77475374,-2.77705805,6.58940636,10.04822623,8.20696598,4.60478307,2.83368763,-7.52604657
0.18359375,-9.11204702,-9.59264313,4.38598944,7.24675397,9.36064138,0.18163347,-2.13245680,-10.95530113
0.18750000,-3.42182013,-8.44519302,8.58316851,6.63247982,10.45003723,-1.81948395,-8.26854403,-7.41625061
0.19140625,-6.55769086,-8.19637581,12.49553724,12.20228273,1.16939411,-2.38261505,-10.35843439,-9.74687668
0.19531250,-1.36587539,-1.72546050,10.94326747,8.83260152,-2.49629328,-7.76727708,-3.34018084,-6.21073193
0.19921875,0.97003209,1.53543034,9.71989781,10.26911281,-7.17494650,-8.60689649,1.80895740,2.79051290
0.20312500,6.68500514,8.21439339,6.48833428,6.97137419,-15.15448909,-5.13746577,6.20181224,7.57993959
0.20703125,6.21209595,10.95330627,10.06829786,4.27630353,-13.02239740,-11.35094796,15.42149862,8.32961715
0.21093750,7.03856173,12.58535484,2.86995467,-0.00004680,-14.48610748,-7.75166144,12.00817559,10.25281222
0.21484375,11.82391522,9.97443738,5.86113382,0.77635934,-9.80288586,-7.34947028,7.42868742,5.85540102
0.21875000,11.08127161,11.18228302,9.11646221,-6.11355735,-5.41302431,-9.71424913,-0.71848783,13.19896093
0.22265625,11.42498291,6.08511549,7.53505860,-6.33430175,0.80991523,-5.89814579,-4.60440859,10.50344064
0.22656250,8.64658353,0.34483567,9.08304691,-10.12618106,5.06855982,-5.59565983,-6.52523277,6.97108952
0.23046875,10.57108001,-5.99554448,3.87480045,-8.65492331,7.58009290,-5.29043536,0.04408322,1.07505497
0.23437500,6.00159046,-9.50063248,1.57594004,-9.63022532,7.75890905,-3.19716419,4.05682184,-1.81660078
0.23828125,11.84176083,-7.50958241,0.05470035,-5.19954358,10.44839156,-4.60872953,9.29327060,-4.83297627
0.24218750,4.73454519,-7.84557758,1.98707680,-0.82049788,5.08949712,0.85923961,13.14165049,-9.19615799
0.24609375,1.71373671,-7.86718282,-0.56481103,-3.76948098,5.57587911,-0.17285196,10.31955140,-10.55525563
0.25000000,3.10776194,1.15409361,0.43294416,4.56463738,-0.67274160,-3.23645261,1.86365355,-12.28252036
0.25390625,-1.23638673,4.88877152,-1.33704124,4.39172894,-4.55036169,5.72496730,-8.36544082,-13.79940407
0.25781250,-2.48988747,5.41839562,-10.13012866,5.55967992,-7.15873563,3.94139797,-4.56426758,-7.92293413
0.26171875,-3.03731147,5.04056909,-7.90407483,9.66474240,-6.30055380,7.95545027,-6.82993627,-3.02983057
0.26562500,-6.96910195,7.24343187,-6.14852327,9.55634387,-9.86746702,11.59427428,-0.12382168,-3.26961274
0.26953125,-7.49307353,3.11726748,-12.02081122,10.45508871,-10.26782668,7.83640880,10.37677308,2.13827833
0.27343750,-8.41978549,-0.17739101,-11.43779017,7.33361570,1.93386104,12.18647472,10.37360709,2.24171910
0.27734375,-9.98423787,-6.05397046,-13.88636577,6.89218842,2.86618963,11.29596178,6.10059393,2.96555892
0.28125000,-8.73827771,-6.22988651,-8.59318429,1.51018860,8.20660131,13.97073622,5.74116430,11.13333769
0.28515625,-9.70989408,-8.14384935,-8.50304299,1.05635952,10.77142682,10.61668259,1.04008704,7.09287873
0.28906250,-7.15079395,-11.92092226,-11.57645954,-0.61298229,14.79428977,12.12506774,-11.14669917,4.18449307
0.29296875,-9.45619971,-11.20190739,-16.38321223,-1.51567214,9.13717384,7.30825155,-10.10045874,0.35700550
0.29687500,-8.16072196,-1.66612652,-6.43864257,-6.76662301,7.37505766,8.47770499,-5.21894253,3.34712005
0.30078125,-0.77246380,2.16855329,-10.13915390,-6.96572941,5.00882410,4.74148547,0.16874270,1.76029578
0.30468750,-0.43606867,5.13198386,-4.75608481,-9.26781860,2.96278982,0.85218713,8.21322842,-3.20540975
0.30859375,1.46930673,5.35658269,-7.48916022,-10.95761098,-2.15741080,-0.09568602,9.47370422,-8.73057216
0.31250000,5.79921885,3.90492737,-2.51524926,-10.08888790,-2.23777351,-2.24428155,5.41315014,-11.51377557
0.31640625,5.25698113,7.52196749,-7.53621318,-12.33529404,-11.50988708,-2.40353190,-0.46615949,-12.20379746
0.32031250,8.57128957,7.69872401,-1.38948995,-12.05967326,-10.84591500,-6.47970900,-5.67238104,-14.65032715
0.32421875,7.83890149,2.83815643,-4.42751707,-7.05275940,-3.45837871,-4.25533909,-10.71399221,-10.77381684
0.32812500,10.61334315,-5.00905587,-0.89584790,-2.20778443,-5.88316146,-6.95178013,-11.34429893,-3.30088821
0.33203125,9.09718597,-8.96037289,0.79999878,-5.60203770,-1.27218220,-10.88894212,-3.17211687,-0.22214195
0.33593750,8.07138966,-17.06956916,3.79004260,1.48814910,2.55443551,-9.35779142,2.06306841,3.01327103
0.33984375,2.83899376,-10.58178685,2.01077741,5.77955587,8.20980237,-14.23631293,8.60829186,5.65595914
0.34375000,3.39835663,-6.41603768,5.95797188,5.09879450,6.68762247,-10.65967897,7.22713163,6.07843047
0.34765625,0.73896078,-2.22893541,3.57876507,4.54066131,7.25333566,-8.02399432,4.30279811,5.51938806
0.35156250,-3.23193716,-0.70669770,7.15013775,9.56076202,7.92864693,-9.18880184,-1.97814186,8.52054654
0.35546875,-3.85674828,8.86841386,7.09886761,13.64721787,4.09006612,-13.26008277,-7.12605819,6.07954057
0.35937500,-4.67117472,6.92068495,12.77989212,11.91191003,3.76409924,-9.49450292,-10.66569691,7.90944585
0.36328125,-7.24177459,10.14771790,8.29613075,6.11959796,-3.27450085,-1.29862754,-7.04468210,-1.33617045
0.36718750,-5.61700750,6.04124284,11.13977390,3.83230433,-7.46543330,-2.75481627,2.61118872,2.34133511
0.37109375,-8.31847228,3.11262765,10.79134582,3.71503303,-8.43962189,-3.06006771,7.69688324,-5.91831570
0.37500000,-9.07821193,0.04285744,8.79063103,2.92893705,-8.69111782,-1.77089526,7.19324495,-5.77199939
0.37890625,-5.92504573,-1.16768727,10.96299156,-6.33581211,-6.71281138,3.39449719,5.76218441,-10.53327029
0.38281250,-10.36740359,-8.79297179,8.99808940,-10.27545644,-8.03627653,3.80782961,0.75593993,-13.18475092
0.38671875,-7.89411003,-10.15254782,7.43301848,-8.92271715,-0.02293087,5.75179365,-5.18637076,-7.86324847
0.39062500,-5.37896157,-10.63346288,6.47533623,-9.65065211,-0.99666498,8.05580164,-10.66742478,-9.24950939
0.39453125,-4.82766975,-5.65822030,9.10554730,-10.44711313,8.35967708,6.60186503,-9.01050081,-4.82794811
0.39843750,-2.76582895,-3.79971897,9.02971480,-12.16914534,10.86051476,8.66459664,-8.74241016,-2.42474546
0.40234375,-1.36193470,1.46191504,6.24408005,-10.40118122,8.94080326,6.48840605,4.80707446,3.44006395
0.40625000,1.95270129,4.94380074,3.03499916,-7.67138995,11.63542465,8.95993401,7.41718564,4.92565673
0.41015625,3.58954973,4.11094347,3.69902281,-4.82459741,3.65444439,10.38513166,14.17924728,8.27347114
0.41406250,8.57324486,11.86464745,4.25231086,1.36483784,2.63121257,7.25531451,3.96226393,10.37552242
0.41796875,6.88013601,8.30111655,-0.27675409,2.95643439,-3.61236320,8.72038569,-3.03445056,8.10430086
0.42187500,11.91223049,1.98091294,-3.75863595,1.85743425,-4.12989391,9.69518975,-10.70626661,8.27151189
0.42578125,12.32988108,-2.81073066,-0.45810798,4.30862840,-7.81633202,9.99061575,-12.38725037,2.11445296
0.42968750,5.78688736,-2.51125985,-8.77588296,10.99970799,-6.33577010,4.39775123,-7.36225444,0.96355170
0.43359375,10.16455947,-9.57000023,-12.16141395,10.99832324,-8.92577881,1.98864642,0.98006897,-4.21945823
0.43750000,6.86800316,-7.78419911,-7.13329992,9.20301479,-2.42099847,3.04068088,8.45649340,-2.57286825
0.44140625,0.93722269,-13.49550383,-10.81918904,5.61637618,1.54821920,0.45899903,10.65977844,-8.50129974
0.44531250,1.48647742,-9.03662898,-7.45583054,5.73408120,2.44634274,-3.62698269,6.87419143,-9.40544039
0.44921875,-0.81269975,-1.27968066,-13.50096316,4.89682235,6.66784866,-5.66243873,-3.81595814,-11.61659444
0.45312500,-2.04289382,2.50050187,-6.38195082,0.82256440,12.37346155,-3.50190563,-7.05298308,-10.49989518
0.45703125,-3.01495622,7.28990347,-8.55672755,-2.20070003,11.22434936,-5.38181129,-13.67288540,-10.89201100
0.46093750,-9.36817840,9.96516001,-9.16184864,-5.39887993,6.75586039,-6.75806927,-10.03551528,-5.73154546
0.46484375,-7.91525928,7.76393415,-8.83827807,-3.97218522,9.62784666,-8.00740365,-4.90623412,0.30070112
0.46875000,-11.96265199,6.07027037,-6.99949394,-8.38868976,8.85131548,-10.65453701,3.24737177,2.44560546
0.47265625,-11.03273574,2.86751857,-9.21730306,-10.60305062,2.80854693,-11.68852182,8.32070030,3.51864060
0.47656250,-11.25087961,-11.18850616,-7.04795818,-13.62566543,-2.09177489,-11.67810848,6.26118511,2.91889090
0.48046875,-12.89572973,-5.32563186,-4.22160872,-9.90500989,-5.75413723,-8.61381402,2.38719859,10.22486771
0.48437500,-12.51553053,-11.28473862,-4.19015245,-8.77859988,-10.15684017,-11.06963457,-3.05909569,9.37535800
0.48828125,-10.03255690,-7.87910444,1.92506037,-9.25871801,-8.01611998,-6.47578181,-9.69471024,7.40421549
0.49218750,-5.90552892,-6.01223190,-0.97330784,-5.06468619,-4.66661397,-7.31842651,-18.35282733,10.26875309
0.49609375,-7.77766124,-8.35111526,1.15604661,-5.02401143,-4.86923615,-1.06539315,-8.95030034,5.17786837
0.50000000,1.82023477,-0.15001712,4.18276130,0.16606606,-1.96588587,-0.51351970,-3.98685463,4.88716448
0.50390625,0.05726434,1.03423728,5.33089201,-0.09617349,6.67369011,-1.12113962,7.92302993,-4.02632403
0.50781250,1.51013839,7.42521636,5.77713861,4.42124475,3.90120902,1.14135919,8.99785695,-6.83192728
0.51171875,5.35855272,11.10731083,7.21941113,8.51801818,12.27456403,3.67092527,7.41002624,-5.87460419
0.51562500,7.77540208,10.06225086,6.13102717,9.22157912,12.44441610,1.85477588,5.82212566,-5.75117488
0.51953125,11.99009567,12.85369531,13.11888730,10.63584391,6.21599683,4.20510201,-7.02108639,-7.53512520
0.52343750,7.62183987,1.56801647,8.25888821,10.94209280,5.07485639,8.84862756,-8.72845911,-7.43030237
0.52734375,8.76848219,0.58573270,9.74930084,12.34962744,-2.06591092,6.51265280,-4.52419479,-5.41064537
0.53125000,9.64650588,-7.45212834,6.48048050,9.55429143,-9.13631554,8.04148936,-6.67943527,-1.69071900
0.53515625,6.19379840,-7.50000424,12.39387996,6.68066229,-7.55073041,8.14251589,7.62600648,2.06592884
0.53906250,7.29365379,-10.08853431,8.99747263,7.83646558,-12.75560557,7.95167296,8.07226829,5.15809364
0.54296875,0.99502792,-3.91243109,12.96113917,1.01273250,-12.02710516,6.90597451,8.17723344,9.79153986
0.54687500,1.85295063,-4.36858076,9.94568214,-1.16414297,-9.87782804,5.52160731,5.70584352,13.03173073
0.55078125,-2.22892384,3.03155782,9.24528897,-7.04455756,-5.55816391,5.37515847,0.07580190,11.47185023
0.55468750,0.87400285,8.97042167,7.06307601,-8.89048750,-1.37665455,3.14792153,-6.43361106,9.75554123
0.55859375,-4.05306153,8.76180515,10.58262795,-5.28920161,2.25580467,1.57428676,-10.72640279,9.42121299
0.56250000,-6.64365759,12.30186017,6.51169867,-11.81319675,8.33102316,2.80629352,-5.72514850,10.42818673
0.56640625,-4.47492550,4.97549024,6.12928414,-7.40411719,5.35652240,-5.40516523,2.26046939,-2.41536637
0.57031250,-7.68553797,9.26557946,2.38948481,-8.63572475,11.31351429,-5.60377802,6.25574014,-2.56168266
0.57421875,-4.96718828,5.25159735,4.10251190,-7.86932992,6.67273180,-3.65759512,10.13531723,-10.72154441
0.57812500,-8.22539098,-4.02168498,0.05693662,-5.58553152,4.99169555,-3.49711365,8.68262666,-9.27301265
0.58203125,-7.94316899,-6.28388791,1.80698807,-3.65051463,2.12195937,-10.83085918,1.92105818,-8.53619806
0.58593750,-5.08626961,-6.80423018,0.06390933,4.03504480,-1.53304044,-8.74573179,-5.73502359,-5.89209158
0.58984375,-5.14206277,-6.62747380,-0.95567617,1.56811435,-8.63551202,-9.41714173,-8.73544177,-6.68101233
0.59375000,-3.30549882,-6.95554735,-6.24613957,4.95959890,-7.51695814,-12.61327954,-11.78734355,-7.15194643
0.59765625,-4.46383109,-2.73611134,-3.48662085,7.12505867,-11.53523957,-9.56384931,-2.26184935,-0.37204123
0.60156250,0.31666403,3.61142026,-7.18382744,8.98519825,-9.33353217,-11.00327934,2.09883931,0.81938451
0.60546875,1.55949436,5.77367423,-5.76361448,14.07537194,-7.63331746,-6.24498500,1.91893683,4.70403277
0.60937500,9.31517411,10.31347162,-7.10828824,8.29650133,-2.92240830,-8.22512495,7.28891844,8.48638109
0.61328125,8.80730624,8.05222148,-10.92081048,9.47386976,2.99314784,-7.09765454,5.47847476,9.32201922
0.61718750,5.38677120,8.08486926,-12.77777811,6.32953767,2.40241743,-1.73330395,-2.15276432,11.34586540
0.62109375,12.15061376,7.53980000,-14.00732363,2.01899449,7.86542557,-5.99365226,-6.73647716,12.00849540
0.62500000,9.20063333,-4.68257557,-13.47386133,-0.76694657,10.50480553,-0.45474856,-13.08897348,8.50826570
0.62890625,5.61126394,-4.23305044,-9.00304458,-6.46880567,10.14840651,5.25301538,-5.99378477,4.57856453
0.63281250,9.95678116,-6.87713658,-8.23444653,-7.75892490,5.77514596,4.40520256,-4.49327814,2.12953532
0.63671875,6.16757900,-11.84535039,-9.09812423,-8.85158291,2.23353601,7.32730673,5.66738949,-2.28500423
0.64062500,6.99462318,-8.59663100,-6.25604388,-11.08815315,-7.59887037,4.02237720,11.12647803,-11.71846867
0.64453125,1.17642598,-6.76432655,-6.35985076,-8.02631521,-8.05784432,8.16117320,10.53872745,-12.08761621
0.64843750,0.96689331,1.92136875,-6.28779353,-5.55879639,-10.57709446,9.33641844,1.24986630,-8.89356931
0.65234375,-0.42209238,6.74971176,-2.66745519,-9.90859936,-7.41645563,8.69180851,-4.92488180,-9.32238920
0.65625000,-3.58875960,8.65622299,-1.21793448,-4.29973610,-8.75720756,10.87955718,-4.53265824,-4.84580757
0.66015625,-6.19783876,10.24389296,-1.51558191,-2.94539476,-3.48183199,12.36921263,-7.87518715,-4.45150908
0.66406250,-9.79962971,14.50280480,0.77316132,-1.59236112,-4.80564025,7.16770636,-2.54370288,-2.00182040
0.66796875,-7.22731473,8.46321909,-1.68661661,3.72511553,0.46437428,12.09481457,1.01886298,1.85158047
0.67187500,-10.04655454,5.96510813,6.28191010,6.48234300,4.07843050,4.55862101,6.95666597,6.31322319
0.67578125,-8.95939154,2.25582068,2.75603376,8.70348108,11.61449309,4.86417878,11.94210982,7.67766224
0.67968750,-8.90470430,-3.15051232,4.92321275,7.22006901,9.33898710,1.44953912,4.04696064,10.03750315
0.68359375,-8.88461865,-5.52296643,8.65457639,8.32325947,8.57778935,4.66280663,-4.29452591,12.13314131
0.68750000,-6.19725556,-7.93986747,3.89305801,13.04237093,6.14030939,-5.80903919,-10.28368328,11.02570142
0.69140625,-4.61935809,-8.85461176,10.97146070,10.29245530,4.61444034,0.63578925,-10.03443601,8.23707073
0.69531250,-5.58801422,-3.31150918,7.04870231,8.47381694,3.31040787,-8.09714460,-12.36231157,8.34920005
0.69921875,-3.80669018,-2.88542198,7.63736552,10.93899908,-1.85091132,-5.02878175,-0.13847731,2.31838195
0.70312500,-0.98660860,6.22959517,11.03412156,5.14223796,-10.97710197,-6.80691035,7.75496633,-3.88533970
0.70703125,4.27932621,13.04114089,9.30532874,-0.95659366,-12.55224031,-4.83775264,9.16888318,-7.01833818
0.71093750,4.44458609,12.40865207,7.89240970,4.35380412,-12.98758695,-8.82048768,7.81246636,-5.35734829
0.71484375,11.18559371,8.13822436,7.91122793,1.08326807,-8.13266524,-8.26180527,3.33272190,-7.68925926
0.71875000,10.56517726,6.21616578,10.04477556,-4.88357099,-6.86449760,-9.86750192,3.82825399,-8.11905654
0.72265625,14.46747133,3.45856541,12.37434938,-7.61536039,0.56061834,-10.92175167,-8.89649943,-8.23468950
0.72656250,11.13139555,1.50909211,2.83138698,-7.39190623,3.47985449,-10.38034097,-8.41522151,-3.57235477
0.73046875,7.44800680,-7.30177820,2.77513806,-4.97395511,3.87270591,-4.35670502,-4.58150357,-0.14569380
0.73437500,13.02028184,-11.01550445,9.90680475,-8.31519973,9.90343033,-5.23825561,5.02870532,0.20486966
0.73828125,11.23801178,-9.77421362,2.62659070,-5.65524364,7.45079771,-3.34449865,8.41599236,10.63169169
0.74218750,6.61775658,-6.28475903,-1.29983146,-4.08066640,5.43783396,-1.60652356,13.16714000,7.41042874
0.74609375,6.04254880,-0.16872125,-2.54221360,-4.90514788,1.67749557,1.19541783,13.19348848,3.66862818
0.75000000,4.03971513,-2.83339952,-1.90894721,4.17408662,2.68656216,3.10334322,4.62990019,10.50341733
0.75390625,-2.03967684,6.49469536,-2.00721523,4.60763532,-4.44797186,6.78822128,-3.40788893,5.40686829
0.75781250,-4.63360512,8.13840869,-3.58566491,7.40296471,-3.43527277,5.35538491,-11.04037453,4.78669246
0.76171875,-4.28466330,8.60815718,-7.31306144,9.47231404,-10.34949474,8.01478594,-6.80068462,1.86101737
0.76562500,-5.31804675,7.60496778,-8.90278541,10.07691026,-11.97876032,9.34082545,-1.48095376,-0.25874765
0.76953125,-8.68848445,2.38325561,-11.15434247,11.11451185,-5.69446347,9.56180074,7.11027355,-2.98175027
0.77343750,-9.12937996,1.76249963,-7.38889654,10.98240784,-3.55715312,12.55661700,10.41594144,-6.38092951
0.77734375,-9.31997475,-3.02331488,-8.28300660,9.96442888,1.31209905,9.77259583,9.77689462,-7.18864298
0.78125000,-6.98863238,-9.48928549,-9.99561560,3.50274706,5.01606086,8.83733778,6.08163553,-14.59887262
0.78515625,-11.20240749,-13.61275127,-8.30744464,4.13344213,9.24670198,9.82924131,-4.04075375,-7.49932965
0.78906250,-5.36203191,-13.49443569,-9.80031078,-0.60925944,12.44665604,10.53859664,-9.76434950,-11.31794045
0.79296875,-7.02851713,-8.68272652,-8.84202269,-4.09531741,11.36432341,10.50091792,-8.96371078,-10.53359250
0.79687500,-2.89235876,-5.08351728,-12.64265506,-5.40543636,6.71548800,7.09892141,-5.52252864,-6.27438322
0.80078125,0.23829645,0.43521180,-9.28240706,-6.05403694,7.02430450,5.41697756,-2.80500942,-1.22768689
0.80468750,-0.25646260,-0.28107549,-9.41616662,-8.44343451,2.37288593,4.28249850,8.12916366,7.30259889
0.80859375,3.70340808,6.73043539,-5.75394834,-10.56261369,-0.17699829,0.91094356,12.28537365,7.71759824
0.81250000,7.07114952,7.03580071,-6.78122435,-4.64566619,-9.24090644,1.19135210,6.21720866,6.65082097
0.81640625,4.98615017,8.26696820,-7.47651879,-7.47460234,-6.16050730,-1.09955700,-2.25467922,10.68397361
0.82031250,7.68322282,0.70015409,-4.82641804,-8.68289537,-10.39574212,-1.57500320,-4.92760860,5.82049889
0.82421875,9.45080508,2.58202953,-1.90459856,-6.46367156,-8.32638041,-4.91214665,-12.37602515,4.99328872
0.82812500,10.41188077,-3.97071149,-1.09361661,-5.64991633,-5.63885093,-9.94193780,-12.76251668,5.34014673
0.83203125,8.48967931,-10.40669915,0.32210172,-0.16086481,4.63427443,-8.11767793,-5.25006402,2.30220069
0.83593750,7.09352313,-9.56975226,-0.92500917,1.17459795,1.08588007,-11.63343457,8.05096709,-2.21136093
0.83984375,9.31794882,-10.70165915,1.71846830,3.71069919,6.89532346,-12.03101814,5.39489617,-3.53680454
0.84375000,1.37733136,-5.07772950,4.32414303,6.98050493,12.21257370,-12.60475731,8.77508272,-10.52872065
0.84765625,3.67669490,-3.55634779,4.85123519,8.58004492,11.97667021,-7.63782970,5.47472534,-9.80674440
0.85156250,1.17273082,2.47850014,6.40192235,10.02881537,8.49760635,-9.34556825,-5.72694752,-7.37979822
0.85546875,-2.89136694,3.79938388,5.46209434,13.93816565,3.45904524,-7.19466456,-8.42107707,-5.64911039
0.85937500,-2.17684610,8.74548554,5.14222318,8.65511349,1.66280271,-9.57979160,-10.56470592,-9.35885221
0.86328125,-4.65014512,9.95120946,10.65079269,7.79886746,-4.73535933,-4.43672788,-6.08676897,-5.16152704
0.86718750,-8.14343477,8.27837144,7.72727489,6.24114207,-3.41930609,-1.60525659,0.90160036,0.40418529
0.87109375,-8.23341642,1.00021383,5.74186565,4.93936760,-7.90005681,-0.41317014,6.93430918,4.66875085
0.87500000,-10.74043046,0.67624086,9.31336871,-0.94015629,-7.95883069,-3.48935704,9.78801312,6.04610873
0.87890625,-13.13222109,-3.55185492,7.68067409,-2.30110142,-5.61951798,4.66580248,9.26318157,7.12701971
0.88281250,-3.75392573,-6.95727417,11.67639066,-3.60624998,-2.74417399,5.17604223,-0.19419021,6.32927424
0.88671875,-8.94195758,-11.40836143,10.11957210,-8.61182253,-2.67915207,5.86550477,-2.58585268,9.71186444
0.89062500,-5.20117867,-12.37727098,9.93337770,-8.18057967,4.23606357,8.75316679,-12.40235972,8.35164266
0.89453125,-2.86263997,-7.06536407,10.07963509,-12.69693856,9.62931037,10.73560334,-5.50132845,3.03339701
0.89843750,-2.50525867,-3.34783682,3.14380646,-9.22554791,10.71909076,8.80817583,-1.35683958,4.41392796
0.90234375,2.27518949,2.78345872,4.49466738,-9.42531289,10.63786561,10.59106487,3.76948471,-3.36391313
0.90625000,4.04905295,6.97030687,2.46117301,-5.55953516,9.62223977,9.62823256,12.99524063,-5.48654717
0.91015625,4.43405158,9.04804016,2.65703165,-2.88855312,5.76705698,9.53091378,9.51740877,-10.29960220
0.91406250,7.82593858,10.25752549,6.14095202,-3.26789378,3.40400564,12.97204954,3.44209477,-10.41303411
0.91796875,7.88102693,7.26527987,0.14412470,2.15922236,1.54844743,8.87403588,-0.04739719,-9.38980660
0.92187500,11.84747328,3.25891609,-0.89195564,0.80028667,-2.73690150,9.43932458,-7.77155847,-5.17920754
0.92578125,10.21851701,-1.67077149,-4.30540942,7.07094004,-3.51761332,6.79678216,-7.24227237,-8.80404601
0.92968750,7.71550907,-6.32702076,-4.02874831,7.27020792,-11.11928272,4.38245471,-7.71264868,-4.02872691
0.93359375,6.99512269,-10.49578378,-8.28728525,6.73356050,-6.83545152,2.33046041,-2.45533399,-0.07233889
0.93750000,7.66923887,-12.53791747,-10.02101373,4.19835146,-5.27094389,0.43680332,5.08589152,-3.56718614
0.94140625,3.08724253,-7.91303673,-6.28107678,10.53571015,-2.24488492,-1.36481646,11.27448697,5.63109454
0.94531250,4.08392291,-6.91668872,-7.72626814,3.69108181,0.92902472,-4.03688750,6.45041402,6.78509538
0.94921875,-0.10299690,-1.16098784,-10.06607188,2.73612912,9.07437502,-7.19721987,-0.35441782,8.55884256
0.95312500,-3.76729403,3.25107259,-11.51847628,2.99997163,8.05753998,-7.92250441,-4.20363227,6.88520254
0.95703125,-3.53534354,6.64008906,-11.90881478,0.59389203,8.72778394,-13.38881893,-9.05642151,6.83706236
0.96093750,-3.52102284,9.92182450,-10.93847622,-3.12693513,11.28589339,-12.47941618,-9.95912377,4.19243291
0.96484375,-10.61426172,4.18061466,-10.15901316,-4.42960198,7.74492866,-11.01877119,-4.30623294,1.14153424
0.96875000,-11.35665337,2.81847038,-7.41082944,-9.59579396,0.94736560,-11.37316569,5.55667193,-3.97482333
0.97265625,-9.19888256,1.04538535,-7.60709895,-8.33654107,1.10655886,-11.25463201,9.27139560,-4.18427499
0.97656250,-11.33700559,1.96604669,-7.36838062,-12.57319214,-7.29813545,-12.92154141,9.49741067,-8.35012806
0.98046875,-11.07639093,-4.26412943,-0.24728305,-11.96276999,-4.70026872,-10.22763591,-0.22466004,-11.47587548
0.98437500,-10.94737612,-10.64610800,-5.32735672,-7.29934493,-6.90630503,-14.23060047,-4.77522270,-14.19114148
0.98828125,-5.56482649,-14.28022233,1.68349493,-5.17297931,-8.54176700,-8.46944057,-12.75570283,-8.33836374
0.99218750,-4.82792885,-7.84984940,-1.45081084,-7.93800603,-4.14690779,-8.28926538,-12.27256916,-6.31358358
0.99609375,-9.71503406,-5.72344689,0.40712459,-2.76714202,-7.22620796,-5.27054703,-7.79748331,-1.55957653
1.00000000,-4.23959276,-3.45818741,0.87101433,0.77164760,-1.04801047,-0.90227301,-0.38145023,-0.18538561
1.00390625,2.37042051,4.02889402,2.75985476,2.03347095,1.53389527,1.71696731,4.04312735,8.26798841
1.00781250,-0.07744521,9.07489899,6.12719507,8.06921716,4.30133273,3.89778982,5.46958126,8.74261686
1.01171875,5.50855450,9.85205147,8.73993939,7.00504225,8.31379907,1.77637857,8.32543623,13.79992508
1.01562500,9.21172712,14.11805350,9.55325244,9.43700862,10.56239735,1.98162686,4.04621332,12.30842231
1.01953125,9.57404714,7.68820904,9.47666898,12.80476097,2.27428082,10.97514173,-5.42173625,12.26741318
1.02343750,8.16209278,2.55549238,5.19222105,14.71595461,4.07568812,5.21138502,-4.50908307,7.69098651
1.02734375,8.06611461,-2.78993984,13.03819032,9.38975246,-3.00919522,5.82278096,-9.98730529,8.87219273
1.03125000,10.24017000,-6.74761785,12.55520168,7.36189132,-5.02616467,10.03623574,-3.14118635,4.13497639
1.03515625,5.07140327,-2.85831913,7.41750708,5.98171360,-5.39695643,10.10226303,7.83868452,1.72512265
1.03906250,3.10734295,-6.31198464,11.05551947,4.58556045,-11.56299397,9.43637957,8.09683116,-3.90233304
1.04296875,4.62780165,-3.12767264,8.75712893,-1.01506663,-13.23466286,7.32498283,12.95958595,-8.34109849
1.04687500,2.08088785,0.62981286,7.93475546,-3.64197791,-12.72771752,7.11053306,4.26746873,-3.22679019
1.05078125,-1.95900200,4.29780569,9.56522491,-5.44934072,-4.55069193,2.74991907,-0.20696879,-10.03517622
1.05468750,-2.02297545,6.40848246,6.43283701,-7.51875212,-3.39897743,2.54228731,-4.13032314,-6.68486539
1.05859375,0.21195495,10.53674222,4.49930930,-6.49085523,3.43219643,-1.02650517,-4.11302190,-5.97289355
1.06250000,-6.25005985,10.79704174,5.03368163,-5.01977473,8.98269325,0.93921304,-2.36781462,-3.61569351
1.06640625,-6.49310376,9.83501965,6.00260648,-8.08417360,6.52273975,-0.72101443,0.51349489,-1.20791569
1.07031250,-8.71176611,8.24397807,4.64770750,-9.43120941,13.27785434,-2.88724806,5.28219313,-2.96872093
1.07421875,-5.82845484,4.01876193,3.30465275,-3.15905730,6.54446083,-6.12170287,9.00308657,8.23570634
1.07812500,-5.51765836,-5.16200827,4.94046231,-4.18040836,5.91908562,-7.54279439,8.05095033,9.07626077
1.08203125,-6.35191449,-7.70327889,-0.99722115,-2.66469555,0.28194553,-7.35883267,3.54565451,16.54551716
1.08593750,-11.26744049,-7.06270284,-4.18523172,1.38072026,-2.51470201,-10.15728237,-0.65319490,9.67367003
1.08984375,-4.98364863,-7.48387393,-0.20802746,4.24426546,-6.38898020,-8.95931200,-8.90236900,5.72705122
1.09375000,-7.38105906,-4.30641294,-2.17337710,6.43453797,-11.34778473,-12.28526066,-9.94275900,2.25947294
1.09765625,-3.03911343,-5.15438025,-3.20571643,5.42342953,-7.02522960,-11.50311892,-6.15935754,3.40292244
1.10156250,-2.09578709,-4.06293631,-3.75543981,7.26866007,-8.87653115,-11.50106979,-1.63627802,-3.93288407
1.10546875,2.25127923,5.85841736,-6.75748216,5.84783403,-7.20695627,-10.04837044,10.01961589,-10.07121367
1.10937500,6.36510358,10.54237812,-7.23480065,11.32803240,-2.07785183,-6.40883642,10.32831787,-6.13954212
1.11328125,6.83173391,13.50062295,-10.17377106,8.86161326,2.20525891,-3.20393702,10.45890654,-8.10522052
1.11718750,8.18973269,7.62930581,-8.59091044,7.15875842,3.36763146,-4.00595907,-0.14432381,-9.05084709
1.12109375,8.53168299,5.28194845,-9.59981949,1.12839773,11.15980466,-5.39012270,-6.66403061,-6.33923206
1.12500000,11.04776778,-1.70492687,-9.62631646,-0.66636979,9.06389339,4.47459753,-7.13060561,-4.62395411
1.12890625,11.07237022,-2.88721934,-9.78349083,-2.62913137,10.97187834,-1.02645617,-7.55707538,-1.24674782
1.13281250,6.49580821,-6.55312915,-9.48640302,-5.53340215,5.50356974,0.45629351,-3.72891445,0.52319240
1.13671875,4.71430348,-10.02963567,-9.25504296,-4.91291914,0.55541442,2.09308327,4.17862716,1.80603733
1.14062500,2.60521074,-6.59475889,-9.53775157,-9.53236270,-4.07376270,9.35906035,7.32618244,4.35409199
1.14453125,4.11305724,-4.23512703,-7.93341798,-11.10274740,-8.45898121,11.04917355,7.35485999,10.68223642
1.14843750,0.71274670,-2.34679861,-2.99788066,-12.25053721,-8.60629899,7.19048160,3.31952307,10.74063303
1.15234375,-3.86794875,-0.93657092,-5.19854541,-10.00707581,-10.54501831,2.80296103,-6.59797393,12.40920248
1.15625000,-2.49852126,11.41401485,-5.08139007,-5.76484400,-11.11600941,10.48626895,-7.29359443,10.47496897
1.16015625,-1.79183581,4.66437078,-3.81838013,-3.22853861,-6.37542600,11.88292575,-8.53982185,6.80718233
1.16406250,-6.87297612,13.38173080,-3.67565530,-4.21176189,-2.99801256,7.22077113,-5.63440503,5.46950224
1.16796875,-7.20690964,5.67444171,-1.39343335,2.61598720,3.17994573,10.18348589,3.27002778,-0.41244901
1.17187500,-9.25258622,2.49900970,4.92737376,2.11006064,2.95516782,7.07791872,9.17498838,-0.96479573
1.17578125,-7.49659514,-1.15245298,5.54122991,6.20867525,6.26117723,5.31079277,10.03248048,-3.72279090
1.17968750,-12.71901581,-2.18867448,0.78823543,8.95694207,8.44072341,4.36861495,7.26508231,-6.68944342
1.18359375,-4.89868555,-8.13402131,5.09109614,10.77662148,8.51566128,1.69712118,-1.84174839,-6.02070844
1.18750000,-5.67007907,-12.83469378,9.19867662,10.95696424,3.67633896,0.47694752,-4.06094251,-8.36227678
1.19140625,-4.41177965,-4.11757110,5.48107503,12.12210256,2.67753547,-4.81998692,-7.32155594,-5.28540082
1.19531250,-5.84647681,-3.52580904,9.62074706,11.95213819,-2.86680724,-4.27351511,-8.53154846,-2.37316637
1.19921875,-4.28461734,-1.64383928,6.63933323,7.26911303,-5.95234954,-3.73992500,2.64852073,0.97010423
1.20312500,5.26951560,7.90238288,8.52727649,8.91506765,-14.29634974,-8.71424075,10.26989349,6.42014392
1.20703125,5.94714451,11.26726227,11.91616092,3.79277808,-12.26095826,-6.15564727,12.04904468,6.48960093
1.21093750,7.72053667,11.42761223,7.45101997,0.11403202,-9.24363281,-7.51088731,11.67020938,10.60800964
1.21484375,7.21346373,10.77309329,9.40652505,-0.33051745,-9.10513952,-5.10500232,7.35435977,11.19480796
1.21875000,9.32606839,9.40816192,8.07779260,-5.34611619,-4.23945210,-7.90992740,-2.09920736,12.81037682
1.22265625,9.66469527,8.43145954,6.96167376,-6.47762197,0.42633834,-9.06214953,-5.21795795,7.39403501
1.22656250,6.97412875,-5.18306897,7.41579913,-6.64683116,4.34358205,-9.01603768,-7.31929879,6.35568966
1.23046875,12.83372066,-7.19594329,2.18128512,-9.35949297,5.45147324,-1.86783455,-4.96662200,6.23126264
1.23437500,9.70229787,-7.10663993,0.50271114,-9.30262747,9.30919247,-5.44097192,1.90561347,-1.48328815
1.23828125,7.42246031,-5.38249701,5.50272781,-5.53793055,9.95421334,-1.02430132,7.92802955,-6.92834125
1.24218750,5.64096606,-11.14182087,2.83925703,-4.57093550,10.43252878,0.91332152,11.47398943,-3.27903114
1.24609375,4.34658159,-0.00120885,0.08956441,-4.80091314,3.27662322,0.15972135,9.24730142,-10.46944219
1.25000000,0.73361655,2.50170555,-2.74351202,-0.48121917,-2.10354523,1.47634794,0.73676967,-11.38319590
1.25390625,-2.52072558,7.55422442,-4.25934682,4.89439666,-3.21890573,3.38931532,-1.81068245,-8.44335053
1.25781250,-2.58628983,5.80866206,-4.19012798,0.98456622,-7.35045200,6.82747613,-5.14485714,-7.71911579
1.26171875,-5.24762605,7.49550053,-6.04792924,6.37328839,-7.79507226,8.73133304,-5.28903604,-0.89697790
1.26562500,-7.56512659,13.10470639,-6.59270561,11.45815849,-7.71521503,8.01152429,-2.99510228,-0.36121420
1.26953125,-12.52473764,4.39964054,-6.49790262,8.42538746,-7.80161288,13.95542328,8.04412232,3.86873225
1.27343750,-7.13028809,-2.71154329,-10.90311474,7.87244176,-5.94052490,12.33649534,8.23186716,1.93363776
1.27734375,-6.00570210,-1.95543969,-8.30526875,7.90704243,2.72275847,14.76166132,8.60823688,9.46499390
1.28125000,-9.09556526,-7.56677921,-10.00398241,5.43749247,8.32803931,10.12565829,1.65379539,9.48035602
1.28515625,-8.82219163,-11.12731583,-5.10473396,3.38801204,8.94294425,6.96287007,-2.90378787,9.55551281
1.28906250,-9.28163398,-12.81745722,-10.65376944,4.27627929,8.53101544,7.74719205,-9.68518443,4.14397384
1.29296875,-4.13849855,-7.80797880,-13.49996390,-0.42569346,15.83492719,8.70258394,-8.70084613,3.44417586
1.29687500,-5.48507651,-5.30180618,-10.42785842,-2.13847797,8.34801838,7.29664121,-4.10928667,-0.72073108
1.30078125,-1.79072753,-0.70052632,-10.59763882,-9.88493270,1.95582785,4.95255504,-0.33511621,-0.97508256
1.30468750,-1.37856905,6.79335857,-10.59052895,-7.28759812,2.70790621,3.64266344,5.88193601,-2.25109222
1.30859375,2.05924411,8.75715088,-6.89822542,-11.59222854,-3.95305603,-0.06078084,8.76043817,-7.66042313
1.31250000,2.16973001,9.06007566,-7.80934595,-8.81841637,-7.05654923,2.92958797,10.56009651,-9.13113055
1.31640625,5.84847767,9.04745156,-3.25591375,-9.99601435,-10.43010053,-2.86439656,-0.52899260,-10.38022599
1.32031250,7.63453406,4.47119791,-2.99411566,-8.05350953,-11.20739583,-5.62991450,-6.64675175,-12.37378192
1.32421875,8.71061412,3.71554547,-2.58667573,-7.50535331,-10.11263469,-7.51190091,-8.35470494,-7.26950777
1.32812500,11.34883019,-2.37541495,-4.95644487,-7.65549807,-7.98574127,-11.25375838,-9.90602332,-6.18770614
1.33203125,5.98644061,-6.41180396,-1.15118094,-2.57652245,-2.63284983,-7.27108140,-5.17417709,0.03652293
1.33593750,9.35163434,-9.90675970,3.60251201,2.13197979,4.28849173,-9.81746540,4.61896493,2.80850284
1.33984375,6.05936389,-9.32496655,7.13872208,2.41809175,6.83110437,-9.95441868,6.91289645,4.19166230
1.34375000,1.16860385,-5.70623583,0.63526370,8.75652633,8.67125364,-7.22019165,8.18537009,9.30322808
1.34765625,6.36136073,-3.35196814,6.74668010,9.09710201,7.53107094,-12.20350090,4.45087322,10.18391192
1.35156250,-1.96803355,1.63135038,7.29787543,6.96732519,10.90504385,-7.83923536,0.43054052,7.79876294
1.35546875,-3.50476244,8.78828786,7.57933078,10.95818708,3.49969257,-9.91587231,-12.37252649,9.60346133
1.35937500,0.34431205,8.47775113,10.41082957,5.80855111,5.97198681,-1.37830092,-10.18332716,5.98479561
1.36328125,-9.44682661,8.67433907,7.40500720,8.16548072,-2.80129588,-3.64085813,-7.52260500,2.19500372
1.36718750,-8.86032562,10.17006918,11.15860744,1.20664668,-9.90025392,-1.43415103,0.97704667,2.41066992
1.37109375,-12.99592849,0.40407682,9.30242798,3.62808195,-8.80432209,-1.05390234,6.22479190,-1.54868956
1.37500000,-10.90627109,1.52004495,11.50528954,-2.85368539,-15.60239985,-1.65463595,11.83419565,-9.74765096
1.37890625,-10.08945135,-4.18468148,9.42179578,-2.11643088,-7.07383710,-1.43274568,8.46620174,-10.51359199
1.38281250,-12.67131194,-10.87164231,9.90588090,-1.97182904,-5.80209130,1.52669642,0.90224871,-9.72707729
1.38671875,-9.08618894,-11.86157734,9.30489999,-6.54578626,-1.52650234,4.24323852,-7.77858544,-4.30279098
1.39062500,-7.10874840,-9.87363433,9.99785002,-12.72921910,2.05059634,6.63436116,-8.73062602,-2.76316216
1.39453125,0.53603538,-6.45739412,7.54412825,-8.37324591,5.48245305,9.01906981,-8.25551440,-4.30300342
1.39843750,-3.24863914,-6.53148752,7.32217912,-11.53992370,11.37657169,8.77309855,-3.52389953,-4.80802541
1.40234375,3.22418641,0.69982715,6.85787058,-9.48400345,16.37335561,10.13114331,4.71830665,5.52588498
1.40625000,3.90715788,8.37849487,4.41807455,-8.56166725,7.93505093,9.45507012,10.16257724,3.68723121
1.41015625,6.18834030,6.26541163,3.34650003,-6.87273159,5.55154366,12.42794256,7.50310422,6.43115948
1.41406250,10.60986190,6.75310530,-0.62998137,-3.66898928,1.06374527,7.54469580,6.86992904,8.67383173
1.41796875,9.88839808,6.45694597,0.62772164,3.69439126,-2.14337772,4.72344928,-3.90985011,8.41183461
1.42187500,11.08266586,7.48471677,-2.02653860,0.93834741,-5.21430290,4.29562205,-11.05777378,9.33467799
1.42578125,10.87621288,-2.42899957,-2.67250359,8.37123354,-9.19799118,5.37205062,-9.03165435,7.75772103
1.42968750,8.75463690,-5.58234573,-1.30779934,7.22681719,-8.63442626,7.22194525,-8.00102288,3.01752475
1.43359375,5.98554267,-12.38398352,-3.65598324,9.19446226,-9.91195964,6.48413109,-0.27911892,-0.53072172
1.43750000,6.82206673,-12.08787923,-10.36949507,8.65264669,-7.23284328,-3.32085120,5.34994476,-4.59829268
1.44140625,6.42307807,-10.90195946,-5.90721315,6.59115814,-2.86179078,-3.52420121,10.37546302,-11.26662306
1.44531250,2.28510514,-7.42914075,-8.80617542,5.71138548,5.53777097,-3.40177517,7.57219393,-10.43306456
1.44921875,-0.50931147,-2.07680433,-8.66334046,8.18227173,5.54356197,-7.17515727,0.12050987,-10.86790300
1.45312500,-3.55500684,-0.55056953,-6.62399819,4.40999904,11.31445452,-8.87880860,-6.96812307,-6.48416647
1.45703125,-7.28215932,8.05090133,-6.48756952,-1.73773909,12.00162501,-8.98033334,-10.41883377,-8.74802944
1.46093750,-5.16157972,7.46387504,-9.95481313,-3.20575991,9.39261419,-6.17866692,-11.72473438,-6.42258723
1.46484375,-9.49385543,8.54022094,-8.56113668,-8.20812257,8.37040339,-10.91250891,-6.42453950,-5.29810916
1.46875000,-11.68175048,4.05555917,-5.24741800,-4.97649803,5.33988160,-9.63978275,1.40854985,2.49247342
1.47265625,-8.94353569,1.03527306,-8.02347633,-14.96600290,1.58895055,-10.95019430,6.06691007,1.42395506
1.47656250,-9.28060711,-1.11333712,-9.77702170,-12.01300997,-7.82053738,-9.56669383,7.80178673,7.35702914
1.48046875,-8.60631358,-5.16072656,-5.49683707,-9.84797930,-5.98932814,-8.27133461,3.69431766,6.46730648
1.48437500,-11.40289526,-9.75946611,-4.32986554,-12.38227425,-7.31655581,-8.10081739,-6.73829810,10.31205615
1.48828125,-12.55868073,-10.91477654,-1.08496820,-11.14122437,-7.67435133,-6.61600142,-10.35412043,7.36246809
1.49218750,-6.10926475,-7.33611057,0.11751608,-9.04349097,-6.38498672,-7.48400527,-12.61144798,9.15789093
1.49609375,-3.97218081,-4.54966246,1.32095841,-7.12383071,-2.08181572,-1.78734567,-7.93458073,4.11678084
1.50000000,1.03398715,0.93230765,1.91976829,-1.71751992,-0.61655564,-4.47189811,0.82739752,0.12040841
1.50390625,-0.89393851,3.79489665,7.58703891,2.17118338,1.51115883,1.68631252,8.14746746,-1.07039528
1.50781250,4.14363742,7.54830130,7.82762030,6.83430526,8.68571838,3.33693569,6.97880164,-4.61913091
1.51171875,3.96410840,13.25299655,6.63666517,6.62016017,9.97600114,5.34850800,8.02725602,-3.29651783
1.51562500,4.85741131,10.92507507,7.05348681,9.12551715,6.88214064,5.63868086,4.76943008,-7.62277650
1.51953125,9.07767635,6.47486518,11.34405173,13.50737481,6.19762874,7.49283029,-6.04539113,-7.92359199
1.52343750,14.35071132,0.57867108,10.86271606,11.38123641,1.67200204,10.74031942,-12.21768187,-7.24244512
1.52734375,13.42827188,-0.28688902,12.17034591,6.08708312,0.48577283,7.59256971,-7.58125585,0.25920609
1.53125000,7.88909209,-7.11957747,10.10643235,11.08584360,-4.32930564,10.55824694,-4.81304905,3.69811181
1.53515625,6.13380249,-7.78250917,9.93570315,8.74231670,-7.35115583,9.16362839,8.76086041,7.90008042
1.53906250,4.96923303,-11.87222365,9.71020818,0.63365280,-14.15708575,9.33845227,6.38144636,3.15324158
1.54296875,8.04461838,-5.73978573,8.57135418,-0.40579276,-12.04791684,9.39495833,8.86607281,5.16774285
1.54687500,1.61527418,-1.04316578,8.91711637,-1.96059194,-11.61352032,5.71079244,7.68679632,12.01262752
1.55078125,-4.93599830,1.24213880,4.45334675,-7.32688367,-4.40854132,6.06965383,-0.10141109,15.06236469
1.55468750,-4.09089349,3.76478548,9.40767269,-7.76587125,0.05157984,0.11273015,-4.91287544,14.96946014
1.55859375,-4.08149442,9.37586041,11.01262461,-8.70444139,2.69615382,4.00806290,-7.23570644,12.60245583
1.56250000,-4.25563271,10.63020847,7.09090360,-8.80107622,5.78140184,-1.30082228,-4.92856980,4.51949674
1.56640625,-10.32172526,8.53019123,5.73718054,-10.61429969,8.16286334,1.38084129,-0.76342171,0.49744679
1.57031250,-9.72243835,5.06406765,1.82971840,-11.12712111,12.57771446,-2.20265801,8.94961475,-4.69524470
1.57421875,-8.96963240,-0.31515632,-0.10166425,-6.79295868,7.22295427,-1.74630276,15.54607057,-9.00574773
1.57812500,-6.80376212,-1.81775750,0.88569149,-2.81103893,9.42546691,-7.38876316,11.78503641,-7.34160473
1.58203125,-10.74086503,-8.70138793,-0.70051274,-0.75160507,1.74428600,-8.97816658,5.06291802,-9.37569560
1.58593750,-8.57165343,-6.99900976,0.03149761,-1.11505534,-2.53097835,-5.77544891,-1.76182763,-8.77643051
1.58984375,-6.26939227,-8.09129475,-4.24342288,5.84983901,-4.61934309,-10.30066706,-10.39789777,-7.54520527
1.59375000,-3.41094313,-5.81579778,-5.58542635,8.81035745,-7.81541642,-9.55916880,-7.34905020,-8.81630269
1.59765625,-2.88038554,-4.83441763,-5.00017723,10.34538490,-11.04148124,-9.85542942,-6.00610337,-3.32509240
1.60156250,-0.26877231,3.34871011,-7.83119225,6.41904686,-6.89092590,-10.82594423,1.73683537,4.18481503
1.60546875,2.27130978,9.86239483,-8.74183231,8.35539937,-4.55697876,-6.56115814,11.28277239,7.97077649
1.60937500,5.79614765,6.34311260,-6.29509214,11.68304085,-5.72032995,-8.49859775,11.03319370,7.69949205
1.61328125,9.37716698,10.52415004,-10.06954591,8.49439089,0.86837578,-7.63680404,6.90056160,13.46608838
1.61718750,11.39369081,12.19077731,-10.74231690,0.66821719,8.47191055,-5.07247054,-1.12613213,15.37928357
1.62109375,12.52758684,5.21322221,-13.17160490,3.09474565,9.05818491,-3.15660068,-6.57397107,11.28122166
1.62500000,6.70028018,3.07355690,-8.67985344,-4.48764003,14.21490539,-0.17559983,-10.83036099,11.87894208
1.62890625,8.05234917,-2.74414358,-9.46800190,-4.56205332,11.42585750,1.73742120,-6.13678853,4.47014445
1.63281250,6.42168232,-8.23256355,-7.30520201,-5.02963358,2.68274024,4.07592819,-1.75646841,0.04352627
1.63671875,7.80664542,-4.66709009,-6.84610653,-7.40449721,3.79553911,5.58905044,6.44941815,-2.49394214
1.64062500,5.45637941,-7.10028246,-10.52689837,-7.43917422,-1.40565302,4.66292393,8.97084123,-4.48909728
1.64453125,1.36126249,-6.73926994,-6.05756318,-8.64987668,-8.76079924,9.68237615,7.10923280,-8.44531045
1.64843750,1.84679218,-0.69782908,-3.60951111,-11.28787446,-4.86094401,10.82315431,2.81044779,-5.33818867
1.65234375,-2.27038314,2.56237424,-2.12868127,-8.41434195,-9.88462173,8.30626082,-4.20069256,-12.30266851
1.65625000,-3.03707284,6.22239214,-2.15115981,-4.79429801,-8.51766564,7.14104581,-5.85664685,-9.28936858
1.66015625,-2.93884469,11.10847349,-3.04028492,0.65961014,-5.54019055,7.78404580,-5.88503304,-7.56704336
1.66406250,-10.00922847,10.59807962,0.98372526,2.27226486,-5.36866182,12.24110289,-3.22720073,-1.50813804
1.66796875,-5.86866823,9.31882764,1.98188323,0.97917436,-3.52603890,4.71430014,2.32786549,1.26015915
1.67187500,-11.51349169,8.47893265,2.50201664,3.45230860,6.06384936,8.01006679,8.02047919,4.48824028
1.67578125,-9.53621598,-0.24487042,2.32498323,7.51702207,8.01865561,5.76518928,7.74579485,8.73689392
1.67968750,-6.37929869,-4.79496878,7.63856726,6.22338484,12.54483826,2.85314360,5.72146954,9.76545610
1.68359375,-5.94296542,-5.23795737,4.59418785,10.94281915,11.85865170,0.88945316,2.34213699,11.75426831
1.68750000,-6.49964297,-6.89353094,6.34810041,14.61520962,5.48943616,0.94285326,-4.49652472,11.54996396
1.69140625,-8.30445901,-3.61952607,9.75486163,9.12955177,3.54348204,0.51115835,-5.76466305,7.36916190
1.69531250,1.48581850,-3.74021332,8.82710865,8.30313043,-0.42401151,-6.39988163,-7.75159918,7.43222953
1.69921875,2.99922805,0.36303014,8.38245320,9.31158500,-8.71441198,-10.44494537,-4.65894581,3.99402757
1.70312500,3.83117075,6.41978950,11.98320153,7.37650130,-11.48529435,-8.29592022,5.65685036,-1.46929160
1.70703125,3.33294593,9.32762273,12.80795497,3.37719361,-10.80744674,-7.50925374,9.19534364,-4.49752139
1.71093750,5.29451362,9.50457897,6.45217933,-0.89560311,-12.07861844,-11.02085156,7.76860914,-7.77036144
1.71484375,5.68588265,10.07738355,6.45752830,-0.16683447,-8.95917951,-7.30404671,4.62053595,-8.03799454
1.71875000,11.15320720,9.08360333,9.57967097,-1.82474541,-3.13163554,-8.32545060,-3.06072081,-11.87205267
1.72265625,12.00382502,4.86784009,6.12430890,-9.33935917,-0.71543272,-10.75073869,-5.96981533,-10.05593677
1.72656250,12.81731601,3.59320620,10.64095187,-7.20750952,3.30689942,-10.07653614,-9.14060704,-4.61841657
1.73046875,11.30713989,-7.28317346,2.40648787,-5.85864033,7.94617346,-6.82001993,0.55765803,-8.53148522
1.73437500,6.20651258,-9.87685654,-0.07966334,-8.44901212,7.85445099,-6.07876201,3.31221179,2.89583154
1.73828125,11.13992941,-7.53129276,-1.20109152,-5.14661934,6.24313013,-3.65228898,11.19139211,4.05586571
1.74218750,6.73595537,-8.58021558,-0.04557283,-3.68151976,5.79862014,-1.42867854,11.77328694,8.50930407
1.74609375,2.86442068,-8.89890615,-3.94962512,-2.10513421,1.56616111,0.35837854,11.79175059,6.36953822
1.75000000,5.09724652,3.01682015,0.60997801,-2.11675869,2.05926709,3.58746970,-0.60746737,11.58550614
1.75390625,-0.80775908,5.50687301,-3.90973253,3.41193582,-1.39676108,7.84481638,-3.63062014,7.64109511
1.75781250,-4.20826299,9.23782020,-9.47323035,6.31841127,-8.77508466,3.18288210,-9.96820697,3.83387356
1.76171875,-2.97990849,10.34637907,-4.42893408,7.28916520,-7.32617754,5.73934086,-4.87121021,8.33402648
1.76562500,-8.46926165,7.12650283,-11.43176009,7.62127124,-9.06999891,10.38634295,3.40537996,-1.16713180
1.76953125,-10.12205367,3.07585208,-11.39285073,7.44547244,-9.43865400,13.21951682,4.98543101,-6.31923695
1.77343750,-10.95300108,2.90831714,-11.08779975,9.22616505,-5.54430676,9.41944531,11.24543413,-3.20109028
1.77734375,-14.12303367,-3.69726169,-10.32900616,9.99636002,0.17236809,9.28501236,11.12494105,-10.89224259
1.78125000,-8.78510556,-10.27684961,-7.54629146,9.12360803,1.38296593,10.28306111,4.60530626,-9.04893158
1.78515625,-6.57540649,-16.05870950,-10.36369623,6.34775735,12.70034354,9.42588247,-4.27003502,-9.91366480
1.78906250,-7.61926126,-11.75314192,-11.14115769,-1.59112367,10.24567510,9.08879369,-8.82806803,-10.52480412
1.79296875,-2.86481779,-6.58295258,-12.82735639,-1.29540484,10.96189090,7.84753044,-9.94200489,-8.26467155
1.79687500,-3.63919691,-5.00037096,-5.98397139,-6.29450852,6.78999153,2.42589708,-7.69707511,-5.95991382
1.80078125,-2.20402605,1.90520261,-10.72309009,-5.43987853,3.72085511,7.97471265,4.49505765,-4.15376921
1.80468750,1.75302078,1.59039301,-6.98003422,-8.65378353,2.21604623,2.94182008,8.18516661,3.53739349
1.80859375,-0.11389828,8.52219205,-10.76156400,-12.34285060,-5.52071288,-0.11626142,9.31460414,2.82755572
1.81250000,5.73683996,6.07858182,-5.38262017,-9.67220989,-9.82921547,2.33651046,10.15882779,10.60305732
1.81640625,9.41809233,6.04836163,-7.52147764,-11.57979698,-7.43799512,-0.59791681,-1.17218489,5.38422171
1.82031250,8.72463750,7.55462280,-3.74446521,-11.88549807,-4.79911585,-3.61818388,-7.37560599,7.25951688
1.82421875,8.63634898,0.98663542,-0.04488580,-7.74403288,-7.21270601,-6.21579750,-11.53449630,1.11464913
1.82812500,5.05240950,-4.10928587,-3.02412688,-4.50242115,-6.05479358,-7.18864695,-5.88350592,-0.25628399
1.83203125,8.97093171,-11.33805463,-0.80267031,-4.02135110,-0.04352024,-11.08415931,1.63428765,2.83233145
1.83593750,7.83739939,-8.45694980,2.24843359,1.73657224,4.90962639,-8.03900989,5.29959642,-6.32417654
1.83984375,2.88720899,-7.32710999,2.48171674,7.24562960,7.57086623,-8.66841047,9.39557069,-6.74009259
1.84375000,2.25294219,-3.65570738,6.74048401,6.95481296,10.11291210,-11.44009877,4.62404991,-9.27658321
1.84765625,2.99668943,-4.92632678,6.44366225,8.57369463,11.33251392,-8.87592526,2.46910617,-7.35028280
1.85156250,-1.15449030,2.76382843,4.63031518,5.96789825,11.56910210,-10.94056468,-2.87430350,-9.29959785
1.85546875,-3.69453933,3.96138203,7.46327242,8.88656156,6.91306743,-12.87201760,-7.10566756,-7.50427915
1.85937500,-10.76391915,8.46774600,8.75594930,3.25051282,3.74593130,-6.24323198,-13.08981174,-9.13070628
1.86328125,-7.71855610,10.05263216,12.14170962,8.86666605,-2.61147883,-5.83583377,-3.96201644,-4.49382335
1.86718750,-7.69489024,6.83796772,6.79052681,2.48934986,-5.87106800,-2.36384846,-1.47064253,-0.40005825
1.87109375,-10.89674952,3.21438207,10.13431014,1.71649623,-10.35110926,-2.04882719,4.92674278,6.26789409
1.87500000,-13.90793106,-1.94898453,11.67727599,-2.29651853,-6.16341940,-1.26657216,11.23526612,4.83908515
1.87890625,-9.24365703,-3.67275912,4.93612890,-7.32350008,-12.09070651,-0.87883548,1.67637413,8.47061094
1.88281250,-9.02251190,-7.11861147,12.32305539,-4.06866963,-7.26135457,5.39754387,-0.43334940,9.94358124
1.88671875,-3.41299134,-10.37672857,12.64393127,-10.99898239,-0.80611989,8.26125893,-9.55297756,8.28595008
1.89062500,-7.83612863,-7.45739185,8.83257005,-7.51683434,0.96287442,5.87263912,-11.11148146,10.19202547
1.89453125,-3.97725786,-6.33605666,8.55857146,-9.18919274,5.73068961,10.08922730,-8.09094209,4.75735168
1.89843750,-0.31868682,-1.71484725,9.74741604,-9.05600802,7.23039664,6.42606996,-3.22553585,0.99105167
1.90234375,-0.95603484,-0.32040588,5.45846379,-7.52835898,7.35810405,11.24056939,1.96774351,-0.20518421
1.90625000,1.23086782,8.61347192,3.78878618,-7.73058973,7.48158835,12.27471471,6.24970509,-5.05799207
1.91015625,9.06030950,7.31672467,1.14092667,-5.21765830,10.12961981,10.30903366,9.77657412,-9.32951339
1.91406250,5.70647684,12.39711105,-4.33756642,-2.62602481,2.21499600,8.23826218,5.81423861,-8.96941375
1.91796875,7.11856714,8.21737192,1.44578145,2.28593988,-0.84953350,5.52847906,-3.40636522,-10.08524413
1.92187500,9.50199488,1.15575861,-2.98061800,2.00351811,-0.52981196,3.60814778,-8.26377803,-8.92615035
1.92578125,11.02145601,0.41864266,-6.07724138,7.20438434,-7.25669338,5.81030643,-9.55711484,-10.45481429
1.92968750,12.50788233,-5.86294135,-5.49680222,7.77699978,-8.52028184,3.51045252,-6.35251525,-5.88831949
1.93359375,10.47120830,-9.67050758,-3.38012806,9.99038780,-8.96855795,4.01229721,2.91253301,0.29718899
1.93750000,3.90952491,-6.20739664,-8.71912417,7.61922054,-8.47997645,2.16378798,6.73379664,3.96133906
1.94140625,2.62825845,-11.51481894,-8.94865150,7.12002166,-2.68560349,-1.69243265,10.64565070,4.79336823
1.94531250,-1.49394930,-5.67535387,-8.82343992,3.12790333,0.44521861,-3.48442008,8.13203358,5.13476504
1.94921875,-2.85713464,-1.66886309,-7.93885599,3.43763232,5.56193665,-6.69518802,-1.74329334,10.39600122
1.95312500,-2.39800578,6.76624921,-6.76808356,-0.81019238,8.81777189,-5.52151219,-8.78080179,14.17608250
1.95703125,-7.34314357,8.40670513,-11.00479926,0.37127099,12.97666071,-6.32059110,-9.53381199,6.55573948
1.96093750,-6.08587544,7.37145477,-9.81129780,-6.30335281,12.91328269,-11.32672555,-8.65242564,8.06167061
1.96484375,-6.58109514,7.78657140,-8.47996912,-3.94442816,5.27118465,-8.28783621,-5.95595870,1.16850139
1.96875000,-12.67995920,4.96823065,-10.15021741,-8.86269627,4.93654261,-9.24209522,1.42017295,-5.31473181
1.97265625,-10.52664136,3.18337497,-6.82804888,-9.28186596,2.19341587,-9.56159806,11.44127383,-9.64899544
1.97656250,-10.87695230,-0.24178619,-7.88978467,-10.01390085,-6.89356057,-7.38402051,3.90095621,-8.18909342
1.98046875,-8.22501794,-4.41316957,-6.01083395,-12.58673368,-4.20204021,-9.72690567,3.52474838,-12.38756646
1.98437500,-11.37260634,-11.17503734,-2.45850286,-11.38197153,-5.76207170,-10.83771157,-7.75610142,-12.19897077
1.98828125,-10.69922466,-12.13548642,-1.51971915,-9.94842897,-10.64821426,-7.99980051,-7.89503791,-8.26671572
1.99218750,-6.69743071,-8.81226559,-1.95202264,-12.24727028,-6.61318323,-7.80607504,-14.79450328,-4.61354827
1.99609375,-4.38392043,-5.78696888,1.21602822,-3.64526155,-3.45069550,-1.23126829,-8.92447737,-3.89777329
2.00000000,-3.07556572,-0.77819462,-0.30602770,-1.40267276,-0.90705255,-0.40177355,-3.76000721,-2.74833870
2.00390625,1.71320168,8.80920670,5.28196827,0.03494250,2.98101905,0.19664132,6.74798052,1.70792945
2.00781250,2.16433300,5.57499854,3.84049562,5.20957683,8.34263165,2.24116695,4.72893244,8.71147657
2.01171875,3.57994709,9.59449973,7.29541350,9.56420574,1.92654800,0.71620709,10.86943211,7.53718597
2.01562500,7.25998804,10.09728947,7.34826154,8.73020438,6.83665659,4.37257351,-0.28112094,10.99495673
2.01953125,7.03170942,9.00621619,12.00854625,9.96109536,4.90371260,5.72516650,-3.73193696,12.25911613
2.02343750,7.21642587,3.53150439,8.85624034,9.55624201,1.28071441,9.53128876,-8.45333785,11.26497075
2.02734375,6.89580970,1.84586405,12.28220256,12.41123744,-1.41797496,8.12569983,-5.53949675,5.20132429
2.03125000,9.93421552,-6.62057570,11.83613436,7.88696987,-2.75272999,5.36825931,-5.04757093,3.87666745
2.03515625,10.56534796,-9.37872748,12.32732986,7.80256386,-10.08705524,8.50425327,5.08306383,0.12978383
2.03906250,6.66528194,-7.29924635,11.35022090,5.79725573,-8.81283986,8.34517405,8.06869800,1.68515481
2.04296875,4.55539889,-6.83206366,10.21905918,1.45514066,-10.48251875,7.35873952,8.57643379,-2.02307308
2.04687500,2.26973305,-6.00111698,10.17380314,-4.65036581,-6.47685695,6.70509137,4.46305104,-7.38240393
2.05078125,2.33486917,4.46983063,11.72210009,-2.39097472,-7.15556980,6.54611328,-1.84125321,-8.32944781
2.05468750,-3.09995270,6.63429143,3.54060895,-8.79656703,0.94655143,1.24564215,-7.79661222,-11.11565932
2.05859375,-3.62357946,12.03907673,10.77196466,-9.40837522,-0.51496768,4.05031580,-4.05308907,-5.63893381
2.06250000,-7.47074251,9.36849895,9.27312741,-9.66446309,5.45223139,0.86012721,-6.48271163,-2.66273932
2.06640625,-5.01054322,9.04062554,5.41055156,-5.88301734,9.10375608,-1.70967062,4.20357056,0.48923011
2.07031250,-7.37344130,5.19760200,1.14388051,-7.00800987,10.09141854,-5.70568945,8.22697658,6.17637686
2.07421875,-7.59108634,-0.47336841,4.56364183,-7.96476530,9.46421351,-3.11807253,11.13063407,11.56171816
2.07812500,-7.99795655,-5.59458830,4.16477347,-8.49643153,5.62721683,-2.96435390,13.37180021,7.34807680
2.08203125,-8.92968107,-8.33290626,-3.82920314,-4.23329804,0.95427156,-8.43196441,4.34249214,7.59072654
2.08593750,-7.81288193,-10.97962977,0.48686315,4.25354568,-3.13194720,-9.55148164,-4.74925411,8.94311675
2.08984375,-9.44993662,-8.06709354,-3.87057417,3.93695204,-9.39258034,-13.11881807,-11.48937617,6.33813836
2.09375000,-3.51724419,-8.40896263,-3.46633412,5.41322665,-5.71453313,-8.27552459,-10.70198294,6.74210896
2.09765625,-0.02292589,0.51477794,-2.41637809,7.43907633,-7.96565011,-15.47668506,-6.47118312,4.84241405
2.10156250,-2.63761318,-2.44814659,-7.44468437,10.95002652,-9.86208781,-8.93778383,3.52038321,-1.93924855
2.10546875,0.59325397,5.32402448,-9.92838180,12.39453748,-5.21251496,-5.39232002,10.75513544,-8.28468813
2.10937500,6.57191100,10.41062396,-8.32200705,13.56704345,-1.95636759,-8.12382289,9.95161780,-6.52241878
2.11328125,8.30034394,9.09070040,-11.64072207,7.09113749,4.84788488,-5.48037542,7.14112809,-11.13674961
2.11718750,6.73946206,7.27483894,-11.33020225,3.14249296,7.69623326,-3.47247419,-2.22589525,-8.61039631
2.12109375,7.05217981,4.93318044,-9.14137672,5.14291077,9.01888285,-4.10433514,-10.14115793,-8.75571763
2.12500000,7.82747635,-3.09052142,-11.56903337,0.15581258,14.43521346,2.36023197,-7.46369706,-7.33676884
2.12890625,9.86887881,-0.25832633,-10.01164947,-0.63791813,4.86751019,-0.27411214,-4.88995342,-7.57342854
2.13281250,7.67626203,-8.39922410,-9.82037763,-7.50838144,10.65023851,5.18205929,-3.28530445,-3.16552825
2.13671875,2.99389594,-12.54353167,-8.11063020,-8.30604242,1.72838698,3.36100694,8.64982199,5.37759977
2.14062500,6.39226119,-7.40140459,-13.52730465,-9.53935841,-2.18824554,5.56897202,6.48261000,8.93121022
2.14453125,4.52801734,-1.95503713,-4.25968328,-9.80577625,-6.02732197,9.75364575,5.51851483,7.96793685
2.14843750,2.70884625,-0.97670658,-6.21400014,-9.53734434,-7.73253162,8.92248089,2.67444180,11.14043652
2.15234375,1.94406687,6.53835542,-6.39474349,-4.88754167,-12.79204271,8.41020491,-5.24240568,11.16495076
2.15625000,-3.32600162,6.62986671,0.26354762,-8.07407604,-6.83020910,10.77916875,-11.62886582,8.42083215
2.16015625,-6.27837953,9.20015295,-3.40017317,-3.83785653,-6.93618764,8.29649996,-10.13646409,6.20434984
2.16406250,-8.53199847,10.96491297,0.07729127,0.36905636,-5.37464075,8.96449544,-5.66368980,4.75872324
2.16796875,-8.92953570,3.75289833,2.86400258,2.82441698,0.76334842,8.93210630,2.86165119,-1.00819915
2.17187500,-9.03444486,4.73533779,-1.41467395,4.53328485,3.36086636,10.47806523,8.50766811,-3.15961020
2.17578125,-12.56235281,2.27656516,2.68730242,10.13057408,7.53077389,8.47089559,9.51917291,-7.04205101
2.17968750,-11.16756790,-2.10238868,0.12737275,8.56428230,11.68995659,2.45828150,6.19806971,-9.67498000
2.18359375,-12.19555381,-6.84420916,2.46800310,13.11734840,9.35592749,4.83785520,1.11223040,-4.81412007
2.18750000,-8.08544490,-9.59287441,7.48236495,9.54680037,6.72808389,-2.05390183,-7.79540268,-4.72712439
2.19140625,-7.76940262,-8.43986226,8.88918408,11.34200238,1.93646146,-1.67726294,-5.91267602,-6.44988592
2.19531250,-5.16248804,-2.85901366,13.63682239,10.49748207,-7.47686077,-6.82241323,-4.49956581,-1.01338583
2.19921875,-0.58616872,2.31481870,10.01351957,8.30508228,-7.05917583,-10.83108027,-1.13003053,-0.52820824
2.20312500,0.28741586,1.79584278,8.85093909,3.23919542,-10.28976133,-7.24825364,7.73943604,7.08183675
2.20703125,2.24444355,9.73304253,11.55049540,2.88618601,-10.06925638,-10.73200733,12.23752697,7.70471108
2.21093750,9.87755909,12.72305551,10.47476436,2.55766894,-14.82607260,-7.39404393,8.24604718,3.63167864
2.21484375,10.43089861,10.49121901,9.72249209,2.70778947,-10.81570914,-11.74270758,8.37342028,11.85040430
2.21875000,12.37792018,12.10248406,2.20581578,-6.18747641,-4.37601968,-5.66867786,-0.23789408,13.31546384
2.22265625,9.85442150,4.62693242,7.92562438,-7.68190500,-4.58691398,-3.19433388,-10.58892014,7.76974945
2.22656250,9.65045352,-0.64327136,4.04011925,-6.84649373,2.79852593,-5.64811581,-5.33807103,5.39616430
2.23046875,7.23448499,-4.42167667,4.46163385,-5.66055391,7.73545194,-3.94524378,-3.79726848,4.46109218
2.23437500,11.24659948,-10.17172796,2.26189892,-8.18603108,9.71621563,-6.17437538,4.96697196,-0.71132413
2.23828125,4.74849066,-11.97821963,2.59406078,-6.00175957,6.33591761,-1.98263888,11.90792555,-5.93093897
2.24218750,5.76216931,-3.31106414,-0.02986485,-2.27688099,6.57490800,1.29213376,10.37994016,-5.25840371
2.24609375,3.25582889,-4.36213482,-4.26167509,-0.27379348,2.54102877,0.25355210,11.38436907,-11.21141987
2.25000000,0.76742844,-2.92243146,-1.72373933,-0.61411601,-1.48262341,0.81609485,1.07622133,-10.56796357
2.25390625,1.70162875,2.98972006,-3.01573137,2.28547078,-6.29469530,3.47282196,-4.82260759,-9.83936388
2.25781250,-2.58495692,11.61401487,-10.29742112,2.14705602,-6.78273545,9.91405520,-7.54308127,-6.06617031
2.26171875,-5.59568820,9.24506021,-5.37783655,3.89267102,-4.93058043,11.37690497,-4.98777665,-5.45153860
2.26562500,-4.58132446,6.21844071,-6.29328231,9.91992240,-4.89280876,6.48993588,-4.53026766,-1.55104210
2.26953125,-4.73697208,0.56536547,-5.85578466,9.45577766,-6.71772482,10.37311435,2.95347456,-2.72256043
2.27343750,-9.75789006,-2.85688819,-7.17503981,7.29635119,-2.63277431,12.68918710,7.05090280,6.43021416
2.27734375,-11.52884768,-4.31163120,-7.74819402,8.35841976,3.61495802,15.97414961,11.91277348,1.97774150
2.28125000,-12.38890775,-8.42831763,-11.27057134,3.69409181,8.22860082,10.47513661,4.05580630,3.45957642
2.28515625,-10.33574817,-17.00656587,-8.51940151,2.43756876,10.10688725,13.59448564,-4.99318038,7.47187285
2.28906250,-7.70823523,-13.39637239,-8.67623666,-1.47024440,11.91246568,12.03417926,-9.72697137,8.22251128
2.29296875,-8.22170078,-9.83761599,-7.57892627,-3.84447988,11.14193109,10.93230975,-11.59263100,6.30303280
2.29687500,-6.47026181,-7.51413901,-15.57871911,-4.82440588,12.35718555,7.96696723,-3.64962544,1.87325931
2.30078125,-2.65918422,1.12667759,-8.62844273,-6.36586732,4.77347570,-2.17630048,0.66604244,-3.83507614
2.30468750,-0.13048462,4.09835696,-4.67938438,-12.22635443,-0.24008182,3.90625303,7.80627038,-4.97428650
2.30859375,3.38880797,10.12796698,-9.45688052,-8.66446816,-1.69077068,1.53166735,8.87816842,-9.20553138
2.31250000,3.49863654,10.13822348,-4.50580715,-10.45642669,-5.63784014,0.42341331,1.46112259,-10.82303779
2.31640625,9.61461376,5.27077364,-5.65988700,-7.05322508,-12.46268854,-6.58089300,0.92587083,-9.91706632
2.32031250,6.22652930,2.51358480,-4.17688956,-10.29464152,-6.25357453,-4.88234262,-3.59505312,-12.03323209
2.32421875,11.43355255,1.12960372,-6.68964884,-8.02223615,-8.13643331,-9.02632256,-11.33212925,-7.24997120
2.32812500,5.26060710,-4.33039001,-1.60069997,-2.85595721,-7.71190969,-8.82804777,-6.56040291,-5.32145701
2.33203125,8.15103724,-9.33313081,2.78666200,-3.74456701,-3.97924006,-11.94858643,-0.95121866,-2.03417030
2.33593750,6.35374865,-9.93751232,0.09600389,0.57929582,3.77460964,-13.31733341,1.82290529,3.07676110
2.33984375,7.51655414,-10.10191531,0.85759854,5.22708649,8.10834682,-2.94245815,7.66991604,6.67239846
2.34375000,2.30275152,-5.48013775,4.09270194,8.39480067,4.64210761,-9.37651786,5.40340925,4.90548870
2.34765625,0.82976860,-0.04526656,3.14403114,10.81704361,11.04955549,-13.62262467,3.99591778,10.64934066
2.35156250,1.18255055,3.39557562,7.57897992,11.61512736,12.07467131,-15.29025326,-5.52592998,9.48694480
2.35546875,-2.95392914,5.38404334,7.48970022,6.41648700,4.99215441,-7.41651657,-9.27251225,6.22712608
2.35937500,-6.60451246,10.28095693,7.46000277,8.58671643,5.85870946,-6.72074803,-9.19041425,7.42261809
2.36328125,-7.57368546,7.47267554,9.17544018,6.92893937,-1.73433538,-5.48552587,-5.66185451,5.24418765
2.36718750,-6.49409904,6.95593537,9.16258668,6.47147314,-9.71136212,-6.22410000,-1.82827234,-1.27605092
2.37109375,-9.29435800,3.43975708,10.69368165,0.06981598,-9.03968857,2.38791938,4.38511071,-3.60573956
2.37500000,-6.81604879,1.27346919,11.02476723,-1.09723541,-5.80111990,-0.80356357,5.44610909,-6.82345786
2.37890625,-8.89416396,-5.03483881,11.13753385,-7.25102790,-10.33238634,1.75166506,6.31884272,-14.26988257
2.38281250,-10.63064096,-6.36539111,7.79542279,-7.30629544,-2.43104421,5.34675269,-0.57600984,-12.87367525
2.38671875,-7.17691437,-12.20445050,6.77071081,-6.73177826,-1.78009223,3.05942175,-4.32261376,-11.86317459
2.39062500,-3.80151949,-9.75217932,10.82680491,-11.71619583,4.76728069,5.60209061,-10.97905635,-8.45753399
2.39453125,-3.06288771,-4.07387669,7.24129239,-7.18911672,4.07486931,4.78380846,-9.81124278,-2.94638484
2.39843750,-0.97762585,-2.96187171,9.63316420,-12.57884962,10.96197409,8.54107754,-1.33871174,-3.23431680
2.40234375,3.20977753,3.61409133,7.86379517,-11.48394696,7.61346066,10.24360686,4.26557141,0.16300188
2.40625000,1.35493098,9.12190661,4.32110895,-2.87578861,11.50068370,6.73808095,6.09144367,2.34304243
2.41015625,3.79411635,9.23732960,5.25612782,-1.33843506,4.06066108,10.47995514,11.36531994,6.77538083
2.41406250,8.58382005,12.79976052,1.81189356,-1.85472301,1.75531974,12.05877961,2.64418825,8.09803766
2.41796875,4.14441278,6.70598449,0.70192847,-1.02036921,1.01076262,5.66040573,-4.03086145,9.98015447
2.42187500,5.72500623,2.15091935,-2.42745371,3.20885808,-4.69040754,6.58017989,-7.79971352,6.44677421
2.42578125,7.25236706,1.93976809,-8.89075194,4.92033793,-4.43650104,5.04445366,-11.27411215,7.11180122
2.42968750,7.72987747,-5.85066869,-6.53238785,6.26742969,-10.27880945,5.67311690,-4.33569989,-0.80944819
2.43359375,7.68705068,-7.87280248,-8.12581318,10.08546024,-8.98237721,5.03746767,2.90434555,-4.38103099
2.43750000,6.31768020,-13.99109447,-11.16437672,8.72536423,-5.57276220,1.75150747,9.88329445,-6.78438362
2.44140625,3.02513219,-9.20297829,-8.45035650,8.65464109,-6.38334866,-3.22161064,10.43698124,-8.78672816
2.44531250,-0.38485814,-11.50110461,-8.50729546,6.15983763,3.46082146,-3.49859495,8.20416727,-10.86689540
2.44921875,-0.13936345,1.48432735,-10.42876488,6.66831691,8.23884559,-5.71699004,-0.64525595,-11.87644421
2.45312500,-3.34686793,-1.20623771,-7.92419830,5.22483040,10.28796922,-6.80866569,-7.98792073,-10.34899510
2.45703125,-5.56594734,7.58240737,-9.63505418,0.85325708,9.05579688,-9.61226269,-11.77493062,-9.24756215
2.46093750,-9.99417724,8.27569831,-10.09682068,-3.93393737,9.97537136,-8.20516188,-11.21629796,-4.76279974
2.46484375,-8.84116261,7.33968576,-6.33366899,-4.39670086,6.52780457,-14.35727892,-2.66488273,-7.95893597
2.46875000,-14.91431825,3.70786376,-7.34334625,-6.84363192,7.75176974,-11.75645604,2.22320456,5.56516057
2.47265625,-13.10358775,-0.68164971,-4.94145861,-9.68515363,1.52355646,-11.81728815,6.46187886,7.16407459
2.47656250,-9.78016990,-5.46862740,-4.70111281,-13.43763497,-4.90608400,-9.91692211,10.05712311,2.98697981
2.48046875,-13.18915638,-8.72393550,-5.43300822,-14.80487746,-5.93392305,-9.87961207,2.81416146,6.36550236
2.48437500,-12.06118765,-12.39917544,-4.62208249,-7.98275942,-6.19330787,-8.69405876,1.68049135,6.09682050
2.48828125,-7.87707693,-8.92627698,-3.33742355,-7.16202512,-5.52750421,-7.86672093,-8.22489143,5.58488792
2.49218750,-6.80074331,-8.23826510,-1.07626727,-3.08064886,-4.71958087,-6.93645568,-9.19561451,2.83272992
2.49609375,-3.34553659,-2.13797867,-2.27349924,-7.08261436,-3.29166146,-1.51289898,-6.93174230,4.99456218
2.50000000,2.02325592,-1.84518242,3.01897950,-0.97104373,-0.91628331,-0.51749708,-4.92819821,7.72796315
2.50390625,-0.06550887,4.38111019,4.31051756,2.79563860,2.25910533,-1.22598402,6.18888967,-4.46435888
2.50781250,1.92686757,6.68248321,4.71023334,4.67449119,4.84881920,3.76465920,5.58303959,-2.95975079
2.51171875,5.98359454,12.43678144,6.74045809,8.47433060,6.44511631,-0.12562854,0.52458285,-6.92559555
2.51562500,10.41387256,12.02154210,9.61337367,14.00583079,8.46917733,5.88453484,0.34109004,-10.96467548
2.51953125,7.95390428,5.85682487,11.43613875,13.28515709,7.12153823,7.09090949,-7.57990313,-7.07235367
2.52343750,7.16152118,1.45112384,11.23005318,16.37866044,1.07012820,7.06757808,-8.31707600,-8.12059706
2.52734375,10.13737841,-3.21492176,10.51305373,10.68957378,1.74084247,7.71010627,-11.71026182,-3.53243321
2.53125000,6.02946675,-4.68922667,9.46964662,8.74892450,-8.39717155,4.65659559,1.01942959,-3.09509578
2.53515625,10.85614889,-7.94405438,12.01822810,6.24062348,-8.95280268,7.97561622,0.95332120,2.44156762
2.53906250,3.38066444,-7.05918552,11.36976753,2.19396832,-13.49820539,9.03345644,7.16718419,7.58452193
2.54296875,2.31651457,-4.22500472,11.20097319,1.27370044,-11.86825984,9.54345642,13.87242150,10.92099936
2.54687500,-0.72665770,-4.48361233,11.19487380,-0.91366321,-14.49833712,5.09072754,7.90995393,9.94501312
2.55078125,3.50485003,3.20681030,8.19064861,-4.28941607,-7.57305572,5.40983924,-0.67419638,11.69266180
2.55468750,-0.67447743,4.85107165,10.98046049,-2.71247590,-7.06650632,6.52436499,-5.21341943,13.33483896
2.55859375,-3.32447396,7.90580244,5.67868808,-5.28321316,3.36988248,1.41473788,-8.15364215,8.71045588
2.56250000,-6.47890206,9.32069922,6.44661309,-8.58929799,4.44404035,1.74502562,-7.41344830,7.14603734
2.56640625,-7.21119761,9.51979767,7.79538550,-3.17010831,9.88765370,0.56440113,-3.19976720,0.66371911
2.57031250,-6.13861124,8.21665682,1.47744006,-8.43436035,7.80208894,-4.24043363,8.10120306,-3.27981953
2.57421875,-6.78444790,5.33360788,3.38425051,-5.08795997,7.12426867,-7.00727772,9.09015027,-5.95515449
2.57812500,-9.75057986,-6.58947629,0.59806445,-4.27528784,7.90992075,-8.69730048,7.88474923,-5.77028136
2.58203125,-5.93694489,-6.82813145,4.75713324,0.32768392,1.12801216,-5.78139224,3.01181303,-8.41910177
2.58593750,-7.59612775,-11.99321404,0.60029398,2.37450080,-6.26384905,-9.45626991,-3.83349012,-6.67529263
2.58984375,-7.27058836,-9.39047779,-4.38171985,2.92228527,-6.89840833,-8.83171647,-9.03771102,-4.60935582
2.59375000,-4.51239063,-7.56988865,-3.01997581,6.36378363,-9.46935019,-13.44333888,-8.58965238,-3.00116071
2.59765625,-0.72952182,-2.49826609,-6.05364133,9.34512720,-11.98254186,-10.49585502,0.36236823,0.39212940
2.60156250,2.44501847,1.41806667,-4.63954371,5.75904428,-10.37263662,-12.00506856,-3.74215499,1.48398676
2.60546875,1.83269570,6.13530282,-8.63129839,10.45411773,-9.32414750,-12.33133457,5.65698559,3.36723214
2.60937500,7.05478660,7.90352299,-8.13578809,10.73331341,-3.03256927,-10.59905756,12.10873547,6.94563890
2.61328125,8.65042318,5.77760682,-10.29657647,8.15313968,-0.26210755,-5.61821491,8.89027970,8.16710821
2.61718750,6.89904913,12.17549663,-9.83243648,10.59960229,0.96005229,-6.07948898,-2.19211036,7.02583294
2.62109375,6.98452304,3.67981628,-9.18134867,5.16059337,4.06460525,0.73179056,-2.63340356,11.05975727
2.62500000,7.64572223,-1.14427406,-8.87651226,0.06699705,7.67350370,3.78338100,-11.57761104,5.25963137
2.62890625,7.27831424,-1.24269989,-8.80712997,0.06085962,9.02714349,1.97279373,-7.62789098,1.23386433
2.63281250,8.42337642,-9.02888353,-9.87390446,-3.52775502,3.70505010,4.64959117,-1.57095952,0.38135478
2.63671875,9.23875383,-12.11938471,-10.01424552,-5.44019192,0.93495154,2.36716636,4.90067260,-3.47719606
2.64062500,5.50376889,-10.50668182,-8.03373310,-8.54519115,-2.39226461,4.11717553,10.26358127,-8.21988175
2.64453125,2.18890481,-5.59695701,-6.99718864,-14.22495732,-7.62497409,6.51220791,9.22175571,-7.16895066
2.64843750,4.39167355,-1.52207261,-4.85973423,-9.21351126,-10.47131837,5.08652540,5.80990353,-3.73031037
2.65234375,0.98362458,4.61496265,-5.66463012,-6.29369709,-12.77527714,10.75526232,-5.01316324,-5.34116850
2.65625000,-3.21538945,7.65017848,-0.63074098,-7.55281203,-6.67716635,10.32120935,-8.88271540,-10.21319174
2.66015625,-5.96601510,7.19846064,-1.66314554,-2.69203159,-6.98530769,12.06084473,-7.00581477,-3.86908593
2.66406250,-6.81956168,13.91092165,-1.83232511,1.64476961,-4.26971491,11.56026387,-2.65245316,-1.27077677
2.66796875,-6.47651894,9.45319832,0.67997805,3.68809149,2.35478814,3.99054246,3.76754887,1.27779946
2.67187500,-7.59505962,2.59922198,-0.56616177,2.00931556,9.87149637,9.07277814,10.78311408,5.27408900
2.67578125,-5.67745852,-1.86294224,2.18479103,9.16658926,9.33773611,4.62199919,10.00603409,8.28388965
2.67968750,-11.06669848,-4.28886733,5.26173294,9.82905243,11.27447774,3.18019452,5.74848710,9.99181123
2.68359375,-6.41626495,-8.50954592,3.80016829,9.36889964,9.95859017,-3.02219916,-5.33711645,10.17924901
2.68750000,-8.79963822,-14.47263609,5.42986940,11.72423259,4.22031107,1.43119862,-5.04499628,9.85488935
2.69140625,-6.51911341,-8.43627771,6.32932607,8.97703339,3.25304825,-1.70799878,-11.39015215,9.32394784
2.69531250,-2.90722204,-4.82286733,6.27118800,8.76320403,-1.14498396,-3.65960866,-7.56270045,8.01807464
2.69921875,1.54962497,-0.37828171,4.21152157,10.95986592,-5.96782484,-5.22910538,-2.75598744,4.95866404
2.70312500,1.95259276,7.50802443,6.48888393,1.02776757,-8.84162016,-8.23482508,9.80434851,-5.27543900
2.70703125,-1.04113892,11.31094394,6.77620180,3.76645731,-10.73114917,-8.44459846,10.25808774,-4.21153613
2.71093750,8.23766861,12.45549147,11.41401301,5.33522631,-10.81844682,-8.47920249,11.80701268,-10.38126887
2.71484375,9.86410172,9.11623363,11.56203758,-3.29658664,-10.59456572,-8.27209611,1.41588977,-7.18816324
2.71875000,15.58754652,9.31997185,10.98299666,-5.26625857,-5.47342595,-13.40120573,-0.75651683,-11.03538546
2.72265625,13.78656164,2.18269767,8.13324057,-4.37082033,-2.42101989,-9.54220917,-5.04685043,-6.12107904
2.72656250,11.10023802,-2.33631659,5.67243863,-7.01984867,4.95038340,-4.70052449,-7.86229210,-2.65621756
2.73046875,9.76927069,-5.21841961,2.54665630,-9.55275314,8.95124197,-3.35662617,0.55107581,-0.55825275
2.73437500,14.85810008,-9.97793551,7.46200868,-7.30077958,7.37263792,-8.15914687,3.06895481,-2.86517346
2.73828125,8.16089630,-9.58126699,0.65432640,-5.76449535,11.15589073,-4.49931261,8.75136226,4.13321000
2.74218750,5.25905280,-9.19044256,3.48262250,-12.75943710,7.60871406,-2.55165396,6.60376326,4.13266113
2.74609375,6.19387280,-3.82052855,3.57390158,-3.37479373,2.43608392,0.86730186,6.26717746,8.22465955
2.75000000,1.13820254,0.61290003,0.12804334,-1.17875003,-0.98830888,1.56660424,-2.22590065,4.11964086
2.75390625,-0.45383140,6.93628887,-5.10072378,5.41229997,-2.57820089,3.21253507,-1.64916759,9.91969680
2.75781250,-2.81753968,8.34123993,-6.27446225,7.46047620,-5.81667394,3.49316557,-10.10439102,4.57750249
2.76171875,-3.67884693,7.93365130,-9.93252652,9.48417518,-7.14645509,6.02499838,-9.99418940,1.55037539
2.76562500,-7.25699370,8.63691023,-8.94349445,11.16793689,-7.61387043,4.70088164,-1.32326192,-2.79222358
2.76953125,-8.02091797,1.37525438,-8.57465689,11.21807573,-4.62639977,10.66605592,10.03417861,-0.41857780
2.77343750,-6.25187252,1.30727450,-8.25281600,10.47731757,0.43806185,10.18866874,7.13957496,-6.84475269
2.77734375,-8.71716148,-3.49143570,-9.35096273,10.17078806,-1.66343575,13.58631474,10.04751124,-5.47840109
2.78125000,-5.94214250,-9.47375564,-9.56043899,4.52398645,9.12589310,11.41617068,2.53737137,-12.55898130
2.78515625,-11.24618290,-12.14255273,-8.01888428,4.22722263,11.29197108,11.96100397,-7.40462518,-13.41225506
2.78906250,-5.75915525,-14.23984327,-12.19653790,-2.25877039,13.22202676,8.78547793,-9.91785699,-8.00371458
2.79296875,-6.09218259,-12.61092979,-14.31915996,-0.21645520,11.18182734,6.37380781,-11.29556894,-7.98102629
2.79687500,-1.61728372,-6.06907671,-7.17901880,-6.23584521,11.00021174,4.18179098,-10.05227658,-2.48631329
2.80078125,-0.33911454,2.41117841,-7.75087154,-6.26667979,6.05481756,5.91788440,-3.17894586,-2.47098702
2.80468750,2.58555463,4.51154739,-11.69845724,-9.29106537,2.58842748,7.61930199,5.19760562,5.72973259
2.80859375,4.45233905,8.44751234,-3.74508988,-9.81631587,-6.65092068,3.69300745,10.61323967,5.61067565
2.81250000,6.99434408,4.98992305,-9.99896942,-11.98086041,-3.22920919,-0.76477508,4.97917580,7.87259170
2.81640625,6.66055824,5.07651125,-8.16892888,-11.22377201,-6.69018019,-3.99360142,-2.64365990,11.39628414
2.82031250,9.86940912,4.81211769,-6.63272321,-9.62804278,-9.66599768,-6.16808575,-5.86883407,6.10429919
2.82421875,10.57608819,4.00192908,-3.34012459,-8.59359122,-10.31602415,-4.20508516,-10.76370515,5.94275711
2.82812500,10.67841729,0.24762022,-2.16367106,-4.68604848,0.97861921,-7.06690131,-7.16127114,2.71041000
2.83203125,8.30163601,-9.21204014,-2.71799393,-0.01854043,2.23747788,-5.72162515,-4.83777815,-2.13271103
2.83593750,4.94051086,-11.31390798,-1.24625683,-0.25896325,2.40918171,-11.38473831,1.71909928,-4.59973295
2.83984375,5.97929221,-11.44783744,4.03622509,3.70407106,6.38120098,-6.76435524,10.22936227,-5.76936145
2.84375000,4.85234783,-4.30297389,2.65338560,4.99770551,9.00569622,-8.25773174,5.24003927,-9.56031358
2.84765625,1.35860889,-4.40380906,3.05865574,9.05684713,6.77789470,-9.79598661,2.82742307,-10.56961310
2.85156250,-0.39854547,0.76907998,5.61689394,8.24816173,7.13851750,-9.24236040,0.47993344,-11.64276874
2.85546875,-0.63719529,3.56896253,9.44976235,10.92146353,3.16257067,-9.67968966,-10.89278406,-9.39448582
2.85937500,-3.96759042,8.18841662,9.24721361,9.84200117,0.58632913,-7.91982883,-11.36905266,-9.06843870
2.86328125,-7.41783892,12.72820255,9.30046093,4.12537006,-1.27319816,-4.80707458,-5.80564449,-1.04192094
2.86718750,-5.73187139,7.37417695,12.12975994,7.38940627,-5.28495565,-3.97703419,0.26382328,2.74765651
2.87109375,-10.60823289,-0.17554378,8.65230876,3.04728791,-7.37852018,-3.40793009,6.99582265,6.48851660
2.87500000,-8.58610219,-1.99273319,6.07307398,0.83999878,-9.85344407,0.62086453,11.39745563,3.08822163
2.87890625,-5.10781912,-4.68980788,12.21323809,-4.04803064,-9.96664185,0.62483194,7.27668418,4.19759311
2.88281250,-10.34476404,-7.86576550,8.01301817,-5.25820634,-9.83073694,2.16242912,1.29404153,7.80789098
2.88671875,-7.95748877,-9.64428031,11.66784459,-9.57168524,-3.30793426,5.00438820,-7.46598797,7.51786751
2.89062500,-5.41895361,-7.92760910,7.94265014,-7.88399589,3.74356838,5.54153442,-10.19798974,7.37509724
2.89453125,-3.02868943,-7.51310155,7.66246453,-11.02564280,6.37341222,7.02736079,-9.75259978,1.99979201
2.89843750,-5.12461385,-4.73312954,8.99564534,-9.82796566,11.76870296,9.54834957,-1.51870064,8.29008705
2.90234375,5.92496063,0.05584866,5.38580176,-11.51404351,10.64215012,10.74182933,2.29608043,-1.80946525
2.90625000,5.91798559,5.36210229,5.83747867,-5.95182357,8.63234718,11.57237141,2.87127045,-9.87661335
2.91015625,3.98285974,6.48116148,3.62895321,-10.19806355,5.31586839,7.76107333,13.28283960,-9.63171884
2.91406250,7.40959447,12.40519168,0.26428133,0.58158672,5.20858268,11.40376091,4.69710318,-13.45495991
2.91796875,6.38335975,9.15810919,-3.24634838,1.08287976,-0.03009929,6.13839221,-1.31097241,-10.84490626
2.92187500,9.59335025,2.45109669,-4.12414459,0.55745350,-8.09895877,10.12941445,-11.17275671,-10.81035107
2.92578125,11.15370864,-0.11992151,-4.79825142,5.92755467,-7.04392670,2.60360246,-7.19371762,-7.17452661
2.92968750,9.16646844,-3.83685347,-12.15477091,6.17586075,-6.80698272,5.04424565,-3.82761278,-0.58632825
2.93359375,7.61536881,-8.95986384,-6.40442380,6.71100283,-7.53517302,4.29953020,0.76474708,-2.63270463
2.93750000,5.14740073,-12.43546890,-7.50375973,8.41185359,-4.08400596,-0.66464794,3.25404221,4.39694836
2.94140625,2.15865869,-10.97136455,-5.28899154,9.11299019,-5.22803325,-2.18919088,10.02133494,4.82501884
2.94531250,1.42098451,-5.63238816,-9.01487669,6.13694898,2.97461836,-2.62828398,8.81268022,6.33466933
2.94921875,0.74516493,-1.83112710,-10.55736779,3.80029733,6.83890050,-3.88425597,2.21731833,9.52044779
2.95312500,-5.08520499,1.87064858,-10.67670033,5.09574572,6.53080634,-8.16691631,-5.29847333,10.33497354
2.95703125,-9.47111227,7.51973678,-10.67387694,-1.45615673,12.04883639,-6.66008056,-8.53559756,7.29837058
2.96093750,-8.62616769,7.16713454,-8.75381858,-3.56302897,10.31238667,-10.17231337,-8.00344366,1.25947881
2.96484375,-10.02761285,1.13465275,-7.20305264,-5.74663897,12.33966295,-7.91395717,-3.14471947,-2.30468933
2.96875000,-9.42396772,7.41052190,-6.36101191,-6.87974928,7.24530009,-12.77451556,-1.24702385,-1.26574106
2.97265625,-14.34389901,2.17800827,-6.43222032,-14.06410550,2.08093775,-11.30599287,7.63220653,-8.36748633
2.97656250,-10.29787763,-5.24986579,-9.97404166,-11.73854248,-0.53662646,-12.85670777,6.98276837,-10.34579848
2.98046875,-9.60661663,-6.62103571,-2.52965786,-5.64405248,-1.83663963,-9.85979131,2.29655780,-8.51805749
2.98437500,-9.62746446,-12.80483098,-1.84150575,-10.95692045,-8.17830776,-9.91102846,-4.29061441,-11.82640532
2.98828125,-8.66472014,-8.04687379,-1.28773236,-13.92391198,-9.29034907,-9.65487598,-15.26234991,-7.14777134
2.99218750,-6.25004027,-10.01112384,-1.49353442,-8.38969366,-9.70612434,-5.68730524,-14.27221842,-7.42911536
2.99609375,-2.55466219,-5.09495622,1.96159228,-3.64385558,-4.51997051,-7.38021610,-7.07602503,-1.78221045
3.00000000,-3.43900750,2.64333281,-2.44320054,0.99559873,0.22320093,-3.48157226,-5.89510401,1.59208197
3.00390625,-1.12086891,6.05057471,2.68565122,-0.94613801,2.62804346,-0.51745963,3.08563656,3.19694466
3.00781250,4.65113004,8.58642288,6.81218587,5.20619427,5.60882424,1.97585804,8.77033852,7.37508934
3.01171875,1.95157669,13.54151994,4.80189021,8.37286981,9.20156077,2.27524152,4.09127126,9.65974102
3.01562500,8.49088824,12.51203097,9.80825272,8.20041269,9.60161829,0.72930321,0.09548544,11.16179031
3.01953125,9.58613106,7.30949488,8.29794235,7.08635901,3.19909121,5.90862092,0.60667297,10.05449763
3.02343750,8.26299070,4.07073741,9.83010176,12.85003249,3.42059484,6.42918697,-7.60230764,11.77708447
3.02734375,9.45155236,0.43527049,8.95486587,9.90315476,1.64783414,6.29482786,-8.13028706,5.67989912
3.03125000,9.39060041,-5.47891342,7.20875192,12.41267128,-7.71266763,6.81729234,-4.91178030,1.32036889
3.03515625,7.31135339,-7.00690257,11.81431284,3.65690488,-7.58861616,10.04979696,5.89038901,2.78935166
3.03906250,3.84331472,-6.94718164,13.61782357,2.28484480,-9.28518173,5.38540320,8.83128156,-1.69006130
3.04296875,5.28188678,-5.53578541,9.11432873,2.24473868,-8.76449201,12.28104982,7.91897261,-7.86774205
3.04687500,0.54854233,-1.52794734,10.18325168,-1.75731664,-8.35017098,6.31559309,2.91453633,-4.51079603
3.05078125,2.46279086,5.22562533,10.97795819,-5.95792427,-7.04353478,4.93569451,-0.17860576,-7.47410568
3.05468750,0.91446503,10.31921256,9.25622407,-8.13272576,-2.41230982,5.42916577,-3.81738477,-5.84293679
3.05859375,-3.09821808,8.86707228,5.82582206,-7.31444543,0.69622060,7.39905649,-8.97710274,-4.41551178
3.06250000,-4.08302765,9.67249402,6.14624999,-11.21821808,5.99980926,-1.11492882,-5.88240601,-5.15414281
3.06640625,-4.93501809,7.65615667,6.06274899,-8.96818132,8.11961119,-1.70599918,0.82754492,-1.43778887
3.07031250,-9.70666113,6.66385552,6.45868837,-7.21506726,9.56564139,-6.52181853,9.74474531,5.90680824
3.07421875,-10.05644287,-0.17578620,3.62557609,-7.84680354,3.33875660,-8.85129141,8.88369548,8.84919384
3.07812500,-8.89471851,-1.99424672,1.99257003,-2.94963634,3.04486795,-4.50205430,12.03901096,10.19044910
3.08203125,-5.74453077,-5.81325758,0.51924323,-2.44311213,3.89915133,-7.59610487,3.64033409,8.42915706
3.08593750,-5.90073882,-8.72438913,-0.04798799,2.12599194,-2.50513089,-10.06268124,-5.10774103,11.03748706
3.08984375,-4.36703429,-5.46895775,-3.47100443,5.20426156,-7.64484041,-8.45828665,-13.66142863,5.35658362
3.09375000,1.06307215,-3.28002992,-5.75602502,8.01426846,-10.94949493,-9.31166352,-12.05457360,10.88267932
3.09765625,-2.60169901,-4.38685431,-4.05657069,9.03284055,-8.01359382,-10.33589824,-6.09115271,1.62776536
3.10156250,3.21108725,1.43206950,-3.93666254,8.89708408,-5.10610522,-8.48795044,2.83137975,-1.20507936
3.10546875,3.33728802,6.08044313,-3.92049093,7.31234928,-3.26047508,-8.92503919,11.22801433,-3.90051023
3.10937500,4.77652798,8.32567276,-8.32683508,9.79205344,-3.01624176,-8.72505616,11.78121563,-5.11503748
3.11328125,13.12771244,8.94891560,-8.71755012,6.84174178,-1.93536407,-8.81856300,5.40607418,-4.05866632
3.11718750,6.12125056,7.77096033,-9.21275628,5.02657267,3.81397520,0.00894219,-0.29446241,-8.57782975
3.12109375,6.90797263,3.49140998,-7.34239000,4.62622620,5.59446256,-4.67692674,-6.05729992,-11.08212518
3.12500000,10.45426358,-0.24835495,-6.23170266,2.68811108,6.70789570,0.62968749,-12.25143674,-6.80995310
3.12890625,12.18283321,-2.44887974,-10.23327190,-0.72755972,8.70518851,-0.19248588,-7.94162453,-3.34816060
3.13281250,5.21491928,-11.15029826,-9.80182236,-5.46098228,4.49775819,4.16572152,-0.87944808,1.93950079
3.13671875,5.14428641,-8.91521549,-9.21292585,-9.83332991,4.26736928,2.86592718,5.47443624,2.69906568
3.14062500,3.72466344,-8.29351297,-7.89595901,-5.04960927,-2.24512942,7.42249703,8.02302686,8.80714841
3.14453125,0.38039402,-5.55889498,-7.61617417,-10.91045683,-1.68505892,6.59170027,9.41577885,6.28721651
3.14843750,2.61143239,-2.39237106,-6.10712153,-10.01285633,-7.22331568,7.41332898,0.32777648,13.82158512
3.15234375,-0.65501958,1.09490691,-4.11446043,-6.95757118,-10.07257161,9.68559337,-6.48767315,11.20140643
3.15625000,-4.99574166,7.51778610,-6.79974003,-9.43932209,-9.75326996,10.03191057,-9.78947598,13.94082508
3.16015625,-4.90491504,11.98125254,-0.37398192,-8.45397049,-8.87159811,9.67509911,-8.41779560,5.52372779
3.16406250,-7.34782634,7.91577841,0.80957151,-1.92742353,-5.63308788,9.08783210,-7.05477128,2.59914184
3.16796875,-6.87471964,6.84596967,1.89191771,2.48830112,0.07402539,6.23732457,5.41355713,-3.37644747
3.17187500,-8.37902098,4.92744917,0.77488144,4.95528372,4.18870404,4.03902549,7.60912805,-5.44856082
3.17578125,-8.95656415,-2.40574313,5.34632592,5.11204963,1.69928774,4.18098767,10.79177204,-9.57064212
3.17968750,-6.28187198,-3.70115128,2.90168511,7.54302487,11.61413525,3.83933255,8.49358304,-7.19358118
3.18359375,-8.03689930,-8.23999517,6.96192176,8.69357679,11.86971643,1.95338159,4.98988908,-9.69482914
3.18750000,-5.53952014,-6.89662187,6.93730422,13.18475077,5.53669147,-0.98209629,-4.91363202,-10.44074840
3.19140625,-4.53759731,-7.72311072,9.63129906,11.03744503,4.10086369,-3.05857120,-9.75094601,-7.39246892
3.19531250,0.10423089,-7.34996683,10.53831487,11.18488496,-2.93748974,-6.87489776,-4.65968983,-2.21569160
3.19921875,2.28031948,4.71490082,12.66789085,4.31225891,-6.37902071,-4.74136821,3.32139770,2.26382162
3.20312500,2.34598685,5.54639058,11.50395011,6.12847084,-7.83329874,-6.37726491,6.37119427,4.65554289
3.20703125,4.62188768,10.48729650,8.31874581,3.29299731,-10.24576077,-12.16183329,9.65894087,6.25361841
3.21093750,8.85676432,13.68448976,6.07022232,-0.95477447,-11.56347520,-8.60631717,13.73946761,9.77005570
3.21484375,9.03812781,10.14285208,5.34507103,-1.62163413,-10.43767429,-9.25025314,9.07063977,12.88209629
3.21875000,8.61890394,6.07753723,2.26249938,-4.11287848,-5.25270691,-5.67151215,0.66226189,9.38690996
3.22265625,11.38755081,4.47169124,6.23461917,-6.11364371,-1.48548542,-6.96934264,-6.84156494,18.58102851
3.22656250,9.15705838,-1.12978091,4.93224813,-9.33020982,1.48068636,-5.76102808,-6.59559143,3.55763899
3.23046875,8.30547220,-0.96593101,4.53623005,-4.43677821,7.85341406,-5.87419764,-3.75605011,2.41165654
3.23437500,6.99698669,-8.96119730,7.40698789,-10.73381046,3.42770463,-5.28097402,5.86496041,2.84861324
3.23828125,7.68542782,-10.00839657,-1.22222228,-6.88317512,6.52107781,-5.82341264,9.14975790,-2.37158511
3.24218750,3.81042896,-5.63156074,3.03156599,-3.74752436,8.12482620,-2.13080062,12.13549457,-9.47287109
3.24609375,4.42058986,-4.68081365,-2.49750185,-1.90038175,0.64984615,2.09361519,10.88499611,-10.85848224
3.25000000,1.15017473,2.16155304,-2.04863153,-4.54092289,-2.54273502,0.90278325,1.67204582,-8.34757918
3.25390625,-1.95276696,3.07943102,-3.85310660,3.51133211,-5.17470876,4.63122894,-3.77971284,-10.68290378
3.25781250,-2.91508344,11.11474935,-3.54482609,5.03073726,-6.29994073,8.63436346,-8.93702805,-3.49018551
3.26171875,-6.55255429,6.17953753,-4.01267234,11.37654145,-8.13034059,8.10465291,-10.07063251,-4.86763180
3.26562500,-7.73582167,9.91679306,-8.26774444,6.99727052,-7.73319942,10.47005693,-2.36922071,-7.65464365
3.26953125,-5.81270590,5.60678943,-9.44524528,12.63630694,-8.90597343,12.56044390,6.10036713,1.77828688
3.27343750,-12.69882804,3.38724037,-7.52745121,5.54004842,-3.15800798,8.83116897,9.33748642,5.88737972
3.27734375,-9.41007878,-7.08620328,-8.80101297,8.62488330,-1.31177757,11.40031611,11.66021946,9.64291454
3.28125000,-13.80538684,-11.42584460,-18.24273383,2.46794228,8.26306769,15.11682856,3.85022555,8.05829780
3.28515625,-7.46897386,-13.87985526,-6.24957261,0.32908723,11.24684661,11.15943069,-2.32479071,4.81300549
3.28906250,-5.75185090,-12.57971213,-10.35764626,-2.45587002,8.26508406,7.17334518,-10.05478859,8.74279102
3.29296875,-2.74265594,-10.95226526,-8.52436570,1.08454544,10.32669771,7.68768023,-11.41115511,6.09756804
3.29687500,-4.49049255,-5.93247388,-10.57752102,-2.72550386,10.44634759,3.27100655,-5.62361162,0.26669318
3.30078125,0.39341258,-1.18850606,-6.84512294,-10.91692948,8.15501931,5.60298033,-1.17908313,-3.78909070
3.30468750,0.12392032,3.26571356,-8.87017820,-8.76053315,2.32775850,1.76167092,6.17367912,-5.09498939
3.30859375,3.07321914,11.07766355,-10.11488882,-8.60709920,-3.52001446,1.10551652,9.86370087,-10.12609310
3.31250000,7.83579672,10.69917227,-8.53102192,-10.32092485,-4.95670574,-0.83882051,6.46983220,-10.41304492
3.31640625,4.42603354,8.69353246,-2.96681557,-10.51924820,-7.36611919,-1.71766882,-2.28448943,-7.62166946
3.32031250,7.71465914,4.79733416,-5.69319786,-8.01837067,-6.19128765,-5.36352744,-9.66854114,-6.89777014
3.32421875,10.34070286,-1.89196740,-4.50627760,-4.20739773,-7.69784550,-6.64342412,-8.69781341,-7.22661208
3.32812500,9.47453685,-5.09522955,-4.41866554,-1.50987429,-3.22135086,-6.56975280,-7.84562967,-4.08273785
3.33203125,7.63030434,-4.87841120,-5.70118813,-5.24341644,4.17462743,-6.70954078,-0.44948310,2.61584255
3.33593750,8.81413533,-9.44292335,-3.39735741,-3.16178293,0.31884053,-9.17749974,3.48876334,3.25288248
3.33984375,5.62259944,-8.44568463,4.03768085,6.39999310,5.62066939,-10.01917867,10.96628880,2.86258787
3.34375000,6.21608377,-6.75457085,2.57527046,7.43294290,9.56119990,-12.11352648,6.31725524,8.33461168
3.34765625,-0.75277059,-5.11371641,3.03183134,5.13209598,11.99481830,-8.53261698,4.07136590,11.28422235
3.35156250,-1.52862177,3.50295788,5.71894931,9.65737417,6.65648693,-11.98608101,-5.24486908,11.02483906
3.35546875,-1.26669542,6.68219520,4.77086919,13.55932722,5.11574556,-6.66890030,-6.85503348,6.16851488
3.35937500,-8.17431782,9.36158321,8.47021453,10.78574553,2.53686734,-6.96792727,-11.00732887,4.91822231
3.36328125,-5.82819592,7.01624652,8.51532066,11.62717178,0.48808763,-8.27398630,-8.88061116,0.45365026
3.36718750,-9.41656620,6.47584430,13.85416573,5.48773548,-6.14012009,-5.52615283,0.46972490,-3.46365533
3.37109375,-8.28793783,8.76040351,7.87904927,-1.78488324,-12.02424857,-0.23039568,11.68134501,-4.26143901
3.37500000,-8.52789127,-1.21567829,10.57833723,-1.20699337,-10.35269824,0.97204400,8.88793469,-8.77101580
3.37890625,-12.30235538,-4.83626827,8.80412644,-2.56798088,-7.52066830,5.90632283,5.25980692,-12.36658725
3.38281250,-10.29671480,-6.73674504,8.42249070,-4.38878430,-8.58959169,0.92640361,-1.91822438,-13.30757101
3.38671875,-5.32858120,-8.36269904,10.82962507,-7.19946490,0.05656849,4.28734470,-8.22397846,-8.31262013
3.39062500,-5.47367290,-5.68715025,11.04973025,-9.42800853,5.10405003,10.07937326,-11.82361832,-6.74652807
3.39453125,-4.07325111,-8.75483791,8.38609041,-7.00019402,9.07364745,4.51792497,-6.15274454,-4.09619351
3.39843750,0.58127001,0.47276097,5.47194766,-9.65454764,9.90852425,11.25867324,-7.84566642,1.63787633
3.40234375,1.51449898,1.60133891,9.65550400,-12.96629991,6.17703412,8.49758755,4.87379399,-1.95612930
3.40625000,1.62242577,7.27683658,3.49201416,-4.84075283,8.20230449,12.27782889,6.58414747,6.34437406
3.41015625,7.01171186,10.52754641,3.12911048,-2.15555023,4.32339749,10.69047005,7.84470394,6.34742395
3.41406250,11.85672555,10.45762624,-2.27267348,-6.72228614,3.98963330,10.50320357,7.29386387,11.38034482
3.41796875,7.76426845,9.08096973,-2.28827039,2.32807563,0.22282528,9.22153877,-2.07616600,11.65415834
3.42187500,4.84990149,2.79308404,-3.90633844,3.42677084,-5.19343563,8.75557192,-9.01621409,6.60030111
3.42578125,7.69655132,0.45595940,-1.62863404,7.78710093,-11.71494169,11.93268601,-12.32040605,7.92909244
3.42968750,6.87090272,-8.17646493,-3.00968724,7.12448096,-12.20738494,7.62765714,-8.89077608,2.83772504
3.43359375,9.28405947,-7.92199826,-10.49523593,1.78238161,-7.65208398,0.96855602,-2.23536904,0.43056888
3.43750000,5.86471676,-15.19411864,-4.93865871,8.11420243,-6.83753958,-0.49100854,5.26925384,-3.34931574
3.44140625,0.05293945,-9.73348184,-6.50205392,9.62136771,-1.27078009,-3.52713712,11.37456887,-7.05497035
3.44531250,-0.19205003,-5.27185847,-6.92907808,5.53138164,4.83972312,-1.57015782,5.62624053,-13.33699911
3.44921875,-0.67056658,-2.29395468,-9.14160831,2.64620223,6.61447658,-5.93289374,-2.89613526,-17.07138395
3.45312500,-3.41149425,2.04356935,-9.56300715,-0.00225740,11.47885474,-7.59011081,-6.38711231,-10.84281792
3.45703125,-6.36317696,8.72684891,-9.48650613,-1.33632166,9.53191917,-12.93191760,-11.67370162,-4.36934651
3.46093750,-6.63872541,9.04784951,-10.06498604,0.63277613,11.76348940,-10.14327120,-12.11955088,-9.74001048
3.46484375,-6.57758158,5.80433537,-12.20174877,-5.53133114,9.96507461,-10.57836985,-5.85404361,-0.93088786
3.46875000,-7.48298683,3.54079025,-8.16180620,-9.46706857,-1.94606279,-11.90975295,4.38356466,0.16273809
3.47265625,-10.46321191,4.12852246,-11.74321315,-10.78037751,1.18745093,-7.89452274,6.18860179,5.45712049
3.47656250,-11.42322714,-3.14101964,-7.33440004,-12.34142086,0.32064379,-10.76728911,4.08100214,7.31834803
3.48046875,-10.63974717,-1.34212230,-2.82087783,-12.69324531,-6.31244103,-7.36739033,2.43436020,6.79062374
3.48437500,-9.21475644,-11.69539939,-6.43994453,-10.62532686,-8.78823071,-8.77443720,-3.56543166,8.64957208
3.48828125,-6.83622813,-10.45620518,2.40316662,-8.36314444,-6.93469620,-6.49313220,-9.95946808,11.53030904
3.49218750,-6.40084787,-9.18863227,-4.71967513,-2.84866955,-7.10881907,-6.90492192,-12.16485024,6.73411945
3.49609375,-7.02338305,-4.31685936,2.26534975,-7.78695640,-2.86651600,-7.78331443,-5.62923427,-2.20359675
3.50000000,-0.99622419,1.23416095,7.04975905,1.06002971,2.25338283,-1.08566083,-0.98830633,0.39599183
3.50390625,0.38028013,3.52635374,4.89752737,1.67554954,4.35550267,1.36465255,3.62926304,-1.60349462
3.50781250,2.85823167,9.65065553,6.78300578,3.67222805,5.42526866,-2.19046355,8.55970630,-3.66733655
3.51171875,8.90131827,6.83755931,5.79135479,9.36882915,11.52216969,5.41559386,9.05885512,-7.78510596
3.51562500,8.24554173,10.26479448,4.22355604,12.85163831,8.18804472,5.69669721,2.17891219,-6.68247976
3.51953125,7.67130049,6.32648522,8.25866257,12.50216834,4.04076621,2.28478393,-8.06512441,-5.29647292
3.52343750,9.80596754,7.01748527,7.18512532,15.57167826,1.64031208,7.71547375,-8.35619346,-8.72898445
3.52734375,8.51796480,-2.20467366,7.67446007,8.36811987,1.86615037,10.59204041,-7.55378220,-5.94250290
3.53125000,8.17250792,-6.34896141,10.19903148,8.00873384,-4.55915954,4.74564127,-0.33159279,-0.14728000
3.53515625,9.20839693,-6.66594477,11.60654139,6.96376704,-10.12638991,8.33700431,5.62237165,1.17505561
3.53906250,5.50971821,-6.69360470,9.09063622,4.41979829,-5.14452276,5.37252460,10.67154934,9.29735914
3.54296875,5.80048258,-7.35942699,10.28630401,3.67456439,-7.63569156,7.71450196,9.63955718,9.64456805
3.54687500,2.35784400,-7.03327234,6.11942743,-3.74914417,-9.30665457,3.81955164,8.57835857,12.49108257
3.55078125,1.43376679,2.00193350,9.78288629,-3.15743255,-9.82417622,8.18573007,0.08846227,13.83653201
3.55468750,-1.13043508,5.04698425,8.06896108,-5.43235349,-4.64708529,3.46745703,-3.75545228,10.48546596
3.55859375,-4.05709727,11.55474669,4.77941766,-6.96258291,4.99115640,3.26893359,-7.80663005,10.30760752
3.56250000,-8.62716244,7.60434992,8.70227866,-7.32526946,6.74012358,-0.31243990,-7.26834216,0.27680343
3.56640625,-8.45227995,13.49184850,9.65247571,-15.03707527,9.10013834,-0.14997567,1.90804254,0.25879505
3.57031250,-9.56243644,8.25843691,5.29908962,-10.04703453,11.69484898,-1.62499194,10.19078163,-1.81586484
3.57421875,-6.80891672,3.61031091,-0.20750291,-3.31747007,8.64321886,-3.74397985,12.02044702,-3.32533274
3.57812500,-6.66791826,-2.52563303,2.06978900,-2.33225818,4.45748092,-6.76146168,9.39861546,-9.42929303
3.58203125,-8.30194368,-6.01066892,3.53873245,-0.30962384,4.63702554,-7.08245742,2.77616032,-14.06914067
3.58593750,-7.80263254,-9.32123373,-1.52882075,0.16064222,-2.90896317,-9.86606151,-7.40515201,-5.31105783
3.58984375,-1.45670433,-3.76990543,-2.35275906,5.05824555,-2.92877039,-11.29983808,-8.27327909,-4.86714463
3.59375000,-6.10915131,-4.84524502,-0.88118528,9.61665153,-11.73343056,-10.79053683,-8.70709207,-3.58330375
3.59765625,2.19200245,-0.26018927,-5.52533346,9.43855826,-7.83647632,-12.22103855,-4.76084852,-1.80501983
3.60156250,0.17444009,2.66551070,-3.42340301,7.78810436,-7.53012671,-9.04971280,0.93888146,-0.05376421
3.60546875,5.01663335,9.03367127,-7.04256954,13.83735952,-6.55655788,-11.38640522,8.49236406,4.04629616
3.60937500,6.43960282,8.88678594,-6.99292387,8.86785522,-1.94191375,-5.01350174,9.51827126,8.65543538
3.61328125,9.82949109,9.75341027,-7.33526999,6.78455611,3.33328864,-6.34711107,5.87273467,11.47068237
3.61718750,6.17518531,8.31897107,-9.31566746,5.67713612,5.21054808,-5.82140449,-1.69395551,9.73293430
3.62109375,11.80697001,4.02511758,-11.92493305,7.04152994,7.18011824,-0.85659929,-5.78513639,11.54492751
3.62500000,10.09758024,-1.92566442,-10.17432123,-1.23031448,7.70011272,-2.69651583,-6.28700136,12.70253796
3.62890625,3.04212862,-4.62532187,-10.15307448,-4.11492831,8.52771467,2.64984138,-9.29351780,3.60299673
3.63281250,5.16676854,-4.10097418,-8.54869054,-2.79820458,6.46745761,4.32711128,2.14954065,-1.90319465
3.63671875,8.26578284,-10.79041650,-6.89085740,-7.65247981,1.04311102,9.11400217,3.66428139,-3.33311412
3.64062500,6.40142662,-7.54068661,-10.61062440,-10.38501935,-4.14733214,9.79334639,8.42073242,-8.58862286
3.64453125,1.56542127,-7.82081323,-4.00066116,-10.60907009,-3.46196296,7.74133244,8.38908691,-10.79163030
3.64843750,2.14661115,-0.36409018,-7.96919988,-13.36568660,-8.22173355,9.04897920,1.68559563,-9.54824433
3.65234375,-1.09629456,1.48300354,-3.97593020,-9.70335399,-7.75246518,9.61200629,-1.57347153,-5.42683352
3.65625000,-1.40918524,5.97832458,0.03141248,-6.38986840,-9.52811612,8.30572508,-6.97139886,-9.62033627
3.66015625,-4.93805656,12.29933408,-4.27879862,-4.41146985,-7.84188387,6.64533966,-9.43292246,-4.01488066
3.66406250,-4.75264975,9.71974740,-2.90137322,-0.06966057,-5.57425939,8.71754853,-3.94229709,-1.13234340
3.66796875,-6.66988247,9.48294213,-1.84522958,5.08342847,0.95449127,4.09740270,2.35101507,-0.82737242
3.67187500,-9.89535853,1.65017933,0.81944794,8.33481843,4.99055471,5.73002308,13.55109416,5.38374213
3.67578125,-4.72687866,-1.41633104,2.46723107,4.99912838,10.41036688,0.21293077,7.68124454,9.17935675
3.67968750,-8.83009075,-5.10138216,9.07466752,9.00390404,7.41497033,9.10959708,3.16556934,13.57329081
3.68359375,-7.68455948,-7.87921232,7.51382999,13.24648206,4.14645482,0.05878396,0.89125641,7.92491625
3.68750000,-4.08675991,-9.38050996,6.08036557,11.27575524,3.49660033,0.63397414,-7.96213892,10.14426067
3.69140625,-2.10769756,-7.82484064,7.90305044,12.14763591,1.86227427,-6.20134584,-7.04947069,12.60055955
3.69531250,-2.86712580,-6.62428759,8.48395414,6.27299834,-1.10307204,-4.81938927,-4.09540629,5.09763440
3.69921875,2.94399907,0.55337382,13.27745785,6.28792792,-10.03416872,-4.66466404,-2.06151012,5.50128390
3.70312500,4.01538849,1.99920659,11.15060111,4.89783053,-10.45781071,-7.60175185,6.24081160,-2.47642672
3.70703125,5.57645374,10.97898836,5.74613986,1.44329235,-7.37608014,-6.01603437,13.33767363,-1.64235112
3.71093750,7.04808465,8.02873892,9.96018820,-0.94600713,-13.99492379,-5.72370812,10.99384898,-9.80822793
3.71484375,5.87452323,12.01533541,10.28040972,-4.48719358,-10.26699905,-7.44655033,4.16522752,-7.35463081
3.71875000,10.57477999,2.96057943,7.17216320,-2.37812788,-1.26179472,-9.68099874,-3.30852997,-7.88298172
3.72265625,9.00799087,1.70383171,9.96337963,-9.01522980,-1.74024322,-13.32811576,-8.45330217,-1.57554953
3.72656250,11.96923147,3.24957528,8.92064458,-7.13119042,3.68045191,-3.57617033,-7.23748248,-8.93860735
3.73046875,10.77422838,-3.72073933,5.40430400,-7.45968477,5.05633696,-6.69044212,-3.60488568,-0.51858239
3.73437500,5.94133474,-13.95357371,2.81069914,-5.53045518,12.02264804,-6.10324181,1.35279615,-3.36342276
3.73828125,7.01502401,-7.91193155,7.03032737,-5.96004427,8.06087758,-1.81933482,9.43490466,4.38148196
3.74218750,7.17911562,-6.43811629,2.91501588,-5.68887736,4.47125112,2.08931795,13.40051915,7.00948703
3.74609375,1.33754210,-2.16526395,-1.85496208,-3.57726956,2.04691711,-0.28315675,9.96923288,2.34404254
3.75000000,0.49313393,-0.14365424,-2.21494196,2.80812706,0.30251981,-1.48125709,-0.85984879,11.35529770
3.75390625,-1.11189835,-0.09181432,-2.53269322,1.70495270,-3.83579105,4.73724097,-7.46655833,9.79426448
3.75781250,-2.73817399,7.28016817,-7.00350999,7.29295970,-8.87242592,3.78613822,-5.14972152,3.92167789
3.76171875,-4.92692217,8.02919259,-7.56008481,8.43511463,-7.12329805,5.64851646,-8.55963485,1.84820486
3.76562500,-5.95189358,10.18523689,-5.67143062,6.97473332,-9.54876340,5.56519437,0.76921103,-5.52230486
3.76953125,-8.56199392,5.38373868,-6.12811891,12.58662750,-6.83292588,10.53442209,3.63627798,-5.74865277
3.77343750,-8.30949848,-0.89620769,-7.60957824,3.53893028,-0.87092521,11.66073952,10.62495216,-7.00986840
3.77734375,-7.39637557,-6.36231536,-10.57418514,8.76091781,2.41263183,10.70909754,6.76058619,-7.94987006
3.78125000,-9.89089196,-9.27539099,-10.44437577,9.28525133,6.19907005,11.09809138,5.64771958,-12.07723750
3.78515625,-7.14161336,-9.58994409,-11.07672210,2.05700242,6.57414212,12.86922802,-4.95827123,-11.57817888
3.78906250,-4.30596053,-14.20942270,-12.11851346,2.06420095,9.64153320,5.91207702,-11.38378901,-12.32858993
3.79296875,-4.35694455,-9.29601445,-5.75692727,-1.85141824,9.60698096,7.19130842,-10.66624263,-5.69261429
3.79687500,-4.25321433,-7.43547874,-7.97726380,-6.86866195,12.42191662,3.66443390,-9.11526156,-5.19092300
3.80078125,-0.87220488,-0.25880204,-12.30319784,-9.03818509,9.34139062,6.66511989,-0.46550227,1.82668732
3.80468750,-1.48861442,1.44519117,-6.37912834,-9.79866482,2.15285926,1.23542978,5.88672216,5.97358136
3.80859375,2.61907668,6.04145355,-6.12966329,-10.11444788,0.25289369,0.62794054,7.94519055,5.46103011
3.81250000,5.56453822,9.39914215,-4.92321359,-10.06442173,-7.70908610,0.33633096,1.56185647,16.94018902
3.81640625,7.61395203,8.12557171,-8.22812859,-9.09805016,-9.58374772,-5.41836363,0.16823949,10.73482063
3.82031250,5.76050165,3.94298946,-1.64800088,-9.92474475,-7.99454195,-4.24430112,-4.25435940,9.72905608
3.82421875,7.61471250,0.28625749,-2.42884986,-6.55360378,-7.47914319,-4.95628699,-8.60106282,7.62952823
3.82812500,7.77753945,-3.34221763,-4.57694681,-3.02065802,-8.96001730,-7.88049828,-7.97712643,3.74624397
3.83203125,8.25488697,-6.70580218,1.29098008,-1.75128857,-3.34087162,-8.95306889,-3.72101238,0.03589146
3.83593750,7.54865397,-8.02899240,3.19393518,2.57818533,6.86938645,-9.66368899,8.74670818,-2.23227374
3.83984375,5.56790394,-12.16003231,-0.01591514,2.09049582,9.00319268,-8.31628223,9.88549869,-5.09735337
3.84375000,4.81567224,-5.24938528,2.52129685,3.71874534,8.01182470,-14.45992834,8.18832020,-10.52181867
3.84765625,3.81294399,-1.32807816,3.52058670,9.36943441,7.54057344,-7.62974245,0.95986750,-10.47012303
3.85156250,-3.57853944,0.39495518,4.75314648,7.96461183,6.34394282,-3.31494788,-2.27218472,-6.59810953
3.85546875,-2.98767141,5.33721337,9.12911764,7.44478972,7.29026445,-11.61773791,-7.42595297,-6.89195375
3.85937500,-5.80933994,10.84605765,11.56653754,10.09703040,3.12495784,-7.18777261,-7.11411776,-8.80249214
3.86328125,-2.94394326,9.71449558,4.83733248,7.10026862,-8.60541562,-6.16007014,-3.90196952,-2.32180271
3.86718750,-6.82447085,10.03742941,9.43645975,5.58967059,-11.67044029,-2.95426127,1.01366535,0.48417685
3.87109375,-9.29510952,8.40683670,9.03968580,-0.81259164,-10.40565051,-2.58188180,7.86972852,3.74980422
3.87500000,-10.41396164,1.97028270,7.95923982,-2.94270496,-4.79111278,6.38373719,10.22776415,5.08582980
3.87890625,-9.23739733,-4.69768093,9.47854755,-4.70697522,-5.84847778,2.14797918,2.54682508,8.89835939
3.88281250,-7.20602266,-10.71642930,7.01168399,-4.80517047,-10.57215863,2.15430984,2.01692868,9.15799854
3.88671875,-5.48857338,-9.08954423,6.03519571,-5.93051763,0.01580728,6.62866182,-4.75544629,11.98768787
3.89062500,-6.34000132,-9.89284977,8.97500600,-8.45828148,4.40869710,3.42968942,-11.71207596,8.45024355
3.89453125,-1.88222210,-5.52622954,8.87698868,-13.67115681,6.61747700,9.45123047,-10.90942992,5.01511236
3.89843750,1.72413472,0.07885526,7.15727484,-11.41582058,10.29874314,11.12536660,-3.74203078,4.07107248
3.90234375,0.97119934,2.66718578,8.92107561,-7.43512383,8.27472745,14.18644146,3.08453922,-1.89139504
3.90625000,5.60782777,10.20666820,4.27120601,-9.58739789,10.52940941,9.39808902,5.68094578,-3.62102284
3.91015625,7.02649433,11.09996005,3.28446242,-3.99017517,6.13043681,11.61889272,9.09739441,-6.07768112
3.91406250,7.12672423,9.33872282,0.29520286,0.28727613,6.52355278,11.94271950,1.16292100,-12.16455702
3.91796875,9.25340399,4.46399734,-0.40877042,-1.50009738,-3.50590331,8.21852514,-4.53572869,-8.80113451
3.92187500,6.29886270,0.47670149,-2.88541757,2.94138944,-7.14142733,6.94476814,-5.06678058,-5.83770360
3.92578125,11.00469547,-3.02035632,-2.93337226,6.61526570,-11.15491269,9.33322270,-8.38736968,-6.19027817
3.92968750,8.45337608,-4.07391485,-5.72919227,7.00180352,-9.93008635,5.29967648,-4.24610614,-1.36884588
3.93359375,8.46494317,-9.38686531,-8.52733962,10.17126166,-8.26231256,1.51462010,0.09456547,-2.37347607
3.93750000,4.21775490,-9.15118499,-6.79963725,5.32011074,-5.01478239,0.87830937,8.32500481,2.03750199
3.94140625,3.85665369,-9.83839782,-10.09594835,8.85306335,-3.40599239,-1.34547714,10.75916990,1.32310011
3.94531250,3.61805394,-8.07711968,-5.80370978,6.08379235,2.59604837,-4.45083966,3.80327274,9.40642190
3.94921875,0.19266089,-4.75014239,-9.40329806,3.92529608,5.93186215,-9.20621337,-0.05908575,8.12281068
3.95312500,2.13008341,-1.07706192,-13.25299487,5.44399481,10.21327554,-5.85011281,-7.89939423,8.17210780
3.95703125,-5.28495672,8.75469916,-7.55296793,0.60588018,13.08173815,-6.69784464,-11.78355067,3.33238848
3.96093750,-10.08135318,7.26898457,-9.15080119,-1.50166156,8.82098358,-12.95820595,-8.14969688,-2.35913872
3.96484375,-10.79789276,7.29139157,-12.24612051,-9.17629587,7.77036347,-10.10900663,-3.15316900,-0.02471819
3.96875000,-9.63872974,2.09759838,-7.75452104,-13.13790487,5.39978534,-10.85163334,3.15921793,-3.84693550
3.97265625,-9.29072458,2.84973454,-9.75265272,-14.76365506,1.29108897,-6.28435075,0.98952203,-6.93965354
3.97656250,-7.61196394,-3.38476253,-7.91898111,-7.16439746,-5.32040389,-10.66816420,10.46251427,-12.45230026
3.98046875,-10.00180795,-7.76479136,-5.72321464,-9.82839525,-6.25026044,-13.13085591,1.91872877,-9.75376891
3.98437500,-10.32809257,-8.21165062,-5.18186119,-13.92001920,-10.49088204,-10.02841323,0.27880937,-12.46731848
3.98828125,-6.41070453,-9.18788030,-3.87278980,-9.96150184,-7.96264408,-9.50208750,-6.11934839,-11.89251886
3.99218750,-4.05835165,-6.20672924,2.35227736,-8.50817236,-9.74625587,-8.30765394,-15.24147248,-9.05019458
3.99609375,-5.53979698,-5.52036007,1.80561750,-3.63779767,-3.28350889,-7.36985129,-8.37869668,-3.73453802
4.00000000,-4.51590793,-1.55242583,2.71519929,-3.25255513,1.29490584,-6.74261005,0.37995224,5.17185277
4.00390625,-2.71019302,4.37672772,7.76831144,0.95048237,3.13021772,-1.54840323,5.18477283,5.38850831
4.00781250,1.45837400,7.06582682,3.95107551,11.68589384,6.63467062,0.91448588,6.27081079,8.94050685
4.01171875,3.96636614,11.98697560,7.80272542,6.42720932,4.98929565,3.19783171,10.67886291,10.06558901
4.01562500,10.31184290,7.40060212,9.36210916,4.98923295,5.41498853,2.69685902,0.20518239,8.72252681
4.01953125,10.56651532,10.38272241,7.71354266,13.82441271,4.53926425,8.92496041,-7.21222746,13.43199735
4.02343750,10.12891041,2.15619331,9.74499694,9.34756199,7.05274977,9.69436160,-8.97529736,11.41312165
4.02734375,10.43369076,-1.02471365,11.71078783,8.04787711,1.43339387,6.76385302,-4.96660668,6.89146275
4.03125000,9.32166876,-6.54727719,9.25203146,8.97614373,-8.64527871,11.46270176,-4.54494383,3.49458109
4.03515625,10.63237815,-9.13595378,7.17508984,2.34964630,-8.24635416,9.61569131,3.31726183,0.44583492
4.03906250,5.95899393,-8.20012589,12.87273565,4.26708703,-12.85894046,7.47444719,6.91653758,-5.32023973
4.04296875,6.86439358,-6.41808362,8.15113008,1.43495034,-9.86436713,9.19427022,9.72114784,-7.37166518
4.04687500,1.80470290,-4.68649473,11.14482461,-4.87803826,-12.51568041,7.15505129,6.14409301,-9.15365290
4.05078125,2.04891907,-0.75333902,6.59153350,-6.29883723,-7.79622816,2.08362396,-3.13352563,-5.49646624
4.05468750,-1.15441994,2.05249676,10.42991715,-5.11535454,-7.71145243,5.94991788,-5.27299352,-8.20575326
4.05859375,-6.98701130,10.81159280,6.45687368,-12.24820640,-1.27761859,-1.25681822,-10.55487049,-5.80456512
4.06250000,-6.58348719,9.60754129,3.69895163,-7.19663085,4.91835861,2.99752184,-4.68419823,-1.45144963
4.06640625,-10.21414476,4.81155750,4.25775417,-9.93696930,8.38095699,-0.48747631,-2.49684990,2.87057723
4.07031250,-7.43595786,8.74934204,3.11752958,-6.88044263,8.77925999,-1.51537439,12.71342389,2.83757305
4.07421875,-7.17294029,1.04664763,2.23792870,-1.03757869,9.74951449,-4.61144972,8.04505846,6.34910960
4.07812500,-8.50590432,-2.90042425,4.28757955,-1.02489475,6.07116416,-6.46808714,10.54550635,9.50243571
4.08203125,-5.74721692,-6.02636414,-0.00406763,-1.34350124,4.61932622,-6.81830380,1.35234702,5.32078054
4.08593750,-6.66237405,-13.99443740,-0.96698810,0.75533943,-3.37142587,-5.67026914,-5.55194012,9.13878640
4.08984375,-6.33232904,-9.23665983,-4.57268112,5.79776002,-3.88296462,-8.52848225,-6.17239844,8.36797976
4.09375000,-2.01720507,-6.46382624,-6.59518063,8.83713424,-7.68839337,-6.39054629,-8.02175913,8.37488278
4.09765625,-2.75050827,-3.62290571,-5.83921042,8.43701886,-13.62944480,-11.08037949,-5.33417827,0.22524118
4.10156250,3.98594472,2.12785688,-7.35348352,7.78308526,-12.01372921,-10.25033588,3.83807023,-2.75962065
4.10546875,2.81863980,4.28406869,-5.36253213,10.66709070,-9.51817495,-12.37375969,7.65743779,-3.31422790
4.10937500,5.44298831,5.73101826,-7.53586218,8.88322951,-1.89840096,-7.76403810,12.30126563,-3.21803758
4.11328125,6.25983349,8.66703343,-7.22369815,8.14541957,2.37724064,-3.73910974,9.96306814,-11.07623146
4.11718750,10.91170901,8.14131436,-11.06972535,4.15092526,6.72096942,-9.72142559,1.63696127,-6.20380337
4.12109375,8.32264517,5.03967661,-7.08703011,2.66182302,5.07861527,-1.34590455,-6.25161066,-10.46880322
4.12500000,11.43894178,3.34944278,-12.43233042,-1.31766455,7.63470576,1.78224126,-11.07621600,-8.75354208
4.12890625,12.18547401,-3.31863229,-11.28091947,-5.42284606,8.99812296,2.76061611,-5.78574553,-5.33150643
4.13281250,9.67711366,-7.16800019,-8.74477959,-4.91866617,6.76340266,4.81120407,0.65296183,4.58044077
4.13671875,7.73787488,-7.19401371,-8.39628788,-5.95083219,0.93520036,7.99205148,6.01558909,3.82976081
4.14062500,7.81731012,-8.22413471,-10.50214363,-9.48424617,-0.42226718,5.87474433,3.38699478,6.60596741
4.14453125,2.78642556,-4.21368515,-7.96113864,-7.74266952,-2.32820359,6.06737989,8.86088888,6.69541678
4.14843750,-0.39254831,3.29616638,-6.61167286,-6.01943829,-9.79943315,8.68905282,2.62152560,12.23659077
4.15234375,0.21805116,4.77306617,-4.27621125,-10.80315177,-6.14013107,9.69471084,-1.86413558,11.11417099
4.15625000,-4.11976735,2.80434647,-2.68675710,-7.12948104,-9.42583658,10.10203784,-9.31957889,9.35083909
4.16015625,-6.92348140,8.56715079,2.19221655,-4.19563340,-8.54563183,12.11740965,-7.21413774,8.04503382
4.16406250,-4.69260441,7.14433909,3.52333085,0.32710398,-3.19442019,6.96166715,-5.14215317,3.10361747
4.16796875,-11.97341869,7.62152445,1.50078909,0.27634296,-1.03099873,8.93524867,0.83771667,-1.25617855
4.17187500,-10.95933969,1.84466314,3.74133177,0.70885839,5.35755106,7.38986160,8.13540927,-6.07944031
4.17578125,-10.26721745,-0.90800122,5.63789200,4.06855190,6.06643732,3.26172744,10.49105678,-6.60556334
4.17968750,-5.65895005,-4.03648899,1.20220522,5.33580567,8.70483265,0.61992458,8.17137749,-8.72899217
4.18359375,-6.56005675,-8.35082803,-1.77034961,6.25372229,9.19486204,3.12011204,-2.52979139,-12.66971794
4.18750000,-6.54162395,-10.89879561,6.43302920,8.10469639,3.28306744,-1.10690396,-4.44594700,-7.79962885
4.19140625,-5.74398977,-6.79906633,9.44406337,7.78310498,1.65984412,-4.67894652,-7.34285467,-7.42898044
4.19531250,-1.04219499,-6.62496211,6.00713482,7.37862171,-1.96157771,-5.64306665,-7.18002602,-5.43726015
4.19921875,-1.22955325,3.55226894,10.37067746,3.47739577,-5.90532954,-5.04254951,-0.19771068,1.09589926
4.20312500,6.27939650,3.46491837,9.62295671,7.95528270,-14.50138223,-8.99006160,3.55614360,6.68863191
4.20703125,7.18818217,11.32481731,10.14174752,4.23678930,-13.05637769,-5.52949215,9.66803372,9.92248779
4.21093750,9.68747666,8.15105111,10.12627336,-4.32440631,-9.64721709,-12.34196604,10.92979478,11.48999095
4.21484375,10.17798842,13.46461249,8.14707764,-0.76436321,-13.32821486,-6.49936430,6.79867296,11.43434165
4.21875000,11.65841030,13.34325054,6.44698538,-7.30939535,-8.09466966,-10.27290462,-2.96485624,8.98081413
4.22265625,12.31170776,2.22389983,6.52741900,-8.79844341,-0.13960679,-7.18276105,-7.19496874,8.23480107
4.22656250,12.97014471,-2.38210209,10.91617885,-8.10132716,1.05785127,-8.28457474,-10.57451740,10.17307987
4.23046875,10.09787841,-2.92643532,3.93354654,-4.31020886,4.92461195,-7.11921071,-3.41457314,5.59551026
4.23437500,11.41172396,-6.75180376,4.55201563,-8.61433569,8.35033844,-5.43458384,1.92760581,-2.28170248
4.23828125,8.25611918,-7.62585476,-0.35445576,-5.11773150,9.03149294,-2.10969976,9.67442088,-4.03223018
4.24218750,6.14618320,-8.01811278,-0.19065159,-2.23802334,5.44832143,-2.06470933,11.96024842,-5.50506391
4.24609375,7.18216585,-5.80769637,-2.43748735,-1.24445959,2.84618432,3.27013545,8.33327727,-9.74138440
4.25000000,2.76459162,-0.06840044,-6.72492257,3.16972256,-1.14159030,-0.61206766,-1.43078130,-13.79356971
4.25390625,2.74434802,3.41586026,-4.49171245,3.49866298,-3.15257374,1.31808820,-7.45923329,-9.96766431
4.25781250,-3.25207308,6.85426465,-3.49809102,4.60368789,-7.02535488,4.35695093,-7.55973762,-8.52946362
4.26171875,-4.70262337,4.08025623,-5.86878642,5.02712992,-7.53311102,8.50918105,-2.88759327,-0.55527558
4.26562500,-5.88673316,5.99052782,-7.06941525,7.37724839,-8.85958656,9.12978854,-0.74890964,-5.65020244
4.26953125,-8.14495275,3.42494849,-6.05592736,9.77038101,-3.68510631,10.61817740,2.82413615,1.77074148
4.27343750,-9.77246939,-2.82078924,-9.27354675,10.62569821,-1.64727941,11.74648961,9.22779503,2.93379365
4.27734375,-8.82773689,-3.40341750,-5.70304981,10.55655085,-0.12624559,9.94221507,7.91125745,6.42133288
4.28125000,-9.80377435,-11.19931326,-9.76211492,3.34045504,8.41914884,11.49113264,1.75958494,3.47825923
4.28515625,-9.74845824,-12.72505944,-9.37522264,4.18991001,6.31417774,12.74109651,-3.14698668,5.38376260
4.28906250,-7.04046274,-13.10432943,-10.53270276,-4.04302663,11.69272185,11.40854554,-9.43773160,0.89670626
4.29296875,-4.14562756,-10.38752447,-12.34829081,-5.20126194,9.82799410,7.69897330,-12.54888918,1.48831262
4.29687500,-1.91137769,-5.76406846,-9.05562333,-11.39943864,8.56112538,11.01549192,-4.93652418,0.52659363
4.30078125,-0.76739399,-1.66831639,-8.41399855,-8.78272092,5.14748163,3.10070179,-1.96306491,2.06402609
4.30468750,-1.04687683,5.62178704,-6.65520948,-9.65896259,-1.28572832,0.42773981,10.85104688,-4.33695230
4.30859375,4.89669863,8.24830041,-6.10114986,-10.48894641,-2.03571945,3.04503318,9.27228921,-9.13732431
4.31250000,5.37283309,7.92904505,-8.12748815,-10.65732424,-5.19480272,-1.74884545,4.45960996,-9.11368587
4.31640625,10.71435192,7.29655315,-3.73196314,-8.23068357,-9.79713625,-2.42430009,-4.54197342,-8.73204958
4.32031250,10.55479302,6.74453250,-5.07269509,-6.65660599,-8.55647084,-4.95482647,-4.09349599,-8.80670739
4.32421875,7.13306309,1.01379312,-6.82706224,-4.04939333,-5.79650558,-8.02081913,-6.59874458,-7.62046551
4.32812500,10.92639670,-3.87825345,-2.12112743,-3.26512575,-2.22680149,-6.77046542,-8.03661437,-3.12002046
4.33203125,8.36084825,-8.54012422,-0.54944685,-3.45358112,-0.49317139,-6.63930053,-3.15581219,1.14732485
4.33593750,6.04377428,-12.33699019,2.01366910,-0.56189892,5.32537309,-13.05140337,5.31313578,-0.23541086
4.33984375,5.89641888,-8.59138707,0.58855223,4.92403336,5.26833668,-9.12058357,8.37511905,4.00822884
4.34375000,0.92218485,-9.27028621,5.25040845,8.50098911,10.07211091,-11.47465759,6.14694498,10.05122466
4.34765625,-2.30658740,-6.34431794,10.69734668,7.08040555,11.45299686,-11.32162137,5.17962095,7.53944290
4.35156250,-5.50300752,0.85509302,9.00749139,8.58268585,8.65996053,-10.29763131,-5.64898634,7.54409191
4.35546875,-2.79148014,8.61205999,6.27219342,9.81393136,1.77961631,-8.26800966,-10.25841671,6.78176430
4.35937500,-6.32505575,9.34560622,9.21480184,11.25511566,1.40377103,-8.56928594,-11.27829114,4.10908420
4.36328125,-5.88285024,6.28616939,10.44674387,9.84306937,-3.67329370,-3.47309789,-6.16866980,3.09210761
4.36718750,-8.98857057,8.05749634,5.35230260,5.58301543,-5.22065094,-4.22769629,1.80847569,-0.76463443
4.37109375,-6.90050263,7.93549215,6.65678469,2.90032416,-10.20847423,-1.26644813,7.83057895,-5.42845438
4.37500000,-9.78546800,1.66589401,9.20480801,2.58914812,-7.36233392,-3.16487134,8.73314637,-6.52766246
4.37890625,-6.60305086,-5.30659738,3.14961910,-3.75487110,-9.20025250,2.77126719,9.18272183,-13.20229286
4.38281250,-8.65512337,-8.22575685,12.06829852,-1.01582174,-3.60529436,-0.75269958,-1.91903299,-10.53197130
4.38671875,-11.69018801,-10.18581024,10.81918293,-9.53727544,2.95774370,6.85445862,-4.68051536,-7.72519629
4.39062500,-5.71595506,-14.86791345,8.48788235,-8.81611626,2.85285024,7.44519392,-9.02944732,-2.97908092
4.39453125,-3.36451639,-5.70391195,7.82303931,-12.39196276,4.62283486,7.74237556,-4.81375593,-5.87517996
4.39843750,-3.47514359,-1.90880872,7.90434010,-6.73371502,9.17737540,6.12866018,-2.70775729,-1.97926575
4.40234375,-2.95314319,5.45138032,4.62533606,-8.29689951,11.09392236,12.32801319,2.69954347,3.12055040
4.40625000,1.80898286,9.56883525,-1.90331697,-7.92760163,7.53054669,13.62225085,9.55111370,4.52787119
4.41015625,5.44057402,14.50715641,0.38280110,-1.24130271,10.42390130,14.97413239,9.51960507,8.19769367
4.41406250,6.72443058,8.31552766,3.35857116,-5.49207069,6.69625535,8.49900221,5.15171180,8.87611398
4.41796875,5.68264474,6.53202820,-1.69021325,0.52518832,-0.18197895,7.77344719,-2.58825668,6.40363666
4.42187500,11.81953363,5.62226336,-3.72845238,5.36935947,-2.90204448,7.83334628,-8.20814376,9.64793794
4.42578125,9.23073207,-1.54964714,-5.81306760,3.13784563,-5.07432730,3.87528086,-8.30562434,6.24382145
4.42968750,8.55324483,-0.39819895,-5.57835204,7.03133164,-11.14832572,5.47793106,-1.60519412,1.94874578
4.43359375,7.37719431,-8.58175575,-4.33207325,12.49190560,-10.39170433,4.24278976,-2.60890817,-1.57063626
4.43750000,6.74123985,-12.28853630,-10.27684016,11.94973120,-8.16436701,0.54188015,8.16177314,-8.88866156
4.44140625,1.58507015,-10.09593748,-5.23276648,6.48422763,-1.80602446,1.57369817,5.72769456,-6.67282087
4.44531250,0.73221352,-6.78813989,-8.49122135,10.75249521,1.54006237,-2.68862518,5.19532214,-10.97132160
4.44921875,-0.45496984,-0.90190626,-8.55501578,5.78953399,3.81438370,-1.72984293,-5.21421447,-11.58011903
4.45312500,-2.45360028,3.47621972,-8.56831734,5.05367632,11.63610227,-6.31786780,-5.71026234,-9.73241490
4.45703125,-5.62248155,6.92494574,-13.08788155,-3.82748352,9.22465973,-7.36605775,-9.57065615,-6.27477197
4.46093750,-7.05014071,7.99721207,-11.96042502,-0.70996720,10.57800152,-11.76938330,-9.96690698,-8.06219171
4.46484375,-7.26527446,4.91882843,-4.51215169,-5.29927608,10.53614126,-11.84006141,-5.85595723,-5.57970747
4.46875000,-8.40036678,5.84756293,-9.66753541,-9.80158091,5.03694957,-11.44765074,-0.64663533,-2.83859773
4.47265625,-10.25020886,-0.57249421,-8.27891319,-10.98838283,3.50483817,-14.34637977,4.70713850,5.37210160
4.47656250,-9.55816670,-4.04479451,-5.79652877,-12.22496352,-7.06088184,-13.96055141,5.73456271,4.83892872
4.48046875,-9.94905696,-9.41453056,-6.99448276,-10.99113212,-2.51497295,-12.11551411,5.72287560,5.45846201
4.48437500,-7.92234430,-10.47602831,0.98153376,-14.32367941,-11.36115649,-12.60219383,-4.64606097,10.62209905
4.48828125,-9.14908431,-10.26880418,-1.49281559,-6.31899644,-6.82319045,-10.62933303,-12.60044384,7.33274870
4.49218750,-6.84110752,-10.09661903,-3.22319470,-5.12799458,-9.63606854,-5.09783085,-12.92136612,5.02967026
4.49609375,-2.81635978,-6.05928163,-2.50028420,-4.85025315,-5.21202701,-4.64776933,-9.75119376,0.94309408
4.50000000,-3.04215611,-2.26873470,5.62565203,0.10303019,-3.13453863,-0.26848748,-4.50904631,-2.69382411
4.50390625,3.61765740,2.70955765,2.15664104,3.38265320,2.91032787,2.16473509,1.60985800,0.01798949
4.50781250,4.21130455,8.58597327,3.98466828,10.52442553,7.19223098,1.91322955,7.87148048,-4.87239587
4.51171875,4.17078444,5.41916876,5.35368278,9.28413045,6.16808614,1.31162854,4.11791194,-3.64576125
4.51562500,9.01582735,9.02775238,9.12179133,5.78125153,7.31250809,5.35686193,2.62708124,-2.41065638
4.51953125,9.58996891,9.41883471,9.19867590,11.72842163,7.83983351,10.03363908,-5.62860751,-6.46588388
4.52343750,11.85556067,0.85065432,7.46430718,11.65569322,-0.31262286,5.64439368,-9.13375284,-3.74505341
4.52734375,10.41273692,-2.14531818,6.28993768,11.77750775,-0.27196792,7.92016717,-9.25935607,-5.81961557
4.53125000,7.45476156,-3.14514943,10.30587761,8.67583534,-3.28531820,8.22865972,-3.18146441,-1.13439859
4.53515625,9.62390230,-9.32154040,14.07756395,7.31722661,-6.69469148,7.65851772,2.33065509,6.91525794
4.53906250,8.41387679,-6.63935578,11.11697583,1.82877990,-9.19910173,6.94121808,9.58182365,5.27846382
4.54296875,6.27853724,-4.68436546,9.20524137,-1.31065812,-13.58149313,4.37870978,13.61804323,9.54066589
4.54687500,5.51526462,-0.90579125,10.03630764,-0.18801718,-7.34837662,6.58839841,6.61046212,10.95791448
4.55078125,0.06645314,2.56896692,11.90233412,-3.06744607,-4.82202452,7.38627615,3.38972092,10.40026100
4.55468750,-1.43096444,5.98323858,5.14398013,-4.49973547,-7.26392629,4.87153526,-3.68206639,8.06162332
4.55859375,-0.96922115,6.89974906,9.37782576,-5.08151151,0.08070032,1.75066935,-9.70019758,8.58813073
4.56250000,-4.66577408,11.41903614,4.48709161,-8.77253839,5.93848359,-0.65114778,-5.25346835,1.60864805
4.56640625,-8.91744632,8.91049391,7.34665826,-11.20897542,8.98252161,-2.19337247,4.02145797,-2.57398225
4.57031250,-6.53525010,6.35800587,0.48331570,-5.58450216,7.77201185,-4.49159084,6.18419394,-0.98562782
4.57421875,-10.44503438,0.37984629,1.83488876,-7.37259825,5.97610372,-3.06170375,10.00638114,-3.15653564
4.57812500,-5.28114373,-2.04019790,-0.42191685,-7.04954974,1.71875702,-4.77911049,7.88631100,-10.27212031
4.58203125,-9.14057728,-9.68189917,0.55249583,1.29225935,1.74981505,-8.35861838,3.81277311,-9.35855662
4.58593750,-5.17393885,-7.50204360,-2.39377360,-0.49912589,1.93510555,-11.49304753,-5.28929439,-11.39395864
4.58984375,-4.14681725,-6.92830380,-1.67496241,6.05139995,-7.99750656,-12.17297791,-10.29805089,-10.67584257
4.59375000,1.27808336,-8.59931446,-4.14413798,7.83823830,-8.65980793,-9.56171803,-7.95147244,-1.95128327
4.59765625,-5.64440663,-1.29815893,-5.29300897,11.25403164,-12.31715094,-9.84002931,-5.03095689,-2.98718513
4.60156250,-3.77818549,3.41674447,-5.41737872,9.42359775,-10.14133748,-8.81170972,4.50567731,2.57898193
4.60546875,4.16029106,8.00843578,-5.17743653,10.37602080,-7.38054473,-10.80605824,10.59726894,1.52191062
4.60937500,4.11687688,13.42959998,-7.11924953,11.57726464,-6.04865400,-6.83126545,11.39150268,8.73605442
4.61328125,6.69735603,8.38933366,-8.01843626,12.13334683,2.23249335,-7.75351559,9.47208198,10.06340012
4.61718750,11.31763343,13.34198238,-10.98928535,9.48398153,3.32774147,-2.67533937,5.77950531,10.19496351
4.62109375,10.85418328,3.43374754,-9.05868776,2.00086946,7.52580724,-0.83160776,-10.94846518,14.66556605
4.62500000,9.48853471,-1.53793387,-11.46793051,-0.98562408,9.69295094,-1.41269436,-9.02061209,9.10217933
4.62890625,8.71721974,-3.34514508,-10.29773545,-0.98863045,9.35023173,5.05384736,-10.48062070,1.97342572
4.63281250,8.24655545,-6.42025009,-8.73568098,-5.35080050,5.58589070,2.88843853,-2.17367602,2.80082057
4.63671875,7.31235923,-9.83372426,-5.80411510,-8.90516681,7.33200660,0.95073112,3.32749021,-1.09025453
4.64062500,2.06846615,-8.11727407,-7.72830148,-7.00577946,-1.56708261,8.02258102,10.66535129,-10.59611103
4.64453125,5.64587221,-6.08653041,-5.36015803,-8.15323375,-4.20327986,7.88409631,8.74423213,-5.05233844
4.64843750,-0.54312831,0.83947415,-6.79529497,-12.36594077,-10.12446387,11.22425510,-0.15494508,-10.36650525
4.65234375,-2.58155810,3.53367953,-2.98759591,-8.81122384,-8.22020368,11.73668544,-2.44476216,-11.88246211
4.65625000,-3.51829843,7.76996113,-7.10012523,-5.35197781,-9.66515001,10.62983068,-10.38191937,-9.07815157
4.66015625,-4.88471949,8.39057398,-1.38445029,-10.34742546,-9.25428799,6.58658400,-10.91591028,-2.07016583
4.66406250,-6.21768331,8.89205350,-4.61168445,-3.36162092,-4.38355513,8.65935933,-3.82160691,-2.42982607
4.66796875,-7.23066022,11.27029236,2.32063233,-0.41399763,1.62948020,9.57839511,4.91384544,2.40280558
4.67187500,-6.36075999,2.14292007,0.37910076,4.60300607,7.41009097,6.81670561,7.20851740,5.34038816
4.67578125,-8.64613310,0.27000623,1.94379227,4.95007050,10.19295749,6.00393604,8.81198057,6.33209243
4.67968750,-11.55126458,-4.98625811,5.12003910,9.15527242,5.61234847,6.15725153,5.18828718,13.20435318
4.68359375,-9.13909100,-8.66733033,8.53035556,7.81585313,8.39000564,-1.90894313,2.78407359,7.79103225
4.68750000,-9.22719217,-8.55814771,8.91851823,9.74699679,6.13345382,0.86732914,-5.36018877,7.82466881
4.69140625,-3.77555318,-7.79931094,4.42425652,12.03822493,3.06338409,-0.98665921,-7.94343225,6.37395381
4.69531250,-1.73210235,-0.89915378,6.73455067,10.87784681,-3.69775507,-7.33143560,-6.59347586,3.10356501
4.69921875,0.35936872,0.58700344,10.73188477,5.67540855,-6.25859837,-6.52902493,0.54004317,2.22661253
4.70312500,2.34294830,6.64019655,10.80491152,6.66847107,-5.86355294,-8.48047054,9.16253229,1.70216637
4.70703125,6.94133722,11.08042399,6.55661467,-1.28998874,-11.44394305,-7.89438795,9.96432839,-3.40633414
4.71093750,10.48753287,11.78680626,12.42320093,5.55985808,-13.12413175,-6.60441418,8.40546609,-6.76320394
4.71484375,8.63384925,13.63566346,9.60793780,-1.83640035,-9.93288169,-8.52767299,4.98258851,-8.13015183
4.71875000,11.89767435,7.53312277,7.08687717,-6.27548172,-3.92430542,-9.53776165,-0.01991159,-7.94382478
4.72265625,11.37710986,7.20745498,5.93632103,-3.70441202,-1.94076522,-5.26350925,-5.23633268,-7.35278324
4.72656250,12.20158313,1.25022104,4.66744256,-8.76148030,4.93144104,-7.28185410,-9.93070574,-3.45357980
4.73046875,9.30946263,-6.60387095,3.80016803,-8.50917363,7.63287502,-7.34076482,-4.27092215,-2.36005685
4.73437500,7.66760669,-9.99709114,3.04284700,-4.97362737,9.65407462,-7.32940174,6.58974647,4.89861190
4.73828125,6.06118528,-6.92500412,-0.96475433,-4.15897357,6.90002179,-8.62464553,12.08708808,3.06796446
4.74218750,4.89299954,-7.37583070,-1.57259216,-2.07236931,7.78095713,-2.36459397,14.04533726,8.04592760
4.74609375,6.47952300,-2.70204824,-0.14119000,-2.55666870,4.02959162,-1.91311609,10.06356433,10.76394120
4.75000000,-0.13696274,-3.80702697,-2.37988610,-4.95241419,0.02170968,2.06995185,0.63794866,8.47626417
4.75390625,-1.20483526,6.20243675,-4.44803804,3.70248875,-4.35719544,1.39937266,-6.06458305,8.03209511
4.75781250,-1.27014661,9.57180896,-5.51771489,8.17326596,-6.75586740,10.39691981,-10.29525371,6.16090394
4.76171875,-7.31286423,8.31248028,-6.49068938,7.91274703,-3.39943313,6.83601578,-9.62043170,3.28986685
4.76562500,-5.55174235,8.75677145,-8.96386142,11.48431022,-11.91521794,11.31407200,-1.66887274,-1.97807034
4.76953125,-7.88614475,1.85139494,-8.83944070,8.03809279,-5.98303852,8.58692749,2.70680043,-1.42730726
4.77343750,-8.63525637,1.34432089,-12.88831197,9.06189823,-3.97853517,8.47422663,9.81878233,-6.31560616
4.77734375,-7.98909220,-3.56189849,-9.22497242,7.11016604,0.86009177,16.87618208,9.85078219,-9.70259837
4.78125000,-10.42911444,-5.41344929,-8.72764079,7.31538769,4.84642210,11.35107025,2.87988713,-12.97038164
4.78515625,-8.54538843,-13.50055805,-14.22430422,3.51803197,13.03019667,9.74952075,0.36100444,-13.44348225
4.78906250,-5.30851631,-10.67235594,-11.53182667,-2.09562214,10.15592042,7.33348577,-13.20299819,-13.36799371
4.79296875,-3.42099816,-8.03398974,-7.96780642,-4.32819018,10.26394931,9.10767704,-8.03776342,-9.24719718
4.79687500,-3.43671612,-6.37414974,-4.05225810,-4.10574912,9.63717348,8.88172405,-7.46658156,-8.83751307
4.80078125,1.11556163,-2.53150653,-10.26559270,-5.90569059,7.90123960,5.98357342,3.03166289,-0.33555584
4.80468750,4.13554926,3.50239712,-6.08073535,-12.92860429,4.43523861,4.34802752,6.66697128,0.52729360
4.80859375,0.51932747,6.20106178,-3.62596190,-14.79446120,1.10891667,3.49234855,8.34629199,4.41219502
4.81250000,8.84498048,8.12498026,-9.36510204,-10.38752201,-5.71236760,1.10249596,7.39334062,6.56503648
4.81640625,6.23647620,8.54652950,-4.00783374,-11.67671020,-8.44065877,-0.27784292,-0.86691385,9.11028324
4.82031250,8.60243770,5.41806131,-3.91548629,-7.70907012,-9.06491686,-2.31923365,-5.78537235,5.93109189
4.82421875,8.71561206,-0.23768313,-2.31284104,-8.51692830,-7.68240640,-8.90596448,-9.76670759,8.29703779
4.82812500,7.28200667,-3.96396423,-5.24236897,-5.55985008,-6.52622075,-10.22163731,-6.48308501,7.26617044
4.83203125,5.16662830,-11.41917189,-4.56718057,-3.48066975,-0.20443146,-3.72945680,-4.34890976,2.29821216
4.83593750,6.25257696,-6.93714245,-1.13826806,5.01883070,4.33783359,-7.54055440,6.58319594,-4.12290834
4.83984375,6.32718709,-12.27768189,2.86714218,5.80568002,9.50067834,-11.27076066,10.13378616,-2.78205158
4.84375000,7.86460678,-7.10444790,6.19091523,4.61248979,9.65586103,-7.37250455,7.77341675,-6.86933159
4.84765625,-0.34297515,-3.48323269,6.09696994,7.55190795,10.83408188,-14.73003726,2.00507998,-12.36497123
4.85156250,-5.02076699,-2.56020318,5.28434100,8.34022955,10.34126140,-10.39451402,-1.90110532,-9.95989221
4.85546875,-2.22261318,5.57404304,6.45258669,9.23354939,6.37728152,-7.53390248,-9.36336273,-8.91353627
4.85937500,-5.74694225,8.76485460,6.35174058,6.17566441,1.87607468,-6.78693085,-8.94513723,-2.93475122
4.86328125,-6.12933535,11.20844766,8.20655187,11.06596771,-1.92344603,-2.74698247,-4.35311174,-1.64585277
4.86718750,-4.33621264,7.42280631,9.03660165,8.30753633,-7.07857858,0.25365222,3.17276900,2.90934597
4.87109375,-10.63199290,2.74991109,8.86056046,1.93690591,-4.40417295,0.66597105,6.79299176,5.73528332
4.87500000,-11.31791842,-2.74174394,7.79423463,1.68339319,-12.74667041,2.58262512,9.41149396,7.05251888
4.87890625,-9.92716617,-5.98998828,12.08829366,-4.26502592,-10.40617897,1.22103385,6.55349787,8.88566906
4.88281250,-6.73496106,-11.90287107,10.81538684,-3.53932306,-5.91943997,7.21805888,-0.97817175,10.17195717
4.88671875,-7.58184083,-10.22791988,13.33154855,-9.32766566,-3.47212976,6.05907608,-5.81716974,11.62568886
4.89062500,-10.54312990,-8.70386529,6.53420343,-8.93338798,0.06292578,4.64739514,-9.12067076,4.89139608
4.89453125,-1.80652105,-6.73476451,6.54410124,-10.76810673,5.85604410,11.44148744,-6.76475837,5.20518657
4.89843750,0.69696992,-3.82843941,9.79963680,-4.74877594,10.91082853,9.20004414,-1.05079751,7.51578199
4.90234375,2.77154856,4.96243984,4.75769253,-8.13675959,15.03290854,11.16715332,5.78627392,-4.92853117
4.90625000,2.05296322,3.87443504,0.92090474,-3.41254610,5.86557080,8.18086916,7.34018913,-3.66593782
4.91015625,7.57190644,8.63905337,5.04159798,-2.42528759,9.32831319,10.55224642,11.59583218,-7.89306042
4.91406250,5.75008821,6.58438992,-1.48085514,-1.07101061,0.94382651,9.63461255,4.35391916,-11.65630065
4.91796875,7.43138916,8.95758489,2.54000192,2.44234744,-0.77297926,7.28273041,-6.18568177,-5.35056225
4.92187500,12.32483163,2.48636025,-2.34054383,1.97732261,-4.98070490,4.22803805,-8.16482639,-11.51139277
4.92578125,7.15820069,-1.66277748,-1.78000892,6.35748929,-8.35425502,7.47721162,-10.68534974,-7.80395931
4.92968750,7.79753047,-7.70516095,-8.46304328,11.71972002,-7.69581904,5.55673545,-4.66702172,-5.11025316
4.93359375,8.33531012,-13.28443279,-8.92951484,9.78108948,-8.95986195,5.48826552,1.17297426,0.60031841
4.93750000,7.01066117,-6.95131372,-4.90407595,10.75555579,-7.17910785,2.47816850,9.54938096,1.69937178
4.94140625,0.76011411,-7.65056163,-4.31102281,8.07297374,-3.79219031,-3.57869324,10.37576087,5.26509946
4.94531250,-3.05055319,-4.66925064,-9.37168717,5.81499466,1.10009632,-3.11624787,6.25108002,8.65153593
4.94921875,-1.10498311,0.72956587,-7.24662722,5.12545225,6.77507927,-7.10758512,1.58911744,9.87529270
4.95312500,-0.75629043,7.21693752,-6.04540085,3.21573882,5.72223321,-9.19905115,-7.20559733,8.24493895
4.95703125,-5.64706336,3.50697378,-9.69309099,-3.72476106,11.45751048,-6.61743565,-9.84711560,6.19063461
4.96093750,-11.85346509,11.91004944,-11.27270376,-0.52720679,12.17662409,-11.16500013,-8.11927459,4.44897800
4.96484375,-10.95123186,8.75631401,-3.46828498,-5.32847274,11.45804750,-9.03003433,-2.93293855,2.27599593
4.96875000,-7.28087553,3.77815694,-10.70228593,-8.20321666,1.90214051,-11.68322943,-1.35842325,-2.63445593
4.97265625,-9.58917443,-0.76910213,-8.29198090,-10.78395045,0.38943438,-9.82303397,4.61487358,-5.15982422
4.97656250,-10.53257154,-3.96562953,-5.71883766,-10.39977107,-1.24649845,-12.66478812,10.11091547,-7.29176402
4.98046875,-8.28169382,-5.80029403,-0.62769247,-11.58698198,-6.39614399,-9.41784306,1.90079227,-10.19987205
4.98437500,-10.25808938,-4.80270520,-2.07885468,-10.49240891,-8.86604118,-6.35898317,-4.54330647,-11.25966108
4.98828125,-5.86364981,-9.95000566,-3.91561478,-9.71498921,-5.59312366,-7.91367373,-12.52211972,-10.61280598
4.99218750,-9.12998018,-7.97741248,-1.32457046,-6.31384183,-4.74217208,-3.95072468,-8.37569269,-2.19428591
4.99609375,-4.44993878,-5.37716046,0.21378221,-5.25063111,-4.57044198,-2.84546223,-7.37603569,-3.10923403
5.00000000,-2.69819843,1.82137206,2.35294964,0.09889810,-2.14639371,-4.23167720,-1.94681737,-0.78449051
5.00390625,-1.83047232,5.93120875,2.73663014,0.68308041,5.12576569,-0.66183548,4.78066815,4.50152481
5.00781250,2.30607394,10.09177967,8.67856632,1.76499024,7.70737683,-0.21975695,14.32772175,5.62784574
5.01171875,5.08996143,7.40145125,4.84546263,12.18804184,3.85295667,1.07409096,8.98413673,14.12252603
5.01562500,5.52936659,14.52238085,6.78925637,13.40896292,5.35933105,4.12327949,1.40702091,11.00943833
5.01953125,10.56443315,8.82878335,7.39962695,11.35040429,8.57363917,3.91817122,-1.60112927,14.45669111
5.02343750,9.63143083,4.33794508,6.58800580,6.02735926,3.36699602,10.08258668,-6.26802506,6.98766262
5.02734375,7.06791690,-0.10715375,9.64671257,11.17376741,-3.80476171,8.95104019,-7.56834503,9.41689122
5.03125000,11.57315216,-3.02758707,9.03112312,6.41950033,-6.69104373,9.01470481,-2.36707534,4.31650101
5.03515625,9.05986288,-4.77072153,6.05993739,3.43264417,-10.25720628,9.99347943,5.39014786,-1.72232394
5.03906250,3.22117371,-7.44842037,4.69397570,1.16075653,-13.40286756,7.56973402,9.21656960,-1.14884208
5.04296875,2.84669311,-5.03900618,9.34450035,2.95203582,-8.31174628,8.84093714,11.32826567,-2.44589729
5.04687500,3.01657448,-3.89910793,10.54582357,1.93307071,-8.14048597,6.78257406,4.33726965,-6.03658982
5.05078125,-1.24752336,5.62893738,6.70546399,-6.47954904,-5.27279981,4.63582056,3.67777714,-7.97554616
5.05468750,-0.03525529,6.03084602,8.17496099,-6.11969775,-6.37572885,8.27007578,-4.33261359,-9.56567735
5.05859375,-0.16291597,9.35997859,8.42404845,-9.53418329,4.92078075,4.68496924,-6.68729000,-6.73909474
5.06250000,-6.07857922,11.55109307,6.78043367,-12.05423186,-0.49980680,-3.44066466,-8.60065097,-5.12423695
5.06640625,-6.10665606,10.02027713,1.17122645,-10.67899043,7.08245643,-0.72176583,0.30651240,-1.03945300
5.07031250,-9.74361541,6.64447102,4.89645656,-6.59157899,6.66689290,-5.34665553,6.75912483,2.05746747
5.07421875,-8.03974463,-0.52779933,-3.20667798,-2.51695636,9.75387099,-3.73721964,11.05447386,6.14214390
5.07812500,-8.51795299,-3.25231749,0.32430843,-3.66982412,5.47872744,-6.96514154,6.61210352,8.11492289
5.08203125,-9.03621715,-2.20090854,1.84979089,-2.75315573,0.08538095,-5.32540389,7.26425114,4.90327547
5.08593750,-8.21226919,-8.96778169,1.87059501,-2.45998641,-6.34771656,-5.95492463,-1.86526408,8.40805418
5.08984375,-3.89040881,-10.06324139,-6.31354893,5.35063060,-5.55772484,-7.67825598,-11.07282779,9.30852513
5.09375000,-2.14217210,-5.13276864,-2.20531846,7.92777748,-6.34787955,-10.62643331,-5.06425567,3.02533277
5.09765625,-2.93991255,-2.13172768,-5.89073533,10.72573361,-9.16133074,-6.83704166,-0.13733181,1.70509250
5.10156250,2.29906518,3.80137580,-5.19634969,9.75407210,-11.75172731,-11.68270916,-0.68998619,2.62198271
5.10546875,1.35401716,6.14332805,-5.28115496,8.65631282,-5.19968001,-9.23342621,6.10943322,-3.26121304
5.10937500,4.78348294,6.99723124,-6.77554553,9.51410320,-1.09194114,-9.10657661,10.64688856,-6.46948481
5.11328125,3.37548900,14.30773544,-11.02931271,9.39578203,-2.12188794,-5.40388041,7.10922463,-10.48283885
5.11718750,11.89113605,7.35707061,-10.37334793,6.43962382,3.32536260,-3.60709166,-0.97746295,-10.39362829
5.12109375,13.94456531,6.93105222,-6.27087843,0.87426386,4.42182601,-1.46652743,-8.43078792,-4.76759521
5.12500000,10.63068071,-4.56386462,-12.41266360,0.41622469,13.14851128,0.34322093,-14.62420120,-6.50691395
5.12890625,6.90222710,-3.49542929,-11.56948966,-0.02759106,7.57753173,3.60825555,-6.94663146,-4.98602076
5.13281250,2.52836122,-5.75660788,-7.77090632,-4.38384945,5.64735997,5.10762144,-1.70433315,0.29970063
5.13671875,5.40344835,-9.96063285,-8.77772933,-8.70687331,3.02846705,5.75760983,8.02327961,1.44271864
5.14062500,6.34662589,-9.74082347,-11.26531902,-7.31918121,-3.86041167,3.25842542,10.71109035,6.80357885
5.14453125,1.95319593,-2.49579702,-5.62815590,-7.69321372,-6.82712289,5.92158534,7.88660797,8.73416599
5.14843750,0.23372380,-4.52327459,-3.85861046,-10.12676704,-8.00992039,10.48850047,6.99384619,11.34397796
5.15234375,-5.85999493,2.32482351,-5.16030751,-7.81892857,-12.05034117,9.36483614,-5.71110934,8.23650975
5.15625000,-2.86853035,9.68618262,-7.92311237,-5.11570226,-6.38065383,15.74366886,-6.12685304,8.81119668
5.16015625,-7.27939566,9.85459779,-0.27691231,-5.95626596,-6.06824202,9.41583368,-5.62894444,3.36914322
5.16406250,-6.86920325,4.41614387,-1.38415613,-1.84473915,-3.71714606,4.93427875,-8.16649251,-0.45352276
5.16796875,-9.11260000,6.51590566,1.56786254,3.15099695,-3.89935242,7.78617532,1.89310675,-1.27968046
5.17187500,-10.64441266,-0.52809098,8.94058288,3.67671556,1.75798371,5.76134486,11.43598331,-2.23061845
5.17578125,-14.87097418,3.57639155,4.80500524,5.48338367,12.92706249,6.81946658,6.57007315,-1.63223295
5.17968750,-6.59443650,-3.89272137,4.86277494,9.93863140,9.71295671,1.37897830,8.91849163,-7.15370842
5.18359375,-6.62475649,-8.48250066,5.96418349,8.49791153,5.51314902,1.93738022,2.64024400,-9.87714111
5.18750000,-6.90054892,-9.47942175,8.47479592,14.52992633,6.52819680,3.76054938,-1.07612834,-6.84219917
5.19140625,-3.55778089,-6.51894599,6.64755321,11.36215055,2.61757674,-4.53340651,-8.39130471,-5.20844086
5.19531250,-0.26659701,-4.99831128,9.29692473,11.81077850,-0.92004935,-2.80190233,-8.30398803,-3.44043187
5.19921875,1.01583361,2.67854941,8.00281736,7.96332234,-2.35370151,-6.02050480,-2.94036509,1.38930380
5.20312500,2.21571054,6.42753223,8.68147191,5.28335971,-10.48022919,-10.78899838,7.18655382,4.87054848
5.20703125,8.61273126,6.10820649,8.25840690,3.29852575,-12.64752325,-8.77673787,11.98975370,10.27087822
5.21093750,7.33840870,14.12058758,8.09039300,-0.39205979,-12.79462558,-10.34490352,11.65188938,14.75562288
5.21484375,8.65049577,13.53523855,10.28397662,1.90848483,-11.86557131,-8.45340717,3.68237623,11.58816141
5.21875000,10.89385382,6.36900335,8.19101806,-6.71345137,-4.68524126,-7.35096778,-7.56090978,11.25970947
5.22265625,12.31567063,3.95205663,9.01736124,-6.62138267,-3.27963840,-6.73408207,-8.38201032,3.52444743
5.22656250,9.41830185,2.16917515,2.35427983,-6.50844993,5.78507900,-9.76855022,-8.27622670,2.11181106
5.23046875,8.93928921,-3.83499314,6.67026270,-8.23923994,9.77811309,-5.43451079,-2.31330637,4.49907104
5.23437500,9.42393805,-6.46615895,4.28220870,-9.81324244,10.37238946,-4.35022497,1.11596427,-4.00850483
5.23828125,5.01945175,-7.88001916,3.36670439,-6.23173858,13.32284044,-0.59698847,9.33813621,-4.38996364
5.24218750,8.63921258,-9.22143695,-0.57700920,-3.52524134,10.77437477,-0.12612655,10.26208834,-8.40617880
5.24609375,5.02627410,-4.28654544,0.90091908,-2.12477305,1.54545812,2.89975711,8.61010782,-6.93724993
5.25000000,0.23488836,1.14833310,-0.79539276,0.40704381,-0.98351588,3.39162976,0.78114804,-10.77309913
5.25390625,-1.54739731,2.60850607,-2.34162233,5.12555653,-5.41434151,1.06245999,-0.39047026,-7.71163112
5.25781250,-5.56450867,5.25506693,-5.24667601,4.73824006,-7.82121608,8.37736134,-10.68608609,-7.06377722
5.26171875,-8.93728392,4.52430637,-5.85348813,7.72274571,-11.56699925,9.34787479,-7.34737681,-5.37965275
5.26562500,-9.68593007,7.16745581,-7.99675254,9.73912669,-10.15402082,7.64951417,-2.94705472,-4.44874495
5.26953125,-8.15252236,2.76604412,-5.90125423,6.05977036,-9.21730018,13.94789905,9.40176569,0.41928855
5.27343750,-8.04891134,-0.37707621,-9.40469653,5.92720126,-0.85478919,12.03300334,11.85201870,5.66821972
5.27734375,-9.91382198,-3.27801709,-8.86965086,8.31691172,-2.57629483,10.21366715,9.04899405,5.82070358
5.28125000,-12.24510345,-7.86460793,-8.63166977,3.69171015,6.55556295,12.58383387,3.40197091,6.60994888
5.28515625,-8.19590060,-12.32413078,-11.91257963,8.95797485,7.96466254,12.86490950,-5.79874548,9.12847393
5.28906250,-6.61485122,-13.69607873,-11.53076739,1.09467180,12.22257038,9.78329813,-7.62136674,6.10746946
5.29296875,-7.41906939,-11.36619913,-11.16957760,-3.82626479,11.65731016,12.89057569,-11.79792723,5.17971168
5.29687500,-3.41672470,-3.85120022,-15.22908008,-5.57680142,13.99963178,5.15447834,-4.55310108,3.78415766
5.30078125,-0.92383313,0.69226417,-11.09384776,-7.82930157,9.49359716,6.21383560,-3.46007749,-4.11852897
5.30468750,1.76280341,4.07224417,-9.66997381,-7.18761822,2.61867120,2.40976966,6.91139620,-1.56992944
5.30859375,3.15619961,7.98698875,-6.17229237,-14.04421315,-3.52055902,3.27477869,5.45799292,-10.49223574
5.31250000,3.48804622,9.77415382,-5.55421066,-9.05481385,-7.20284289,1.04047577,4.52117826,-10.17635720
5.31640625,4.08257329,5.25335036,-4.60015231,-10.11261774,-7.61426453,1.09717865,1.05339835,-12.69942537
5.32031250,6.80598626,4.11111417,-2.79583331,-7.28162083,-8.33056333,-2.08740622,-4.61983203,-6.98859264
5.32421875,6.69410122,1.44372281,0.15090545,-10.50779943,-5.29237091,-5.14684399,-8.36467581,-8.04215530
5.32812500,12.03317766,-5.72736253,-5.26743238,-4.93078990,-8.45728914,-10.05593171,-8.76574112,-7.96129337
5.33203125,11.38780887,-6.24217835,-3.25681765,-0.15397560,-1.04568507,-6.36767046,-5.81370944,-1.14153869
5.33593750,7.60227973,-11.94405099,1.95788996,3.72694290,5.62428910,-10.10904902,4.76150266,4.33217535
5.33984375,6.95352702,-5.39398306,2.19600832,2.65672302,10.99353934,-7.33059275,8.27725236,1.51716013
5.34375000,2.89267497,-7.98252378,6.66156648,2.69089891,9.38205916,-10.38097551,6.09471146,6.69688349
5.34765625,2.71604637,-2.85889752,3.87759147,4.66347463,9.31036822,-10.52006409,3.78858802,10.48093498
5.35156250,-1.05848777,2.71624945,10.15582043,7.29343863,7.10360635,-7.89700926,-1.44843674,7.91506542
5.35546875,-3.00597654,7.13221470,7.28535664,10.16152402,6.79826730,-10.85245959,-4.84338339,5.62097271
5.35937500,-6.14932077,11.67609600,4.91113020,7.73445460,3.15952302,-8.11001067,-10.38235215,3.44525932
5.36328125,-5.30100847,7.60641136,11.01582122,8.89321787,0.63527142,-3.71906270,-5.40832027,5.64072583
5.36718750,-10.41982374,7.19881227,7.73153264,5.77761557,-6.28824262,-3.79368268,3.86848920,-1.41033694
5.37109375,-11.14496533,5.28720311,11.18153431,4.19672839,-6.21933262,-2.91890906,3.37545937,-0.53950599
5.37500000,-8.10886122,-0.61426719,7.94245349,0.83515082,-11.68872556,-0.02185223,8.34961292,-5.62740795
5.37890625,-9.18559664,-2.48372434,8.97460261,-3.92227013,-9.23077024,2.88494548,6.44266502,-8.26297545
5.38281250,-8.72117087,-7.30482640,13.41017964,-6.67666152,-3.17129703,4.21992839,3.06640110,-10.58640768
5.38671875,-6.35169550,-9.14692901,11.31015383,-7.15085842,-1.17197135,8.09603688,-7.77605348,-13.08635439
5.39062500,-6.12474442,-11.13123579,8.15203975,-10.42384719,3.32095154,5.79631654,-10.11099338,-9.85737235
5.39453125,-3.68771818,-9.85924682,8.83341794,-11.10835733,7.43351074,5.84596674,-8.54258122,-1.64057790
5.39843750,-2.70875919,-1.12915274,6.11276938,-6.10856682,7.71609178,8.74702876,-9.53392092,-2.95955054
5.40234375,2.76853821,6.06410757,7.19429714,-3.73575450,13.52900370,8.64918190,1.23318344,1.94414563
5.40625000,4.58254418,4.07527740,3.67045840,-6.87018091,7.34408075,8.17763012,9.66057507,7.89351400
5.41015625,3.62259573,10.69844681,4.10311766,-8.43055271,4.25017151,9.23372128,5.00837402,4.84332887
5.41406250,8.22655599,17.92836575,0.22882601,4.56962649,3.17770968,11.36500117,5.62430631,9.33472116
5.41796875,10.68981839,8.30568123,-4.42951853,0.62608435,-5.07321391,7.75072586,-0.77181241,13.55212429
5.42187500,8.95614593,3.03959322,-3.93049400,1.74727432,-3.64808442,6.43059047,-10.22343513,5.94150172
5.42578125,6.65200939,-5.34638049,-3.87955490,6.89137734,-8.14974055,6.20170117,-8.53040198,7.76753945
5.42968750,12.05102808,-6.76027667,-6.57403791,8.73288315,-6.84491199,5.41628031,-10.91133124,2.66397158
5.43359375,6.04116352,-9.10909163,-9.17188753,10.92721799,-7.27907149,1.98570319,-3.67974019,0.53792204
5.43750000,5.77193246,-12.02099696,-10.48600319,7.84207253,-5.55026149,2.01895316,4.93082857,-3.90930362
5.44140625,5.46431070,-8.10999426,-8.53645868,7.32203566,-2.82066645,-0.32626412,9.84286015,-5.38417284
5.44531250,3.19225659,-6.87870337,-15.92255375,5.02184671,-0.38526895,-2.43499501,8.83462204,-8.01388504
5.44921875,-0.98221456,-4.39310235,-12.75079603,4.77610188,8.62433522,-3.26572637,-3.55622253,-7.45722557
5.45312500,-2.69415782,2.34790815,-11.93194284,-1.19858377,7.23971872,-7.63088435,-11.83020474,-11.12995478
5.45703125,-5.02426607,5.64468313,-11.40901375,0.21738534,11.55774960,-11.56208654,-15.72530634,-13.70802461
5.46093750,-3.93865671,8.40439458,-8.44925788,-6.34437306,14.36931502,-8.16201834,-9.22345300,-6.17255883
5.46484375,-6.38089632,4.13049854,-12.28081845,-8.51180326,6.46478789,-5.34116524,-4.78874437,-4.42202909
5.46875000,-11.17240391,5.79077940,-10.23091975,-9.57174965,7.59177976,-8.47118637,4.66710948,0.66699406
5.47265625,-6.86682724,0.74038217,-7.61907838,-10.05851474,0.32895418,-12.99511937,5.19026471,-0.35693536
5.47656250,-8.79304573,-4.23728806,-2.91532739,-10.94540717,-2.47501202,-8.51501116,6.36878789,7.98074378
5.48046875,-7.45493337,-7.28472059,-4.12507219,-9.37422348,-9.04909012,-12.46996319,1.50333449,7.63061510
5.48437500,-13.63739522,-9.17055406,-1.13123548,-12.17611934,-6.85525834,-13.50186649,-3.29436960,9.36645050
5.48828125,-8.68244202,-11.50962105,1.40955590,-8.42506058,-7.63129840,-8.76874227,-11.60562841,8.27788379
5.49218750,-6.41798275,-8.44676655,0.70199226,-5.54259429,-1.73561602,-10.63908342,-13.50423475,10.01839608
5.49609375,-4.31040048,0.21194614,0.86229316,-4.59013449,-3.05528110,-5.04026829,-9.67739632,1.45393842
5.50000000,-3.58771930,1.65055163,2.21929409,0.49509920,-0.22012098,-0.05274905,-4.46224732,1.82748888
5.50390625,-1.69937284,3.07089828,8.16771460,3.07853499,3.09292523,2.92903642,7.62665863,-0.77001812
5.50781250,5.71276185,8.23026333,4.01815620,4.42451837,3.52350156,-3.86494779,6.36162839,-4.24326922
5.51171875,5.81922620,9.04416991,5.68007007,9.52722314,9.24283190,0.75623133,8.84605918,-8.89745195
5.51562500,9.77178774,9.11002081,3.49482283,12.57052888,8.78827709,4.90374147,-1.58971469,-8.23774645
5.51953125,10.67558960,6.12809822,9.07537023,10.52142208,3.79054153,6.99768145,-5.69360175,-8.73347814
5.52343750,7.50158174,8.60481209,8.98858288,8.45721272,4.61569184,5.18186887,-9.37871100,-4.66811564
5.52734375,7.65004241,-0.40463653,8.19537646,9.93588132,-3.29034670,7.11597030,-7.37925387,-5.64279042
5.53125000,10.66400238,-3.55080324,13.62295609,13.11850220,-5.94495763,11.69944217,-4.12991601,0.86489099
5.53515625,5.54817562,-8.71697606,7.42586860,10.93822129,-10.29665328,7.84697687,3.04706487,7.70613633
5.53906250,6.13200579,-6.01544966,8.26657229,0.52866593,-8.09373792,11.51260613,11.91305266,4.05313042
5.54296875,7.88534315,-3.63049408,9.08443989,2.37327238,-10.56006353,8.49064366,8.50628487,6.15702082
5.54687500,0.65377594,-1.63595044,9.27057173,-1.41393533,-9.28952126,10.45733014,7.01379944,8.44844576
5.55078125,-1.51289629,1.80783762,3.65564571,-5.26128728,-5.95133156,4.64371063,-0.90701192,12.45595053
5.55468750,0.05800425,10.92128304,5.06020941,-4.41811561,-2.16691771,3.94693791,-9.31873563,10.63626831
5.55859375,-2.65799217,10.74690432,8.56357133,-6.13498230,2.47813081,7.39145006,-8.15340651,6.94348387
5.56250000,-6.71073358,13.09712410,8.06759360,-6.54973926,5.30311840,-1.68550706,-4.84985383,5.83668272
5.56640625,-9.83989174,11.29459223,4.70122423,-7.86358992,9.11731893,-0.55516134,2.01611246,-1.84768795
5.57031250,-8.32094318,5.93224576,1.26962716,-10.77411005,8.41110047,-4.75376407,10.06275396,-0.94670211
5.57421875,-11.77414207,1.11128622,0.70732222,-9.04966848,2.15470462,-1.33192960,9.24836476,-5.81699260
5.57812500,-8.64950417,-5.77499417,-0.38058423,-2.52325070,5.99350437,-3.00579227,8.46525108,-7.49241142
5.58203125,-5.25499910,-7.40425338,-3.78301106,0.11915563,5.50438559,-11.71184295,3.79704453,-11.59064097
5.58593750,-5.52932634,-14.39734883,-0.48333336,1.43628713,-2.62763220,-6.45342099,-2.74085803,-6.22969424
5.58984375,-6.63477639,-5.32169389,-1.99972137,7.11644007,-6.55132877,-11.79233767,-9.22127330,-5.07563362
5.59375000,-2.76855171,-6.05091850,-3.69380951,8.39733333,-7.40719800,-5.96138638,-11.24395658,-6.76780212
5.59765625,0.55765566,-4.18946298,-2.72302866,11.97655995,-11.01229772,-8.46456690,-1.03302328,-1.80193980
5.60156250,-0.61850553,2.81479347,-5.60129199,12.54318339,-8.88617553,-9.24218409,2.46946823,-0.17841638
5.60546875,2.06261225,5.76268101,-6.73111046,8.63790503,-7.17035459,-6.71971102,5.93627472,9.15883409
5.60937500,4.08022912,7.60761836,-5.63544315,9.12799279,-3.21368496,-4.23593680,10.91719900,10.83973477
5.61328125,7.11935512,12.05384663,-6.65028158,7.24516259,-0.65153284,-4.37524632,6.45511726,13.58596545
5.61718750,13.03316780,5.99953211,-12.19095361,7.31588495,5.76254329,-3.28968576,1.62385080,10.22489229
5.62109375,6.19067381,0.55020045,-10.93272056,4.26228548,9.50610262,-2.58970581,-9.21662239,10.14300572
5.62500000,9.15907936,4.35407535,-8.34827922,-0.50526539,11.13887363,2.12032603,-7.78021541,6.92661893
5.62890625,6.51228235,-5.47679573,-11.81483959,0.46607855,6.76681727,1.34976504,-7.40266072,3.34270093
5.63281250,6.27751531,-8.91158037,-11.32781938,-6.08790573,5.42531555,7.32244371,-1.99916378,0.50670924
5.63671875,8.20872466,-6.53948185,-7.17884401,-5.69610078,-0.79114055,4.57277463,6.59110510,-3.28248849
5.64062500,3.20341112,-6.61066651,-7.65664855,-7.00785670,-2.01169204,9.77926920,8.47997434,-4.34183669
5.64453125,2.28161032,-1.83525977,-6.26083397,-6.94275087,-6.46585931,5.86905208,7.32226794,-7.03688681
5.64843750,1.51785076,-5.56728279,-2.53016099,-10.79760408,-8.34170066,4.46885007,7.64972900,-9.45973603
5.65234375,-2.30599701,7.31782679,-2.76635963,-8.36709236,-7.65558773,11.57254459,-0.46461225,-10.47549421
5.65625000,-2.21519570,7.01355337,-3.84132823,-7.38956388,-10.87376926,10.53016479,-11.27466505,-5.43339785
5.66015625,-8.11980374,12.71161093,-4.12798019,-7.89337136,-6.59203202,9.33949611,-7.83186956,-5.49780520
5.66406250,-3.17098159,8.86682638,-5.27692384,-5.87333837,-5.66500302,8.03115171,-4.65598437,-4.80454346
5.66796875,-6.03757051,9.38989661,-0.44596171,-0.96575644,-1.38922042,10.28936264,2.09838771,5.70075704
5.67187500,-11.43188667,3.38188371,5.61090987,6.22010086,5.25241056,10.13562898,4.00730881,6.87656171
5.67578125,-10.04518449,-3.89421883,2.23484339,8.70691486,4.42118067,6.26681335,10.50611063,4.47536965
5.67968750,-6.61311829,-6.05398462,2.61405523,4.51139231,10.30903605,1.99164321,8.83870806,9.51199296
5.68359375,-9.37067349,-7.64210785,7.49644932,9.45971667,8.98885159,1.68025270,1.02333311,8.04346220
5.68750000,-4.92969717,-7.79710190,7.08882764,12.13742112,0.38525828,2.12793845,-2.18702524,9.03263756
5.69140625,-1.89933652,-3.93875821,4.14882843,11.57754726,1.30620874,-1.20586133,-12.26561078,6.40971484
5.69531250,-2.16029823,-2.13872156,8.84295843,12.09082721,-1.38720430,-9.63673333,-7.24510424,3.06526432
5.69921875,2.68830164,-0.32857600,5.20396079,6.94873007,-3.11662960,-4.77121833,-1.19649322,4.54713838
5.70312500,3.54247238,3.59875912,8.58441159,2.70505792,-10.10485567,-3.04407843,3.95086215,-3.09975069
5.70703125,6.35573115,8.35004026,7.59986211,3.43176903,-9.16415361,-8.45045778,11.72458763,-6.12629141
5.71093750,8.19237271,7.69500105,8.77117595,-2.32313398,-11.24299354,-10.20585881,10.86864836,-5.99037342
5.71484375,8.59147196,9.35825282,5.79936603,-0.84129798,-10.71545935,-13.32679452,5.35240856,-9.24343345
5.71875000,6.07990048,12.73940174,7.68211803,-4.25234791,-8.71222935,-9.50432213,3.69054077,-6.53600994
5.72265625,12.38711854,5.02016261,3.83468719,-7.09664347,-3.18824168,-9.32854764,-4.52283110,-6.80961717
5.72656250,14.49755491,3.47347615,8.55916703,-9.70551496,2.43180481,-6.35173566,-6.39439277,-6.49562514
5.73046875,12.23739153,-6.58436118,1.85370263,-11.46815715,2.08064222,-8.33580018,-2.50326669,1.73394699
5.73437500,6.57390872,-8.62378974,-1.72416614,-6.24642407,10.17311804,-3.20325749,1.23210458,0.88424885
5.73828125,6.63187749,-11.81927128,2.54937482,-5.52403145,11.41857608,-5.39340868,11.54424490,3.86914160
5.74218750,6.96061428,-7.92352296,1.40204130,-7.07371215,4.51951367,1.32161790,8.54246597,8.07344970
5.74609375,4.42195076,-4.31834002,-4.91233316,-2.12604955,3.55844932,2.06928158,9.45563695,8.47275024
5.75000000,-0.72788915,-0.25455983,0.60083572,4.96471239,0.95202834,3.73236104,-0.25840828,10.04027448
5.75390625,-1.65642817,6.59987066,-4.81184451,1.69381013,-4.10438305,3.79454911,-4.39996166,9.09575042
5.75781250,-2.48473710,6.15333828,-5.87300836,4.65818978,-6.51971416,6.50397487,-11.08933621,6.00288907
5.76171875,-5.01128275,9.37428460,-7.26021406,7.08696961,-6.52671495,8.26353121,-5.63342391,2.23481857
5.76562500,-9.31861766,8.32148085,-6.26037012,10.06212586,-7.99403642,13.02948767,-3.11529672,-0.46133120
5.76953125,-10.01790185,4.95948449,-10.20448521,13.69548601,-3.41823368,11.05215473,3.39938535,-4.59644116
5.77343750,-6.75637708,2.34923006,-9.02274933,4.95680528,-2.94384362,11.24550158,10.46756486,-6.02216118
5.77734375,-10.44459806,-3.31463290,-10.52577730,6.83360803,0.05436699,12.71445791,12.72914081,-6.84725529
5.78125000,-8.40563437,-7.32506945,-10.05479758,6.71699354,4.83839074,11.59833725,6.10815631,-12.77268147
5.78515625,-8.90656965,-13.83170544,-8.76490905,0.34570934,11.36497533,10.14466525,-0.06837248,-7.85179607
5.78906250,-9.08944970,-11.34500913,-10.03305712,-0.50191167,12.88936048,7.92295737,-10.77845212,-10.32797786
5.79296875,-3.97241636,-9.25359136,-10.44391255,-2.64850708,10.71510577,6.09602804,-11.44406156,-11.18695142
5.79687500,-6.64910682,-10.18677807,-10.35035574,-7.00914131,12.22393964,4.25449053,-6.07258040,-9.09320543
5.80078125,0.65710003,0.53082743,-5.32185492,-9.25225260,6.14363493,4.18087041,1.25025582,2.02764900
5.80468750,-0.74565475,1.89699791,-9.72007936,-12.51139810,5.53351094,4.42008143,5.74042307,1.77728348
5.80859375,5.24097113,9.99923982,-4.33990934,-12.09219900,-0.21106804,2.74106666,8.70580229,6.00340488
5.81250000,5.16729437,8.74986853,-6.69365598,-7.50482432,-8.77498529,-1.44327984,5.73459229,12.25292058
5.81640625,4.59935815,11.31777223,-10.41920339,-10.33668686,-4.63464735,-4.67445851,-0.15977860,9.60507241
5.82031250,6.62053207,9.78040137,-5.02841380,-11.08147455,-5.77828841,-5.02954165,-4.86930305,6.52601168
5.82421875,11.76062786,-0.48710441,-3.00147383,-11.05107615,-11.61072778,-4.54347560,-7.44216512,8.16331412
5.82812500,8.61857221,-4.82298140,0.73181067,-5.47656548,-0.62407051,-7.05528349,-4.41979071,5.07070313
5.83203125,7.72047773,-10.40792322,4.94303151,-0.69746155,0.22891558,-9.23967571,1.86509393,2.71092494
5.83593750,4.81129710,-9.44561101,-0.12928601,1.93642218,2.91876621,-9.81414710,5.39624035,-0.70505936
5.83984375,4.91024177,-7.62768385,0.50304206,1.65686029,7.30354664,-7.61056670,6.58914230,-5.37181828
5.84375000,5.30185192,-13.00121991,2.89940894,5.07417707,12.74984176,-11.86441283,9.71109242,-6.84987535
5.84765625,0.35417945,-3.54030088,6.73103624,6.51985454,7.68011882,-5.76548529,3.52568675,-8.18095991
5.85156250,-3.05525715,0.74114689,7.65458649,8.97324760,9.60719618,-9.32024919,-5.98010433,-7.87686465
5.85546875,-2.88907534,8.03346273,5.71846982,11.39853879,6.85626560,-8.86332590,-5.22903644,-6.91441883
5.85937500,-5.55818707,8.63611288,8.39624264,13.54555244,4.53150368,-6.84369958,-8.09351573,-5.01246686
5.86328125,-6.51631560,9.64713308,7.26709853,4.78879896,-4.35068727,-6.63922417,-4.26392208,-0.67087493
5.86718750,-9.02259933,10.91137437,7.47410875,2.53349907,-6.46764974,-1.43987490,4.55920913,-0.57297864
5.87109375,-3.46954088,2.26120732,8.71128999,2.93275478,-7.77925010,-0.10821256,10.54936281,1.18150477
5.87500000,-9.13866542,0.33593350,9.14292761,2.53709568,-10.55161457,0.98075928,12.00160417,8.12764357
5.87890625,-10.20486612,-8.30383768,8.33713328,-3.28900073,-10.42202700,3.92626445,9.62041731,9.20651388
5.88281250,-5.99773459,-8.10419441,11.27162838,-7.79301169,-3.83882750,2.17994599,4.89105001,12.47608921
5.88671875,-5.61220385,-9.90078265,9.52421155,-12.30534694,-5.05592227,8.04276386,-5.05673493,9.78024182
5.89062500,-9.35528882,-9.61279909,7.50736989,-6.51179949,1.69669220,7.71569778,-12.99328579,9.87340268
5.89453125,-0.97143625,-5.66464828,7.63480725,-8.92639989,6.98244540,7.52372447,-7.08013411,5.38942081
5.89843750,-2.12144931,-3.65260007,6.53205082,-11.73247837,11.57422761,11.63842077,-1.31489702,1.90613508
5.90234375,-1.89377350,5.63732020,6.68659680,-9.93832893,8.59067366,10.27489889,5.66851355,-1.54854870
5.90625000,-0.24879076,9.22132463,1.66094564,-3.81622264,9.22495586,11.20264740,8.54901542,-5.97524507
5.91015625,6.28211447,3.04508059,-1.10329626,-4.34209739,7.29699826,12.79809053,5.73979816,-8.93943713
5.91406250,6.37679930,10.89783075,2.87088863,-2.43386600,1.81792218,12.70251947,2.37794468,-9.68571451
5.91796875,9.48745603,7.85301886,-0.84921561,0.76543373,1.04972145,12.89008681,-0.96594873,-12.69126035
5.92187500,11.45912409,2.95598474,-2.20245193,3.90435624,-4.97593742,5.10554925,-7.49746316,-9.22474446
5.92578125,8.79642239,0.80536951,-2.87133237,6.72685688,-5.11690156,8.45893772,-6.36454618,-5.77780031
5.92968750,8.44906669,-4.35222894,-2.83397445,7.07751901,-10.53571732,4.52455358,-7.00441281,-4.38198316
5.93359375,8.88523873,-12.46967344,-9.81732454,8.67696090,-6.99117435,6.45897426,0.50523040,1.86790918
5.93750000,5.74969434,-13.54500681,-8.92932190,10.75680352,-4.37133056,-0.26716174,3.25842221,1.14583347
5.94140625,3.10519190,-6.47298437,-8.46513855,7.78216209,-6.04674135,0.63244131,7.53726893,5.94038722
5.94531250,2.78232597,-6.28730662,-12.32281190,4.05509230,2.76927206,-7.85565250,9.84988052,11.77702809
5.94921875,-3.63996649,-1.85048701,-13.45742334,5.14875721,9.51744265,-5.06581223,-0.24756152,5.96016412
5.95312500,0.39015945,1.10299712,-4.91578817,-0.47768917,7.64170776,-4.72099212,-11.33830484,6.11083363
5.95703125,-4.41453928,10.47638505,-13.08383881,-2.85240183,7.56657072,-5.98394727,-9.99103721,7.72075740
5.96093750,-4.18405304,9.02643887,-12.06475251,-3.67250769,11.80099908,-4.58580941,-12.51163067,2.43685795
5.96484375,-12.98514463,9.16949949,-7.47498039,-10.17331736,10.03264734,-11.53187898,-9.51543650,4.07319747
5.96875000,-7.68227025,5.07445824,-8.15718338,-7.14907724,8.90070413,-11.85021522,2.05932539,-3.48177202
5.97265625,-10.26735233,2.39620383,-5.07234212,-12.19739850,1.63850745,-7.97432604,4.77961676,-10.65642492
5.97656250,-8.15139490,-4.70773080,-6.98975182,-12.67561587,0.52561369,-11.30161045,5.85494500,-9.72013820
5.98046875,-10.98671108,-4.40165809,-4.33399780,-11.19084451,-7.80491729,-11.51751230,3.56601365,-9.14209589
5.98437500,-8.18182771,-9.76765696,-4.50730253,-12.70370380,-8.31307129,-8.61425585,-5.08915509,-10.57411941
5.98828125,-11.98369433,-12.30654246,-3.35810273,-10.40898190,-7.49300338,-4.35080096,-11.16409373,-9.91234782
5.99218750,-9.23593818,-9.60984799,0.54418014,-10.03975148,-5.17014547,-6.74504664,-9.09442177,-4.09098175
5.99609375,-4.56179286,-2.79048770,4.85359690,-5.98585719,-0.99463997,-3.64154502,-8.22822095,-2.52628614
6.00000000,-0.32064402,0.24627148,1.76940799,0.95134373,1.19965625,-2.64935176,-3.57814378,2.22737385
6.00390625,0.25720867,3.95446065,0.62741268,5.29102864,0.95511812,-1.89678281,2.93916448,6.51124382
6.00781250,1.89307743,10.34489703,6.76820975,6.66122728,7.77374860,0.35547474,9.65238483,7.46573345
6.01171875,4.83969126,10.89260546,5.93624954,9.61370001,10.82946701,1.98115759,8.48419149,9.63408777
6.01562500,5.82673626,8.81450364,7.19370901,8.51835842,9.45813370,7.54977190,6.00256592,12.92540069
6.01953125,11.13646046,11.15395559,8.74444031,11.93581392,3.92033115,7.14758708,-9.98856614,14.06619563
6.02343750,11.50070916,6.18551139,10.44872069,14.82129763,-0.15702623,10.03614917,-7.95593478,5.63651581
6.02734375,7.69946610,0.87295922,8.81599745,9.03891977,-3.52742179,7.81492898,-11.73702689,6.53102719
6.03125000,12.09100609,-4.38030143,11.90816856,9.13583806,-6.42227878,7.90597996,1.77705020,5.41986481
6.03515625,8.09317057,-9.31536685,10.68311289,10.29176474,-10.30725900,9.14219133,7.63108300,0.28162694
6.03906250,6.16559908,-8.54203372,10.03142721,4.63280053,-12.02375317,9.96641206,12.38605341,0.36699236
6.04296875,4.43577456,-6.32623411,11.39414796,0.23154615,-15.72326548,7.82057956,4.69457085,-3.57925447
6.04687500,0.77693910,-2.87402657,7.81359926,-2.88579906,-9.26962055,5.89250268,5.06229837,-8.62032779
6.05078125,3.05075731,-0.20472872,10.41255713,-8.87095742,-9.64747639,6.70054755,-0.25292991,-5.32349364
6.05468750,-1.14620232,8.17493006,8.05933294,-8.07011155,-1.27507161,3.36079493,-3.77794215,-9.28136370
6.05859375,-5.16813839,8.75822361,10.70267584,-9.75281906,-1.62383088,-0.18251282,-5.94813733,-3.28394414
6.06250000,-6.51929403,14.08137798,6.88966430,-5.42974880,4.28639854,1.93441378,-9.59976476,-2.11917884
6.06640625,-6.11210234,8.33844771,4.47015731,-9.60016210,9.03249670,-0.14605216,-1.59200618,-2.51572664
6.07031250,-5.48513918,4.49755379,3.68388780,-4.05902028,8.60414194,-4.93563659,8.77701826,2.71784309
6.07421875,-7.04026425,0.94219071,1.44204625,-7.21200910,8.66730800,-8.75979964,12.72698796,6.86968003
6.07812500,-6.56535953,-6.33965694,4.22153119,-3.88960518,0.21994830,-7.90758095,9.49730692,8.34272069
6.08203125,-7.57535297,-6.11301029,0.27202910,1.84787159,2.72485348,-7.11325461,-0.21517306,6.52171765
6.08593750,-6.48490383,-5.43485644,-0.84461508,0.59330048,-0.76848260,-9.65988073,-6.09433756,10.18011260
6.08984375,-2.88249641,-10.60999963,-0.42721177,3.78171352,-6.15504836,-9.42169601,-9.27066040,8.22518625
6.09375000,-4.70657262,-5.30784338,-3.01000787,6.02928636,-12.38732356,-10.56540171,-9.60983492,0.31931509
6.09765625,-1.68654727,-4.40948775,-5.68633087,10.47335169,-8.40152356,-9.03975022,-2.31520195,1.33523810
6.10156250,-1.42781262,5.41213112,-5.27016562,9.73089187,-6.80733931,-12.35709510,5.13647645,-4.38733332
6.10546875,1.21170704,5.23225896,-7.95103929,9.62435175,-1.95413675,-9.66572499,7.81717618,-6.01724456
6.10937500,6.63695016,9.63594519,-5.80910949,11.28194268,-3.21504824,-6.52971785,8.34245665,-7.20434262
6.11328125,7.81357497,12.48488007,-8.20416021,7.34214298,-0.33788537,-6.49183939,3.90156434,-8.78247185
6.11718750,9.90604076,7.79458984,-10.58522123,8.43998226,4.12315030,-6.29609477,2.40999465,-9.50342191
6.12109375,9.49952025,5.40370319,-13.24088324,7.04653003,5.63812334,-4.58921749,-2.75446652,-8.93562455
6.12500000,9.46086003,1.29851230,-13.93899981,-1.46707550,13.05898772,-1.65108181,-10.31051529,-4.31237853
6.12890625,7.09526495,-3.27056440,-8.39267932,0.17605816,6.53111878,1.15008891,-9.84794502,-6.40103288
6.13281250,11.10995068,-3.46684717,-9.67229211,-4.47518735,7.85871696,4.22556540,-2.69453489,0.36148906
6.13671875,4.68571227,-7.21870555,-5.69186245,-10.19647245,1.84413676,6.49427859,4.51295936,3.69243751
6.14062500,4.74067199,-6.93223114,-6.67383918,-10.54075729,-4.99076555,8.80231030,11.07702311,7.33825595
6.14453125,0.12898366,-2.42675035,-7.45981665,-10.30150868,-7.83705686,6.05919807,7.81946297,8.63645605
6.14843750,-0.38955189,-0.86233913,-12.49487456,-8.10818688,-11.83623781,6.96125190,2.01224017,11.34041521
6.15234375,-1.28621855,2.66235146,-0.41669315,-6.68907385,-13.80495540,11.35688088,-5.83170711,9.13610260
6.15625000,-7.57214423,7.25916104,-3.50137792,-8.48166896,-6.94030102,7.66208446,-9.13417102,8.98658199
6.16015625,-3.87898332,10.37185325,-1.77972991,-5.64197563,-10.18520912,9.27392674,-6.56975002,7.42647285
6.16406250,-9.81527656,10.86197395,2.69933295,3.71372154,-2.35262655,8.34006997,-5.44697681,1.17529637
6.16796875,-8.47539989,9.59031248,0.89932937,5.31881522,3.77340068,8.08623033,-4.18323215,-0.70075068
6.17187500,-10.82170076,3.06851562,6.65307500,4.25682478,5.19467696,6.06508293,5.63047507,-5.41605787
6.17578125,-8.09633126,-0.98830927,2.00167158,7.59794721,8.14406031,7.23469875,9.39236598,-5.39706864
6.17968750,-9.41910098,-3.58159227,7.20884664,10.09947308,8.24433122,4.53573904,6.96653383,-7.52826938
6.18359375,-4.28620239,-6.14120560,3.76756129,16.28585396,8.71601430,-0.54337830,-2.67128350,-13.05950902
6.18750000,-4.29624154,-10.41398615,10.89093427,10.05951421,7.96739632,-3.58883053,-6.97690660,-8.26788943
6.19140625,-2.47049507,-8.21130370,10.41265560,7.80125695,5.23892953,-2.58688789,-9.99312645,-3.72004743
6.19531250,0.73673405,-3.28080696,13.32707576,11.43973742,-4.44074952,-5.98236783,-2.78210854,-2.72393174
6.19921875,-1.55296173,3.91421460,10.01571201,9.90877822,-9.32056889,-2.42115825,0.01905163,-0.22121756
6.20312500,1.64253908,6.75499392,10.52573944,4.15960661,-9.65030855,-8.07003658,5.15045615,3.88746721
6.20703125,3.39484895,11.08098058,11.51989434,4.02666204,-10.65254728,-10.57746726,7.67460563,6.63952364
6.21093750,9.19081719,11.77212298,6.77128338,4.04328167,-14.76901234,-8.50653439,8.99495228,10.59576631
6.21484375,12.16014964,9.30927200,9.54706373,-3.35559428,-10.20358433,-9.88473799,5.88793711,11.16644413
6.21875000,12.14993053,6.51329563,11.62673519,-1.00876886,-6.69176241,-9.35792617,2.49278421,12.02588485
6.22265625,11.86666599,0.43021559,4.67103257,-7.38555069,-3.14721379,-8.82257985,-9.78092155,10.15217002
6.22656250,10.50236383,0.64968910,5.51726545,-6.65704873,0.13275594,-7.87696890,-5.49178659,7.57041350
6.23046875,13.76773347,-8.21659263,6.57242652,-8.78896612,9.08056363,-7.09680062,-2.46589983,1.09401811
6.23437500,9.86146573,-5.17763863,4.86059954,-9.77475623,7.85202800,-7.42156721,7.09804915,2.72357332
6.23828125,9.47238651,-6.83462460,2.50221799,-6.97244578,9.46190994,-3.81565716,12.52788134,-6.21556824
6.24218750,5.65464976,-7.54820707,2.62945920,-3.14878116,6.67780913,-3.81587638,12.84755430,-11.44338917
6.24609375,4.95039692,-3.92676853,-1.89978415,-0.50366072,3.37380612,6.36582211,7.03945219,-7.54323545
6.25000000,-0.38984844,0.81561748,-0.93064422,4.04970769,2.38811207,4.68755047,-0.79662594,-13.30381107
6.25390625,-2.38767102,7.50724168,-2.56108083,4.93953817,-5.24328364,2.62149738,-8.74521338,-9.98396956
6.25781250,-3.43901366,7.03126451,-1.63515520,5.69776529,-4.72698398,6.89866831,-6.32772555,-10.26561708
6.26171875,-3.46862630,9.41122733,-5.36004343,14.55161373,-11.84444866,9.50946173,-2.65376159,-6.01831162
6.26562500,-6.99822187,7.50314632,-7.39000860,7.57342466,-12.85646794,7.48271398,1.80819304,-3.59932411
6.26953125,-7.25997748,4.95465045,-10.85473521,15.05515961,-4.25948557,10.82250778,3.06144589,2.19041303
6.27343750,-5.48657391,1.26149816,-7.17851564,9.88923141,-5.77607134,15.56878206,9.19161212,6.96391943
6.27734375,-12.19561615,-2.32760560,-14.18432081,7.39288466,0.08153789,15.73841000,8.45030168,9.68533966
6.28125000,-10.98421940,-11.67681327,-10.39524430,5.02032755,5.37181920,10.85758473,6.15507210,5.16179471
6.28515625,-12.91530057,-8.05934451,-11.25611566,5.39730038,10.05157324,10.48893280,-2.71911491,3.57962480
6.28906250,-3.82522739,-8.71899719,-10.17548239,1.81437373,10.88545254,10.45876921,-12.36108369,7.28156861
6.29296875,-5.85605339,-9.61387890,-8.33810483,-4.16034672,11.62145324,8.66363679,-8.57805145,5.11831069
6.29687500,-2.12346620,-5.81220224,-3.31706340,-5.67234915,9.55408064,4.31241403,-7.24009737,-0.71928468
6.30078125,-0.06456478,-1.81612191,-11.12063821,-5.22316894,6.40584124,9.86249527,-1.65799240,-1.33925947
6.30468750,2.91448748,2.52342079,-11.90695457,-9.99433646,3.31859918,3.08274909,12.34477834,-5.71650798
6.30859375,3.85522786,6.71264296,-3.47440108,-10.88209632,0.86049775,1.02590839,4.92597889,-9.34516249
6.31250000,8.00142805,4.77318185,-4.14573972,-9.96309828,-5.04545733,-1.40455616,8.29750636,-15.97642495
6.31640625,5.40288044,8.11346537,-4.05942444,-8.68563757,-9.94189258,-3.33522617,-0.03324619,-10.14867147
6.32031250,8.52820141,2.62884817,0.94565070,-8.85842182,-9.63598864,-4.42159545,-7.49777032,-3.77235234
6.32421875,5.91997174,3.84356269,-2.34271218,-8.12811459,-6.00929905,-5.86417094,-11.63905775,-4.05834517
6.32812500,8.86365564,-4.79178643,1.03378722,-0.93209517,-4.59053679,-7.16063348,-9.44234799,-7.15413778
6.33203125,8.61548615,-10.58174054,2.30333664,-3.06590629,-1.32046711,-10.79568091,-3.46349383,0.04280628
6.33593750,4.10041995,-12.91638347,-0.44286441,-3.39173952,7.97705383,-8.89718304,7.16863831,1.67629706
6.33984375,3.56123627,-10.46692242,4.39943020,4.99823008,9.32329673,-10.42860045,5.12223880,2.67867668
6.34375000,2.58716846,-8.88582849,7.77010643,8.98347973,8.28209227,-11.99059016,10.56866545,9.71762383
6.34765625,3.28855181,-5.03378100,2.65805855,6.69824428,8.04343323,-10.57779440,-0.82945755,7.00086594
6.35156250,0.46591032,0.06007318,8.87613437,9.30318727,11.78634533,-4.85796465,1.60769790,8.32383017
6.35546875,-2.66084549,8.08462180,7.16329270,9.54138161,8.28285057,-9.16034954,-5.29413644,5.63782472
6.35937500,-1.31590206,7.61431314,6.97130589,9.13548084,0.67662474,-4.36312800,-11.74562561,7.86136440
6.36328125,-5.39429515,8.71264478,10.34756733,8.65532449,-2.23382426,-3.12193404,-7.25537213,-1.06140405
6.36718750,-8.19088500,6.19359761,13.46813589,3.76385862,-5.99394635,-5.75292750,-0.39814114,-3.27681797
6.37109375,-8.85153604,4.20445322,11.20026598,5.87866468,-8.96847037,-2.68506161,11.15842544,-7.98525059
6.37500000,-7.87045476,-4.21105842,9.79020469,0.91808702,-12.65185341,2.41052867,8.50215824,-7.84155967
6.37890625,-9.59203736,-5.13351599,6.07119017,-3.04780548,-12.04413134,6.90271233,5.45136564,-7.73668122
6.38281250,-4.57088144,-12.00248386,13.77808437,-3.71124059,-7.18142137,8.02240798,-0.13818178,-11.15244080
6.38671875,-7.53924633,-8.72815161,13.11201708,-9.93155519,-0.23537263,6.05118787,-7.40233632,-9.86631948
6.39062500,-6.92627954,-8.45760891,4.63500780,-7.46154837,6.72202645,7.24770649,-11.31965560,-4.41997043
6.39453125,-5.53341129,-8.13694714,7.90963352,-10.87495948,9.44108959,8.60827913,-6.44865110,-7.39542488
6.39843750,-0.50496522,-2.33949881,6.33018767,-13.97005084,5.59166150,9.00641600,-4.92846699,-4.05152291
6.40234375,-1.62401813,4.13274787,9.27812229,-10.16081700,8.27703990,8.64642574,5.81442446,8.45661458
6.40625000,4.88677459,4.94198341,-0.42331868,-7.46898651,5.99251547,11.71932620,7.30966441,7.89869410
6.41015625,4.76344985,8.57179361,2.83456881,-6.83623204,13.40181461,10.39406383,10.01198134,8.74994094
6.41406250,3.74143106,7.89655154,1.13485372,-2.25851695,2.03230480,9.54554801,3.02974312,10.76606055
6.41796875,4.90043910,6.76567560,-0.84362642,0.17597380,1.00035506,6.45812039,-2.81333799,9.67698412
6.42187500,12.00720034,4.71455065,-2.69935454,3.51661399,-5.29375739,8.95204678,-8.71452661,7.26177363
6.42578125,10.44166257,-2.51546737,-2.59767813,4.75097271,-12.96447597,6.47751990,-12.48684030,6.99108166
6.42968750,8.51705181,-6.74209481,-6.85846987,8.78068668,-10.01397795,6.19973487,-5.40756606,0.84727931
6.43359375,7.47675367,-10.28429901,-8.13231063,11.29361061,-8.93545805,4.12081251,-0.05821849,-2.95176837
6.43750000,5.17303975,-13.85697301,-4.92407676,8.57162051,-8.53132470,-3.76704334,3.57278021,-7.92443173
6.44140625,2.85545974,-10.66875913,-10.15295838,8.14939391,-4.34651226,-0.73057867,9.00831940,-11.48479069
6.44531250,0.96436861,-7.62023269,-10.47465470,6.19904561,0.07124634,-4.97313917,4.43852703,-7.84303833
6.44921875,-5.69612618,-4.84812403,-4.83743705,3.61568467,3.70578038,-5.57312953,0.04643691,-8.62413814
6.45312500,-3.07808452,2.74861709,-8.91682981,2.18265274,9.71601724,-5.61436088,-9.83664563,-14.56848106
6.45703125,-8.04136335,8.81746107,-9.61719232,-2.45846701,4.92081183,-7.56493420,-9.62320635,-11.68357175
6.46093750,-7.33837933,5.92322837,-9.22378272,-5.05209712,10.67701280,-7.18424817,-6.76120831,-6.63435335
6.46484375,-9.23613426,9.25775528,-8.39011922,-5.69546293,8.15484507,-6.74463498,-4.79500859,-4.53974392
6.46875000,-14.52878440,3.41191376,-9.80849574,-10.37285767,5.63748812,-9.36775913,6.08343617,1.03073369
6.47265625,-13.28916397,4.12732415,-7.42898867,-10.62881274,4.02456644,-10.23487967,8.19351748,5.23049375
6.47656250,-11.20882519,-7.11656653,-8.42565287,-14.10096027,0.34205391,-10.42100981,7.67991449,5.61152156
6.48046875,-13.95454430,-10.19752195,-3.50336274,-12.97842356,-7.67138578,-11.50253443,0.40844894,7.11789045
6.48437500,-8.94705676,-14.47404093,-2.88725080,-9.66760343,-7.00109041,-11.69349197,-3.10213471,11.18745333
6.48828125,-9.09150396,-9.82228255,-0.14198110,-9.28592690,-6.56074390,-6.86567868,-13.12973698,9.74034337
6.49218750,-8.13230754,-9.39896176,-4.46320135,-8.10214024,-7.05829809,-6.62277394,-14.18434345,5.65308528
6.49609375,-4.58458222,-3.42476547,-1.84515609,0.39050727,-5.57794342,-3.17867936,-8.42985841,8.57438672
6.50000000,-0.63395346,1.62856002,4.51410858,-1.46240148,1.12565840,-5.36765892,-1.58737576,3.41307941
6.50390625,-3.00841120,5.18837043,3.44778800,3.14163087,1.54693348,0.73177585,7.81544728,-6.41320900
6.50781250,0.61798442,9.85750248,8.02899146,7.15521554,6.52386966,-1.20653567,8.99958932,-6.89787955
6.51171875,4.88743418,8.80485725,4.00770877,9.11168831,7.59278186,3.90950487,9.14029601,-5.55120895
6.51562500,8.27582154,9.48934370,3.57984462,7.95751746,11.31146314,4.81169197,2.20272065,-7.70211362
6.51953125,6.38706863,7.27793587,8.33889845,12.21463477,8.16948554,6.73542877,-3.26295492,-7.68547822
6.52343750,11.25497450,0.10068624,8.02758708,8.27566458,3.94712606,5.54489534,-10.53564511,-7.53567740
6.52734375,10.76956046,-0.81727257,9.52866390,10.34103965,-3.21604178,11.32485615,-5.67781916,-3.62510654
6.53125000,6.42415481,-8.12166467,11.69680112,11.27463905,-6.00866576,9.15484108,0.14371711,1.58015076
6.53515625,4.49319911,-12.59403865,8.69523490,8.92866392,-8.45334494,4.35676525,4.01616424,3.06231390
6.53906250,6.27857475,-9.68118469,10.39241371,6.88741782,-10.63828721,6.94019042,4.33981462,7.31348804
6.54296875,8.18664928,-8.11654450,11.70557888,-3.59869859,-8.69947896,10.35699670,6.91304141,8.88619267
6.54687500,-2.15007482,-4.75577432,11.44351395,-6.30050917,-6.53251862,10.27060706,5.96442600,12.35239167
6.55078125,3.04194471,4.58625813,9.27294919,-1.41944632,-9.01808357,5.89587934,-5.41828744,9.49415976
6.55468750,-3.75289633,5.98231826,7.86794351,-6.14053051,-4.33674913,0.84465132,0.82438728,9.18564961
6.55859375,-0.29921973,11.81878301,8.25853192,-9.60644374,-2.47606318,1.70204378,-10.87366349,4.90571744
6.56250000,-8.01213350,9.68088734,7.29371529,-7.51864924,3.68812205,0.67041326,-8.68082151,3.92821930
6.56640625,-4.83151976,9.75157697,3.50861563,-5.84356340,6.75311019,1.47370898,-0.14055261,1.53823916
6.57031250,-6.42706183,6.16452566,0.19378278,-4.50358375,9.16490484,-4.55718437,5.75541904,1.33135650
6.57421875,-7.30025603,3.43821427,7.02305104,-5.74888002,8.45708829,-3.35337772,9.78956506,-8.68387851
6.57812500,-8.63791011,-5.96732267,1.71069570,-4.02220755,5.92113132,-3.36088960,9.44316315,-12.92779800
6.58203125,-9.49161470,-5.49612891,-0.04204478,-4.22837842,2.67094459,-6.77725303,5.76829006,-7.94713592
6.58593750,-5.09335954,-7.76508484,-1.93681953,2.15890318,2.60608527,-8.48285571,-4.09326705,-7.54544010
6.58984375,-3.86236642,-6.41590289,-2.17335922,1.43959628,-11.60400515,-7.37348208,-8.44707054,-6.45573950
6.59375000,-6.47372936,-10.14023002,-4.87384976,7.48057030,-8.67398042,-9.28692593,-9.22752482,-4.65584567
6.59765625,-5.00721854,-1.35375019,-4.80474217,8.25618905,-10.29194560,-9.31201564,-5.78787853,0.82674175
6.60156250,-0.46808478,1.03494138,-6.88047581,10.64620328,-13.30111706,-10.02288745,-0.46109730,-0.10271178
6.60546875,0.92053045,5.55715758,-7.91727876,12.15728427,-6.69669958,-9.78478349,8.63746607,4.83872379
6.60937500,7.44357878,10.77572821,-13.92324177,13.79710954,-1.67797257,-5.31734987,7.11307221,13.14153064
6.61328125,7.98083210,11.72382793,-5.45166317,8.45815322,1.51896631,-3.89056662,5.72791696,7.65737090
6.61718750,6.87211219,7.04733227,-7.13432880,8.71821327,4.93118815,-7.63008898,2.94570810,10.04370843
6.62109375,10.13916111,6.61164315,-8.37011621,-0.02914624,8.91642004,-2.18232311,-10.04148801,8.57771294
6.62500000,6.57197704,-1.21753620,-8.32744721,0.44331936,13.77433087,2.91761930,-7.41125046,7.58612478
6.62890625,7.98482678,-4.32520960,-7.95482225,-3.04839541,9.21124674,1.83878628,-5.51612250,5.05286678
6.63281250,7.55018438,-3.89011451,-12.30664995,-5.40693521,7.53015114,5.38417161,-1.14345036,1.82107918
6.63671875,5.55485560,-10.09788431,-6.48935802,-6.33318457,-1.40767769,6.49958857,6.92366219,-3.73667464
6.64062500,2.47833950,-10.50724935,-10.36616129,-9.97336664,-4.08690561,6.91573878,8.68982003,-8.63343945
6.64453125,0.75496353,-7.22216210,-10.04484490,-7.90184247,-1.92703832,6.19263268,8.08482952,-8.44447242
6.64843750,2.85292604,-3.98486441,-8.42575581,-10.77164888,-9.11516027,7.49547441,5.66253426,-8.46209098
6.65234375,-0.81079611,4.42041531,-5.80232784,-4.22962455,-11.47660653,7.98108033,-3.52524586,-8.56107849
6.65625000,-1.61984914,7.52902423,-0.29566845,-8.11014897,-11.08169182,9.27683135,-9.52443815,-6.81635261
6.66015625,-5.62395516,8.21702338,-2.25757907,-5.30073100,-6.04642334,10.45880875,-9.30984782,-4.24340704
6.66406250,-7.49990935,10.33902476,-4.33530395,2.91446433,-2.68976390,7.07946144,-7.37269965,-2.75263646
6.66796875,-9.48980467,9.31572097,-1.58106271,0.83632582,0.52715246,10.10831288,0.55906728,1.67983551
6.67187500,-8.60660523,6.65075326,0.27396244,4.82231512,2.22923396,9.30789850,9.64335596,5.49152828
6.67578125,-10.24810168,0.29579629,3.53838088,6.39554840,4.37152798,7.03673251,7.06814942,8.98518414
6.67968750,-4.10658854,-7.28006368,6.13873776,8.26232402,10.93186537,1.53695060,6.87278726,11.73505415
6.68359375,-5.55890803,-9.26432541,8.31878725,10.38270511,9.13212143,-0.45024060,0.75756737,13.78617824
6.68750000,-4.80953384,-10.78535145,4.95215283,10.93971184,6.08739970,2.23464372,-3.03377265,9.06229577
6.69140625,-3.82180422,-9.52550799,9.01712533,13.31229530,0.03968916,-1.20498098,-10.85723465,8.25014354
6.69531250,-1.57207481,-3.55157627,9.04076547,9.46621185,-1.37511437,-2.97807895,-6.96633804,1.82412468
6.69921875,-2.55999612,-0.25177207,8.30118629,5.19482561,-9.22693129,-2.75650879,-2.38833263,2.08128258
6.70312500,4.82779513,5.62972391,10.31032979,7.00448242,-13.41872117,-6.65399989,6.83565716,-2.93398634
6.70703125,7.91099740,8.83135720,11.34883469,4.07442765,-10.31307363,-8.97170281,11.75639336,-4.93475426
6.71093750,4.09094701,11.47109422,10.64186215,1.21516243,-13.86942542,-10.83637407,9.64981503,-6.00545637
6.71484375,7.93750793,11.19864468,10.02203563,-0.69014681,-10.24388551,-6.26145642,2.95077797,-9.72921803
6.71875000,6.28012396,10.79823946,4.73105368,-7.58413199,-2.86372026,-8.20725800,-4.30984181,-11.66235390
6.72265625,8.85668464,6.43378146,7.62345785,-6.83323672,-1.47065224,-8.93989584,-4.77877642,-5.72856400
6.72656250,11.82305009,-2.26709549,8.66925102,-6.35450407,4.27036426,-8.17200762,-3.98039515,-4.11146940
6.73046875,11.77861022,-5.83406545,5.33723381,-8.95794120,7.27431787,-3.86768346,-4.78267621,-4.24045389
6.73437500,6.25801553,-6.82650473,0.98433985,-6.99041701,6.34467235,-3.65375710,5.77483487,-0.23309415
6.73828125,7.59804022,-12.18548295,1.53808614,-4.02465595,10.20668163,-0.98531764,6.10345736,7.17735516
6.74218750,2.27813728,-8.53645566,1.80396896,-1.35033283,6.18484653,-1.01427821,14.30971084,7.07136784
6.74609375,1.02523947,-5.65838640,0.87367720,-1.55734636,3.50582773,0.26404661,6.67380473,6.29493034
6.75000000,-0.49395902,0.29992353,-5.23780687,3.57105880,0.82298844,-0.39438375,0.29407773,6.63490115
6.75390625,-4.62123064,5.23524318,-4.18324441,3.87242059,-5.23137693,4.70039607,-9.68926143,7.54443942
6.75781250,-5.07574907,5.00975983,-6.40257991,6.46372914,-10.67363362,2.85061974,-9.03031910,5.70024479
6.76171875,-3.31863542,4.69818683,-6.05445128,8.74661491,-7.24921710,9.71514959,-10.01327339,3.15493771
6.76562500,-9.64768204,8.87292841,-11.83790841,6.76659292,-6.95382074,12.11530553,1.45045501,-3.09329479
6.76953125,-8.83974820,6.14868082,-9.86178852,10.16565017,-4.52307862,4.79918550,6.36573944,-5.62489653
6.77343750,-8.23110581,-0.16237145,-5.01509478,8.02431264,-4.40393279,11.75274406,8.17870145,-5.55890574
6.77734375,-13.76206626,-3.25064227,-9.47121620,7.19272583,-2.10462980,11.32844191,8.29474993,-11.19450766
6.78125000,-11.11331946,-9.50319961,-13.28735595,1.67517276,11.00351088,15.51406762,4.53367948,-11.90290336
6.78515625,-6.92262909,-12.27178539,-10.25888287,3.04683489,10.36984525,11.62712311,-3.87302180,-11.95519518
6.78906250,-7.59043196,-13.67806860,-9.97666003,-0.33463658,13.53539750,11.14568261,-10.83362694,-7.95585292
6.79296875,-6.21829552,-8.00679881,-9.66349379,-3.43437273,12.56814855,7.30916373,-10.94316499,-11.57300074
6.79687500,-3.79659602,-4.30149994,-11.41713395,-8.56858719,8.19248472,6.70454964,-6.09828800,-2.76758882
6.80078125,-1.13319853,6.52989236,-14.07319744,-9.73918670,6.89404989,4.90941982,-2.61789786,-1.62795761
6.80468750,4.78915752,7.46485281,-8.84922282,-9.08246911,1.47299013,2.69249961,6.21836772,2.65808218
6.80859375,2.16780631,10.90257632,-4.72771062,-12.21668543,-2.42438501,2.17336398,7.00315904,8.47908629
6.81250000,5.27572999,11.82818637,-3.77142714,-7.25591573,-5.49453948,-3.48470967,8.40892851,6.23159224
6.81640625,6.64045199,4.15286219,-4.47487438,-6.76260230,-6.87151260,2.08907215,1.86400856,10.94707097
6.82031250,6.16439379,5.92281171,-4.57256650,-6.12898388,-11.98075239,-7.73068324,-8.15028685,12.14878847
6.82421875,9.12042422,1.34795285,-1.82291619,-6.04491156,-7.54048750,-8.04347233,-6.67214873,8.71605349
6.82812500,6.08850880,-4.42686014,-3.33208539,-3.63863683,-3.89475084,-8.75457113,-11.22590201,3.87106870
6.83203125,7.04401006,-8.48225708,2.04542282,-1.22250917,1.85931635,-9.04431559,-1.18404226,0.49119916
6.83593750,6.81881358,-9.89449013,0.17558135,1.06652334,3.73441846,-12.62260090,4.74625557,-5.03011582
6.83984375,7.23972477,-8.35291562,3.99499953,6.03207111,2.77491011,-10.85505837,8.27750400,-4.91718614
6.84375000,5.38521717,-5.03316202,3.93676813,6.05254649,7.02881195,-11.88826375,12.34598508,-9.14565474
6.84765625,1.09114507,0.34551207,6.26730990,6.85281608,11.01741415,-8.53263663,3.64711200,-11.66413939
6.85156250,-1.24478089,1.00017058,6.22901618,11.27582862,8.68775359,-7.62783679,-4.87413185,-11.60995773
6.85546875,-2.93866727,6.13285935,8.80233266,10.51834362,9.24354737,-7.00981667,-8.29291023,-5.42561621
6.85937500,-3.78133690,6.17477500,11.62640106,6.65577246,-0.59284435,-5.08765435,-10.38476007,-4.69633336
6.86328125,-6.93810635,15.86844058,10.84987136,9.23813008,0.01041807,-3.96853824,-2.44703482,-5.28270391
6.86718750,-5.26514949,11.41197508,8.89741920,6.76532651,-6.83802597,-3.00729277,4.72148885,0.23210831
6.87109375,-7.74894158,4.30164032,7.97695107,-2.49467588,-8.72107135,-1.87600463,10.01579341,1.86666205
6.87500000,-8.53052101,-0.44935835,5.15556045,3.50509022,-7.99716778,-1.68710718,14.76466443,1.43004808
6.87890625,-5.38571545,-7.08894927,8.11540760,-3.44406554,-5.28793131,-0.48248094,9.81881589,9.71709895
6.88281250,-10.10971703,-6.71307524,8.25253813,-7.14793616,-4.26250064,0.52824946,2.25359699,7.94530536
6.88671875,-4.80405806,-9.15355542,9.16895515,-8.65876501,-2.67649761,4.63832998,-4.36895736,7.71984115
6.89062500,-3.03692807,-9.28472747,11.94995176,-8.48228901,1.91844000,2.69254067,-13.82437495,7.73433573
6.89453125,-4.68304019,-8.18367825,11.26715779,-10.01845055,3.38543855,4.55669302,-8.60961887,0.16219634
6.89843750,-6.10414562,-2.39639253,8.47356554,-10.56011201,12.31343725,11.67286410,-1.98423790,3.74685214
6.90234375,-0.33184468,0.04000734,7.23653609,-10.63129657,13.22378944,9.12604851,5.73825584,-2.52993176
6.90625000,1.09333927,3.76787071,2.32107069,-5.37234100,6.54587915,16.74267893,8.15855284,-4.99928706
6.91015625,6.53693142,11.39518656,1.75105280,-8.19462071,6.43711048,8.64408641,9.13469514,-5.70201039
6.91406250,5.78482467,11.82064628,0.28199443,-2.14683027,2.18734069,11.54252628,3.91787495,-9.46167681
6.91796875,6.59066299,5.16550796,-2.62964018,1.79517408,-2.39674088,10.29293432,0.75768413,-12.55464385
6.92187500,8.97285640,1.81690089,-1.61593502,1.69018137,-5.13586269,6.54169920,-15.34579854,-9.66462347
6.92578125,10.88893233,-0.79556433,-5.37690237,6.24753985,-6.96970334,7.70402064,-8.47680792,-6.42165591
6.92968750,6.73049113,-8.85527078,-6.75964475,5.40562644,-12.74619329,3.36326689,-5.65064354,-5.40767786
6.93359375,8.71781872,-10.00242063,-9.11069501,8.32334115,-9.91059194,1.10538852,-0.46880643,-0.09559942
6.93750000,3.36350843,-13.31024518,-5.54239775,6.29401137,-4.19808419,0.45880251,4.45041750,1.50203689
6.94140625,4.25383831,-10.39344638,-7.84940469,4.34813686,2.81675145,-0.43526115,7.46905108,6.05582194
6.94531250,1.34267865,-5.35257830,-13.03917596,7.70446905,3.84754735,-2.16474598,7.69135415,8.98648733
6.94921875,-2.83557088,-6.99126754,-5.63039397,4.14138577,6.09170220,-3.06882671,-1.37122328,9.90453828
6.95312500,-4.20831854,0.52195660,-11.63597754,1.30508334,11.00476399,-5.05578033,-4.95134383,6.02982873
6.95703125,-5.51123980,8.91175433,-8.09935858,1.31209904,7.40833892,-4.95029538,-11.60657867,6.14773506
6.96093750,-7.89075152,8.72553738,-10.51692931,-3.87168359,10.47009931,-6.83282007,-10.05523746,4.44639706
6.96484375,-11.11202057,10.01948718,-9.19188907,-9.62162971,7.72037390,-9.41958470,-4.44754115,3.18563944
6.96875000,-11.36402276,5.25796183,-10.41614742,-8.11580569,4.86005280,-9.68893132,1.08120004,-6.07831999
6.97265625,-12.05792200,0.24606862,-7.43213832,-7.31883448,4.14037384,-13.17734265,8.15962544,-6.98018468
6.97656250,-11.63543277,-2.57456460,-7.67829027,-12.77184208,-1.42185714,-10.25511623,9.66457567,-10.97069503
6.98046875,-10.14477858,-11.45711874,-5.08410381,-9.63053624,-4.55186588,-10.67800495,1.28322178,-10.01660976
6.98437500,-9.47738179,-6.48790825,-1.28994120,-14.89731481,-7.13332041,-5.79564514,-5.20705071,-8.57086808
6.98828125,-7.56985427,-9.33782503,-0.22003294,-8.24428010,-12.31774636,-7.26233077,-9.01612145,-9.49714259
6.99218750,-4.95348293,-6.79469794,-0.86863080,-8.50832151,-7.64746953,-8.85291244,-12.50510337,-9.22611386
6.99609375,-5.22812825,-1.42729030,0.58848350,-3.01465966,0.66210356,-9.20189527,-10.27692484,-4.72791772
7.00000000,-7.08384374,-2.70489066,3.19351291,-1.29799057,-0.07161676,-3.55535590,-2.18866126,-0.75159970
7.00390625,-0.91872034,5.04106032,2.26389627,2.52444037,2.17861345,-3.25036813,1.15091049,8.48225459
7.00781250,7.17119152,9.30474328,8.72619721,6.96458823,6.96559320,2.78200556,9.15452964,7.80105563
7.01171875,4.38884980,10.64869229,9.15067815,8.92335506,11.18170884,2.29483568,6.39918696,7.35764537
7.01562500,7.39872666,14.67171389,6.07016667,10.53621315,8.13077034,4.15082360,0.92309507,13.71461977
7.01953125,6.75038654,8.97388432,10.10652474,9.39187339,5.33133421,10.35970918,-6.14735757,10.49815066
7.02343750,10.08020930,2.09688885,9.85660467,8.08845042,0.49632389,6.08262050,-8.76449629,9.51513774
7.02734375,9.68054594,-0.39577480,6.27327128,9.43844601,-2.14499099,7.68057989,-10.55982378,4.59243059
7.03125000,12.15247189,-5.78211531,13.46287743,9.26946824,-7.76336417,7.55658884,-1.80217406,5.29666987
7.03515625,7.47947461,-7.27685834,9.18147259,4.96618537,-9.09635248,7.98522348,3.88235443,3.54092691
7.03906250,5.97424025,-9.27608512,14.22941282,-0.47771735,-14.74096314,10.11252386,7.48688774,-5.17724110
7.04296875,5.08848236,-6.34599451,10.08263576,-3.03524280,-10.22913410,9.59926115,8.84259863,-7.87418711
7.04687500,6.68819015,-0.33793960,6.17439219,-3.18810297,-10.56585831,6.19035737,5.71846700,-7.45927822
7.05078125,0.76223843,2.88411687,7.08698922,-1.28260489,-5.78448491,3.42312851,4.75907728,-9.14041073
7.05468750,-1.41286852,6.54519533,11.68879385,-7.07104475,-2.93945339,-1.03625849,-7.38601869,-8.15158243
7.05859375,-7.43887016,7.68497244,9.04997905,-8.52024124,1.15246920,-0.13806606,-10.70937212,-4.79577668
7.06250000,-3.32137107,9.34589615,5.97054062,-10.38681341,6.96036874,-0.97331540,-5.17056938,-3.33149743
7.06640625,-6.96069874,9.24234017,3.95113862,-10.04431646,12.52389890,0.46939002,1.97977281,-0.49308759
7.07031250,-6.59862076,4.45662414,0.46879557,-9.49010419,8.53863655,-10.12970624,7.77818820,6.77275231
7.07421875,-5.71010906,-0.74710497,2.06692745,-4.37191548,8.04145401,-4.03775658,11.18409572,6.25658221
7.07812500,-11.86221940,-3.66798529,3.30643765,1.25749887,6.83341024,-2.76128432,5.43406860,8.44326645
7.08203125,-7.72518217,-6.00169722,-1.90580229,3.85333832,4.75162334,-4.35017719,1.88653450,10.16736987
7.08593750,-7.62345705,-12.28480133,-2.52667285,2.96419366,-1.30187590,-10.97601246,1.18293309,9.98619230
7.08984375,-8.30562653,-7.09052790,-4.57986204,4.03893726,-6.88703094,-5.80883920,-9.92719466,9.31681356
7.09375000,-4.29941568,-5.99455411,-4.72711649,9.47124974,-11.07487639,-6.95336509,-10.82499430,5.49729804
7.09765625,-0.71909160,-1.54044856,-4.82569404,8.11631998,-11.35409904,-5.93485625,-5.49887094,4.10203718
7.10156250,4.12925175,-1.90947706,-3.82057732,7.82347311,-6.96956888,-8.03492531,4.25677876,-3.68082436
7.10546875,4.36422312,5.34221195,-9.39415725,4.58202933,-4.70250125,-7.94700155,7.97064037,-4.05825804
7.10937500,5.29639128,6.02499969,-7.91534701,14.47583458,-7.19731959,-7.08347632,13.21692563,-5.41086410
7.11328125,10.82049082,8.81585851,-11.30568853,10.92197378,0.36645581,-5.75039400,6.49044502,-9.67610358
7.11718750,7.31233106,5.47812943,-7.58389467,2.94290287,6.77586242,-2.93646656,2.85270286,-12.57987867
7.12109375,10.87621824,9.08834307,-6.73073425,5.72539046,5.71035128,-1.65579218,-5.37898054,-6.98307196
7.12500000,8.11412625,-0.82903249,-10.69236183,2.62703317,7.63695132,1.06263914,-15.02536861,-4.58290209
7.12890625,10.27784103,-7.02888297,-13.37869437,-2.75108688,7.25534161,6.01676003,-8.94070806,-3.18567208
7.13281250,8.49265411,-9.21702606,-12.38610456,-6.37962897,6.48576481,5.64274612,-2.30047775,-1.19218740
7.13671875,8.82373157,-8.22530388,-8.14530233,-7.32878433,-1.76336916,2.87391823,3.70869477,4.53042463
7.14062500,3.06654900,-8.00621880,-7.56350843,-8.90407128,0.02713464,5.90694037,10.17509330,3.79522936
7.14453125,4.98467653,-4.49386127,-7.44845200,-10.15074747,-8.35050010,7.97048623,9.06158248,6.34520527
7.14843750,5.08682076,-1.81612100,-6.90371779,-6.18331781,-13.38216949,7.06936865,3.17539634,8.20225446
7.15234375,-3.59436406,3.98825880,-3.09242798,-7.30310538,-6.71460901,12.89889772,-3.17865207,9.79458802
7.15625000,-5.79182618,6.17084880,-3.36668999,-6.28712830,-11.02399177,9.07770201,-8.00277349,5.22038005
7.16015625,-5.40547002,7.33731052,-3.75090427,-3.03798796,-5.90299657,10.27305107,-9.12454337,4.24578077
7.16406250,-4.12710683,10.36879947,0.45352391,-4.08936125,-1.89841331,7.75380050,-5.29471969,-0.52623313
7.16796875,-13.92021813,7.24114510,3.25968860,0.73359598,-0.95564344,5.42533472,1.37625837,-3.49355598
7.17187500,-7.86275731,4.94277194,5.05650406,2.02649577,6.19048696,4.42325327,12.05375028,-4.91381946
7.17578125,-8.41350630,-4.03147045,2.77623185,2.97238361,5.63363544,4.96494840,10.16113789,-7.70010403
7.17968750,-8.96040883,-5.33532749,8.75657679,4.88010072,11.90743337,0.89958133,10.78280068,-8.53893092
7.18359375,-8.23815643,-6.08451141,9.44328229,5.45315261,6.79300515,5.75868444,0.86457035,-10.30425279
7.18750000,-5.67155939,-8.94869844,7.78741376,9.89755727,8.50236554,-1.58286699,-9.39060994,-10.21379320
7.19140625,-3.80740278,-8.74066111,6.24554352,8.34549621,4.40020280,1.26399684,-8.62676114,-2.97079872
7.19531250,-3.04533045,-2.71109327,7.02072050,7.93319794,-5.68639556,-0.89049253,-9.94218208,-2.36483671
7.19921875,-0.10291973,2.40259360,11.91987009,7.44141797,-4.17295298,-7.83607189,1.29263217,0.29412756
7.20312500,0.70272553,3.81210347,6.79522072,5.97269609,-7.40095795,-5.97566003,12.85883320,4.82423800
7.20703125,4.72548602,7.02419343,5.61740138,2.05972143,-9.23224475,-5.31793284,10.53129770,7.28317814
7.21093750,9.20238297,13.67644169,7.19471399,0.53984663,-10.67107267,-11.49265654,7.95768362,13.63199519
7.21484375,5.90127050,11.45574291,7.38236407,2.00133391,-8.12624681,-7.12739457,4.57346879,5.38609971
7.21875000,9.76785008,10.13662828,11.31764889,-4.21047690,-6.74637780,-9.21247078,1.54647281,11.71791518
7.22265625,12.62719393,5.86934828,3.22427333,-8.87834497,-6.09476093,-10.53519829,-3.24803839,11.00710866
7.22656250,15.30023815,1.28852155,3.72945493,-7.60657477,3.81427908,-8.87201699,-7.32091350,2.19539873
7.23046875,12.55389718,-8.11480850,5.68992715,-6.36559572,6.77772500,-8.48916311,-0.56262249,6.93318950
7.23437500,11.79438239,-10.56030364,2.51617867,-4.46468914,9.67963282,-6.69898489,3.98481337,-2.79266859
7.23828125,9.42571980,-7.10920017,5.48862012,-4.48577999,7.30137384,-2.55231313,13.20893560,-4.28654678
7.24218750,3.77235110,-9.61469681,2.58156798,-4.08430016,13.34916103,-0.21264348,12.57257009,-7.86547273
7.24609375,3.12492893,-7.67321891,0.72285754,-1.36887595,4.61599400,-3.89578705,9.58916801,-10.58392263
7.25000000,1.71293562,-1.34179018,-1.97950145,-0.56683446,4.46833884,4.92840842,-0.15585446,-13.07379089
7.25390625,-1.40341736,1.31754413,-1.25198253,1.28348286,0.81860526,6.78468312,-2.01562702,-10.08732975
7.25781250,-2.60249287,10.86625878,-3.35304271,8.26273214,-8.58055548,6.99207152,-9.12674775,-5.82689711
7.26171875,-6.69892099,10.35556731,-8.45243733,10.27633848,-8.02886556,5.12846760,-9.06912277,-5.56923151
7.26562500,-6.52311297,9.01125337,-9.68011927,6.95008272,-4.99834393,9.10461455,-3.44809738,-2.01115411
7.26953125,-12.77563890,6.40093163,-9.32477721,8.02395901,-7.12038643,9.18618595,5.86468347,1.22786423
7.27343750,-12.69952528,0.31497702,-12.53955073,3.03738323,0.74779232,11.13567071,3.75183176,4.01956324
7.27734375,-8.35114535,-1.20963009,-9.47519427,7.06849600,0.80964830,5.72559712,7.98698502,9.98391214
7.28125000,-9.43817622,-7.49173126,-9.24318810,4.43093642,4.36992764,13.00798366,5.88965385,9.27071125
7.28515625,-10.10772500,-10.95825674,-13.62917639,2.77074252,8.38505341,11.43775283,-3.44789818,4.80563609
7.28906250,-7.87822700,-10.25546654,-10.39239180,1.87564763,9.73518243,11.55685839,-5.66711556,7.17626435
7.29296875,-5.07013549,-11.43692504,-8.57612218,-2.29621335,16.15284105,14.42887160,-8.56081379,3.72096901
7.29687500,-3.11303495,-4.31883768,-8.71169596,-9.23186531,12.46920585,8.74015756,-10.03242119,2.80128091
7.30078125,-1.39118988,-2.83858202,-8.24155433,-3.88656942,6.10163127,0.29598862,2.20029714,-0.94392053
7.30468750,-2.34480663,5.18933725,-1.68651999,-8.79649312,4.22996530,0.95324488,5.34474155,-5.88338654
7.30859375,4.46928191,9.02955710,-8.40626337,-9.33826911,-1.63893036,0.03198467,8.57030724,-9.88970018
7.31250000,8.30456048,10.17362668,-6.84449200,-13.18857709,-7.80874622,4.14081168,9.39227744,-8.10683826
7.31640625,8.58471763,8.57195336,-8.44565278,-7.01385434,-12.50443289,-4.32981772,-3.78767459,-9.11585233
7.32031250,8.60468137,8.16935525,-6.04852761,-6.37304910,-12.10111385,-4.82415836,-0.83672976,-6.25068425
7.32421875,7.86295638,2.36325570,-5.34868401,-6.75981316,-10.76659151,-3.04172041,-12.61521810,-10.58564699
7.32812500,10.18000032,-3.94663579,-3.23603355,-4.17326341,-0.87511178,-9.60621246,-10.57148454,-3.29252875
7.33203125,8.37792059,-8.31589540,2.68473813,-3.01479131,-3.48095926,-6.72469449,-1.42328957,-1.94101209
7.33593750,5.91286304,-9.85554456,3.18194471,0.54810973,3.93869549,-7.83643830,5.10341743,2.18295110
7.33984375,3.59671798,-11.07882661,0.24492925,1.25495973,8.33016818,-13.12415892,8.06178194,5.94772758
7.34375000,2.44953323,-4.24571329,5.10319651,7.72065531,7.04002418,-11.20878642,8.50116494,8.77198161
7.34765625,2.79288853,-1.25341591,5.83697046,7.20838019,11.89315760,-11.86716758,4.51001554,10.62825071
7.35156250,-0.52864261,1.42650717,7.23112283,9.91751313,8.13374596,-8.04356269,-5.74561442,8.07754396
7.35546875,-7.32604229,8.73552644,6.80234831,9.98217520,5.36991173,-12.84909539,-7.86510240,9.32255250
7.35937500,0.34492447,8.78449712,4.98816017,10.40601898,3.54102531,-5.62702776,-9.12133870,6.16191741
7.36328125,-10.94591208,9.61862440,12.88219714,11.06169447,-3.30613870,-7.15304765,-7.22329105,-0.32467274
7.36718750,-6.86346984,7.68338370,9.51842597,2.63129043,-1.94901529,-3.67861405,2.73225222,-1.30800086
7.37109375,-8.00961220,2.85880856,11.11296082,2.59207134,-5.66164279,-5.81237193,10.76440084,-4.27812507
7.37500000,-7.38932359,-4.09330540,8.64810269,-0.43660348,-5.95859384,-0.83425990,11.52990009,-9.22608511
7.37890625,-14.45657512,-6.32696925,9.54031809,-1.06491833,-6.12259975,3.02006537,3.79713033,-9.42536781
7.38281250,-8.74108536,-9.39899579,12.73862400,-0.31259164,-2.87188744,5.03631481,0.67029494,-7.97217955
7.38671875,-5.23227333,-9.91151427,10.98277704,-10.16542768,-0.83861673,5.09794176,-10.45347255,-8.91510484
7.39062500,-5.35225542,-14.88822801,12.44475675,-10.91441561,5.50373601,6.60393370,-8.34874269,-7.96527269
7.39453125,-4.89506820,-5.39120773,8.72193252,-11.32477157,7.10270698,5.62302060,-8.61028564,-4.57583418
7.39843750,-2.95485796,-0.67460046,5.48916642,-11.47388262,11.59575279,2.13477808,-3.54036115,-1.31111717
7.40234375,2.03875517,4.88411211,7.79271607,-10.98728077,11.31329187,8.45648239,2.55637463,2.64466668
7.40625000,5.68827815,9.82280391,4.99004985,-4.78996467,10.57926207,8.36631610,8.17161130,6.18443521
7.41015625,5.39878799,8.72973882,0.62016513,-3.41679454,7.05865037,8.54905470,7.77234284,9.53143874
7.41406250,5.46211824,10.83842980,3.38274518,2.17404788,7.30207559,8.55491709,6.49038886,7.17818613
7.41796875,10.20631470,5.57503408,-0.85699731,-0.56175279,-3.78505266,7.75504421,-4.58110770,9.39602235
7.42187500,10.17188083,-0.24293153,-1.17746538,5.04143270,-4.18736630,8.26262901,-6.47126088,9.47473270
7.42578125,7.58514511,-3.61414543,-8.00526063,5.72842542,-7.18714767,8.54117451,-10.51547089,3.08506189
7.42968750,9.96928187,-9.15308275,-9.21283223,9.90037221,-9.61136239,0.77660421,-6.98638494,6.14354085
7.43359375,9.67758126,-11.17425831,-5.91429269,11.14357961,-9.59875981,-0.00906104,0.52496129,-2.21676721
7.43750000,5.67538491,-8.13310857,-9.98663877,9.93085279,-1.98559243,0.32950475,11.56149649,-6.86193179
7.44140625,4.41025212,-9.77712449,-8.68892329,11.86884689,-0.91825062,0.13293002,11.82980138,-11.57232672
7.44531250,2.29073374,-4.01800412,-11.08622884,4.08100915,4.18520248,-5.95126998,11.06310864,-10.02509965
7.44921875,1.17344042,-0.33814515,-9.92130236,6.18554544,7.86778298,-10.78746668,-3.60635117,-13.07079470
7.45312500,-3.50924474,4.69530349,-8.47620347,2.43399188,10.27947520,-5.40879548,-7.81820304,-10.96313547
7.45703125,-5.00450974,7.06317965,-6.13985455,2.56079724,9.63539327,-9.23480460,-12.98831556,-7.20123333
7.46093750,-7.70211650,6.85891179,-7.52819888,-1.85468926,9.38802319,-9.87595167,-8.55255205,-6.23786835
7.46484375,-9.23272428,7.91051159,-7.95959337,-7.47559838,10.22200228,-6.97268755,-6.29552217,-4.48971414
7.46875000,-11.08286405,8.64507833,-8.55661217,-8.84973722,6.70240521,-7.11517130,-1.13103128,3.04405120
7.47265625,-10.82976984,0.76695092,-6.69744112,-8.61262962,0.33766950,-9.50006141,9.07280964,2.45655659
7.47656250,-9.07060649,0.17686391,-5.79762778,-14.50156209,-1.78981258,-6.34620624,7.99436992,6.26410636
7.48046875,-11.70278138,-4.84201368,-6.03276594,-10.75568094,-7.74522128,-10.41664744,5.35780304,11.09239844
7.48437500,-11.80902518,-9.11845499,-1.76215267,-11.74573831,-5.38108562,-9.51410256,-4.59227880,7.15444229
7.48828125,-10.53497665,-10.69325623,-3.70328161,-8.85174572,-3.10851312,-7.73263392,-9.45862191,10.41251962
7.49218750,-8.14723072,-7.59477310,2.14187753,-6.52604492,-7.61869496,-4.42481696,-11.13767089,7.05371997
7.49609375,-5.13806776,-6.45590666,2.87602578,-6.13932823,-2.35233799,-5.26150016,-4.88986253,8.04876386
7.50000000,-1.28369205,4.40960591,2.40759981,-0.85213254,-0.32689550,-1.98477309,0.52115827,3.87088948
7.50390625,2.25647647,6.59321321,4.33434097,4.35739624,3.99667453,-0.82105386,5.79586439,-4.25445781
7.50781250,3.78571822,10.67202604,5.07868046,6.10545016,7.99435379,0.93614400,6.89147524,-6.12974763
7.51171875,4.46814404,11.70587879,10.24349245,7.91703937,7.80823850,5.81656894,9.16077917,-6.45138561
7.51562500,8.94889709,11.00698365,11.35184089,8.33661294,7.12967046,5.42121351,-0.16244604,-6.31345418
7.51953125,8.86471967,7.72091884,8.38166407,10.95438226,5.19786494,7.36128920,-2.08915155,-8.65189582
7.52343750,9.91354564,5.57440181,5.53598831,14.19629740,2.36037832,12.43842154,-10.91938379,-2.67050817
7.52734375,11.45926235,-4.46122583,5.47951800,12.12936809,2.27013938,5.21712397,-3.96356085,-1.41447406
7.53125000,8.53244109,-3.07772131,9.85312761,8.19896404,-0.20872226,9.80944790,-6.06240407,-0.94904679
7.53515625,7.86347808,-5.67843880,10.00950602,11.61898454,-11.00744604,9.24440333,3.38290352,3.76463260
7.53906250,7.78859903,-6.61771206,8.45343703,4.55107545,-11.45056303,6.17924948,12.19953181,2.45775961
7.54296875,6.47060633,-1.53993692,13.71208383,-2.19303744,-16.64641194,4.89750988,11.53214316,9.18549778
7.54687500,1.34356120,-3.80716144,9.50263548,-3.92488361,-9.67380183,3.41021414,4.43581707,10.03322005
7.55078125,4.72607837,-0.37233654,9.27043841,-3.88620931,-7.94763668,7.14969806,-2.88695943,12.09143699
7.55468750,-0.67438090,7.36502947,8.23957526,-4.98026508,-0.23440881,6.07412604,-5.38953435,6.38124685
7.55859375,-5.19289590,7.60766574,9.98041305,-8.11126513,5.28309226,1.55856485,-12.73600338,9.87415379
7.56250000,-3.74790655,13.58679489,7.27346297,-12.17351054,5.56060240,-0.77864325,-9.36757093,3.31940447
7.56640625,-3.47042001,9.45930873,6.23205984,-8.79166456,10.83464979,-1.32564890,-1.76984160,-2.19464685
7.57031250,-10.02900076,5.11956704,7.63764876,-5.61591305,7.53225861,-4.32103299,5.84916196,-1.09285113
7.57421875,-7.25908385,-1.22857509,2.91700977,-5.47043795,9.76596215,-6.85393268,7.75334817,-6.94123417
7.57812500,-6.84513075,-2.20069605,0.84137763,-1.46888867,7.36702853,-8.42627314,7.94318760,-9.23385705
7.58203125,-5.99842109,-10.82026259,3.75331293,-0.80164096,-1.66388139,-10.55345097,0.78461606,-8.97880663
7.58593750,-11.41874357,-7.25905633,0.88375746,4.15680337,-1.63005486,-10.11023592,0.75712790,-6.42145745
7.58984375,-9.72735631,-13.34132074,-3.00185307,2.63893993,-13.14234763,-8.61238287,-8.85685343,-7.42087180
7.59375000,-2.48345909,-5.44396545,-1.82517975,3.74530855,-13.72849250,-10.88091189,-9.28108514,-5.55805318
7.59765625,-1.38234898,-1.03024968,-5.00897457,6.87874577,-9.81248352,-10.54238662,-0.92003673,-2.78043353
7.60156250,-2.90396385,1.63128025,-4.94291609,11.35395615,-10.05044650,-11.57109076,5.01466920,3.91597974
7.60546875,1.26850750,7.72554188,-3.35990759,12.39075954,-6.40016257,-8.18865690,6.64511370,6.57940540
7.60937500,9.90816224,12.26744321,-8.98458684,8.02474314,-3.22500152,-2.92442046,8.60125957,9.15484632
7.61328125,3.90055275,8.83710829,-12.23702830,7.12403337,0.17902343,-5.84961721,6.48469679,10.14479154
7.61718750,8.69738196,4.69995436,-9.15604304,3.68759637,4.01488756,-1.61684355,-0.93395833,11.78453403
7.62109375,8.44021641,4.50555007,-8.94713927,4.83965527,7.99987857,2.23710766,-9.23162181,9.69380507
7.62500000,7.95539792,-1.43113577,-11.23755385,2.74298139,10.74394877,-1.45319729,-9.36406325,10.54186568
7.62890625,7.87265401,-4.86269513,-8.99620407,-5.52234367,6.38123304,5.10401876,-5.28836829,4.51257276
7.63281250,7.05895960,-8.10214216,-8.28455009,-6.22289412,4.37988933,5.48434744,1.02697401,1.15535595
7.63671875,7.37167443,-8.35807150,-6.47888577,-6.54905256,5.98720262,3.57774979,9.69261513,-0.98910690
7.64062500,6.43189784,-8.25290345,-7.56960321,-7.68862300,1.60476100,8.26986884,10.20807790,-6.93083427
7.64453125,2.30207660,-8.59902783,-4.70266963,-13.93402195,-6.77901605,7.19946184,6.49123401,-8.58611128
7.64843750,1.59160556,-3.21567390,-5.30400874,-13.69746017,-7.25036887,9.65411858,4.57370004,-14.68430010
7.65234375,1.53244960,-1.51520294,-4.23850165,-15.20470654,-9.42680192,6.36258076,-4.56761393,-8.89140809
7.65625000,-6.38425649,5.02535226,-1.57680958,-8.46395225,-9.63087706,5.13878900,-9.04393665,-6.24559136
7.66015625,-6.74804087,8.64006492,-5.05924928,-5.71454090,-3.46859004,4.85065985,-12.42258814,-2.62462952
7.66406250,-6.92573132,8.67103025,-1.55866586,-0.95952306,-7.94221851,7.48832033,-3.73493220,0.99532571
7.66796875,-10.03184796,9.50007974,1.16919777,0.88180251,-0.75650040,9.15507687,0.75857795,2.39707960
7.67187500,-6.99565851,4.91933778,2.94119042,5.19224836,1.70409852,10.54078674,12.09223350,5.42677387
7.67578125,-11.01206027,-0.34885026,6.47753718,6.95246401,9.34445615,5.20222560,10.36965729,5.91211683
7.67968750,-5.57294206,-5.41939261,7.85645873,9.40313868,4.83394019,1.47335056,5.46259182,7.15602174
7.68359375,-4.82469384,-9.31827213,8.26194588,8.01959105,11.30373808,-2.05629877,2.22907804,15.06852834
7.68750000,-6.79711299,-8.38902001,12.46104319,10.47148114,5.86718075,-1.35073289,-6.19941721,7.55306618
7.69140625,-5.83696243,-6.19838115,9.73811822,10.16166977,3.17685215,-4.47507317,-10.25119547,10.51689605
7.69531250,-2.63728757,-4.34555167,7.44699227,10.67037401,-1.79223783,-3.40715643,-5.60349700,7.99813016
7.69921875,-3.89791852,-0.46270032,12.29585867,8.43724020,-10.25025247,-3.87993605,-1.62408157,4.67994101
7.70312500,5.19092042,5.76083831,9.05210168,7.37390857,-7.00060279,-7.70902733,4.07387804,-0.38913875
7.70703125,8.52876086,9.90200538,8.86325287,0.59753545,-12.87661960,-8.56628117,9.84415875,-1.47946098
7.71093750,7.42685863,12.75368765,10.80987893,2.22478032,-11.45121843,-13.39735631,6.43400368,-9.79293942
7.71484375,6.41745301,10.45122364,6.24829559,-3.97054013,-13.76504441,-5.29122185,2.98608651,-7.54890188
7.71875000,15.19676193,8.25818019,5.51747641,-3.24584847,-5.28315575,-6.54374363,-2.83685409,-8.79546287
7.72265625,11.95601840,5.50746792,7.82125215,-7.72257571,-0.17488819,-11.32843288,-5.31691268,-4.77469857
7.72656250,8.26206672,0.21908768,7.88865335,-9.18123231,3.97994542,-9.32373904,-7.65743623,-2.32823804
7.73046875,13.65105098,-7.67079717,7.20399888,-10.10867393,6.75588984,-7.82402792,0.91066774,-2.45007800
7.73437500,9.91552959,-9.12516273,1.44534173,-6.16376351,7.79006964,-6.48005158,8.13153623,1.66265627
7.73828125,6.66334207,-5.27863130,4.06702915,-6.60170452,9.07135766,-2.74414099,6.62661145,2.85030095
7.74218750,8.03360328,-10.44345275,0.09970542,-2.84195286,10.86766473,-0.77745537,12.42222622,6.34490153
7.74609375,2.81524196,-0.15577864,-2.55258189,-4.70180519,3.72546589,-2.37709312,6.58796861,10.01304981
7.75000000,2.55649963,-1.10766598,-4.10861459,-0.52992120,3.11153611,-0.36810922,4.12668049,10.37642859
7.75390625,0.50935616,3.05939219,-1.86764322,6.24080927,-2.93515854,3.71613539,-7.33759626,10.36035534
7.75781250,0.44423480,9.90377650,-5.72048061,4.84741637,-5.24925851,2.84729263,-10.61473840,10.91810578
7.76171875,-1.68119492,5.55618463,-8.22215769,11.04976120,-9.54172539,8.69138410,-9.47936728,1.68716606
7.76562500,-6.66070051,8.33019343,-9.68416872,8.20238793,-8.84475066,7.71906315,-0.86809121,-4.59561152
7.76953125,-8.72758288,5.83783647,-7.54140519,5.80823893,-5.37249160,7.02290799,3.27711167,-7.28159409
7.77343750,-8.94273917,-0.88443185,-7.39325496,8.32884984,-4.87136796,16.14639954,6.77873638,-11.33824227
7.77734375,-11.20533134,-6.34584011,-13.96869761,5.62934614,2.74309898,12.00320404,8.57595917,-8.65504464
7.78125000,-11.82362570,-5.59341714,-11.30968951,4.63439697,3.91313848,11.92919159,3.48762648,-16.26348490
7.78515625,-6.39996991,-13.31386819,-12.18393635,3.90305459,6.61060721,9.10706481,-6.11530749,-12.01140646
7.78906250,-6.70152566,-9.46140230,-10.54224536,2.09227050,12.48025751,11.13469097,-6.73091923,-11.69905061
7.79296875,-6.64658153,-10.06916941,-8.61468475,-0.22883699,11.05958596,7.09995499,-15.63699868,-4.42101015
7.79687500,-1.17673970,-7.10774692,-11.44534114,-5.73678031,12.92420883,7.37838884,-1.91501861,-7.05034273
7.80078125,-1.20212245,-2.92543575,-9.13651383,-6.53644029,6.82943930,7.43819004,2.76041481,-3.72617953
7.80468750,-1.01180665,4.74863886,-9.37198705,-9.23205516,4.58406037,4.27949515,4.63287165,6.54188811
7.80859375,4.32956239,7.88743999,-9.25746502,-10.71596540,-1.71990429,3.24803948,11.23591860,6.21514820
7.81250000,3.07052737,6.08548728,-7.05700791,-12.36308833,-3.21822231,0.05371706,5.21875363,10.49383546
7.81640625,9.40165178,8.01412905,-8.48676236,-7.27617274,-8.87050989,-3.09696156,1.35456573,9.28836388
7.82031250,7.32651212,3.98699470,-4.54276132,-5.41271182,-6.65787297,-9.49636129,-2.86881689,5.66501570
7.82421875,9.31929493,1.22647654,-0.83149501,-9.84761194,-5.96523014,-3.96640344,-9.56540386,9.03681725
7.82812500,8.29749829,-4.14019961,-1.96856588,-2.05799876,-7.40697123,-6.33430829,-3.33718563,3.50508475
7.83203125,6.24731334,-9.68328646,1.54216123,1.10129067,1.36947210,-6.72712782,-3.36745229,-0.70480845
7.83593750,6.97082449,-7.99850903,-2.87184324,-1.25380847,3.56506885,-10.94947045,1.55229879,-1.46931093
7.83984375,9.35800348,-11.39365507,-3.79921326,3.21457847,7.74832666,-12.72335661,10.22707840,-3.96291338
7.84375000,1.31994166,-5.22660515,3.00234175,5.95723700,11.86037759,-8.43788769,5.76232161,-9.77717993
7.84765625,3.65881694,-4.54570392,3.10298935,8.50044942,13.00980482,-8.10960081,5.16321673,-10.85510335
7.85156250,0.21655110,-1.26211567,8.18811110,8.87061574,5.31873300,-10.41036840,-7.07930037,-13.68043885
7.85546875,-3.81176481,7.08374597,4.93022696,11.29593261,3.13536516,-5.85031301,-4.53224390,-10.11395435
7.85937500,-4.02934282,7.25999197,11.38617000,3.36483610,2.11133134,-7.48381920,-10.86065791,-5.31696788
7.86328125,-4.72543318,9.83470082,6.15745781,7.31705144,0.67980655,-5.56841969,-6.05057510,-4.63160751
7.86718750,-8.62127960,7.87612925,9.52068503,7.95494958,-9.55136183,-4.56909804,0.07930906,-4.46880877
7.87109375,-7.56363931,3.22762932,9.17519290,5.62311245,-6.83303544,-1.90340509,7.21303173,6.48083810
7.87500000,-10.26007865,0.57175672,11.99602678,-0.64801211,-11.01861630,-2.01296438,8.81819250,2.86955288
7.87890625,-6.52861731,-6.91613694,7.82069099,-4.33355762,-7.77355694,2.85523095,7.94263482,5.12685946
7.88281250,-10.92541826,-9.53783474,8.84434869,-2.97071760,-4.83898648,0.81191313,2.93185453,10.38134207
7.88671875,-9.57403667,-11.14798516,7.59270359,-8.37187233,-5.44062384,6.59086886,-1.67932122,11.70466942
7.89062500,-3.45234773,-9.14623580,7.30750721,-9.33119795,1.14281211,5.42912262,-9.88712952,7.38205802
7.89453125,-3.16000519,-7.23446536,8.19086356,-12.38166343,6.72571805,7.11768591,-9.90765953,1.59221504
7.89843750,-0.26691645,-2.24785702,4.29112844,-12.90088643,6.56211134,9.85430624,-1.28889185,1.86965509
7.90234375,-0.72100687,6.42380421,6.42194001,-9.60112010,12.26312060,6.73661953,6.81656897,-4.77625587
7.90625000,3.83047084,5.62470044,2.99339170,-9.08147006,9.59053684,9.75003404,9.46339925,-5.13120592
7.91015625,0.92621660,12.05372446,5.16978775,-7.01508600,6.86302847,9.77387199,8.20183516,-4.75086677
7.91406250,10.31443415,8.77095394,1.52175110,-0.10054959,0.29470449,10.01348213,1.24970850,-9.71442457
7.91796875,8.86510354,6.48890622,-3.44828208,0.31986912,1.94443719,9.95099175,-2.86892008,-10.31249847
7.92187500,7.49506479,1.24021337,-0.15124416,7.26469130,-6.41991758,9.27724065,-7.94094795,-9.41581435
7.92578125,5.77995549,-0.15425857,-7.40087365,1.96647076,-12.65265904,6.41684595,-5.38708679,-5.63919078
7.92968750,10.04488958,-5.84383689,-4.31448825,10.33015495,-9.83432627,4.28810401,-9.53039901,-7.98161049
7.93359375,12.18465839,-11.24826042,-7.07492448,6.66967129,-9.71349150,6.01466945,-1.71379637,-0.97373739
7.93750000,6.40059274,-13.68792738,-6.41689372,6.84869424,-8.28740602,1.89397366,5.84247575,0.77827282
7.94140625,2.52946006,-9.83046040,-10.81096107,10.14925719,-3.48809793,-2.48184965,8.40864486,5.77534873
7.94531250,-2.29241116,-7.55203581,-5.51305412,8.22950122,4.52872483,-4.63139060,8.25305461,6.53609363
7.94921875,-1.63237375,-0.68645876,-10.37743763,3.16458905,4.63432238,-2.97676704,-1.11037879,4.15707812
7.95312500,0.21626065,3.58221539,-5.95195816,0.47877809,10.40898633,-7.28126952,-9.33322323,8.58800695
7.95703125,-3.14403832,6.40801754,-10.64006105,-3.59441613,11.93574385,-7.17409091,-9.59567630,9.29446091
7.96093750,-11.66943898,6.95169933,-8.44732824,-4.66709776,12.38384364,-10.60840318,-10.27964403,4.17016396
7.96484375,-11.91328001,3.54694632,-8.25928027,-5.44150697,9.55723634,-13.57540002,-4.70458341,-0.18694287
7.96875000,-10.27503085,6.42233860,-9.53174778,-13.69361116,6.41885515,-9.00379814,2.34155744,-1.86502464
7.97265625,-10.73854484,2.67851211,-5.32673043,-7.66428085,3.44241708,-12.34020028,5.75495017,-8.61620445
7.97656250,-12.27725550,-3.95868008,-5.78730696,-10.12622618,-6.84522603,-9.14978254,4.58920374,-12.15204019
7.98046875,-11.35001805,-7.68803033,-6.10874003,-10.50755340,-6.47160088,-8.85669880,-1.11192947,-8.06206676
7.98437500,-8.53835273,-12.99466341,-1.86370127,-15.57347907,-9.70741525,-3.61900854,-5.31110452,-9.48731654
7.98828125,-9.19214989,-10.76973953,-3.41835389,-7.51795690,-7.71598535,-6.11771128,-8.31347495,-6.89722625
7.99218750,-5.52305150,-7.06382623,3.07586325,-5.58490624,-2.97785469,-3.53373476,-13.27951762,-8.29944016
7.99609375,-1.80584904,-2.75102869,0.76039420,-1.73846705,-2.34323066,-9.80527833,-7.29427364,-6.66370100
8.00000000,-1.93084576,-0.28871408,4.29321320,-0.96956001,1.92841871,-3.59033559,-3.68436187,3.27770170
8.00390625,1.07706251,8.68190087,5.81528197,4.54828348,2.43390821,2.02792245,6.36095011,10.42031305
8.00781250,3.56988063,10.81711012,3.33046486,3.58225789,9.05240678,1.98434374,3.90665005,7.26570917
8.01171875,6.01381500,10.83687029,7.12735301,7.99383333,9.72311864,1.40431164,5.67675500,8.74525062
8.01562500,7.06986629,7.06818939,9.33491359,11.05100563,10.57426365,5.81497427,4.95973492,9.83681294
8.01953125,11.55451762,8.36851516,5.92268780,8.74083857,9.21817843,0.51501613,-6.91369150,12.80368592
8.02343750,8.56918589,2.73497147,8.09981558,11.71700049,0.52405796,6.83057235,-9.08622185,13.17541686
8.02734375,9.14846670,-1.90773339,9.57878602,8.78738896,-3.15082559,6.77345325,-10.95711590,8.23189964
8.03125000,11.85002404,-5.43707524,10.57510246,5.87199131,-4.08381549,7.40480274,-5.95510685,6.31407018
8.03515625,9.89511556,-8.61893148,6.02839049,3.97154908,-10.03603197,8.20372599,-0.44407512,0.85326678
8.03906250,4.24199399,-9.34800412,10.93331412,-0.04181025,-8.80931972,8.08250522,9.02725098,-3.48052125
8.04296875,5.56439966,-8.47995366,10.26485492,-2.45620810,-11.78617028,9.39000728,8.95661319,-6.20398995
8.04687500,-1.81637567,-1.54980790,8.99766934,-4.28285591,-10.78159887,5.89069121,7.44973243,-11.72435417
8.05078125,1.42501648,3.96251743,10.07514493,-2.56680121,-9.86240282,4.98855684,-4.75438459,-11.78981764
8.05468750,-1.11359018,9.82705222,9.68692399,-3.44126539,-3.36203391,3.38514910,-6.91587304,-6.56184761
8.05859375,-5.27562592,8.56932681,11.55802442,-8.83436585,3.02174833,2.47076391,-9.04551421,-6.92363365
8.06250000,-6.41230709,7.41133010,7.05556879,-4.90438394,2.12472991,-0.21293979,-10.15574965,-3.28732550
8.06640625,-9.25677082,8.60418572,7.20234553,-8.40479464,7.55883897,-3.76014624,-1.15808658,1.70137692
8.07031250,-10.92984405,2.90699016,6.02571974,-9.71279673,11.70468863,-4.32194023,7.59577572,4.57525987
8.07421875,-9.52004633,1.85013217,-0.54333870,-7.02049238,7.61436137,-2.43161662,11.07418005,8.25780540
8.07812500,-11.26483558,-1.83081790,0.94925185,-1.67409357,3.31493513,-4.10772950,11.96760485,10.29707944
8.08203125,-11.69560786,-7.67270109,1.26142292,-1.92071091,-0.07535887,-6.60391231,3.83265094,9.82659456
8.08593750,-5.44595940,-13.35744297,-1.17920226,4.05536006,-2.56812726,-6.00904477,-8.39753207,7.52830812
8.08984375,-4.72227332,-10.06432249,-2.93865329,0.89386010,-8.45841318,-6.74914195,-9.78159220,10.08529981
8.09375000,-4.32308673,-6.13283720,-2.21688125,10.67733089,-7.04283576,-10.84430807,-7.62476429,5.20995389
8.09765625,-2.35171450,-3.76552779,-6.33920128,7.35452102,-15.15645857,-5.50218305,-6.17079293,0.92658025
8.10156250,-2.65937075,-1.14992292,-6.19683616,9.66817319,-11.32119791,-9.12588493,1.82882134,0.56165718
8.10546875,1.41946161,4.15518572,-5.86881429,13.73140982,-4.26234016,-5.35335977,9.09142333,-3.14635097
8.10937500,2.70852874,6.61801484,-3.52855140,13.00468538,-4.55735021,-7.63715474,11.31824495,-9.20082198
8.11328125,8.27430160,9.88534542,-8.76293293,4.81848113,3.43643076,-7.90796059,10.05633915,-6.64617143
8.11718750,6.04541776,7.25809662,-7.95183195,4.63460352,4.87132119,-6.03480908,-0.41007374,-10.96119731
8.12109375,12.30709374,8.98773771,-10.40171510,5.80338850,10.85844614,-1.85445248,-8.43839985,-7.11707090
8.12500000,11.57162134,1.18370468,-9.41670204,-0.31705652,7.67051893,-1.76548911,-7.60872898,-4.93289276
8.12890625,9.36593193,-1.12836247,-8.65347434,-4.48110266,6.75651166,4.04151739,-5.26640923,-1.71421645
8.13281250,6.12688270,-9.02153083,-10.52999781,-8.95832442,6.27576110,2.26940755,-3.87126845,-4.20294113
8.13671875,7.07639406,-12.94549067,-9.28337951,-8.78069840,3.25417943,6.21621682,11.12423381,2.15746983
8.14062500,4.97857070,-6.79387603,-7.22403844,-5.65143316,-5.26580998,1.99812141,5.72460744,5.15022327
8.14453125,4.85925153,-6.41194220,-8.75062530,-9.93139320,-6.81966751,8.34482435,7.23721670,5.87451473
8.14843750,-1.66349670,2.66541990,-8.36171144,-7.54776013,-10.92984347,8.81362993,7.45155744,8.79693185
8.15234375,-4.46799254,0.85352618,-7.82248549,-11.62352131,-10.35578469,10.94717855,-3.02005423,13.22363473
8.15625000,-6.26814901,10.41869635,-1.80825056,-5.03114402,-10.83601708,10.24469394,-8.26662779,5.44967550
8.16015625,-6.18126968,10.04686052,-3.22639743,-2.34055525,-7.12222172,11.60004996,-6.84364922,7.86994781
8.16406250,-6.46228323,5.68979034,-4.44531550,0.63927078,-2.38095826,6.68485241,-3.22001457,1.84409388
8.16796875,-10.58534659,13.24539532,-1.15308902,3.35416242,-3.51430016,6.50221499,2.28630708,-0.29951949
8.17187500,-10.41221489,0.71100231,3.81965174,6.01950771,3.57589565,4.16061827,10.60013516,-5.37454098
8.17578125,-11.10165455,2.22516189,2.48372246,3.14295139,3.40037803,7.69118691,10.43304180,-5.45742935
8.17968750,-6.94193687,-2.33821361,6.83760302,7.63033897,10.07934186,4.52274782,5.78293079,-10.33445442
8.18359375,-7.79730836,-10.62915884,6.74895453,12.80906119,5.74825681,2.42571313,-0.58675566,-10.26870789
8.18750000,-5.92696118,-9.79150699,7.26792959,8.52116671,7.36353224,0.67105142,-5.55304414,-8.56528038
8.19140625,-4.86619355,-6.83620730,11.23404428,10.58463235,5.37515669,-2.12367302,-10.38011684,-4.57120635
8.19531250,-4.13272581,-5.94283909,10.40519429,14.63247143,-2.94756666,-8.02028523,-8.59526230,-4.36609640
8.19921875,-2.62596805,0.01768554,10.26699368,8.05271652,-5.13781193,-2.57041622,0.23479811,-2.89387154
8.20312500,3.46357409,4.50510761,10.83674872,3.22198734,-8.69720306,-6.65860234,11.52668858,5.51077336
8.20703125,6.37020250,10.94104422,9.79612162,1.49530413,-8.21830010,-6.23654224,11.34526711,7.22171096
8.21093750,6.18357711,10.27114986,10.34500913,0.15076916,-14.29175471,-6.38259687,9.25932069,10.97173509
8.21484375,6.02124772,8.82143116,7.45908604,-2.18045556,-8.69920758,-6.56950571,4.60513035,14.23716470
8.21875000,10.21162503,12.04987584,8.16748296,-6.12183708,-7.69228291,-8.55696678,-1.23930904,12.93989037
8.22265625,10.24035930,6.06669764,4.98080996,-4.49751550,-4.66118989,-8.89727461,-7.38605790,7.71608904
8.22656250,12.24289141,1.75427832,3.08317423,-8.47577730,2.51588562,-6.75354880,-6.62613987,3.91640745
8.23046875,11.56950355,0.70288785,10.16440478,-8.09100522,3.69016904,-8.46187450,-2.06593082,3.72797790
8.23437500,12.20626153,-5.81270671,-1.12318183,-7.74532372,6.71081900,-6.47958760,1.61893710,2.19091165
8.23828125,10.19904919,-14.09501170,1.92317711,-0.77260432,10.88738323,-3.67036867,10.24498094,-0.58193881
8.24218750,5.75786416,-11.70788725,2.54943278,-2.70966682,10.39884479,-3.49705845,13.61199765,-8.58543108
8.24609375,1.34095783,-3.25834237,1.26977127,0.78171904,5.91283723,-0.79715645,7.13679696,-8.36008540
8.25000000,-0.55951289,3.42504601,-3.91286385,-0.69189055,-0.05821708,3.57613098,-0.18903032,-13.05282537
8.25390625,-2.94979140,4.96634006,-0.18310319,0.10791947,-4.48125816,2.84861550,-2.72318419,-10.31167380
8.25781250,-1.21139133,8.68035147,-5.67160638,4.47826098,-3.79826079,4.58514376,-8.56806267,-10.52907493
8.26171875,-6.89129244,10.68496848,-7.69007638,8.35997573,-7.93871718,3.90426665,-3.70749034,-7.36874498
8.26562500,-10.46003990,11.95070592,-9.38765641,9.50750190,-7.23080623,10.92145656,-0.73195762,-7.26163348
8.26953125,-6.43055285,3.63259523,-7.29727561,7.00077738,-5.88613418,9.67316450,4.67700574,0.23003324
8.27343750,-4.90565034,-2.17102189,-9.14013549,11.08384026,-4.11720378,12.07728001,7.09888148,1.48063413
8.27734375,-9.80327717,-4.80096119,-8.90496736,10.31010843,1.20616304,10.61234231,9.33023618,4.28884506
8.28125000,-8.18618481,-12.09670588,-7.36441919,9.14056444,4.40825542,11.51047018,5.48267246,6.12043609
8.28515625,-5.30552933,-12.00531459,-12.88103345,-0.81700451,9.28275613,10.85538229,-2.07850600,9.39702700
8.28906250,-6.09650698,-11.44252818,-12.06583371,0.85736937,10.55567270,7.20202347,-7.73172304,4.99547375
8.29296875,-3.47541327,-10.11890406,-10.52996439,-2.04802954,11.54153307,7.93068839,-7.68714244,6.75342086
8.29687500,-4.02016740,-4.39060916,-10.08486331,-8.00270661,7.41063833,10.12092846,-10.04101722,1.77834294
8.30078125,-1.53134726,-0.32599370,-8.66586444,-9.67316018,7.62215833,3.57085037,-2.40913316,-2.07504895
8.30468750,5.00595889,3.26629815,-8.30928076,-7.87679726,0.91441444,1.58486697,6.31227880,-9.38088781
8.30859375,4.61271461,7.00887698,-8.42360071,-8.40525212,-0.92029521,1.87748811,8.93759088,-7.81948589
8.31250000,5.20997513,8.93300233,-3.89424415,-10.29206040,-8.60099712,2.90809483,5.56308442,-9.72595755
8.31640625,6.44325911,5.30531417,-6.82008690,-13.35440936,-9.09043125,-4.04500912,1.96041316,-13.24383526
8.32031250,4.24455544,6.39094183,-2.45087396,-8.20247387,-10.13660550,-6.55133070,-7.29846196,-9.71084834
8.32421875,6.57207858,1.53616501,-5.05140438,-8.79025899,-9.92232084,-3.77280332,-11.10825329,-7.34316275
8.32812500,10.15570101,-4.86249265,0.55657248,-7.11133607,-4.96139316,-8.51459938,-6.50094681,-3.46295212
8.33203125,5.75905140,-8.77458220,0.62792506,-2.55411081,-0.16835582,-8.90996492,-2.68503291,0.64971926
8.33593750,7.78696257,-9.67786611,2.27600646,-0.60975048,2.54319846,-11.14426389,5.77266634,6.35098306
8.33984375,3.71582120,-12.24385681,5.25638367,-0.31260034,5.49151876,-12.71631085,8.48336220,8.69674294
8.34375000,3.62592443,-6.43045908,5.86500236,9.03977757,8.17230848,-9.12338537,8.29134555,12.46059193
8.34765625,1.76631019,-7.50020696,3.16708030,9.89141877,11.72280993,-12.53874288,3.56012940,12.82805227
8.35156250,-3.25430916,2.10769121,4.73773401,10.10833455,11.15094180,-12.78095398,-5.45885401,11.82641687
8.35546875,-7.15418271,9.53845459,8.78028335,9.26255377,9.84025238,-6.25513390,-8.57427090,5.83073053
8.35937500,-8.36629069,10.31623418,7.31389741,6.68433387,-1.20080576,-8.22470243,-13.08538114,2.26721433
8.36328125,-8.73125963,8.66176979,9.21621808,8.90438326,0.68252975,-5.89861955,-1.38141066,6.56745560
8.36718750,-9.26762288,7.07603963,9.90187710,6.03632984,-2.94849390,-2.92583481,2.68057637,-1.08227993
8.37109375,-5.16395367,8.87347402,10.16852991,-0.00275435,-5.42539948,-0.58566246,7.29955494,-5.05722866
8.37500000,-12.53505200,1.30212092,8.02178117,-1.95932173,-12.66821536,-0.07518150,9.26389964,-9.13367365
8.37890625,-10.37327929,-7.56297882,7.55190166,-2.65745192,-9.03735084,2.13716373,11.00559506,-12.32570235
8.38281250,-9.43832053,-9.65604682,12.29404108,-6.88950916,-9.11752183,2.08971479,-2.28696271,-9.64754010
8.38671875,-9.10796049,-12.39375081,12.83532411,-7.08295971,-2.22011588,5.70511643,-5.40457703,-9.57186615
8.39062500,-5.24909835,-8.62674928,8.14537057,-9.86428950,-2.79233157,6.44174771,-10.44519688,-6.44620634
8.39453125,-4.65403336,-6.70626774,7.97225581,-10.31308006,6.57686324,2.35997603,-8.81792569,-2.66950159
8.39843750,-5.08499390,-0.09249543,6.83655720,-12.88010123,11.22655010,7.18794279,-0.53106194,-5.17163227
8.40234375,0.24000574,1.78828175,6.09718978,-9.07515612,9.66313393,12.82889880,2.55532433,1.07434286
8.40625000,-1.44691402,5.59643003,4.58072329,-6.23518215,7.04481980,7.15220057,11.38948253,5.59273399
8.41015625,7.01343493,13.82981700,2.79965892,-2.72794303,6.93787691,11.19084809,11.38249865,7.14425430
8.41406250,7.53524120,10.67701925,2.27216397,-1.18006308,4.26332578,12.31263717,3.25350849,5.32965781
8.41796875,10.00981156,3.35112223,-1.82180466,5.79266133,-1.05354515,2.53810699,-2.39362479,7.86214886
8.42187500,8.35104747,-2.08212658,-0.72132855,4.70677570,-4.13973544,5.10938306,-7.87169139,8.25604071
8.42578125,12.31122016,-6.77778152,-3.57215711,6.09785158,-6.66776315,5.72856511,-9.51619117,9.56015505
8.42968750,3.67484426,-3.12183807,-3.12323310,7.47356559,-13.84765024,6.40759120,-6.74958998,7.11217813
8.43359375,8.14759330,-8.39635429,-3.53036299,6.80268234,-6.77214857,2.40300054,0.35663115,-1.31157455
8.43750000,8.35909827,-8.06601649,-6.63504482,3.34934801,-7.32599402,-0.06383674,6.58713093,-4.52024055
8.44140625,6.01015123,-11.49370731,-3.39578476,6.24503521,-1.50291112,0.33482501,9.53265809,-6.89380420
8.44531250,2.66530519,-4.14924846,-8.49789539,1.70773534,4.25410732,-4.10129846,5.79938967,-12.98269905
8.44921875,2.99393044,-4.10306578,-7.58631809,6.14596579,9.24674593,-5.29022750,-0.45288429,-12.71919249
8.45312500,-0.24919847,6.37432759,-10.38986767,4.71883421,11.76630749,-10.63326220,-4.48012723,-12.40003414
8.45703125,-8.32702609,9.65051826,-9.26427736,-0.58089987,9.04454493,-9.74771920,-13.40104800,-6.53249395
8.46093750,-9.10821673,7.81443007,-7.52599495,-7.11589335,9.46722606,-9.15367691,-8.85380541,-9.31168977
8.46484375,-10.40078681,7.46821737,-9.45619400,-10.82671225,13.14249576,-11.69451241,-3.39517453,-1.14812705
8.46875000,-8.71233463,4.55553074,-8.48781317,-9.18732668,5.33582192,-11.46353665,2.08126470,1.40546306
8.47265625,-11.60840922,0.12999368,-2.23071031,-10.92679213,-0.95247095,-9.28014810,5.07239138,3.51801673
8.47656250,-9.68196327,-1.65279455,-3.04789804,-8.94577640,-2.09553520,-5.78089310,7.95043915,7.01164036
8.48046875,-14.14958331,-8.10972466,-6.93089485,-10.65043799,-8.01344871,-5.79241316,3.00008526,6.04447913
8.48437500,-11.41513075,-11.17175714,0.52565964,-10.29039188,-7.11220713,-10.70087360,-6.66148874,9.70495195
8.48828125,-6.09404322,-6.09389156,-5.69621826,-10.25628378,-8.84266780,-7.27668235,-11.91319489,7.10263522
8.49218750,-7.91959392,-10.98785644,0.98430600,-7.62499457,-4.77047295,-3.85585010,-11.65378476,6.40118892
8.49609375,-1.79724994,-4.29781280,-2.00364462,-0.47643398,-4.48307801,-5.18108846,-7.46123305,4.30598936
8.50000000,-2.02200521,3.17583856,1.31503038,-2.68624180,0.22713026,-0.12138947,-0.09332033,0.68387690
8.50390625,1.94415782,3.14537853,0.35396999,0.20775058,6.24722725,-0.90656147,8.44856320,-3.09167982
8.50781250,3.60496421,9.49824574,0.22164971,4.00597779,3.91881271,1.88768762,7.42227032,-1.09414334
8.51171875,5.86540869,11.99724703,6.25121578,3.90977630,5.64255408,3.65087508,7.52114983,-3.25205778
8.51562500,4.74972586,7.64112573,6.11228687,10.77225292,7.09425935,3.69819294,0.42884776,-6.83959300
8.51953125,7.51983680,12.50091879,6.48822753,15.94936674,2.79617210,9.36599722,-5.83425723,-5.97576973
8.52343750,7.89837173,1.97720678,8.13249082,11.21949105,-2.02449686,8.49781338,-7.67595749,-5.88900492
8.52734375,10.04887733,-2.92626553,9.42033085,8.09943546,-3.42636261,10.55787363,-6.01082801,-7.94732985
8.53125000,7.00245162,-5.38395479,10.96006795,5.32018238,-2.47624600,5.00385955,-2.30319304,-1.13194517
8.53515625,11.17830507,-8.53475380,12.12284514,2.73655730,-8.58905858,13.10733697,6.54331148,3.06506055
8.53906250,5.63925728,-2.65735360,8.29617876,2.78740699,-8.66884058,10.12938806,8.61892875,5.28792930
8.54296875,3.04277965,-5.47571038,11.03639344,-1.79409071,-15.46704111,7.99040974,11.79130793,8.41895441
8.54687500,2.30786760,-2.35041767,9.99917326,-1.47571867,-12.76385483,5.41657392,4.57791670,12.65701105
8.55078125,5.00076282,1.26350608,8.93319114,-3.54829055,-8.29277298,7.07213547,-1.58538431,12.21170980
8.55468750,-1.15149825,7.33747803,8.82792251,-7.39414931,2.80257887,3.98287292,-6.12845124,8.81781688
8.55859375,-4.41017818,8.84944394,6.12921750,-9.69270391,6.41266446,5.62968210,-11.91719353,4.58362146
8.56250000,-3.66408024,11.64589785,8.92315399,-11.33720931,7.12062718,-1.27122207,-9.34870949,2.88264303
8.56640625,-6.58207748,14.02311445,1.06101475,-7.17140271,7.01608198,4.50816483,1.05528542,3.85362648
8.57031250,-7.97616387,5.86282744,6.48222695,-6.50893629,10.04850068,-4.61788894,5.75461403,-2.39487470
8.57421875,-4.08238179,3.92291581,2.78528138,-0.24228103,9.86003438,-6.53475847,14.17904499,-3.50046486
8.57812500,-6.43389699,-5.83526562,0.04404333,-1.86707665,3.56303963,-8.48709004,9.60865594,-10.08670839
8.58203125,-5.51826168,-5.14609150,2.38644508,-0.39442640,0.83332260,-5.60499496,1.38336581,-10.31802780
8.58593750,-5.92792850,-6.37968699,-2.78369232,2.11761654,2.51629036,-10.65962949,-8.39378092,-6.97613156
8.58984375,-5.32259650,-10.23821548,-3.45395727,2.97522154,-6.48751497,-9.22068096,-4.22730455,-7.12689974
8.59375000,-5.79631841,-8.41798040,-3.70410934,7.49611298,-5.45843692,-15.34351517,-9.54889860,-8.27874473
8.59765625,-3.58669444,0.16065754,-2.89055789,8.56042034,-9.39527432,-10.14258286,-2.81302373,-1.26174548
8.60156250,2.20706116,0.96961833,-8.80890342,8.87425184,-10.20722390,-10.69713348,1.75994559,2.39948315
8.60546875,5.51208799,8.20041780,-6.27182545,11.08900539,-4.10413206,-9.23632633,6.64836727,6.79788423
8.60937500,3.49428663,7.89180941,-9.79728147,7.30476394,-1.76445631,-7.47928099,12.08313408,7.63424283
8.61328125,7.02217518,10.53813534,-11.21541482,9.28439715,2.62211335,-8.87518501,7.41966195,8.20809291
8.61718750,7.18430775,10.88207318,-10.35695420,6.47609936,3.77404174,-2.18621378,0.74147114,10.83475634
8.62109375,7.35530189,3.23547495,-15.33445993,1.61811743,8.59941556,-0.59849982,-1.45565791,8.48298912
8.62500000,13.21647104,2.30721372,-11.33175065,-0.15496056,10.09928952,2.05784787,-6.52853431,8.65426957
8.62890625,8.87254963,-2.36556916,-9.87357068,-3.79494432,10.14913952,-0.33591371,-3.76119732,3.23422555
8.63281250,7.16149604,-7.24162268,-12.05932887,-7.25070119,5.69426665,3.86340416,-3.59374308,2.13156285
8.63671875,6.24392571,-7.97088279,-8.25924197,-5.93664488,5.69420694,2.92555953,5.19276803,-3.39751203
8.64062500,3.21716463,-7.26255773,-6.47463125,-6.50560878,-1.74388861,9.14481574,11.33520093,-6.59001989
8.64453125,3.14642152,-7.83654267,-3.13303826,-9.27168634,-6.74264159,11.28890163,7.34998073,-6.21968477
8.64843750,0.98369236,-3.12233728,-7.81409638,-9.35811537,-9.02959661,5.42040826,1.76471261,-9.11037041
8.65234375,-3.07710741,6.79351004,-0.59321600,-6.83748281,-3.58974113,9.91559087,-5.51214521,-7.60237792
8.65625000,0.72078516,6.48168067,-4.83678375,-6.91815091,-9.25754068,9.18321207,-11.51135270,-11.76187930
8.66015625,-4.26589545,8.67846127,-3.46700113,-0.36604669,-6.00216503,9.29362023,-8.80610489,-8.15981588
8.66406250,-6.14939971,10.21529883,-3.51608309,-2.64333313,-4.92208734,10.63540954,-2.57668280,-0.01494454
8.66796875,-7.33178690,9.40146309,0.47014823,1.15807252,5.32860582,8.73082391,3.78493475,0.36766729
8.67187500,-6.56792797,5.20159688,0.14901044,7.67901707,2.98961222,8.94511283,9.36435203,9.01065358
8.67578125,-8.79184355,-2.83984847,4.20736216,9.07214677,5.45164420,4.24944771,7.28009310,7.43122671
8.67968750,-8.73077653,-7.77631855,6.27604191,7.84728020,10.62836842,-0.01687533,4.86391681,11.43405894
8.68359375,-11.34150917,-8.55681453,2.14753257,5.84458326,7.83875841,1.69498491,4.38047346,9.88406973
8.68750000,-4.22447690,-9.43798962,5.68773866,10.72518691,5.03335533,1.04867661,-10.00145357,8.77391149
8.69140625,-4.94252600,-8.40481552,6.25453915,9.81359122,-0.21271135,-2.03788421,-11.96367938,7.58307124
8.69531250,-4.34925295,-3.31219639,7.85375652,8.41843615,-2.97912590,-6.24278378,-7.46590184,8.27053599
8.69921875,-0.59765854,0.12793744,10.97826901,11.83264356,-8.10479432,-5.57159118,0.01541457,-0.59492262
8.70312500,3.10095517,5.46108805,10.72320410,4.84140016,-9.99557745,-8.20794462,4.11926255,0.18551789
8.70703125,7.79774244,8.61560387,9.66980491,0.40904723,-13.21181686,-6.38658523,9.51713747,-3.88469593
8.71093750,8.34280729,8.51589944,8.34539301,0.84346250,-11.36701951,-9.80508912,11.70351269,-10.23786180
8.71484375,9.08729745,11.58115988,9.12933285,2.15703969,-8.17147252,-8.91269551,6.73448527,-10.87662775
8.71875000,12.70172714,8.18054019,7.71732841,-4.44161629,-6.89338591,-9.13501489,1.44932224,-10.22058462
8.72265625,11.09957841,4.46231720,12.34319033,-5.85564784,-1.94212806,-6.05419128,-4.98713149,-9.31613800
8.72656250,10.62580675,2.79424071,7.14512360,-5.36730388,3.97492431,-10.31048213,-9.71848631,-0.12714040
8.73046875,11.82665005,-6.59598061,3.49356886,-9.58537586,7.98293528,-8.84201230,-5.43364437,-1.13666215
8.73437500,9.75943678,-8.65054172,1.00486026,-8.13570046,13.14330858,-5.09237251,7.71090196,3.02008638
8.73828125,2.68742767,-9.51289797,0.86714206,-7.82452034,8.72194284,-1.03391585,6.74838278,7.49100920
8.74218750,3.60597955,-7.95969176,-0.60835343,-3.90288940,7.47870217,-1.44067047,7.82450112,6.04051733
8.74609375,2.05790341,-8.11435797,-2.37957882,0.50013855,3.25538223,3.15516942,7.00733905,7.53524866
8.75000000,4.00077631,-2.11412368,-3.78394673,2.45840861,-0.83626706,4.22717554,1.38671126,14.74853647
8.75390625,-3.18329469,3.81518237,-3.63610671,3.70987695,-3.25218267,8.32381800,-5.19850235,7.07659122
8.75781250,-1.33284497,5.37937575,-9.05821123,1.46327448,-7.62114896,6.41509285,-9.91109051,6.74467506
8.76171875,-2.36211877,11.63818281,-7.01130388,8.09542735,-11.26000311,5.83549314,-6.81442616,2.85618000
8.76562500,-6.41162583,6.55357635,-7.49976154,3.37407180,-11.33301806,11.94942869,-1.29617045,-2.64576297
8.76953125,-8.31155819,5.69527905,-6.54378101,8.65159895,-7.80261944,9.85453424,4.41889702,-5.91480144
8.77343750,-7.06497522,-0.54154147,-10.44781595,6.32617689,-1.05875570,10.09908577,8.61628461,-7.98004333
8.77734375,-11.86687636,-6.51988092,-7.98540144,8.10800472,3.13250499,7.68001053,8.90350938,-10.40485732
8.78125000,-10.51368265,-7.50525906,-12.10842285,9.70162152,8.71035602,12.85352489,1.95857924,-9.36904668
8.78515625,-7.53890422,-9.23817481,-11.95838810,4.34303193,10.94397932,11.42828783,-4.29553465,-8.71365937
8.78906250,-9.45257397,-7.54975162,-11.91602302,0.97230107,14.18280789,11.23549090,-8.59473711,-7.62738292
8.79296875,-4.60739814,-10.40153743,-11.52447178,-3.85061632,13.79867581,7.08528997,-13.11187175,-7.69554259
8.79687500,-2.63193062,-8.42470778,-5.16011961,-0.62813199,10.08777410,7.09079911,-3.46974876,-4.46567371
8.80078125,0.39463989,-1.19503323,-9.46243859,-10.86305736,6.06854324,3.59530477,-4.13328323,-4.41619563
8.80468750,-4.37906856,4.73522729,-8.25766793,-10.63551267,-0.03082234,7.70713895,6.29680774,-0.13022217
8.80859375,6.89960650,8.93783910,-6.12442910,-10.04243221,-3.61209848,1.35342593,8.85033606,8.52175465
8.81250000,5.70536723,11.52884444,-6.49582244,-10.66308975,-10.31873410,0.98809486,5.05071523,9.74557044
8.81640625,8.89539218,9.80923668,-5.84254732,-10.48155040,-11.15798647,-1.30839019,-2.19060245,6.96400099
8.82031250,7.32110867,1.49847614,-2.71711393,-7.73182072,-7.26251325,-6.63730444,-5.81454649,3.45607919
8.82421875,11.59318997,-0.62827092,-3.08349671,-7.90115533,-10.50235957,-6.67586580,-9.20601639,6.67826929
8.82812500,9.81612158,-2.91320111,-0.65460608,-4.80336665,-4.53450349,-4.73723043,-11.20987250,3.49801607
8.83203125,3.40037567,-8.15371746,-4.40830522,-3.68823993,-1.49786939,-12.74221143,-3.19046800,-0.82487024
8.83593750,5.77801555,-10.69275813,0.59628360,3.11952807,1.64398207,-7.95873522,4.50708412,-6.62906037
8.83984375,3.21285142,-9.01139769,4.74432611,3.32088386,8.55551855,-9.08430220,7.86850750,-9.86920020
8.84375000,3.89680684,-6.83306135,3.61376849,3.03557040,9.31462480,-9.89544993,8.86972608,-10.34459456
8.84765625,-2.44823506,-6.87113214,3.19988734,7.42739260,8.06889114,-11.44374436,5.42417339,-10.49030298
8.85156250,-1.02973350,1.33927159,6.27383445,9.95815761,4.26117448,-9.91775034,-4.32126010,-9.12570097
8.85546875,-3.49060181,5.64166943,3.91030256,8.44668216,6.22848699,-8.14928616,-9.64249952,-8.68474855
8.85937500,-2.78475357,6.21467020,5.81344821,10.27757804,5.82169800,-5.20665133,-10.34886770,-4.35124507
8.86328125,-6.62728124,10.76079924,9.34454976,4.48458408,-5.00273955,-5.24091450,-2.74875641,-1.96345862
8.86718750,-8.28089545,10.08394741,9.85073917,7.88380573,-4.08311003,-3.27541908,2.13437085,0.67107480
8.87109375,-7.83032872,5.42276138,11.11794259,0.46927409,-9.46178843,-1.61241443,8.06643753,3.14782668
8.87500000,-13.11126583,2.25714090,8.38328493,0.30087886,-9.86106277,3.59822527,8.16065020,5.89432537
8.87890625,-9.11486639,-3.51701477,11.49227164,-1.36216229,-9.88252094,-1.36282712,4.83772332,7.78303769
8.88281250,-10.91937569,-8.70736120,9.05011865,-5.14370835,-6.69645480,2.58723844,0.26023684,8.32900916
8.88671875,-5.16383917,-10.78732485,10.68832504,-7.70933016,-0.97640006,2.05332676,-7.91975561,7.67000404
8.89062500,-10.27851762,-11.44930745,11.43789439,-8.40691615,5.61862222,6.48554223,-8.10014993,5.88818438
8.89453125,-3.46253770,-8.80281734,7.59087440,-10.76416017,5.79248150,8.96550329,-7.26827151,6.65782747
8.89843750,-4.86150292,-1.68516419,7.79873869,-9.51548442,9.03017785,9.44372919,-4.31672075,2.99915282
8.90234375,-0.33919947,2.34739037,8.64729804,-8.73468688,8.20553757,7.96190938,4.97293256,1.29625226
8.90625000,5.92900303,8.27362414,3.94509615,-4.97674189,8.63760210,4.84025651,10.48364884,-4.95738813
8.91015625,6.31025622,7.71390618,1.73813755,-3.96384495,7.11773066,8.14799504,8.70510934,-6.16151309
8.91406250,3.59533973,8.04104621,-1.65742697,-3.15391397,1.75805567,9.32920217,6.80887011,-11.41168083
8.91796875,8.92547963,7.82201730,-1.53437888,1.83764802,-3.00806670,11.01290021,-1.53690158,-10.36093229
8.92187500,9.76111406,-0.00288994,-1.70519733,4.73166687,-2.82128596,5.54568251,-5.51955953,-9.21105811
8.92578125,10.02020385,-3.34108538,-4.44022773,4.90993388,-9.50014310,2.17172642,-7.95368152,-8.50474053
8.92968750,11.14794670,-4.14465912,-0.89990766,8.87991059,-8.26823582,3.32462818,-8.86514858,-6.10032799
8.93359375,7.41843552,-9.77877408,-8.92161441,7.63452185,-9.29218288,-2.58479672,4.45063680,-2.24803708
8.93750000,6.15677228,-14.08449669,-5.34670554,9.71864285,-5.49213120,0.09848992,4.75167090,4.59100762
8.94140625,1.15923895,-11.89104340,-5.93344544,5.94363867,-2.97346497,1.11798784,10.21267428,7.41580547
8.94531250,2.01113929,-6.60663490,-7.09445265,10.92593869,6.52161994,-1.60527153,6.48458228,8.80449699
8.94921875,0.27825403,1.21573369,-7.00204234,0.75430023,8.35798440,-5.41315100,-3.88688496,10.17032541
8.95312500,-3.36147196,2.13239015,-8.15696648,3.40931345,9.86462879,-8.34566159,-5.17815381,6.84475883
8.95703125,-5.59435621,5.53027181,-8.07724602,0.06512143,11.49379583,-6.97463070,-11.07122027,3.63889373
8.96093750,-7.50475505,7.00067829,-8.04455774,-2.15457933,10.01673872,-9.24807119,-7.51186100,5.04423734
8.96484375,-9.21690736,6.47957273,-11.94282525,-5.75344678,6.89728055,-12.01729965,-2.93080095,0.39427647
8.96875000,-9.02870885,6.89706916,-9.35282229,-10.53426144,2.04823827,-9.61380048,2.53842580,-5.81526928
8.97265625,-11.58438232,-0.33278795,-8.75195107,-12.56955394,-1.29413732,-9.99110329,8.39563296,-6.15740167
8.97656250,-10.29964495,-3.59630498,-6.69354772,-10.64882488,-3.50036785,-10.53604039,8.21254986,-8.49107989
8.98046875,-13.30439611,-5.77777451,-6.16760293,-12.08136084,-4.26658212,-11.18000943,6.50148276,-13.56157293
8.98437500,-11.11780551,-6.50459267,-5.11397096,-8.56788932,-7.24986111,-8.34203667,-1.74349247,-7.98761272
8.98828125,-6.15150179,-12.34398501,-2.85495232,-7.93187315,-6.02441320,-7.73568510,-7.98325138,-8.63916851
8.99218750,-7.49080884,-7.72219403,1.97199083,-7.54334784,-6.48957242,-5.52424801,-12.36899461,-8.51359546
8.99609375,-3.19530374,-3.26222717,7.35871529,-4.47930870,-3.13859005,-4.42289971,-7.40329727,-4.64534614
9.00000000,-3.57532099,-2.24595616,3.88988127,-2.72083204,-1.09376964,-3.29651441,-3.55404132,2.47115224
9.00390625,1.30235780,7.70250303,5.33039022,5.72766515,6.05241132,-0.79516131,4.47960986,8.50485035
9.00781250,4.12974023,7.36897109,8.56950924,4.78915142,3.57756108,1.15054339,8.10800066,10.39466471
9.01171875,2.72951911,3.08224081,4.80181243,8.53117617,8.72837002,3.88801826,5.42157184,11.78716854
9.01562500,3.91245166,7.82160753,6.09511134,6.11341692,9.08216346,4.94677372,2.89818503,10.34344581
9.01953125,8.04105877,8.40633037,5.64655250,12.14446245,6.33719395,7.48389233,-2.86163380,15.01372217
9.02343750,4.97877844,4.75485434,5.41605988,11.34689414,3.11312565,8.09633788,-8.40583921,11.07571361
9.02734375,12.07620428,-0.89264624,8.28620460,9.13944516,-1.51440424,8.96277239,-12.54679349,6.70402975
9.03125000,8.47010135,-2.34388855,5.49372340,7.24804448,-6.32524628,6.79995112,-2.58612419,5.37210101
9.03515625,7.11498456,-9.50953814,10.35620380,5.65643632,-7.34665551,11.18128803,5.16543993,0.04163315
9.03906250,6.39871350,-7.72427080,11.48271079,5.03959029,-11.47710228,7.77272986,5.35911103,-4.90787793
9.04296875,4.69164814,-3.68160966,10.09793562,3.42674818,-9.47831893,6.81067486,13.14376792,-3.85870116
9.04687500,5.05094218,-2.42243740,11.72770166,-3.34022526,-9.10518342,6.76853761,6.80016819,-5.95095530
9.05078125,3.98909062,2.02126427,10.81882687,-1.52862084,-5.97748736,6.28336097,0.48814594,-11.44674304
9.05468750,0.40956174,4.95602569,5.61876317,-8.48670167,-7.36066125,4.43894653,-6.32310326,-8.62576261
9.05859375,-4.95727129,7.47443582,9.44943565,-6.34122601,4.98189728,3.80294143,-7.58038866,-7.99705449
9.06250000,-5.34329080,9.53732917,5.47860255,-8.54328435,6.51978492,0.64846864,-4.14744148,-4.54960369
9.06640625,-9.42140676,12.13966677,7.35564852,-11.39151504,10.45827689,-0.31137395,0.15538779,2.76594177
9.07031250,-10.66333801,5.93910763,6.70929391,-6.16450422,11.54344046,0.94002594,8.60471606,3.81766849
9.07421875,-10.35094841,3.49094197,5.09911500,-5.59753777,9.51168765,-1.90072720,12.54384768,5.51442946
9.07812500,-11.62103643,-1.46489369,-0.47816037,-3.53139087,4.85132512,-8.85962984,11.46921485,10.31641719
9.08203125,-12.61209424,-3.78562876,0.58391086,-0.26284066,2.95159533,-4.05823695,4.93826643,9.94949929
9.08593750,-6.39350193,-6.68264720,-4.41818904,5.66338405,-5.47789154,-5.57816762,-5.54140929,8.60750281
9.08984375,-5.79426800,-6.33860544,-2.98571004,4.41923130,-6.27976659,-8.76661584,-9.76546851,9.50442822
9.09375000,-6.02131399,-5.91800111,-6.62398851,6.52939134,-6.24804276,-8.62143411,-8.94671509,8.91448565
9.09765625,-0.49816180,0.75840755,-4.72299222,7.16164606,-11.57403782,-10.11835648,-6.30642223,3.21762541
9.10156250,0.55901894,0.27280052,-3.45019334,11.67252839,-8.83637241,-10.03453041,1.49368814,-0.08654897
9.10546875,2.18982026,8.12123837,-6.27615709,11.32409698,-7.00844626,-10.27039233,4.70596018,-4.68894220
9.10937500,1.79051657,7.86107156,-6.66732951,10.28820116,-1.77691867,-11.28549105,12.65632393,-6.70047295
9.11328125,7.77396167,9.45966977,-9.33111398,14.33832973,0.80681969,-7.18127726,7.72128860,-10.75757496
9.11718750,5.58681946,11.81997352,-5.87933117,4.15453732,9.57283335,-1.73164294,-2.94081731,-9.05869203
9.12109375,7.43071089,8.62069582,-12.68268510,0.90387550,9.28354128,0.55451780,-4.29692606,-9.39910839
9.12500000,5.45887436,-1.19585183,-11.89448663,1.33345464,8.07104200,2.27624691,-8.83887172,-8.25476303
9.12890625,12.06051900,-3.62832966,-5.17203286,-0.67140554,11.06034722,3.46530738,-6.11048354,0.45591161
9.13281250,8.22462164,-11.39594719,-9.42449259,-5.28828538,8.63552687,-0.71928766,-5.30458403,1.37542118
9.13671875,6.75299049,-7.38351008,-9.93036236,-6.58406866,2.89944928,2.87563527,6.96974580,0.98693693
9.14062500,4.66704131,-9.82005152,-9.16069866,-7.88360621,-3.31684453,7.49940692,9.14076947,5.13577195
9.14453125,2.88586584,-7.60777829,-5.93357829,-10.54085549,-5.79360317,10.76574495,8.31679367,11.18703819
9.14843750,-0.91076101,-1.70102602,-8.71481037,-8.32124552,-8.47484604,9.90247988,1.01893219,9.48106796
9.15234375,-2.69424427,2.78974453,-4.54155575,-9.15943268,-7.11026973,13.63061408,-5.62420313,10.83247918
9.15625000,-3.68044344,6.78440270,-3.47017878,-7.15513159,-9.88707402,10.00683897,-12.64348454,10.07412363
9.16015625,-1.44431343,13.11765035,-1.71435505,-2.63386391,-6.08652746,9.88394754,-9.43201567,5.98730372
9.16406250,-7.98197356,7.03403752,2.97834469,-0.27104374,-2.81667152,9.67800252,-4.61786900,3.04650522
9.16796875,-4.82457617,8.72004359,-3.07811023,3.61985668,0.35924150,9.53901224,-0.16039399,1.46770471
9.17187500,-5.54039389,3.20264347,0.63455142,3.86835510,5.48757743,4.41594450,7.28693645,0.05641138
9.17578125,-8.20238317,-1.16932693,4.95457229,9.65482499,9.71930796,5.02699456,8.96653615,-2.73284660
9.17968750,-9.70992127,-7.82456392,3.76854258,8.18575913,10.89239519,3.36949263,6.93560145,-8.12006541
9.18359375,-7.13251849,-4.44730325,4.27260020,11.09909851,10.17746612,-0.05552344,1.03125307,-12.94852819
9.18750000,-7.74610051,-5.09004642,8.13222282,9.61946815,1.35442407,0.69455167,-3.94093054,-8.09802434
9.19140625,-7.09694223,-8.34229003,9.71513208,8.79154483,4.10195958,-4.50377704,-8.12388267,-10.26592625
9.19531250,-2.60192436,-4.41437433,7.01295587,10.90042749,0.04044629,-5.98544127,-4.50025869,1.31892329
9.19921875,-1.92005050,-1.85599678,12.88385217,6.35304450,-4.54497694,-5.55142603,-1.45658320,1.99902252
9.20312500,4.55358729,-0.05548610,8.03715758,3.66860863,-8.02209449,-7.69314335,4.82780316,0.99129534
9.20703125,5.07007162,12.78549343,11.98954816,1.99873079,-10.52541659,-9.61807359,11.43678431,6.55234710
9.21093750,8.80606395,11.56862192,13.07671458,1.66235030,-12.37669656,-8.76918983,11.83878668,10.50645170
9.21484375,6.68414947,11.01672692,9.96816441,-1.84215158,-8.63466233,-4.43360505,8.30142877,10.43916471
9.21875000,9.91545156,9.05912794,4.70982060,-4.99756426,-5.37038750,-5.92172872,0.92280282,11.20902035
9.22265625,8.57419826,6.52119167,9.74873005,-5.25295735,1.89457616,-9.44086103,-9.31108822,8.90300729
9.22656250,9.93477385,1.24964097,3.76935605,-10.50266829,1.97048378,-9.97843920,-6.36326405,8.79542076
9.23046875,11.91616544,-2.81705104,5.78073171,-11.40636237,6.10340976,-6.88599446,-7.91786330,2.31820582
9.23437500,11.81882700,-8.85390717,3.57053990,-7.69948065,9.65864292,-6.33480695,4.26132183,-1.40045351
9.23828125,7.13670324,-9.38314544,4.53891336,-2.18116473,8.62746201,0.94802327,7.28286821,-4.94653078
9.24218750,7.54769018,-5.52635632,-1.55661992,-3.14595743,4.97074021,-0.55815757,11.15962239,-8.37424417
9.24609375,6.53172326,-6.97276144,-5.33205323,0.07831085,5.92447166,-0.44641956,8.19335964,-13.67507790
9.25000000,1.06371822,2.12422447,-2.17055195,-1.94351755,-2.57474383,2.17720817,-0.15644627,-11.39982042
9.25390625,-3.21175455,6.27058035,-4.25176938,7.14565875,0.87878399,3.84545719,-8.43411827,-11.86187083
9.25781250,-4.94316081,6.95267263,-2.25966473,7.85127013,-7.77115988,4.69075243,-7.35858291,-4.23523941
9.26171875,-5.92108510,9.35858604,-10.59148289,8.01369347,-8.86405661,8.98927682,-6.10237881,-7.69020709
9.26562500,-4.17765626,7.85501374,-8.62133384,11.21838024,-10.44004454,7.27847673,2.72398626,0.53947445
9.26953125,-8.13642524,2.99614113,-10.81840716,12.24430118,-11.02078335,10.74530880,3.04408373,-2.14973650
9.27343750,-9.64290186,-4.34016922,-7.92190654,8.30644023,-2.45974711,11.95099954,15.45040974,3.99027842
9.27734375,-6.74808000,-6.87337692,-14.22948437,4.60699913,0.43658596,9.77325818,12.35189196,2.11694467
9.28125000,-7.81817592,-11.42695077,-12.58370962,6.35102523,9.03391826,10.17113953,2.41319936,6.76346906
9.28515625,-10.09742008,-12.82201641,-7.10162609,3.97133370,11.31716554,12.16722831,-5.20403231,10.24502340
9.28906250,-7.64683314,-9.33601843,-11.58467994,-1.36747395,14.02989327,8.05915201,-5.39366837,8.31512289
9.29296875,-8.52591064,-8.28538165,-10.04439187,-4.28460796,9.05919434,9.83280791,-10.75196916,3.29065823
9.29687500,-4.11980781,-3.45869513,-10.46619179,-7.12536053,9.10226531,6.91360170,-4.78222704,-0.56480970
9.30078125,-1.98685230,0.13362371,-10.31811751,-10.42016766,4.86464528,7.70068012,0.26958526,-1.00101091
9.30468750,3.60216905,5.03243141,-7.81227141,-11.01891688,0.39770268,1.48965655,6.15670712,-6.13603216
9.30859375,3.47078964,7.45525123,-10.13009685,-12.69400503,-6.76195779,4.11166082,5.08751959,-8.87542080
9.31250000,4.68817716,11.78872127,-3.12834863,-12.52499600,-1.00928608,1.20801094,7.06240400,-10.98796967
9.31640625,3.45367795,5.88676372,-6.89263403,-10.05495771,-11.80322017,-4.31976376,-1.73984897,-7.40202283
9.32031250,10.32475395,2.51858528,-4.40672312,-9.85523588,-11.34448184,-3.15763471,-8.91947096,-7.50118041
9.32421875,9.06132108,-0.25451361,-1.94565058,-7.28514791,-7.02148332,-5.23708465,-9.04231669,-11.74020811
9.32812500,8.77338147,-5.33453922,1.23207380,-4.85541494,-4.75810608,-6.25066083,-10.01293886,-4.36159958
9.33203125,5.19122174,-7.20583681,1.28983018,-4.49330005,-2.97731251,-9.17320377,-2.35433986,-1.43180389
9.33593750,10.64937883,-10.90964585,1.58917702,1.42840686,6.67588711,-9.19354687,2.92745154,1.23336104
9.33984375,6.76810282,-8.91895376,2.83785114,2.89918650,3.34324617,-9.17823285,12.56158363,9.80602989
9.34375000,5.02541046,-9.30683707,3.32960770,4.98477991,11.74735146,-7.86250486,10.58776612,10.81875186
9.34765625,3.15322557,-5.35345797,4.64417048,7.92623564,9.87775581,-7.25617027,4.19848026,6.95936208
9.35156250,-6.44590499,5.10496143,6.10480947,9.99682932,9.34513508,-7.78622363,-2.39974923,12.62011660
9.35546875,-2.42419661,8.12733667,8.75081395,8.86096114,5.24609742,-4.52601138,-8.01908451,7.44142180
9.35937500,-6.10255749,12.47772512,6.84860451,8.11290454,0.57983611,-4.51973690,-13.51409848,2.35498439
9.36328125,-7.07886710,8.96877117,7.71259750,6.92476870,-3.62098703,-3.95601421,-10.83892569,6.24433171
9.36718750,-8.15471829,7.69655396,7.93168474,3.88752938,-4.32509460,-5.99448538,0.43517236,1.66919376
9.37109375,-8.10378862,2.27611888,10.36541029,4.11808220,-9.10538722,-3.37040336,8.05143706,-6.12749705
9.37500000,-10.15551947,-0.87931349,9.94507769,-2.55993905,-9.73695346,2.77074890,10.17717766,-4.39910873
9.37890625,-9.94606157,-6.42445074,7.70581428,-3.51674548,-6.85318522,1.35454368,7.49614004,-11.39510394
9.38281250,-10.18009465,-8.73013830,12.54001604,-9.34800806,-7.03718871,3.20636563,3.55128008,-9.69647929
9.38671875,-5.15348434,-10.91686045,10.66205442,-5.48783127,-1.63354257,4.97001270,-7.28499305,-8.47315490
9.39062500,-6.94361317,-11.84154432,9.60665393,-9.40305354,1.46491255,7.65218462,-7.84323048,-7.88983659
9.39453125,-4.77957355,-4.20466152,7.19396042,-10.17015892,4.48224023,7.01056928,-9.32640357,-5.89650417
9.39843750,-4.35216341,-0.32838127,3.56960390,-10.31218534,12.43256120,10.64498140,-3.59779060,-1.67478022
9.40234375,0.41887469,0.79573417,6.97076649,-7.21808222,9.95233862,10.02108397,3.17230325,2.86170171
9.40625000,2.87572544,5.57996410,3.07224909,-7.97319327,10.23568568,7.68449774,9.74637285,7.84473781
9.41015625,5.29753883,6.63778043,-0.53229088,-6.88503967,5.34314405,8.21979101,10.45833840,8.71737245
9.41406250,9.75919600,8.87701297,1.48113147,0.14303843,3.43131717,10.09335850,7.47246872,8.95779957
9.41796875,5.94388551,6.46262923,-0.52932541,-1.90393244,2.03236472,6.57142444,-0.70923281,11.35935516
9.42187500,9.04689092,-1.48873618,-1.36532124,6.71720522,-4.70442468,6.40833521,-10.73076486,2.64353871
9.42578125,10.58325761,0.45989527,-7.14441749,6.20753124,-6.91921420,7.13988990,-12.80354034,12.01226762
9.42968750,10.04085805,-5.61593136,-5.38787298,4.49292676,-12.16992211,2.64342831,-5.56746849,1.76978358
9.43359375,7.01896985,-8.73123335,-3.29435210,9.10953294,-5.15618557,3.97405676,-0.61829017,-0.84012352
9.43750000,6.07403359,-12.66877081,-5.17034649,2.80264911,-1.66183172,-1.06129710,7.74223537,-4.48319555
9.44140625,2.98168671,-15.84082019,-9.87298907,8.33478922,-0.86607974,-2.06832424,7.57206833,-7.26872785
9.44531250,1.23340725,-8.16496322,-10.20150894,7.75028622,1.24241690,-2.29387213,7.19038116,-10.48032496
9.44921875,-1.36984125,-1.67089319,-9.04392216,4.59226367,9.84119184,-3.58059853,0.10730204,-9.92543742
9.45312500,-1.58767389,2.07762806,-6.25676157,4.12367037,7.79455520,-7.79607505,-7.72985934,-12.49235681
9.45703125,-4.65530457,4.13316213,-5.09258446,-1.96944624,14.33285179,-10.95540030,-11.02816645,-11.55118476
9.46093750,-5.03517413,10.68470954,-8.90181273,-4.30852090,11.33451654,-10.85952795,-8.68307099,-8.23303547
9.46484375,-10.58028209,5.39490055,-10.92759405,-7.45367992,6.44163454,-5.36231340,-2.98899522,-2.51014648
9.46875000,-10.07185485,6.27697015,-6.71171217,-11.79827555,3.56580695,-11.15095834,3.18569123,-4.39710231
9.47265625,-7.76349883,1.76611563,-9.76819290,-10.40885442,-3.10306343,-9.14157264,7.32065818,1.99921712
9.47656250,-12.20667485,-3.79412251,-4.18827329,-14.11277465,-5.62852766,-12.98001834,7.05377891,3.75470972
9.48046875,-12.65173469,-7.93058017,-3.62853739,-14.26522231,-4.32854067,-7.08784963,-2.00456010,8.34331481
9.48437500,-12.11254932,-9.05727833,-8.68397086,-8.09010917,-3.08726753,-8.10503150,-5.12045326,6.09771174
9.48828125,-8.06646068,-14.96532024,-0.83408291,-8.95196058,-6.78730642,-11.64650420,-10.24836576,10.25862463
9.49218750,-3.69404033,-6.54799712,1.16305842,-9.85183756,-6.41389374,-10.03641188,-15.17059934,5.83787972
9.49609375,-2.09815398,-6.07637127,3.16296704,-8.82739056,-2.58836746,-0.91023005,-9.47140798,3.50650697
9.50000000,-2.24969819,1.90129775,2.61963351,-0.64652716,-0.51516161,-4.12732963,-1.67673708,6.28471063
9.50390625,-0.48112777,7.96072608,3.47521278,1.04601647,4.13905654,0.96434190,4.12324930,-0.23447864
9.50781250,1.26920930,7.89937913,3.63408149,2.16138079,8.08510480,2.24516523,8.93570655,-4.88070121
9.51171875,6.62128296,11.38504694,4.17631796,5.59419111,5.70641662,3.38820561,6.88265326,-2.73906325
9.51562500,5.90605711,10.36218866,7.39064793,11.91080577,10.26949271,8.93198812,3.22309395,-5.52844740
9.51953125,11.49560169,6.61387316,7.05102039,9.21500990,3.97527888,3.94674788,-6.44536183,-5.74548233
9.52343750,10.85596319,4.59575844,12.10604985,14.33470033,2.27411120,4.89880630,-11.82035976,-5.83899442
9.52734375,10.69255280,4.65185659,10.19375793,11.12928473,1.32359941,12.48429839,-7.57553588,-1.92340787
9.53125000,4.99043058,-7.30593638,8.66474059,5.91893891,-5.68793387,7.45181796,-1.79618103,0.04339934
9.53515625,4.98928348,-3.60416838,13.81377815,5.00022471,-8.50174545,11.90174997,1.17783952,3.90085387
9.53906250,9.15824955,-8.80070461,12.48244045,2.94596306,-7.78258571,9.87897759,10.06537633,1.05342622
9.54296875,4.67193055,-8.60436275,9.13206754,0.62015714,-11.74620083,7.96549443,12.35212870,8.47774324
9.54687500,3.01911895,-4.08340150,7.81697242,0.33107787,-9.89856698,2.77463744,8.19189227,13.39753620
9.55078125,0.83343576,0.48728929,8.17931772,-0.30712447,-6.51700713,3.32558283,-2.37256869,9.77498292
9.55468750,-3.26989992,8.64932656,8.91472640,-6.22128943,-1.74136669,4.97618225,-5.63813941,10.87109317
9.55859375,-0.84979236,10.98690539,5.19377851,-3.16614545,-0.93195743,4.45689590,-9.63641432,7.90094468
9.56250000,-1.77041590,7.35342023,6.78310018,-5.27561551,4.82995533,0.45046745,-6.85589685,3.54732266
9.56640625,-5.38178560,8.93459680,5.21323646,-7.69168250,7.31969109,0.81471638,-2.43204050,3.44412252
9.57031250,-6.49291645,8.41257490,5.05400682,-9.84263334,13.13350700,-4.73593256,4.69263765,-1.22182803
9.57421875,-8.69503845,4.43268122,6.98178926,-6.87881943,5.25781614,-5.26504552,8.84482914,-6.82046975
9.57812500,-7.67693876,-1.17420603,0.47918724,-4.87578277,3.38325531,-7.58914429,10.03105519,-9.72269765
9.58203125,-7.10534273,-11.08204835,0.44784155,-1.26402194,-1.51095365,-7.12576533,4.36593773,-12.38874910
9.58593750,-3.30682879,-8.40744961,0.68428856,3.99950483,-2.77502557,-7.80449252,-3.92572380,-10.78599449
9.58984375,-7.20175425,-12.93365927,-1.31002383,6.22542589,-6.64006739,-8.56797136,-7.40979816,-6.34369722
9.59375000,-3.54489849,-2.84344065,-3.55539150,6.45054514,-6.59070880,-10.79290672,-6.87145326,-6.67668984
9.59765625,2.83520062,-1.90760014,-4.07744198,10.16082153,-8.20810194,-10.02977274,-2.61632469,0.42494834
9.60156250,-0.42305283,2.45857789,-5.47050159,13.09891050,-10.30760987,-9.69918072,0.01810362,2.59952554
9.60546875,2.52535835,4.88630851,-8.49783117,11.72871816,-8.22762516,-7.85320988,11.92974629,4.29052041
9.60937500,7.05153541,9.27148583,-6.72839712,10.61689716,1.97013214,-5.64501699,9.87298332,8.95500145
9.61328125,7.08013443,8.60806851,-9.39244384,9.75193957,2.15281810,-4.81595954,7.10455786,11.35273358
9.61718750,6.98380058,7.70627417,-10.09740153,2.54039718,3.60135098,-2.17883296,0.15171376,9.17064148
9.62109375,6.98839989,5.99795163,-9.57161301,6.23984253,2.57961270,-2.18549936,-7.09214681,8.55850187
9.62500000,9.11937729,2.03019479,-10.71799078,-0.38080751,13.65204883,-1.51247624,-12.29189628,5.47098352
9.62890625,8.43019486,-6.21848856,-11.41340319,-0.79609576,7.34381430,1.71317221,-8.57120113,2.28385504
9.63281250,9.18592422,-7.34433343,-13.62822859,-5.86591352,4.27149117,3.27871833,-2.59049852,-1.75693545
9.63671875,10.64329973,-11.82762587,-8.80148009,-6.18338237,1.25640868,6.76884807,5.25168953,-5.28527180
9.64062500,3.55629207,-11.03746327,-8.62005902,-9.36905053,-0.69392380,10.27581107,9.12872000,-6.02036175
9.64453125,0.93493052,-4.01405713,-7.56682958,-6.77518292,-3.27698783,10.62173232,7.34504967,-8.63824696
9.64843750,3.16808245,-1.82013627,-2.78863831,-7.92302024,-9.28456862,9.95368862,4.02902794,-10.63424083
9.65234375,-0.53515105,1.45293298,-1.96297987,-6.73332319,-10.53455690,11.63571278,-4.40724093,-9.42235319
9.65625000,-4.44645539,8.73542881,-5.40358070,-7.34723876,-11.07670869,7.42062836,-9.53883455,-4.13520420
9.66015625,-0.32649251,11.31222961,-0.57490386,-6.31436080,-5.23808182,11.00969021,-8.87688065,-4.81674158
9.66406250,-7.43257828,10.91561116,-1.34343646,0.29224823,-4.67187324,11.26432122,-2.36642550,-3.08053984
9.66796875,-7.08262885,9.17826471,7.37616556,2.12323874,-1.46085452,6.59860468,-0.73977807,-1.89516037
9.67187500,-7.55628997,0.18809550,1.67828738,4.98939327,-1.38050879,8.30125153,7.01178856,6.42403593
9.67578125,-7.56296302,-4.76136704,1.77600177,6.35889083,9.49735134,5.74910461,11.72553303,9.61201801
9.67968750,-8.88055677,-4.73661595,3.27689729,8.86511382,12.71700048,4.19250560,4.46797712,8.61003433
9.68359375,-8.70292079,-8.92121973,5.56872755,9.38776134,4.88981670,-0.13672815,-2.96435611,10.39658574
9.68750000,-3.56471993,-12.58185570,9.04402607,9.77238307,7.71805242,-1.91205990,-6.38761792,10.00713850
9.69140625,-5.34909258,-8.35830353,7.26628938,8.32933230,3.55851507,-2.20355907,-7.93989154,9.13704627
9.69531250,-2.75660086,-4.40943359,8.70423055,8.76180334,-2.35486443,-7.11423878,-7.64471819,7.77917561
9.69921875,1.96238721,4.04731292,9.13294296,6.13934238,-7.04013831,-11.16689870,-0.98214739,3.13113390
9.70312500,3.22692887,2.59577076,9.24072692,1.60900214,-11.80490489,-8.09321825,8.38739088,-0.73542885
9.70703125,6.82759834,7.56994671,9.72285141,5.92954710,-8.02585215,-7.49412061,11.94957274,-2.67617842
9.71093750,6.22945809,9.83749425,9.57098688,2.28279148,-14.32668543,-10.03461652,13.55242701,-4.31350813
9.71484375,11.95182014,12.87044013,10.00670499,-3.23546586,-10.19476262,-5.83694517,2.50873603,-7.67717874
9.71875000,13.68142008,7.10445636,12.90052688,-4.11013883,-7.71323149,-7.94311325,-2.34789213,-5.61905119
9.72265625,12.12169878,6.61996972,8.25300244,-5.92431964,-0.63519691,-10.14386609,-8.59687424,-7.37759995
9.72656250,7.95889712,-1.93671357,5.91380463,-8.07479348,3.13539088,-10.14473354,-9.12163553,-7.00077643
9.73046875,9.74599900,-9.03652351,2.39585637,-8.12381371,6.76886642,-2.86167001,-4.48122533,-2.59656934
9.73437500,9.88531409,-8.57219245,-0.10211880,-7.71050748,8.54418380,-3.43449517,5.15322508,-1.23029787
9.73828125,5.27793322,-9.00021739,3.41558658,-1.05045153,13.59416065,-1.46251644,7.77071765,7.15974446
9.74218750,6.09137914,-10.36055548,-2.18808112,-3.71434753,5.84214969,-0.96166604,10.56950017,5.32761698
9.74609375,5.37520887,-2.88664548,-3.03969068,-1.16320041,1.04256843,-3.97209591,9.33839171,13.55267051
9.75000000,1.54681512,-0.19070059,-1.45953882,3.01296896,0.80652230,0.01827564,-0.28489511,9.57135600
9.75390625,-0.99093771,3.65558241,-0.74404097,2.05424669,-4.47812702,9.37809546,-3.75057640,5.20153585
9.75781250,-3.39229410,4.52872849,-5.97300791,4.15697093,-7.52767192,7.75066608,-9.95102153,1.82031227
9.76171875,-5.65840721,12.67194209,-9.70845690,5.66308715,-11.66639663,4.06404099,-5.49591145,3.21488623
9.76562500,-5.68928173,6.78683062,-6.59076253,11.62941276,-10.19464545,4.53550615,-4.39045639,-1.42342860
9.76953125,-5.88519589,5.42364845,-7.56129071,8.72860455,-8.84078914,9.19893372,8.57577261,-1.76126572
9.77343750,-7.79323530,0.48647476,-7.53328242,7.44616935,-0.77739715,8.77768642,8.72051159,-6.06962000
9.77734375,-8.01895415,-4.96578398,-9.35438810,8.68866981,-0.15788600,13.00907354,9.41185915,-11.58612563
9.78125000,-10.03717250,-6.67533527,-10.05400241,5.14942665,5.03916819,11.32807426,2.05657918,-10.88242733
9.78515625,-6.22495034,-12.70751398,-7.62565839,1.98531671,12.09568917,12.22307350,-0.70670593,-12.17810636
9.78906250,-7.65644784,-11.31976784,-8.83448680,4.20888236,11.55393547,10.04556579,-9.31701573,-13.95688532
9.79296875,-3.46725886,-13.27061061,-8.69779539,-4.71183930,12.41736626,9.87672432,-12.69668618,-8.38260080
9.79687500,-2.68489031,-5.97825833,-12.06459613,-7.43216955,12.33158335,7.72886808,-8.41654340,-3.28380715
9.80078125,1.16287541,0.21623906,-11.58847471,-6.95098112,8.48856608,4.04273406,-0.51560350,-1.07250513
9.80468750,2.16818507,7.40933909,-4.61134899,-9.50951033,-1.36215315,2.87699039,7.92277314,0.35575392
9.80859375,4.92279337,8.42635546,-1.37637912,-8.30626067,-3.27207540,0.55390997,7.97617670,4.72360605
9.81250000,6.11586241,7.89935082,-8.48499827,-9.23262316,-9.77691432,0.14082904,6.66212633,8.33850968
9.81640625,5.82422370,9.11589749,-5.00466256,-4.58072404,-11.58495353,1.74010930,1.97477026,10.05742125
9.82031250,7.95318766,6.18965269,-3.88651850,-7.07657189,-7.80967489,-2.76917199,-3.02231662,9.97320772
9.82421875,8.69494420,0.50417961,-3.08522663,-6.08080559,-9.57713355,-9.10695147,-10.52474185,7.50281133
9.82812500,7.95677913,-4.60186066,-2.72821744,-6.48142699,-4.13834118,-7.77138630,-6.62948547,4.54424556
9.83203125,8.16971648,-10.28294225,-0.16601979,1.37877019,0.65973764,-8.07629958,-4.41970011,2.71024606
9.83593750,4.78350271,-12.73818338,-0.44937939,2.66144236,1.86063603,-9.04765839,5.19761059,-1.03450291
9.83984375,3.41374706,-13.87076043,-1.62184525,2.01050919,5.06425439,-10.69594151,9.50080037,-5.07074536
9.84375000,1.82676409,-8.05850564,3.70414807,3.76965656,11.16434139,-11.05777508,10.25074494,-8.62100526
9.84765625,1.04224356,-5.48207549,1.38565110,7.19833614,9.18082972,-14.41286578,2.71254539,-10.43355562
9.85156250,-3.41704315,3.19401056,8.85780305,8.59029151,8.81475487,-10.71780590,-1.92636119,-9.37358991
9.85546875,-2.02038115,6.05672062,8.53510897,7.27488283,5.65289418,-10.25149358,-5.67514353,-7.70138420
9.85937500,-5.94902254,9.44905716,10.48131870,9.50991052,5.21797710,-8.31920019,-8.52170814,-4.62636116
9.86328125,-6.63291273,13.81558653,6.16261823,9.60750200,-3.80845609,-6.15071964,-2.75912784,-2.32121114
9.86718750,-9.19601052,5.92467680,8.08056020,3.99596688,-3.64000820,-4.13600140,1.78312046,-3.20878493
9.87109375,-9.29727226,4.31396795,7.32166336,-3.82535266,-5.42681136,-1.47096023,7.67126375,-1.87346296
9.87500000,-9.46773841,-0.68073248,10.13538589,1.28467219,-11.35913316,-1.66158191,7.07938169,5.21403711
9.87890625,-9.23714356,-4.17279058,14.04931566,-3.95321930,-8.32506599,3.81096509,5.13221172,7.14880964
9.88281250,-7.31658613,-11.18560537,10.60390113,-7.74803518,-7.70592195,3.11670785,-0.01216516,12.95634034
9.88671875,-5.16352895,-7.19857000,10.30475050,-3.70694156,-1.44297372,4.59127874,-6.49882632,7.25410990
9.89062500,-7.22126749,-8.66071054,8.27573417,-7.65972175,3.29971972,4.55597054,-8.26158800,8.49650593
9.89453125,-2.41568153,-7.38558760,9.59452612,-11.66815407,8.33870289,4.43457074,-6.88753720,4.70071465
9.89843750,-4.43715680,-3.54710842,6.91147943,-8.59220785,8.84677261,13.80861987,-3.43706752,1.73450277
9.90234375,0.81584319,-0.49649509,6.30119561,-6.30081376,12.76417465,8.68000461,3.89275618,-3.31775439
9.90625000,0.67732923,2.50163133,4.96512649,-4.63136245,8.32826559,10.89147481,9.20320215,-8.06214132
9.91015625,5.82456805,7.96759118,4.51726599,-8.00774878,7.42329498,11.47279060,8.56567163,-8.52908277
9.91406250,7.45074807,7.03576939,-2.00758857,1.13167701,5.00040390,11.91749158,5.47800492,-7.32469786
9.91796875,10.27681477,8.20625426,0.35497682,0.53010257,-0.46732864,8.02668580,-1.84532058,-10.52533703
9.92187500,8.76180124,3.64622668,-2.45402315,6.72281553,-4.58214553,6.82290643,-10.08397636,-12.89224765
9.92578125,11.91198076,1.38990478,-5.27423573,4.52033901,-7.94142252,10.68820970,-7.02633001,-8.57523666
9.92968750,7.67000960,-5.66964228,-6.39144272,5.36761987,-9.15796894,3.16202490,-6.95939865,-5.58810947
9.93359375,5.75784717,-10.90140322,-4.06830547,9.16432183,-9.67457017,-2.85563254,-0.42515383,-1.78816808
9.93750000,1.76838699,-11.92496412,-5.69641804,14.06936069,-3.54605496,0.45564650,8.74120234,3.22144154
9.94140625,2.12766974,-14.32303795,-6.45923871,7.80530261,-1.65813225,-4.31915232,9.28828383,8.56267690
9.94531250,1.69351790,-7.80611840,-2.94421568,5.70060358,1.66726053,-6.45350362,5.95161187,12.05731564
9.94921875,0.80209507,-5.16895958,-7.17120355,8.16655046,8.30594530,-4.12804418,-2.96142559,12.07503275
9.95312500,-3.03093207,2.19351905,-7.89422378,6.52636791,7.54460705,-7.07301393,-5.38728088,11.10098121
9.95703125,-3.03926005,9.04084509,-9.12583419,4.44866575,12.47695590,-8.61344223,-5.99028453,4.31486335
9.96093750,-8.17229944,7.50226152,-7.77201018,-1.64964464,14.42793077,-7.47372401,-10.16392336,5.36174429
9.96484375,-10.62517638,8.64168896,-8.69512127,-9.05411584,8.28840207,-10.37098033,-2.59609296,-0.48740748
9.96875000,-10.39179646,9.69534844,-7.97669098,-9.64687971,4.01666538,-6.67101772,0.55596953,-0.70037149
9.97265625,-9.75010727,0.92297810,-6.34122121,-12.94399019,5.30591462,-12.21528135,4.46317599,-5.25346784
9.97656250,-11.90559832,-3.42535605,-3.87586948,-11.06477748,-2.18943491,-10.05658636,9.09408138,-4.55436333
9.98046875,-9.88894320,-7.83752872,-4.54192165,-9.80067064,-3.89796693,-7.83489232,-1.81357698,-8.64942626
9.98437500,-12.49394429,-5.86853557,-4.55008721,-11.95799929,-10.05617632,-9.96344993,-1.62010487,-8.53697920
9.98828125,-9.12682747,-12.58653991,-1.52967174,-7.65141686,-10.20553810,-8.29611491,-9.23596250,-3.22653481
9.99218750,-9.57242081,-10.79170605,-2.49323585,-2.02918774,-7.46658022,-6.04341222,-10.24221907,-6.93623356
9.99609375,-1.46448378,-5.33763633,0.38572434,-1.63952664,-3.71934951,-3.98442160,-7.96657887,-2.97752450
10.00000000,-2.62212654,1.01024455,2.51440184,-2.81687883,-2.20088902,-3.21690692,-4.73227141,-0.05726038
10.00390625,1.47937348,5.70679997,2.93924377,3.93546536,3.08921184,1.12332134,5.32041465,6.47472354
10.00781250,3.36059199,10.91429851,9.57599872,3.47686778,5.85558311,8.05152237,5.40062932,8.51423069
10.01171875,7.57588381,10.53769797,6.91111373,6.35117675,8.70039769,2.77402420,9.49429035,11.69326485
10.01562500,4.12684521,9.91446155,5.49597171,9.51340112,10.44591212,3.88409811,0.28875794,12.16354526
10.01953125,5.95267563,8.71684590,8.40624937,11.74294209,8.57837621,7.11678150,-4.78740536,14.97310868
10.02343750,10.52792593,7.49289681,10.56186565,11.45258402,5.11229121,6.87433009,-11.22201962,9.12114445
10.02734375,10.48719579,3.04510164,10.84718290,11.54797680,-0.04425598,8.70862924,-7.18727445,6.03188085
10.03125000,10.71318346,-7.61390090,10.41116469,10.32907804,-7.27959791,9.40375661,-6.32237450,0.17656186
10.03515625,7.54245266,-5.64641747,9.26907933,6.90112750,-4.20071542,9.91477700,0.66639496,1.31715775
10.03906250,6.02027584,-7.67824259,11.19366790,1.56210477,-11.76468990,7.68422613,9.89156792,-3.64778178
10.04296875,6.66606819,-9.24044742,8.33131599,-0.45844952,-10.40447554,5.70957755,13.84589097,-8.22601812
10.04687500,0.98492467,-3.81580308,11.54844304,-2.97869816,-13.52689851,4.14705628,6.14324746,-6.65352834
10.05078125,-0.92963039,4.06027948,11.40268868,-5.37341798,-7.01717523,2.88598299,-0.08178195,-9.48073237
10.05468750,1.21292234,7.32161559,8.83420484,-8.27900035,-3.94569068,1.17835150,-7.34206584,-8.40976332
10.05859375,-6.82197438,11.15811256,4.87281467,-5.07461432,-0.77636945,0.55785903,-8.55575456,-5.45952839
10.06250000,-3.07953731,11.11023573,5.09234954,-11.04357697,3.85992578,-2.58679213,-4.18431586,-0.59161446
10.06640625,-7.83889523,9.59369545,2.05411274,-8.02450349,12.79514861,-0.74323314,0.61827161,1.81271801
10.07031250,-10.27729921,8.86657855,3.40415383,-8.95239453,9.51250950,0.11592798,6.74022041,5.70396033
10.07421875,-3.98038524,-0.74569805,1.86584895,-6.84549795,11.99400354,-4.16848167,11.26576907,6.56872145
10.07812500,-8.52764639,-3.36913269,3.32489547,-1.95813958,5.01544082,-7.38654044,8.68667186,8.69388037
10.08203125,-7.08806519,-6.52616350,-3.09879196,-1.12713902,1.98206200,-9.97015342,1.84884967,9.08135613
10.08593750,-7.17623060,-11.64984238,-1.47154500,2.16524668,-7.29277462,-7.72104873,-3.68724149,8.63843469
10.08984375,-2.88682331,-9.46689337,-2.08951597,2.02464795,-11.32061278,-11.06705855,-13.60242136,5.05946224
10.09375000,-4.27816672,-6.61717567,-4.07105270,7.24742641,-9.11577143,-10.98118772,-10.72464838,6.61105593
10.09765625,-3.85497177,-3.83956485,-3.47719784,11.47209236,-11.31156845,-11.94291725,-4.03456736,2.52034344
10.10156250,-0.10604562,-0.03430466,-2.51978288,11.63768827,-7.83343151,-9.34266910,2.51928688,-1.02785703
10.10546875,6.21526546,7.00863160,-11.07657930,9.09535140,-7.79432164,-11.38255318,9.39386609,-8.91149203
10.10937500,6.68315288,11.52253647,-7.55591377,11.42076866,-1.48922189,-7.58783650,10.63812615,-5.21973633
10.11328125,8.62373779,10.04559187,-10.33548485,6.99243754,-0.94359805,-8.44999093,8.27122380,-9.55097404
10.11718750,7.74728471,9.83629475,-9.66383175,7.93659322,4.48996019,-2.59310542,-0.66830807,-8.71205296
10.12109375,11.16639443,3.80933503,-7.51086151,-0.50660716,9.57396431,-2.60047632,-4.55490197,-5.23731973
10.12500000,10.52552796,-2.08733667,-8.99585304,1.40233760,6.47090527,0.79918006,-11.20375485,-4.69271541
10.12890625,9.22626855,-2.25094637,-11.83892926,-4.52981725,8.17883798,-1.08394156,-7.76674153,-7.41186067
10.13281250,4.97525053,-8.78160692,-6.50543159,-5.09747129,13.22857638,2.76700844,-4.65826878,0.34582874
10.13671875,5.78261440,-9.30244112,-8.47320216,-3.98676582,-0.80486553,5.10647016,3.33420047,1.99842528
10.14062500,4.53050558,-5.70680043,-8.79354235,-7.95238629,-1.21798576,11.43298682,6.59371169,6.42737905
10.14453125,2.41869188,-7.07738642,-10.30482063,-4.48316570,-8.12388621,8.04810985,8.72470830,9.89960325
10.14843750,1.03587033,-3.12389864,-6.55048609,-9.07044262,-7.89509724,4.01882421,10.22897879,8.83533564
10.15234375,0.95628106,4.73422654,-3.97705188,-8.03161071,-12.62827246,8.77357375,-2.93377662,11.30787424
10.15625000,-4.97869147,6.39535944,-1.97617615,-7.07708647,-8.65759606,6.94052735,-6.80919956,7.55866000
10.16015625,-3.87416418,8.71456793,-1.23194686,-5.20495681,-10.84033761,9.53121844,-9.60433023,4.23606154
10.16406250,-3.99141104,6.18052626,-3.70679946,-0.12315484,-6.65226466,6.69337889,-4.21861117,3.75756269
10.16796875,-12.63029414,8.57845318,2.62157611,-1.09795037,2.56973799,7.09931164,3.70018484,-1.81751610
10.17187500,-10.37644393,7.42149143,2.43602087,4.73849273,6.07484363,6.66629408,12.72952888,-5.47241933
10.17578125,-8.97108066,-3.98062630,4.92416460,4.68378832,8.98827000,3.98734537,12.38912140,-8.14363889
10.17968750,-7.49395342,-6.80877957,3.93551757,7.71067284,12.83669419,3.26477438,8.01962295,-6.74724540
10.18359375,-3.09537758,-8.47138262,5.57013133,8.31837510,7.33138943,4.02929559,-2.48572051,-8.81418131
10.18750000,-3.10252459,-12.64368037,9.51553866,8.64559643,5.18643566,5.97215634,-7.05276965,-8.35884360
10.19140625,-4.74173963,-3.26485096,11.95802927,7.45655153,2.26174856,-0.97956875,-9.02639237,-6.71770121
10.19531250,-6.55297232,0.17550459,6.99031732,9.00289496,-1.43714294,-2.02212050,-5.79405586,-6.30341168
10.19921875,-2.65022256,0.38038818,9.70822769,2.73351737,-6.42229990,-4.56176064,0.02488978,-0.03848577
10.20312500,2.27604954,6.15968333,9.26196260,8.14950515,-9.45754321,-7.08077952,5.95580782,7.42931658
10.20703125,5.88605123,7.86476167,5.87679472,0.16154701,-12.32283705,-8.22700611,11.66953092,8.99450793
10.21093750,5.68539010,11.09926602,7.71414289,-0.73637925,-10.97943398,-6.54657830,12.46107186,9.90584760
10.21484375,6.11806890,10.25031934,10.10196437,-7.55802253,-7.73258100,-6.81305821,8.63778076,10.61952823
10.21875000,12.93457435,5.90321813,3.45213818,-3.60395927,-7.16315056,-7.99166738,-1.54495319,13.44296204
10.22265625,11.06312553,5.83133365,8.39994608,-5.70754425,-1.23423917,-9.13230286,-6.35798756,13.10999834
10.22656250,12.51482822,2.54947550,6.02832749,-4.32597581,0.44732999,-9.96287004,-5.23744926,5.89098685
10.23046875,8.62471842,-5.17034674,1.12505578,-6.35081664,1.57713633,-7.88181627,-3.30243856,3.42665006
10.23437500,8.34621179,-13.04599593,5.10584647,-10.38482529,9.77209752,-5.25156357,3.71829467,-1.28707655
10.23828125,7.31391064,-6.01982999,1.05516266,-7.31457434,4.93700610,-3.89087371,11.54553058,-4.36746643
10.24218750,4.16873051,-13.20721400,0.11192119,-7.03422691,6.54129226,-0.11828794,12.04876363,-10.50573112
10.24609375,5.29301406,-4.71016295,1.55000800,-1.94439402,2.49830886,1.65046122,10.28740566,-12.66289098
10.25000000,0.35442795,-0.96496553,-2.69286691,0.01453744,-2.26610682,2.14619751,-1.65962611,-10.73187396
10.25390625,-0.45107250,8.32929746,-2.07084426,0.07708629,1.32997405,6.13643205,-5.50792018,-9.52510847
10.25781250,2.80308538,9.90878613,-7.05394730,4.34318638,-4.24847704,4.51887484,-9.38781046,-7.87465570
10.26171875,-6.36893558,6.51950425,-10.99582398,8.05013650,-7.43485253,9.25406983,-4.91772413,-3.56373898
10.26562500,-3.95283055,8.88689518,-6.82357459,10.16690271,-9.71617923,9.78517766,-1.24795733,-3.25126234
10.26953125,-9.13481814,4.80580372,-9.88289073,4.82356181,-9.29007528,10.59808409,7.97654290,3.89000282
10.27343750,-11.70349970,3.49483685,-9.51027888,9.87843375,-1.19828657,10.30806442,9.09718398,6.18228270
10.27734375,-12.05999906,-4.98157523,-10.14909231,6.99336477,2.71635573,12.64819776,8.84507024,2.57488716
10.28125000,-8.36746885,-9.97728913,-11.87287599,6.19705885,7.60335966,10.06147931,0.95499765,8.66670573
10.28515625,-7.51851166,-12.88374780,-14.14350562,4.71804318,9.31985797,9.64967934,-1.36471657,5.05948153
10.28906250,-1.43785122,-9.62776478,-10.59367194,1.85086881,10.50226259,8.85053742,-7.69366219,9.40009304
10.29296875,-4.26863435,-5.50847453,-7.89618402,-6.52453484,10.48557651,8.11448450,-9.93150044,4.10216561
10.29687500,-1.47873451,-3.04309793,-7.47661289,-4.30106773,10.31104343,6.84776176,-4.56700377,1.65342809
10.30078125,1.64042821,-2.43247610,-7.37647244,-9.57706010,7.82625001,5.27375946,2.82944874,-1.29164833
10.30468750,3.25178789,7.83484710,-9.41843218,-8.74905037,5.11168181,3.95168288,5.33291975,-6.87365133
10.30859375,6.16332606,5.95227060,-7.88249007,-7.22022767,-0.55770989,2.64552391,10.68800080,-5.52608625
10.31250000,6.26603744,9.93555726,-6.50995971,-8.33220279,-3.44824432,-1.02394732,7.50553221,-7.86161662
10.31640625,5.96869261,3.72282674,-10.02629598,-14.63326303,-10.11204238,-3.77914762,1.85980496,-8.02917858
10.32031250,9.14308393,5.25347645,-3.51402019,-9.16699744,-11.25423236,-2.23859439,-7.15682438,-8.12781678
10.32421875,10.70772972,1.34116698,-8.07499153,-6.89668837,-8.09459873,-2.18709162,-12.22617776,-8.91211725
10.32812500,6.82232550,-7.16374100,1.93942392,-4.42170345,-7.69524561,-10.63261297,-7.89637303,-7.08040672
10.33203125,8.05687555,-6.54338613,0.36645722,-4.18100714,0.92312407,-7.00344099,-2.72655949,-2.57627586
10.33593750,7.73572855,-11.52577231,4.35192758,3.11721164,2.56781533,-6.75477619,2.77945706,0.89145335
10.33984375,5.61559198,-9.44065460,4.27027686,4.69245265,3.54108105,-5.90333900,6.99641939,4.80980290
10.34375000,0.59902997,-7.30644797,7.68684032,8.04607856,9.03572835,-8.68196640,10.34980987,5.95869666
10.34765625,-2.31412602,-3.34928458,6.07684194,8.25775947,9.81198752,-12.62979627,1.36432061,7.37064939
10.35156250,-0.17068885,0.74336651,6.51780396,8.08704662,9.91020293,-9.61997457,-1.94269698,9.82082109
10.35546875,-4.74771424,10.08354380,4.38483926,10.15238463,4.40979743,-8.64742975,-6.12487899,11.23066626
10.35937500,-3.09675445,7.99428821,7.81458939,9.50977610,6.58960028,-6.65669170,-12.58546241,8.17729774
10.36328125,-2.86353162,7.35961048,4.30138442,5.21398892,0.13230637,-2.51563468,-4.13270598,1.25566826
10.36718750,-6.02576530,10.29838494,8.95007910,4.85801870,-6.91042391,-6.48528167,0.52910494,-1.40980923
10.37109375,-11.41504639,4.87439707,11.36798643,3.55220000,-5.61451565,-0.20456416,4.36681881,-1.71950723
10.37500000,-8.18592273,-2.50245250,9.33569488,1.43956962,-6.76584449,0.50568591,8.96091819,-6.91429485
10.37890625,-7.97938671,-3.18919920,8.28421199,-1.41001314,-3.73122792,1.78329239,7.75930894,-7.98677813
10.38281250,-9.33404607,-7.08887231,8.44316985,-7.53969095,-2.56090971,3.18957961,2.68737232,-10.24604732
10.38671875,-9.20423690,-11.46974829,10.60049120,-10.62531179,-3.94679854,5.41999267,-5.03010258,-10.59392345
10.39062500,-2.23694498,-11.26518987,7.80250479,-10.81460618,5.26823100,4.97496400,-10.04325507,-7.46650031
10.39453125,-7.00115137,-7.23432236,6.52276765,-9.56098503,3.50840609,7.89816012,-9.68356537,-7.58330602
10.39843750,-1.11091001,-2.37115820,9.95878572,-10.19525780,9.82510029,5.16687522,-2.73592246,1.15571734
10.40234375,-2.83846180,1.82338131,5.64618392,-5.98838467,13.56127870,7.70820757,9.62987865,0.30763635
10.40625000,5.19180760,9.57331071,3.79568650,-5.12284816,9.36607137,11.53227334,9.65795186,6.08774915
10.41015625,5.39214183,6.66585253,3.09218205,-1.95486547,7.19552717,13.80943365,10.05023009,8.72114301
10.41406250,4.90305026,8.77183444,-3.12948578,-2.76336462,1.66095137,8.01216911,6.15567453,9.76016183
10.41796875,7.25610875,5.23838834,-1.47080361,-1.62886960,-0.07326031,7.70852894,-2.71183738,11.75985261
10.42187500,6.19641403,4.36172664,-2.47516302,2.95189658,-3.06750267,7.29265068,-10.79982528,8.80198277
10.42578125,10.98733494,-1.72735201,-4.88381697,7.04012113,-8.52418936,4.36294635,-7.90741448,3.33959260
10.42968750,6.32257626,-9.14656598,-6.08407458,9.18006844,-7.94308288,5.31695793,-4.91775658,0.16561365
10.43359375,7.92856446,-9.99127655,-6.99408081,11.03279479,-6.74981552,2.04668900,1.56912152,-2.79385993
10.43750000,7.88133183,-13.62341795,-4.08972927,5.43831827,-7.24631905,-0.17430537,4.22285071,-2.56937949
10.44140625,3.45365340,-13.92250015,-7.97728515,9.32965702,0.22619516,-0.50070434,7.94971464,-10.93175881
10.44531250,-1.41391824,-7.43234384,-9.13386477,4.22303426,-0.64060875,-8.83446876,4.71539415,-12.08245523
10.44921875,1.24054352,-5.77731354,-7.72149753,5.93559391,6.24958672,-5.58968777,-1.66755326,-5.86067162
10.45312500,-4.48999962,-1.68553354,-11.31712700,2.38492962,9.75700627,-11.19412698,-7.76939201,-6.98041711
10.45703125,-4.25572674,5.07626649,-5.45380426,2.87567085,12.48698654,-5.61383316,-11.46734754,-12.48708562
10.46093750,-5.67883865,4.77393218,-8.67945180,-4.79213189,9.43456208,-8.40755758,-12.97007317,-4.77848113
10.46484375,-7.36356447,5.18549747,-11.71987522,-8.47719308,8.50773526,-10.43559504,-3.45202079,-6.77242134
10.46875000,-8.81235137,6.72626689,-9.14823676,-7.81198549,5.59563981,-12.21481388,2.82600432,-3.05602575
10.47265625,-12.07017405,-0.00268661,-5.75671446,-11.45317344,-1.72783465,-14.17431860,6.45091666,0.33527902
10.47656250,-12.86741331,-2.11494729,-5.66253494,-13.68854609,-3.16266956,-6.68209124,8.36097104,7.19332560
10.48046875,-7.32220185,-6.96054363,-2.74978350,-6.96588649,-3.78683950,-14.51615754,1.43753935,6.38695757
10.48437500,-7.94789381,-12.68095516,-1.77814889,-11.55785034,-7.68279420,-7.58373640,-2.50004590,8.53369737
10.48828125,-9.05920917,-7.42055033,-0.45009059,-15.30622325,-10.10983310,-7.90159697,-13.36516984,6.48150429
10.49218750,-4.05469840,-8.78419372,1.07991646,-4.26947744,-2.50435120,-8.28238632,-14.56935583,3.17771434
10.49609375,-7.03621144,-8.19219043,0.58648559,-5.31804714,-3.36841029,-1.19435968,-3.13821550,4.19701584
10.50000000,-1.98723052,2.33737066,2.24912142,-0.89564450,0.93003411,1.16118401,-1.05846805,-0.83102035
10.50390625,-1.52634876,9.21116016,3.03646658,-0.65499230,6.57056184,-2.19111643,2.38576824,-5.23630455
10.50781250,3.05192777,7.25029612,5.31497374,7.80217353,6.88342968,-0.20782705,6.78155641,-2.24811970
10.51171875,1.59822370,6.65598164,6.88324865,7.70696605,12.78629628,3.67139635,4.67830538,-5.15298232
10.51562500,6.38211641,6.44530692,7.46953901,9.89193825,5.34550558,5.54426148,0.42984895,-6.83172654
10.51953125,9.45295878,6.55793984,11.64440046,10.53955690,4.74227584,9.17659205,-6.23108550,-3.28400975
10.52343750,10.02736350,2.52304210,8.16219114,14.62581798,2.08574448,5.97644385,-10.01593509,-7.90049899
10.52734375,8.96408581,0.38733303,6.07040061,10.43458302,-4.48369196,8.94151000,-9.01204688,-3.15400101
10.53125000,9.03313418,0.85109488,11.38454196,6.88970373,-7.44547148,7.81453197,-4.24380925,1.44693344
10.53515625,7.49743681,-11.38146447,10.20051630,4.82512831,-8.17736135,12.42660389,6.13695404,5.09298908
10.53906250,6.11634322,-11.03286527,13.29144230,3.04412819,-10.38719463,6.55421435,8.48099960,6.49858791
10.54296875,5.26512251,-7.65093083,10.25703123,-1.30034841,-12.00762527,5.69982064,10.84524412,7.35847363
10.54687500,3.57430122,-1.00803678,8.65265626,-4.76963489,-12.11736357,3.93996197,10.81575151,8.48444784
10.55078125,3.19189134,3.72445950,6.10498696,-5.08505005,-8.96023580,6.41277023,1.07738892,11.78376392
10.55468750,1.05838931,6.47272221,9.87976770,-6.84953273,-4.09642685,6.40018361,-4.72513109,13.92501454
10.55859375,-4.51276390,7.05605743,7.41422622,-4.91014942,0.95239414,3.08384193,-9.95283763,7.56992160
10.56250000,-3.70017969,12.19243588,8.14590886,-3.70003128,5.63644229,-2.56866085,-6.35778261,3.36079306
10.56640625,-8.07166503,8.03324698,9.39274641,-8.28713555,12.60013043,-2.10493906,2.48225069,3.77269340
10.57031250,-8.74391900,8.58854710,1.56282412,-5.10512333,12.48878439,-0.91609101,6.61732814,-3.03900448
10.57421875,-13.39612482,2.90139322,2.68616631,-5.51329788,7.82725694,-5.26542592,11.99839349,-7.84173468
10.57812500,-6.77796878,-4.11021273,2.92405470,-1.25768372,5.76823972,-6.93012189,7.83453835,-12.32101352
10.58203125,-8.06297635,-9.86743130,-0.38026752,-1.87548794,1.87950613,-12.86809228,7.59473998,-8.34093293
10.58593750,-6.38094017,-10.54663258,-0.87288511,1.37875516,-2.64404960,-9.36370980,-5.68886898,-13.21624966
10.58984375,-3.21280548,-9.87764485,-2.98178057,3.00651907,-6.92099827,-7.19676011,-10.47932414,-7.90271558
10.59375000,-1.69508301,-8.54019152,0.60147368,6.08748288,-4.44511112,-9.82461425,-8.32027601,-4.49712039
10.59765625,-0.69851795,-3.60534374,-5.16646470,5.08416059,-6.65102005,-8.53983492,-2.84568203,-1.34748239
10.60156250,-2.74731288,3.95047152,-7.93755470,12.65270318,-13.04669117,-10.97600521,0.68197796,2.99098693
10.60546875,3.74544195,8.26399339,-6.03005410,7.97925907,-7.65431248,-10.58471075,6.68848494,5.87550206
10.60937500,9.33621740,12.54693321,-6.54396765,8.11176934,-8.76245034,-1.37624857,11.67062341,8.50350172
10.61328125,7.23872226,6.79304719,-5.82384604,7.04555801,0.39237489,-4.69754073,5.66169270,8.92096776
10.61718750,8.85053693,4.02218522,-10.60161171,8.77836309,4.48265267,-3.38236415,-4.13726473,9.45801291
10.62109375,8.05928096,6.31514758,-9.09502040,0.96250302,9.69776306,1.82708642,-3.62653961,9.88397786
10.62500000,8.95276285,1.20600289,-6.74693581,0.34510319,12.87677810,-2.58725357,-10.83834535,11.42015597
10.62890625,11.09933486,-5.38486211,-8.50992593,-5.55954457,7.53745868,2.67216743,-11.72829525,0.85043175
10.63281250,6.01030978,-11.68935206,-10.01422788,-6.01046404,5.53414633,4.67573829,-1.02386948,0.28404772
10.63671875,10.54494829,-9.42019533,-11.03465932,-3.56517644,0.08878930,9.95700651,3.69445899,-0.82096415
10.64062500,5.04889355,-8.34343517,-10.04480179,-6.66796453,-3.27882524,6.56656484,11.96821166,-5.82113487
10.64453125,2.40516698,-4.19397361,-7.53482829,-7.02919838,-9.63448754,9.42870651,8.88228052,-11.29982757
10.64843750,0.70645093,-3.55502926,-5.41452091,-9.51974616,-7.22000348,6.59947246,3.14375459,-8.94599125
10.65234375,-1.76973889,0.03290170,-2.47746475,-5.87314741,-8.44142710,12.07305843,-1.49341664,-10.69993823
10.65625000,-2.90880412,4.41077418,0.44831495,-4.88488824,-10.89789354,7.77463001,-10.63812927,-7.29644924
10.66015625,-3.14508984,7.14984731,2.90764890,-3.63752717,-8.74391034,7.35085506,-7.79392627,-7.89242179
10.66406250,-5.77376592,8.43628841,-0.38274913,-1.85022231,-3.41746998,9.94904333,-2.21012842,-0.46008656
10.66796875,-8.57415333,8.31430606,1.19195740,2.30246750,-1.19410930,8.42097720,4.45280954,-0.53878012
10.67187500,-6.65409903,2.79614520,2.17183579,0.46960143,2.82077809,5.06256247,11.09338924,6.72186753
10.67578125,-8.61359211,0.20938274,2.48331712,8.69788917,6.91786708,3.22946261,9.41524466,7.38075374
10.67968750,-7.25106150,-6.17759383,7.06656169,10.22386772,6.22440057,5.88535861,2.90406763,11.46533783
10.68359375,-5.30745495,-9.31852799,7.62707403,12.34510458,8.07560403,2.45762613,1.66836706,10.50771456
10.68750000,-8.08312690,-6.91129549,5.22697923,14.07036152,8.83375412,-1.09493330,-6.14844478,11.62260929
10.69140625,-4.87172050,-5.30897221,5.71308918,13.10176685,3.22711507,-2.88644934,-11.40231549,4.94837733
10.69531250,-0.76894469,-0.35378386,6.62129788,7.34245909,-2.72660636,-6.80336700,-8.27596331,7.12043333
10.69921875,-1.67979644,-1.29049370,7.95270610,7.17748995,-7.30129876,-4.42156033,-1.04092897,2.90954775
10.70312500,-0.25902228,5.74888118,8.44051914,6.22468929,-7.40917596,-5.38880004,10.44135870,-2.34653685
10.70703125,0.71577895,9.18247306,8.70125423,4.61854348,-9.53554474,-9.36943704,12.73801687,-5.91934852
10.71093750,8.46584782,14.18444591,3.87255803,1.91599259,-9.38358048,-14.14323440,8.65048418,-10.20377623
10.71484375,8.09170416,9.17479418,8.08912804,-3.43894579,-7.29677043,-10.38834810,8.41829365,-8.14266452
10.71875000,10.12627349,12.03830810,7.40325602,-2.05363368,-4.86926670,-9.42833334,-1.10102806,-12.05649919
10.72265625,13.74552666,2.83352842,5.65968908,-6.29228653,1.35876307,-12.58100535,-3.02703637,-8.53989252
10.72656250,12.29157853,-1.07615791,10.46458064,-8.94604176,3.40145341,-5.35014975,-10.22232179,-5.75998752
10.73046875,10.00477903,-9.20062832,4.77608262,-11.08224978,6.19042344,-6.29160489,-0.82019843,-2.36637777
10.73437500,9.28416880,-8.45476742,2.51084301,-6.38516580,4.44003258,-4.78665798,2.27248510,0.37946885
10.73828125,8.31350893,-12.91866612,-1.36217018,-2.43908870,8.41419411,-1.40963540,10.68821528,6.07622825
10.74218750,10.02197013,-8.93467679,-1.07252771,-5.72977169,11.16689549,-1.80321746,11.89877821,13.78965721
10.74609375,0.33431350,-3.19302882,-1.45455105,-0.57929895,5.72978042,-2.73653150,9.88373096,9.95621515
10.75000000,3.79211724,-0.41525117,-4.02370444,1.10243863,-0.71642525,2.92658030,1.41824483,7.60413037
10.75390625,1.87515133,2.47789062,-4.03311173,3.28935856,-4.60164422,3.40576234,-6.35692912,8.75465141
10.75781250,-7.19238291,3.28155961,-3.17195741,4.30340545,-7.51616842,6.60388862,-7.98957146,8.13262502
10.76171875,-5.15514490,9.21443870,-5.14815964,8.71784241,-9.65617242,6.59690928,-8.90148581,5.14378598
10.76562500,-7.37156972,8.23437260,-4.78939726,6.01828066,-4.56952062,10.05057306,-1.47368783,-0.91295336
10.76953125,-10.25054682,8.06496647,-8.97731258,8.77250690,-6.14293023,9.47981659,2.81387650,-4.27553851
10.77343750,-10.95503367,5.81537592,-7.70422745,8.36932631,-2.49034127,7.85596442,9.04133035,-11.50761817
10.77734375,-10.37380598,-8.54371995,-11.02065688,7.98367481,5.69108556,10.91858643,9.14198156,-9.52533849
10.78125000,-8.98074647,-8.95972966,-10.86538486,8.28932059,6.49427620,14.80419569,0.48653612,-13.98615099
10.78515625,-7.94226120,-10.83916666,-13.25995138,5.11277425,11.70407823,13.10789555,-3.85568217,-10.72963060
10.78906250,-6.47618240,-12.09721895,-8.67144544,2.98570633,12.14147138,4.93404467,-9.58704205,-8.98449617
10.79296875,-5.70301588,-9.07844134,-6.95833839,-5.83238609,11.33893822,8.26145493,-10.20407665,-6.05366782
10.79687500,1.89334434,-5.95629586,-10.78037713,-5.56401338,9.67455961,7.86637592,-7.89187970,-3.68824039
10.80078125,1.47860385,0.04607241,-8.96978645,-10.78175953,3.52723201,2.88723958,2.19324112,3.88846826
10.80468750,0.43947495,0.81961720,-10.28025302,-7.15932645,2.64999934,1.12416424,5.06600479,4.29472012
10.80859375,7.36621563,8.02639154,-7.96849411,-13.67869331,1.49156666,4.83420328,10.48316833,9.91962813
10.81250000,3.65253828,5.67019689,-7.68727874,-10.43924613,-9.59067522,0.36812292,4.29799531,4.77828050
10.81640625,9.89080713,6.25968933,-6.45384614,-9.30220807,-9.40652637,-2.62091389,-0.37967346,7.28862928
10.82031250,10.06129257,2.40821073,-5.88342564,-15.41028779,-10.36443136,-3.79328988,0.25143364,8.31674397
10.82421875,8.27235567,4.22255748,-2.39531151,-6.78394284,-8.67901226,-5.25492270,-11.02077269,4.69673388
10.82812500,10.43410837,-2.25714371,-1.60054751,0.43444996,-5.66304933,-4.21237022,-9.96247160,2.64205499
10.83203125,7.00796909,-9.77563923,-1.23409633,-4.75154566,-1.82459838,-9.02441068,-4.48642293,1.12759686
10.83593750,6.81920114,-10.32238083,1.60249809,3.78686845,3.32226049,-9.53461730,1.11113169,-2.45893582
10.83984375,6.27559546,-12.62068537,-0.11909522,3.61783164,6.86980516,-9.65967562,8.48396796,-8.07022919
10.84375000,3.03575325,-5.32788666,4.12524640,7.29899984,10.64906800,-8.27011114,12.65916472,-8.13188146
10.84765625,0.28625649,-6.11849253,4.56990236,10.16220773,10.19870744,-12.41762684,3.10834541,-10.38506817
10.85156250,0.60748898,3.07094868,6.77123189,10.03919121,7.01959996,-10.39149256,-4.33443912,-10.72755231
10.85546875,-4.90385211,5.40948490,5.19284559,9.39021555,5.95767909,-9.03672998,-8.04012634,-8.81803405
10.85937500,-6.97510662,6.10828075,9.84916350,6.53606277,2.14838286,-8.37519966,-12.59528947,-5.69814840
10.86328125,-7.63923914,7.39638734,5.35156274,10.63086768,-1.35380799,-6.62519808,-6.05410605,-7.70855486
10.86718750,-8.15439992,8.64422364,11.30505748,4.73788093,-8.66816406,-2.05411670,1.72923576,1.44764033
10.87109375,-7.50431069,3.50150640,7.47554656,-1.59241572,-6.77797311,-2.62532588,3.60981318,3.97534658
10.87500000,-11.39581956,-2.02043064,10.87286230,0.45587793,-11.79467396,2.19855004,8.57404086,5.11301856
10.87890625,-11.14006589,-8.19191454,8.38951102,-1.76115263,-9.46909571,1.37419409,6.99840643,5.28388474
10.88281250,-5.33679122,-8.50039661,10.43739371,-4.08413312,-8.22944665,2.32321219,-3.48120836,8.41706024
10.88671875,-4.24261790,-11.47647111,6.37660693,-8.16460663,-2.80470383,7.44287897,-3.14648938,9.14363696
10.89062500,-5.97393780,-9.25132992,4.24036863,-11.64386863,2.83589357,5.05476351,-11.26957631,6.01194727
10.89453125,-2.21432430,-7.70557190,5.79241585,-9.13003936,3.47383185,9.90731005,-9.60312074,5.30984321
10.89843750,-1.03373715,-0.06235911,4.19350793,-8.88817367,13.40479623,9.86189565,-7.32510258,1.36481241
10.90234375,2.57330383,0.63499859,3.79103234,-8.83115562,14.18275096,11.03949128,3.56750850,2.85828431
10.90625000,3.49704638,6.06665040,3.64838307,-4.52982870,9.02577640,11.96177040,8.79624915,-5.44220411
10.91015625,4.08004145,8.82564483,-0.59550222,-6.09612941,7.68768078,8.35868425,8.95400555,-6.58807497
10.91406250,7.63384241,9.24361215,5.79328081,-0.80158613,8.16721940,9.30989641,6.84232087,-11.97293662
10.91796875,8.39980985,9.29076556,-3.80120923,-0.16618770,-0.91926501,9.18017670,-5.18475386,-7.68236066
10.92187500,12.99933933,3.72584882,-4.71148755,0.95812664,-5.65230665,8.15821588,-6.04257313,-7.99104731
10.92578125,8.54693758,-0.98950124,-2.34265647,5.77650124,-7.23780613,7.70290095,-7.76592955,-4.84627725
10.92968750,10.84441085,-8.94709974,-4.24377630,8.69149067,-8.91844920,8.56768882,-7.84787934,-6.17482110
10.93359375,5.70956672,-9.58635799,-5.82422484,5.62516061,-6.94186190,3.41554393,3.09268690,-1.35923239
10.93750000,6.62730125,-11.33475231,-7.52274766,8.47654525,-5.70418039,-0.73126997,10.23720955,2.56456429
10.94140625,3.11740414,-10.03322986,-7.28544906,8.44341324,0.14546750,-3.18602043,7.78340594,2.48332219
10.94531250,-0.08798865,-3.48628228,-8.45415395,4.55233748,3.98520834,-4.85398553,3.03002594,6.43722006
10.94921875,-0.51348073,-0.22167428,-8.60841557,6.16330308,3.72984084,-5.06345326,2.16796846,3.90710719
10.95312500,-3.26233902,-0.72668346,-7.41056618,6.17406056,9.48620649,-7.06016364,-5.52049981,9.88744822
10.95703125,-4.35071435,5.79001017,-9.62497171,-0.56962326,7.44283587,-6.29093081,-11.51619587,5.89599782
10.96093750,-8.99617435,6.61256013,-5.66447298,-3.71128834,11.42590918,-8.38983577,-10.63765682,6.39596458
10.96484375,-8.60304091,8.14950106,-11.90542248,-8.52861378,8.08648558,-8.61112223,-1.35325219,-0.45228901
10.96875000,-10.95477441,6.82038184,-8.41265778,-8.63680647,3.12336206,-13.66674879,2.04991942,-1.53615380
10.97265625,-9.35852570,0.93032817,-8.11197096,-15.25577168,0.01839239,-12.87524971,7.22025257,-6.21078170
10.97656250,-9.82784738,-3.98650466,-5.13688344,-10.85394574,-1.78759163,-9.77258447,6.71832821,-8.41639322
10.98046875,-15.52309948,-9.59774071,-6.55081138,-15.22883505,-3.29144816,-8.39532826,2.74046632,-9.60561668
10.98437500,-9.24540608,-11.22034237,-2.00480296,-10.25212910,-6.59331707,-10.72712924,-2.62100748,-11.51958705
10.98828125,-7.92691978,-11.63479977,-4.49562233,-7.46066169,-13.96074098,-7.99814638,-8.69900521,-5.73918161
10.99218750,-6.88902560,-9.05930966,5.19271182,-6.81322968,-8.48251139,-2.38424850,-15.73277935,-11.75910433
10.99609375,-2.53856606,-6.45681480,0.96543708,-0.58779010,-3.87704644,0.92422891,-11.31043646,-3.92378041
11.00000000,-1.69974120,-2.72509771,4.79849024,-2.03792345,0.68351759,-2.98636973,-2.51008669,2.42165796
11.00390625,-1.69591118,7.16369813,0.47380871,2.24711866,1.35103033,-2.73698372,3.53587831,3.32124185
11.00781250,6.35713218,9.54670043,7.55246079,11.01550039,7.51282683,0.06821484,8.04463959,11.38920907
11.01171875,5.25674686,11.86064430,2.07495059,11.39030048,8.14765855,5.29675803,8.14083781,11.32343925
11.01562500,7.50069822,10.46362173,7.37390708,14.06347625,8.91001676,7.28254318,4.08621288,11.85983602
11.01953125,10.06403355,6.95630565,9.21398812,11.43613483,9.06050874,9.11069336,-9.43815091,12.49821472
11.02343750,11.18243494,3.86122655,9.29448992,8.91427570,7.38035100,8.83155207,-7.71581113,10.54696544
11.02734375,7.66923240,-1.05000547,10.83025211,11.23413454,-2.82118681,6.53435107,-5.95880478,7.74524649
11.03125000,8.02311102,-5.55681370,9.28830126,4.50557337,-4.45232007,11.17032800,-1.44350109,7.75663457
11.03515625,7.14984260,-10.96347849,14.26157677,7.39179915,-7.90587612,5.13379936,4.25478305,0.29431755
11.03906250,6.47243570,-9.94652709,9.75286122,4.16924001,-7.88406227,8.80109100,8.14801982,-6.32621957
11.04296875,1.31290312,-8.52846848,14.36203007,5.07078913,-12.17929615,7.04793290,13.18040639,-7.03327521
11.04687500,2.57243156,-1.59061611,12.41179929,-4.57469992,-9.89560042,5.49085665,3.15921075,-8.76409026
11.05078125,-0.42131263,1.23940592,12.41785255,-3.48090666,-4.83980139,6.25099643,2.27413443,-6.40139167
11.05468750,-2.96302917,11.28552541,8.14733987,-8.24104162,-3.36219667,1.93992562,-8.11460370,-6.02336137
11.05859375,-0.40530201,11.38501328,8.94570419,-7.87167486,-0.44984802,3.98360898,-7.44863264,-7.69235529
11.06250000,-3.11240150,12.02681129,5.83328703,-2.29585836,5.67685189,0.66964610,-5.72096913,0.01403067
11.06640625,-6.84781152,7.52710650,3.66748706,-9.00446611,7.20956382,-1.33712909,0.92117701,-4.46564648
11.07031250,-9.02168704,4.98425525,3.87556684,-4.14026068,9.67505176,-3.89448908,10.28157089,4.89310223
11.07421875,-7.95357354,1.89670378,3.18447575,-4.92114801,7.52877317,-2.27402268,8.61755505,7.09607715
11.07812500,-6.69081514,-0.98385019,-0.06056470,-7.49920190,8.48377811,-4.26745058,10.28969011,8.96946913
11.08203125,-7.44648428,-4.69045476,-1.13791008,-3.01698950,2.55360411,-4.82517456,4.56009649,9.87137987
11.08593750,-6.92689034,-7.15912659,-0.17175533,2.72469098,-2.33110534,-8.62559883,-4.73473965,7.72414381
11.08984375,-3.17249200,-7.92601266,-2.06173802,4.11437101,-6.23801763,-9.79025300,-9.27171702,7.73102063
11.09375000,-3.77877120,-9.43721315,-6.55949149,5.71273131,-9.77934271,-8.06048537,-9.46960641,5.84623566
11.09765625,-3.24736063,-3.24686641,-2.65950676,9.97250138,-7.07346538,-8.47831474,-3.87941862,6.45686434
11.10156250,4.06299172,0.11572777,-3.50522913,12.74406533,-10.55575359,-10.23884442,3.27594108,1.31030215
11.10546875,-0.51398903,6.94864039,-7.54929671,6.43114246,-9.64989346,-7.76973782,9.90869511,-5.47498917
11.10937500,6.41076063,8.24625798,-7.76487336,9.37148344,-4.72186817,-8.32107470,10.45657724,-8.14135287
11.11328125,4.15939833,9.89081383,-5.56940084,7.92250103,1.83415274,-7.29427089,7.55737047,-8.41806309
11.11718750,9.83520140,6.98192572,-7.75328848,8.57582386,6.84120157,-4.89540418,0.01377487,-11.78365988
11.12109375,6.65816856,4.10346679,-10.21893356,5.26146964,9.71152554,-3.32396250,-7.04853886,-8.95821522
11.12500000,9.27421643,1.34390574,-8.70186259,1.13997297,12.73055984,-2.66828472,-9.19964949,-8.10696969
11.12890625,9.60809481,-2.20473483,-13.39389070,-0.26452354,8.52729754,2.99290451,-6.37039951,-5.49955491
11.13281250,9.11391522,-7.27976871,-10.10382593,-4.79275598,7.23457904,0.81143326,0.15666383,2.77764345
11.13671875,6.38880609,-8.99132095,-6.78469167,-7.88490782,4.95654286,6.38591220,4.16815747,4.27333748
11.14062500,2.25434365,-10.99034893,-6.39358343,-6.92842262,-2.98438787,4.48184805,8.99425137,6.18380045
11.14453125,1.70031172,-2.04301932,-3.53536016,-8.19842414,-6.30045657,9.16275789,9.17398187,10.29944349
11.14843750,1.11027518,0.09409250,-0.83735318,-4.64095805,-10.76796305,11.03527948,-0.38832230,7.77933391
11.15234375,1.64050599,1.97806941,-2.51235532,-4.11627483,-13.06858379,12.04956800,-0.97868588,15.65406077
11.15625000,-0.87051295,7.20673709,-5.56235191,-8.58897888,-7.48626190,10.17386483,-9.19723973,7.83842323
11.16015625,-6.24680310,8.94758902,-2.56442703,-6.54921954,-3.80462125,12.05956441,-10.18082030,3.94910618
11.16406250,-7.69826327,10.20247465,-3.38854385,0.83398075,-1.67989081,10.51883024,-9.23061936,1.31855249
11.16796875,-10.85313767,10.56222948,-2.07989859,-0.32955509,2.68821707,9.59149217,0.51691772,-4.82126198
11.17187500,-10.69404309,2.73102889,0.69239967,8.38987561,7.00379930,6.97512914,9.64629983,-4.57833514
11.17578125,-6.53189547,2.61369322,2.37019831,6.78088724,6.51377030,4.50968917,10.49580966,-7.57552438
11.17968750,-10.55750373,-5.43948494,4.36533197,8.84415731,10.89057692,1.21512900,7.78291964,-7.56151482
11.18359375,-6.79366405,-4.00021747,5.41203499,6.22410983,7.84491756,2.20735339,2.41862920,-11.41165750
11.18750000,-5.68277284,-7.17894543,9.76676578,10.90039506,3.81980588,-2.29471701,-5.64347340,-9.89705009
11.19140625,-8.17886162,-4.04341394,9.53168943,9.41204355,5.36245056,-3.36216840,-11.19102644,-11.14754106
11.19531250,-3.09361159,-3.17564820,9.83167335,4.48034114,-1.26468357,-4.19341933,-8.21984487,-1.73069498
11.19921875,-0.48692322,0.95348043,10.48674103,4.26443434,-6.37879748,-6.80499172,1.08419591,-1.39225130
11.20312500,5.19433167,5.03638335,9.10847914,6.30959279,-10.70459263,-5.11541836,6.13797863,10.49848358
11.20703125,8.12613633,7.89381280,6.98309436,3.71364776,-9.25562559,-12.00054375,12.31624005,10.22740416
11.21093750,9.06682508,11.35631292,12.40070863,1.51661697,-10.42426884,-6.79754253,10.47852142,10.96662523
11.21484375,8.58204971,10.37520839,4.95084873,0.09201324,-11.03136173,-8.32266211,9.30939074,8.45288009
11.21875000,13.75022589,8.03448088,5.45050258,-4.77027370,-5.91943483,-10.23433028,-2.43969677,8.23088430
11.22265625,13.43802299,4.57405676,7.73329272,-5.27675595,-5.29005728,-9.25591003,-7.69461238,5.13277833
11.22656250,11.44698108,-1.27818576,7.03345935,-5.81447501,4.66095361,-5.38625441,-8.18026616,8.52095302
11.23046875,13.77782789,-1.85647390,7.06671958,-12.19099042,6.02401153,-5.10020324,-1.66331367,0.61146963
11.23437500,7.21426605,-9.41709923,2.84855646,-2.13679201,9.29545908,-3.83289070,3.00183942,-4.13511195
11.23828125,8.59067213,-8.52372426,-1.44384701,-6.48781025,8.88329910,-5.29697775,10.33065041,-6.16415799
11.24218750,7.59501938,-4.44061142,-0.60156886,-3.45759955,9.09337787,-1.89708478,10.99938437,-3.95226257
11.24609375,5.84838256,-6.69407754,-1.92185782,0.29830844,4.24012097,-1.98196341,10.03350783,-8.57840424
11.25000000,5.11837013,2.58687399,-5.09602769,1.20482481,-3.85958922,5.37276363,1.73120507,-8.91933697
11.25390625,-0.89896893,2.98321251,-2.83592670,6.32043593,-3.52138187,4.20902848,-6.53209221,-8.89542418
11.25781250,-1.79426565,9.56134623,-5.84391234,3.12722128,-8.23567514,8.12774889,-9.96241840,-9.87610270
11.26171875,-5.76321830,10.15777374,-6.90928920,8.28235912,-10.01360572,10.89522689,-7.41397978,-3.96111907
11.26562500,-7.98949223,10.97904258,-5.84174983,7.45984814,-6.76532881,7.76157027,-3.63839173,-3.60451758
11.26953125,-7.17899286,5.19464702,-11.30384807,8.18740243,-9.39194291,8.41246912,2.07116582,1.54820617
11.27343750,-10.13636532,1.61309896,-8.97885539,14.92215618,-0.35493823,12.84427770,8.70496293,3.39348591
11.27734375,-11.26702803,-4.32753456,-10.63895633,4.92294108,3.85631218,10.28785267,8.63798229,1.84992736
11.28125000,-5.86088894,-10.27738623,-10.24097413,6.41028885,1.69922926,12.08420313,3.06039892,3.65181675
11.28515625,-8.50006383,-11.88745962,-8.54444893,3.03816685,9.89445958,12.05916890,-2.14094921,10.15357744
11.28906250,-5.90117066,-15.87088538,-12.08234132,2.68673902,10.95577524,14.10133871,-13.68324653,8.00077887
11.29296875,-5.16837127,-12.12431527,-12.15207769,-3.88670541,8.52401857,6.85792390,-8.17605777,8.25908721
11.29687500,-1.60377856,-7.13291939,-9.92898256,-3.96895251,6.47994498,8.05952819,-4.11867449,1.54106246
11.30078125,0.28897172,-1.40983421,-10.87838521,-7.19461932,4.13365429,6.68441137,0.39523760,-6.62993840
11.30468750,2.44958135,5.95514906,-7.58981246,-12.79231614,7.20169863,-1.32284041,6.65316464,-9.17813509
11.30859375,5.55853674,11.35419194,-4.71033783,-11.68179703,-4.17266264,3.31666958,10.32761539,-10.22641838
11.31250000,5.03992803,7.54751388,-6.28712446,-11.49398767,-7.53172054,-2.24186970,10.86400687,-9.03120997
11.31640625,6.06131954,3.79032773,-7.61749628,-5.41787083,-6.96378173,-4.09411769,2.72869938,-9.99425086
11.32031250,10.86219252,9.64786121,-2.07520270,-7.37820576,-9.88710362,-2.21840149,-4.93767582,-11.99739292
11.32421875,7.68639383,3.15460610,-6.58604112,-6.41527906,-9.67162847,-2.61345660,-11.06088680,-8.07382912
11.32812500,5.55718758,-4.30786313,3.48501954,-5.46182794,-4.95927021,-5.77873102,-9.13586267,-4.11509963
11.33203125,5.88777632,-6.50476244,1.92073123,-1.97517200,1.03093211,-8.70762982,-1.81019735,-3.18662250
11.33593750,5.82317331,-10.91911509,0.70993911,-0.95762732,4.45936555,-5.85132199,4.24176826,2.22489650
11.33984375,2.74849543,-10.75072586,1.86382922,4.35912753,6.12184762,-9.79383557,7.79929665,4.81024964
11.34375000,6.45747139,-5.17196246,-2.20748437,4.65672259,7.66115115,-9.93291052,8.29227176,6.38893073
11.34765625,1.36434549,-2.26921996,4.63135063,8.26604719,13.24378162,-8.50371906,2.82462902,9.54647796
11.35156250,-4.44163225,-0.31798515,4.41358630,9.68614548,9.83939610,-9.55412052,-5.52260539,10.60573901
11.35546875,-4.20580460,3.58500816,9.10952139,5.49377868,5.54491146,-3.77216607,-6.70016175,9.56671798
11.35937500,-5.13092913,11.62874958,7.82344216,7.66118262,6.90979825,-7.58431569,-8.82724199,3.15544347
11.36328125,-6.84656559,5.35352005,11.40367954,6.61317050,1.00674804,-8.24315859,-6.55171236,0.49741435
11.36718750,-5.19569980,7.15190745,10.09361256,0.60259788,-8.69655151,-4.50978982,3.27604649,-1.70008174
11.37109375,-5.18407573,4.39244259,8.80958958,1.89497234,-6.67832527,0.72633663,7.73297948,-3.28802582
11.37500000,-10.98551464,1.20790202,9.33639559,0.86310960,-10.96726262,0.64125175,8.37300962,-7.56900532
11.37890625,-12.04037192,-5.17667711,6.37833755,-5.94069358,-7.59048934,2.70262891,6.71690984,-5.44439438
11.38281250,-8.65541067,-7.21707268,11.32107809,-2.00699070,-1.95993082,4.44315667,-1.95540350,-6.75801219
11.38671875,-7.02410672,-11.24220116,6.57510685,-7.13570751,-2.71431814,9.64508151,-6.19560467,-11.64726920
11.39062500,-6.75766962,-11.05398558,5.73636916,-10.05514343,0.34080340,7.81551229,-11.51205808,-6.56379703
11.39453125,-2.23239733,-6.58093477,6.57327540,-10.28947637,8.62129548,9.13039081,-9.28426520,-3.19095315
11.39843750,-1.85126685,0.60120096,6.97575291,-8.34880610,6.40930690,8.62716945,-2.89842874,-0.45905126
11.40234375,-0.43519970,5.92426295,4.40734600,-10.61761993,11.61181772,13.52966044,1.88840090,2.69762536
11.40625000,2.64333149,7.32712628,2.00257371,-10.19306926,8.90942448,10.50827023,9.18561024,4.57949433
11.41015625,5.67652204,9.45683817,5.45193509,-5.06353985,7.67520693,13.31683645,7.08060668,5.66228700
11.41406250,10.82988693,7.50120817,1.22593565,-1.57355371,3.11110074,7.04336121,4.36774743,9.74435587
11.41796875,5.51704237,6.38210053,-0.43580962,-1.82762661,-1.13897514,4.45658902,-0.93978827,8.90189856
11.42187500,8.33194488,2.89512627,-0.48555763,5.18642324,-3.59754481,10.87955625,-12.26741866,8.31488802
11.42578125,9.13164717,-3.38190776,-8.75306974,7.43124511,-10.63648789,6.36314366,-6.27736426,7.11790448
11.42968750,10.13501540,-8.52285200,-5.68979541,11.36094150,-10.92886470,3.71302801,-3.89786464,1.99977472
11.43359375,4.35040548,-8.18362742,-4.81093083,7.13312222,-4.89356791,2.34732163,-3.16069615,-2.31931906
11.43750000,1.66858930,-9.24545239,-9.34784135,13.39810494,-5.66768939,-1.45910325,7.76067986,-6.12181643
11.44140625,1.33151337,-8.99573105,-8.98252101,8.67305935,-1.14974271,-3.51500853,10.84526815,-8.20419365
11.44531250,0.12245491,-6.11011427,-11.80651698,6.98347977,4.28842161,-3.72799577,9.14277099,-11.16878656
11.44921875,-0.66736086,-1.25810883,-10.65766869,0.19722421,9.49600328,-6.81809503,-1.65815593,-11.50277378
11.45312500,-3.11354512,-0.75709226,-7.36220947,2.93485253,8.68600646,-5.79102039,-7.22492725,-13.05812917
11.45703125,-4.86922183,7.30302325,-4.11087128,-3.77042876,10.18632508,-7.05484169,-9.75846309,-7.06286167
11.46093750,-9.28269414,8.28863392,-14.26177995,-4.17108154,7.57676865,-10.12129382,-10.77096657,-7.67811060
11.46484375,-10.64368305,7.13158116,-9.96577909,-6.14021120,5.88662967,-6.83669039,-6.33048215,-6.17798787
11.46875000,-11.52205669,4.20413228,-10.98131638,-7.25489755,3.45066879,-10.15757448,2.14673592,1.72856254
11.47265625,-13.78631618,3.13302713,-9.86902947,-9.75124296,1.50256736,-12.15077735,6.79526308,1.82203019
11.47656250,-12.32725611,-2.72029835,-9.39476192,-9.32104920,-1.31121021,-10.98578836,6.03429557,9.95904605
11.48046875,-11.60025595,-4.72603803,-6.36298658,-9.90454596,-5.93397536,-8.46679950,2.09135178,6.02882363
11.48437500,-6.24035940,-12.34446115,-4.04629161,-8.46837750,-8.70578616,-7.58284765,-6.11560283,11.28537644
11.48828125,-6.89458778,-8.61718034,-1.88676570,-9.38588896,-6.75144875,-2.05841056,-11.09657759,12.66899016
11.49218750,-7.01643642,-10.01584573,4.23716627,-4.76897260,-1.77762081,-6.97150435,-10.35557896,7.66215609
11.49609375,-3.28508691,-2.81529377,1.94162818,-1.72527894,-1.83932125,-4.36612408,-8.78199371,3.12937324
11.50000000,-3.26953069,-1.66352808,1.50215441,-1.93466203,-0.29288973,-4.15474261,-2.71224832,0.30065007
11.50390625,0.55266604,4.07517001,5.89143409,2.01439773,0.65805719,0.51218363,7.69701299,-1.26047175
11.50781250,4.30822016,6.81992672,5.29339906,3.33048588,1.62132444,1.63124140,4.95108429,-4.03293880
11.51171875,4.29867216,11.39769502,3.33781675,8.30535311,7.42210319,0.77234706,3.95448988,-5.47344955
11.51562500,5.02743908,10.41236390,8.79649722,6.58177906,4.71516976,3.46858590,3.07916324,-10.47623654
11.51953125,5.16058018,6.38537213,9.60039947,11.46444089,1.40671837,4.29620066,-6.71544868,-6.03861188
11.52343750,8.26020700,5.68295021,6.90962179,7.38247124,-0.10852376,6.10574393,-10.30872046,-8.99325468
11.52734375,9.29752605,-2.24134044,12.62553111,10.31586717,-1.83946984,8.19188080,-3.60468258,-2.02939858
11.53125000,8.08048461,-6.74941282,10.17909737,6.55389069,-5.81786291,7.72703267,-4.30233639,0.72285003
11.53515625,9.03599466,-8.03832824,8.06791530,4.98414084,-10.15069642,7.13413622,2.37169050,1.87076027
11.53906250,4.00702925,-6.93076362,12.10647118,3.41385149,-11.44271139,10.18429772,8.96377863,4.47798146
11.54296875,3.79913364,-5.04037962,10.26337087,1.61605474,-14.94095325,4.69348756,6.92136576,8.33317313
11.54687500,5.93067082,-2.11852691,12.85914833,1.65919986,-8.39472707,5.27002253,8.91187009,9.61746905
11.55078125,-1.44832399,-4.63879458,7.07313369,-5.62373194,-6.26917021,6.47192407,-0.06453583,12.11973822
11.55468750,-5.87167835,9.78272832,7.03169962,-4.80986352,-2.21012850,4.23827034,-6.49981852,8.15065594
11.55859375,-0.07806469,7.63792309,5.60071915,-9.60666318,3.16922725,6.27510240,-9.33616284,7.62535696
11.56250000,-7.93554149,11.93921375,6.11587632,-6.16797649,6.54581787,0.78909933,-3.54633130,4.14628900
11.56640625,-9.58188668,9.89438342,6.89444184,-7.26254929,7.11814595,0.56600154,-0.31964039,-2.16168566
11.57031250,-9.89618161,2.87737280,2.59457485,-4.64392047,8.90439324,-5.10678091,8.91927444,-3.30971806
11.57421875,-8.42190355,-2.28259503,3.75778663,-6.95527735,7.84779504,-11.04955476,11.73487959,-4.95491742
11.57812500,-9.24019811,-5.54360985,4.47293930,-1.12178377,5.42778218,-10.36849359,10.59040142,-6.84797249
11.58203125,-5.89492820,-9.32291836,0.66415022,1.36875339,1.66768171,-10.49950621,1.06193443,-9.06221069
11.58593750,-6.65697309,-10.64194990,-3.83759776,3.24576483,-4.27601963,-8.76487675,-2.92248926,-4.66418792
11.58984375,-2.80414522,-8.18520120,-0.71435353,0.49109632,-4.47634449,-9.51142419,-6.60800659,-5.87793343
11.59375000,-3.41331039,-5.84879701,-5.99629174,8.00934329,-12.49779809,-8.22622309,-10.88426269,-4.85836451
11.59765625,-0.78375753,-4.22686960,-3.70181916,9.49379319,-11.75569066,-7.84277052,-6.23882805,-0.39585526
11.60156250,0.76637809,3.50292445,-5.11482218,12.66441001,-8.41092610,-7.28420166,4.39741556,4.89544090
11.60546875,1.35902531,5.37380335,0.63111592,7.83338612,-4.96137991,-5.85331589,10.70297058,5.67805736
11.60937500,5.82417257,8.40685990,-6.21449526,14.39122510,-4.44489638,-8.97438131,10.30124741,8.41827244
11.61328125,9.95473231,7.50595806,-7.58798556,9.21277408,-0.91792502,-1.48032303,2.94250474,10.56950274
11.61718750,9.07627843,9.30049943,-12.13532098,6.77801741,4.53994925,-5.47616207,-1.02440189,6.42568426
11.62109375,8.17970624,6.92954643,-9.03700012,5.88874928,13.50174829,-0.85563684,-6.06706416,8.57988442
11.62500000,8.55923956,1.14470628,-13.74107998,2.52547606,12.33672219,-0.60494750,-10.35816239,4.54884572
11.62890625,14.14197995,-4.77015408,-8.19245789,-2.38721089,9.87753093,4.55715378,-7.60709388,3.46658849
11.63281250,6.86919007,-7.64534500,-8.54691823,-2.17018403,6.02729907,1.96441073,5.05556105,0.58072894
11.63671875,8.31878060,-13.40777752,-6.07274909,-10.72059185,2.81084278,5.50087249,4.04427318,-3.88869796
11.64062500,4.71014304,-10.47343812,-8.13008479,-5.40668327,-2.36675783,6.59089590,10.23629959,-8.26045233
11.64453125,1.76150383,-7.50750786,-6.63472070,-13.58915245,-5.94631917,4.94341178,12.57719922,-5.73636471
11.64843750,0.91666388,-5.57242511,-7.04796088,-9.28274716,-9.36047609,11.73474343,3.14224925,-10.94233205
11.65234375,-3.68916049,3.71807276,-6.22112704,-7.53451775,-12.75420844,5.28475095,-4.72911382,-9.94704403
11.65625000,-2.10174265,5.50202146,-2.25099578,-2.08851940,-9.05143617,10.39761653,-9.22592192,-6.11881242
11.66015625,-5.31500858,11.55570915,-1.74489694,-4.74570605,-6.38826666,10.80847226,-10.02867540,-5.11533359
11.66406250,-12.15759274,12.83268631,-3.46000863,-1.92379024,-4.17458226,7.28050134,-6.94355604,-3.37123219
11.66796875,-2.24644837,8.53403615,2.95956493,2.05175314,-1.69846223,9.78637858,2.78436479,2.17078412
11.67187500,-9.79382537,5.00541872,0.21793617,7.64974590,2.06093238,7.59153760,5.66063008,3.06161203
11.67578125,-8.49184359,-0.12122878,6.36017467,3.30353213,8.09358642,5.52327922,8.46711530,7.13120589
11.67968750,-6.04356659,-2.49066735,1.35352264,7.80067531,8.66722372,1.90443553,5.67925834,8.26476889
11.68359375,-7.68488140,-8.44082120,10.24045534,7.29060906,9.50963686,0.32750971,-0.73756073,11.84856026
11.68750000,-5.74816164,-8.65854512,9.40601657,10.87089864,6.84822679,1.75839456,-3.25587652,13.88160462
11.69140625,-4.86062300,-8.95592650,7.76909651,7.03460059,0.16727738,-2.81404137,-8.28526723,6.68927637
11.69531250,-3.92881590,-4.69823882,11.92966254,11.05147713,-1.54010692,-1.74157869,-8.74696221,5.92876077
11.69921875,0.20939341,6.05315564,10.38110653,5.76418522,-8.25634025,-6.39805184,3.34329084,3.61034260
11.70312500,3.64187763,7.10768022,12.97173772,4.56344171,-8.25018481,-5.43127079,2.24674030,-0.52637236
11.70703125,6.97869372,11.33500174,6.70443970,4.52420064,-12.12405935,-7.78947467,8.93814839,-3.95517784
11.71093750,9.00257159,9.83640353,8.60789807,-2.57574350,-8.53070339,-12.48274276,8.75966041,-7.23530576
11.71484375,5.96385904,10.43560688,10.85525806,-1.83275542,-5.85175833,-9.66057060,7.53859520,-8.02868469
11.71875000,12.02141634,8.57023393,8.17870683,-6.02962798,-5.81977052,-9.43477047,1.88713943,-4.66471157
11.72265625,8.06424174,3.68221984,6.45851043,-6.63937234,3.49120724,-8.92143683,-7.51581802,-5.73898901
11.72656250,7.79516683,-1.12716916,6.84307336,-6.62286474,3.49081259,-8.26666056,-7.85498084,-7.56732037
11.73046875,14.22658413,-9.79058757,2.14392705,-8.64314254,8.96225872,-5.67241058,-0.63495276,-0.66256801
11.73437500,11.72564720,-10.69715443,3.32354289,-5.10504532,8.12539496,-3.40999226,7.32445071,-0.17987911
11.73828125,8.73460172,-5.83116918,4.55037184,-1.68425455,5.87789774,-2.39708618,11.40213369,2.97344254
11.74218750,5.47412510,-9.02751215,1.12907522,-0.76607361,6.96359611,-1.85870749,13.93694760,7.43868346
11.74609375,3.59796544,-7.89456687,-0.36811896,-1.64922347,5.21773298,1.87048138,9.71982185,8.66357024
11.75000000,1.33800207,4.02887063,-1.37670749,0.61065102,1.56706475,5.24184282,1.40313116,7.86884008
11.75390625,-2.27845458,4.08076193,-1.48037498,0.60774986,-0.68283381,3.58657179,-7.35785865,8.03961028
11.75781250,-1.03394471,6.75220872,-7.14214284,2.32831117,-6.29020302,8.65288401,-8.01760327,7.73126685
11.76171875,-6.91311673,13.39789897,-5.77239660,5.21575055,-5.63440445,8.57136702,-7.03009046,-0.11807266
11.76562500,-5.35904123,8.44665743,-11.61254516,5.57300007,-11.07431340,11.71451379,-0.66671228,-3.57562554
11.76953125,-7.28039573,6.26923601,-9.52054755,13.02563790,-7.53344792,7.83905448,2.13678020,-2.80878718
11.77343750,-10.02289411,-1.61184317,-7.79183311,12.92959074,-5.89101375,11.76937156,10.34652129,-8.41145220
11.77734375,-11.15361694,-6.87709163,-11.13190271,8.26977961,3.09193019,13.69943001,6.85537926,-13.06514674
11.78125000,-5.63430186,-9.57132926,-10.76771330,5.69233225,8.67688680,14.05310491,4.36882633,-11.31155493
11.78515625,-10.93136076,-13.33695598,-8.61083284,4.06174284,7.94113872,13.26421813,-3.73201806,-11.07215225
11.78906250,-4.56984195,-12.67118043,-11.79286135,-1.86495225,10.04206210,7.86934748,-13.74689258,-10.80444814
11.79296875,-8.36896801,-10.17026867,-9.54978126,-3.27214390,10.93406611,11.34343550,-10.97734960,-9.53070125
11.79687500,-4.72995494,-5.98493663,-10.30742790,-5.85405791,8.61011126,7.19922785,-7.63184877,-3.51847981
11.80078125,2.23855548,-1.34128136,-7.34700370,-7.65242316,6.09837079,4.77686157,-2.42947767,-3.73694091
11.80468750,3.43454656,4.00971568,-9.92879546,-9.42734320,1.34838723,0.12433639,6.21865137,4.85546365
11.80859375,2.22637490,7.25757081,-8.60247626,-13.58669129,-0.85329311,3.72878599,3.56549734,2.67363541
11.81250000,6.26803941,6.01567294,-6.59445266,-13.91466582,-10.29839440,0.70882892,8.14620215,5.33353256
11.81640625,9.95674396,7.28947027,-7.97540476,-11.33966356,-7.84838326,-2.21213449,-4.00156287,9.54400711
11.82031250,8.06595617,5.43294017,-3.95813121,-8.09503554,-10.27986309,-5.10780953,-7.65808149,12.42187722
11.82421875,8.36162980,-1.08926962,-2.36897921,-7.54371754,-13.07825737,-8.70562953,-14.13388013,7.40618537
11.82812500,8.31576865,-3.94795922,-0.84668416,-7.94112865,-3.37314255,-11.41487594,-8.64768801,5.86036682
11.83203125,10.45368895,-5.13498145,0.78143285,-0.05878032,-2.79566554,-9.06626934,-5.14741976,-2.43107156
11.83593750,8.96586592,-12.54870210,1.30819563,0.51917693,5.85639823,-9.69665135,3.55998699,-5.26808572
11.83984375,5.48252516,-3.90044633,-0.20952405,5.58655574,8.74990866,-9.16283672,9.87745322,-6.42346465
11.84375000,1.13816169,-10.32065952,4.56558419,8.51922738,14.34588515,-10.36634019,8.68909933,-7.66734523
11.84765625,5.04157748,-5.83643149,5.82258778,3.61014270,10.09947183,-11.10281960,2.68843249,-10.64959262
11.85156250,-1.55662287,0.66416344,2.74587030,11.42898634,8.08033796,-10.98574592,-4.78449338,-9.15782236
11.85546875,-3.62253275,3.86663017,5.81694358,10.28199429,9.24130556,-12.82268628,-11.12488665,-8.09966797
11.85937500,-4.70023239,12.16847998,5.88360044,8.38424611,1.63296140,-10.25389173,-12.32946787,-5.17396583
11.86328125,-8.86682011,7.53813658,7.98386988,3.13855030,-3.34617691,-6.10206233,-8.85754718,-2.37270475
11.86718750,-10.53688739,6.75011940,4.35799271,5.44009561,-2.60369066,-2.61289496,0.57273370,-0.18725423
11.87109375,-9.23270782,6.02522322,11.29538754,1.76767726,-11.34000942,1.93287740,3.77563481,6.70449043
11.87500000,-7.90689770,0.89086741,7.69913332,-0.75928021,-8.79898101,2.05421787,10.54299188,5.16707735
11.87890625,-9.23412278,-6.93436827,6.64513016,-2.80473585,-7.88247984,3.67702943,4.76888165,7.62425694
11.88281250,-6.93691496,-6.50250084,7.93479659,-3.05839458,-7.26904697,3.89902940,0.22586262,9.44602181
11.88671875,-5.16908095,-9.29968549,11.18342012,-9.49205478,0.28188725,7.42783224,-9.64879735,8.45305257
11.89062500,-4.87737047,-13.19393803,9.43400141,-8.23542933,0.78947143,6.60415754,-10.61397316,8.02996715
11.89453125,-5.68300224,-8.06869995,8.32920414,-7.42301670,5.12415566,6.56020851,-8.65108444,4.10304530
11.89843750,-1.61661752,-1.78247940,4.58609202,-9.04713261,5.90440622,9.23467362,-6.63645397,2.36122341
11.90234375,-2.37068176,4.24515475,5.51419736,-10.47003975,7.98660584,11.60322769,0.25880919,-4.73470239
11.90625000,1.25313107,3.21795210,2.18534390,-8.35248936,9.51998154,9.76076115,7.62663035,-7.60048831
11.91015625,3.03736539,9.38994425,2.27830191,-3.61513500,9.55558477,11.49210362,5.79518148,-8.80188665
11.91406250,6.15630307,11.60759764,0.46609373,-0.92239815,4.39360598,6.28523361,1.01077021,-10.98722227
11.91796875,10.45633981,7.21203989,-1.64468879,-0.81912071,-1.29161265,8.44794314,-1.04993009,-9.42729853
11.92187500,10.09023055,4.26175099,-2.51393484,4.65217180,-4.00741702,8.43838965,-6.27450799,-9.89039071
11.92578125,9.56170670,0.38217067,-3.93136871,6.15861324,-10.83083086,7.49560814,-11.14964752,-8.46169562
11.92968750,9.23293659,-6.25199155,-8.52352184,5.98719177,-9.43569258,2.94242117,-7.22077279,-5.01206701
11.93359375,5.74385492,-6.03362198,-8.84446114,8.64637733,-11.50117902,-0.26691343,0.93234323,-1.08995015
11.93750000,8.50454280,-14.01485638,-4.56893504,8.10689264,-6.12074352,0.55988315,6.47567737,1.37203901
11.94140625,-0.97116484,-8.67644998,-5.65988185,8.64927724,-1.87576023,-1.74964606,10.33673356,3.58469103
11.94531250,0.12687467,-7.47412112,-9.91602443,6.99071483,2.63366443,-4.06472029,5.78090473,9.01865395
11.94921875,-2.91752789,-1.96410204,-11.63190248,6.92931976,6.30971666,-4.71274907,-1.51372229,9.25406703
11.95312500,-1.90145796,2.24035203,-10.87018436,1.48695533,12.16235323,-9.64490344,-7.82303937,4.47175205
11.95703125,-3.67042817,2.07731067,-7.87287160,-0.29550190,9.47213076,-11.50581095,-11.73210932,9.26244746
11.96093750,-7.54762661,10.35100979,-10.11046498,-3.84910201,12.57331492,-7.22927670,-7.28074879,3.68673111
11.96484375,-8.57584742,4.57029049,-7.06091343,-4.46070871,8.19957135,-10.06902377,-3.59916072,0.72494063
11.96875000,-9.01091665,6.89425245,-8.86682689,-11.93639590,3.03405966,-10.15714353,1.93891384,-0.73091382
11.97265625,-11.58031176,3.37085449,-2.03232444,-12.39257792,0.28184552,-7.33407006,8.77371227,-9.33525515
11.97656250,-13.28488796,-5.31177405,-5.88830196,-10.00830824,-3.36880668,-12.27822345,3.89959154,-5.25480385
11.98046875,-12.55139997,-7.24030660,-6.72157255,-11.54640200,-5.02384129,-9.50331585,1.77671240,-11.35394362
11.98437500,-9.28642230,-10.56332943,-3.26550702,-10.78822123,-9.81361448,-7.58081303,-3.74064495,-8.96971344
11.98828125,-7.23903780,-12.05541424,-2.40027327,-5.27198857,-9.55700662,-5.58618843,-6.48234202,-10.67885185
11.99218750,-9.15271955,-8.78110453,-0.56296227,-3.82906572,-2.11468603,-5.51242719,-13.26998096,-4.00234585
11.99609375,-4.20664820,-2.58343124,-3.51260473,-4.34893873,-2.74518719,-7.23184126,-9.41932779,-3.20118272
12.00000000,-2.22399665,-2.09270131,2.27596717,2.28654226,2.00547703,-4.94880235,-3.40314184,1.38376682
12.00390625,1.35727842,4.04624055,8.35732004,-0.25382520,4.24347091,-0.20117886,3.78613322,7.86577381
12.00781250,3.00866529,10.45164403,6.40576043,6.68498371,5.07928152,0.49705841,9.12480880,7.11543942
12.01171875,6.53081049,9.07067161,5.52017315,9.45657140,5.75510204,1.91885511,11.38139257,11.02007831
12.01562500,8.61205159,11.54157718,7.96978401,7.49566378,9.46780411,5.59672947,4.57296145,10.27846508
12.01953125,12.21847540,9.89285590,6.53632749,11.61452185,9.13460531,5.62454654,-2.60080537,16.34438063
12.02343750,8.37434305,0.69803685,9.48035714,12.12620554,1.57735232,11.46132939,-10.81122976,7.08576033
12.02734375,10.55244923,-3.40071658,10.30268241,12.06760591,-3.73525942,12.36989184,-8.58360524,10.03580915
12.03125000,9.68061847,-4.62618953,6.75854708,8.20263166,-5.94389019,8.03537723,-4.77220005,4.09973352
12.03515625,7.73092282,-9.99846368,11.04020756,3.39314864,-11.34953482,14.21653728,2.27525948,1.94739826
12.03906250,6.50632803,-6.77892299,11.77298659,3.59917657,-10.44778743,8.77655725,8.65238863,-4.17549324
12.04296875,2.36778131,-9.77400068,10.30668535,-1.38766776,-11.47752389,6.29734709,7.54790956,-5.43286190
12.04687500,4.28770525,-3.15910528,11.49752783,-0.73597474,-6.97288265,9.93749993,6.89159837,-9.21705915
12.05078125,-0.29836070,1.37814507,9.39260281,-6.52281052,-7.53614552,2.22186490,1.13199099,-10.54202044
12.05468750,-3.10611506,9.41456100,9.35927059,-10.01130092,-0.00914820,4.76282901,-5.35765480,-10.12318216
12.05859375,-1.15191628,10.94923550,6.55170647,-7.23538105,-0.71671932,-1.19893112,-7.76930414,-4.42868412
12.06250000,-7.36874411,11.31198722,3.66726472,-5.97691192,5.20079638,1.94397771,-2.63625116,-3.40087449
12.06640625,-6.69431846,14.68539735,3.96507345,-4.90437771,10.63439986,0.87921271,1.78408970,3.31610433
12.07031250,-10.12620264,7.02446323,-0.06212130,-9.20931764,9.20114224,-1.96866357,9.91531009,0.37701903
12.07421875,-8.21423583,0.64076276,1.81590830,-7.32004070,6.77434161,-7.78374561,10.56311962,7.81731532
12.07812500,-7.06958905,-4.10390923,-0.08058929,-4.85228910,5.03723867,-3.54741715,7.76069023,8.83064111
12.08203125,-7.37806070,-10.75940894,-0.34672262,-2.77036328,-1.78223078,-7.01686339,4.38078093,13.50336263
12.08593750,-8.98525658,-6.16056486,0.20223250,-0.73499716,0.49856742,-10.45494137,-5.52518261,16.23107829
12.08984375,-3.97109273,-6.18068600,-4.26476204,4.17440646,-7.96542465,-7.84436967,-11.45610500,9.69864640
12.09375000,-2.91989418,-7.32294335,-3.01886382,1.59596747,-7.33091594,-10.77251344,-11.33278650,8.33913521
12.09765625,0.51377425,-2.87220646,-6.75321586,4.03904122,-8.52065516,-11.09116565,-0.83963655,2.48058291
12.10156250,3.73505806,2.55408835,-3.26605098,8.11436426,-9.41698638,-8.53825548,2.92958424,-1.21953933
12.10546875,4.71090646,5.12735630,-6.86755854,10.65679932,-5.97140641,-7.58685871,12.88792677,-3.80320465
12.10937500,5.38321999,5.10297006,-6.42398939,9.85286425,-2.50082606,-7.62290790,5.67322618,-3.52020337
12.11328125,4.08948843,11.40381176,-11.75838267,3.49578757,1.54882160,-4.40875541,5.16169248,-8.97688697
12.11718750,7.22820658,9.27334598,-13.84312402,5.89824391,10.49789666,-0.93653872,0.13073583,-9.01793817
12.12109375,13.03558808,2.74701180,-9.87701653,0.94314738,7.12975067,-2.53279280,-4.48129592,-9.74177688
12.12500000,15.10749402,2.84299175,-9.25874772,2.33063114,9.48963477,-1.56204277,-12.80040758,-5.69008577
12.12890625,10.48090778,-3.13949328,-13.67551559,-3.71823122,9.33186362,2.72356595,-8.97741866,-2.82395217
12.13281250,7.36404833,-7.67057521,-10.52427325,-7.65520566,7.29167093,2.57788100,-1.66429098,0.62196063
12.13671875,10.81985245,-7.89451814,-13.16342296,-8.90048830,1.46201180,3.46699074,7.74176137,3.42163989
12.14062500,5.32203107,-8.70935882,-8.50151080,-12.27142023,-1.09561353,3.91126218,4.74279085,7.95221538
12.14453125,4.41826348,-2.52463863,-6.09746482,-10.01516680,-6.28987324,10.35659061,7.64392544,8.57221745
12.14843750,-2.65355428,0.41101864,-5.22209623,-11.12714213,-11.03369960,8.83950713,4.43196801,14.96989958
12.15234375,-1.42036323,3.03157571,-5.43675578,-11.57049542,-13.29761244,6.81847409,-7.31716299,10.32126479
12.15625000,-3.26987605,8.52976191,-0.32127822,-9.71798904,-6.51357254,8.87801158,-11.12540266,10.27606793
12.16015625,-5.09398299,5.59434626,-4.08057265,-3.77224613,-9.07823844,8.35963787,-8.44471582,4.85293960
12.16406250,-4.73781062,12.14437061,-0.78156411,-5.25984674,-4.56610706,9.04897688,-1.70001538,5.06572018
12.16796875,-11.27641764,4.73787887,-0.30987589,4.73541447,0.98149201,8.75672676,3.38920416,0.91943658
12.17187500,-5.76443011,2.79308682,1.39044325,5.02138906,5.61971206,5.66117135,10.70159671,-5.86329412
12.17578125,-9.56214089,-0.53297423,-0.50588720,6.35584340,6.48959668,3.67068019,10.52709592,-4.47541716
12.17968750,-8.64802730,-4.34734240,11.32817482,6.24370763,9.29180051,3.22023516,4.81624657,-9.02956876
12.18359375,-7.18027976,-5.00923898,7.97306711,9.63416250,5.94137586,0.58645711,-0.63027467,-7.00564041
12.18750000,-10.13078146,-10.57793408,8.69096373,13.03026535,6.91597901,0.08749445,-4.81389042,-9.43261919
12.19140625,-2.49712632,-8.44465900,4.55254793,8.13641374,2.70349478,-7.26249121,-8.96545899,-1.04620352
12.19531250,2.40938743,-5.61398869,7.00470338,6.32313130,-0.36969769,-5.88580692,-9.55613405,-2.29028173
12.19921875,-0.34525294,1.94664278,8.61313246,7.37686664,-5.68175264,-2.44749757,2.42901454,1.60380354
12.20312500,-0.98459054,7.10582462,13.29879899,2.95651501,-13.03279838,-6.94142514,6.31361650,6.90953862
12.20703125,2.85493782,12.68634110,8.40552395,2.90716258,-11.39623288,-7.91581975,7.95051491,7.41243808
12.21093750,2.31799527,10.15361605,9.90385152,1.49116061,-8.14602653,-6.99300913,9.90492629,9.50349931
12.21484375,8.70353164,13.46053335,12.13146726,-4.03368205,-6.79298191,-6.88060696,5.57202374,12.79635674
12.21875000,8.21412429,11.87864553,5.92940938,-3.77175491,-4.63522875,-9.19912064,-2.08761827,7.59832170
12.22265625,11.00866784,3.30822353,9.93327648,-7.69293891,-4.57266100,-10.76515792,-3.16848056,13.22009052
12.22656250,8.78388737,-0.39456090,2.29324230,-6.69166811,-0.49174236,-3.73700441,-11.15151778,3.48890009
12.23046875,9.33866680,-4.48281531,6.39665158,-7.68530134,8.35684408,-9.03088827,-4.63272662,3.95624991
12.23437500,11.52056462,-6.36865677,4.05089254,-9.39255382,8.71468143,-2.96034934,5.51908053,-6.15939102
12.23828125,8.52814177,-9.36783244,3.81845123,-4.08818044,10.08114491,-0.48565698,11.19512299,-4.95975125
12.24218750,8.69734230,-4.88588495,-0.56241570,-5.41222755,7.02511093,-0.50390929,8.96006989,-6.43160943
12.24609375,1.79932372,-4.89661775,-2.61396499,-0.50247256,4.53455027,-2.40788830,9.80469828,-7.60589334
12.25000000,3.27494228,-4.94972845,-3.91098470,2.26058175,-2.26981314,1.28013712,1.01444076,-12.04555840
12.25390625,-2.28603638,2.11647448,-6.23130769,8.16480514,-3.06795489,2.95031584,-5.80638892,-11.23173837
12.25781250,-7.42825781,9.23026281,-4.30271611,3.38103120,-8.30738311,3.78811872,-9.23688511,-10.99147928
12.26171875,-3.64095953,13.39419716,-4.40947339,6.85325098,-6.98319939,4.30364447,-5.10471547,-9.47601182
12.26562500,-13.84823634,7.71141657,-5.19308580,12.77546453,-8.47554509,10.06735839,-1.77000067,-1.25967099
12.26953125,-8.54990424,4.17461243,-7.04762717,6.40955581,-7.70835344,13.80242380,9.12293644,-0.93106489
12.27343750,-9.37091916,-1.24418193,-10.54000838,8.77091015,-2.60074830,12.31114257,10.51941475,5.45489359
12.27734375,-5.89994018,-2.23518270,-10.13274712,7.71783330,-0.65527993,14.32734665,8.51206253,3.75907056
12.28125000,-6.49829192,-9.95056445,-6.23174594,5.39501973,5.89160174,9.89263131,5.14441377,9.14357563
12.28515625,-10.63994491,-9.46293919,-10.17318081,2.61781649,9.17227566,11.99457082,-0.76838593,4.73671697
12.28906250,-7.07914924,-8.91838001,-11.51986469,2.14560807,16.20763352,7.30885853,-6.60301604,2.87567378
12.29296875,-4.82572210,-6.23126232,-9.40680415,-2.06918829,13.58623973,8.33984679,-9.84911973,0.90803794
12.29687500,-2.32075591,-4.81488900,-9.79734880,-7.39860317,6.60727425,5.76015420,-7.76113357,-2.15502105
12.30078125,3.51492113,-2.88269971,-6.15005116,-6.86806280,5.61465892,6.51673905,1.07677241,1.00918903
12.30468750,3.05626636,3.97056569,-5.28241558,-8.98847957,4.36564706,6.91126088,4.59066320,-9.60596536
12.30859375,2.96079179,8.73462201,-8.81525662,-16.13693725,-5.94489951,3.56929287,8.59146262,-12.13827569
12.31250000,6.73757568,9.92571696,-8.03168306,-13.23985727,-7.79320844,2.96675501,3.62525634,-5.38208754
12.31640625,7.28406435,6.23158590,-1.64171536,-8.74878836,-14.79027409,-2.22115096,-1.08107264,-11.29446288
12.32031250,9.36715617,4.28741420,-4.15229903,-9.96982332,-10.43502637,-6.67686139,-4.16658731,-7.94640609
12.32421875,9.15616640,-0.98907592,-4.12517874,-7.12038801,-6.15234096,-9.99124674,-11.14158662,-13.19721190
12.32812500,10.04857938,1.49839871,-2.42071882,-3.50545772,-5.99153407,-3.28519993,-7.85947320,-8.13723993
12.33203125,9.46237692,-8.73438754,1.93092810,1.72962431,0.16558206,-6.72290021,-4.86716857,-5.46546550
12.33593750,6.93942341,-9.71716224,-0.95634583,6.44696116,7.22808655,-10.43950872,5.00402983,0.21472258
12.33984375,3.82711364,-10.92843948,3.42263979,4.90155943,6.99281660,-10.16873429,8.55996260,8.19342452
12.34375000,1.98912682,-9.01670046,4.14104005,9.77431314,9.12335307,-8.37401791,6.18335308,7.01837941
12.34765625,4.32440537,-2.99057867,4.14364097,4.18506201,10.95202358,-9.05837289,1.34582871,8.95428809
12.35156250,-2.51830202,3.59615376,8.47846342,11.83777683,9.04563368,-8.58662470,-8.81333687,8.49493630
12.35546875,-4.38488865,5.39898991,9.39532079,13.51727704,8.50727423,-9.48588222,-5.72883139,6.41781270
12.35937500,-2.29378054,8.31552749,8.03870017,8.78892658,3.46451234,-5.01663265,-10.33931219,5.70829645
12.36328125,-6.87119084,10.02477230,12.36091645,8.94543232,0.43163780,-6.42754051,-9.71754256,5.39672559
12.36718750,-10.54526125,5.38330106,11.24108477,6.73692377,-5.14367815,-4.07901303,-0.90940374,-1.30064166
12.37109375,-7.73088201,4.94639006,7.28454618,4.81108324,-12.71293138,-1.40475076,9.08105977,-2.09338315
12.37500000,-9.95636258,-1.28848428,8.55598339,-1.52105611,-6.21335326,1.30587043,9.93746591,-6.86733825
12.37890625,-8.08446086,-4.41548047,11.01665215,-2.21989740,-7.99373510,-0.07700568,5.44436789,-9.22798668
12.38281250,-3.81594536,-7.94261915,9.39988922,-4.26997571,-6.03141931,1.92260484,-1.25971966,-10.64042690
12.38671875,-11.90124333,-11.99462096,11.10477878,-9.74577585,-2.48276938,2.63482078,-3.20383779,-10.66361360
12.39062500,-3.87115429,-12.20733088,8.00545504,-11.48339468,1.85424319,9.27544741,-9.58813922,-9.75917287
12.39453125,-2.30244025,-7.81673778,9.80209211,-10.23556695,7.05410830,6.50161682,-10.62357336,-4.25623865
12.39843750,-1.46561398,-5.96423766,7.37627245,-10.04982015,5.64192519,10.25720477,1.17979654,-0.26467916
12.40234375,-2.83537899,0.85477240,5.92588673,-11.76877069,12.28505509,12.16959821,6.38633326,1.81071307
12.40625000,3.64689084,8.84235021,4.20359049,-7.72811549,8.85669571,9.28023659,9.49729280,5.81723458
12.41015625,5.57458872,12.28717493,-1.44905522,-0.34398285,4.75240026,4.84758027,10.34547137,10.15726247
12.41406250,6.29049009,8.96080680,1.89062871,0.23120026,1.63231081,10.52750194,3.74059781,9.69054416
12.41796875,9.81811014,1.60264489,-1.61027777,-2.11900724,-2.24639950,9.50706307,-4.26417394,9.04316563
12.42187500,9.38921817,-1.17817994,-7.91703926,4.72220129,-6.25187078,7.59670198,-9.30115998,8.66363209
12.42578125,11.03226539,-2.92544252,-7.52903755,3.78251690,-6.40936180,5.44569680,-10.07861836,7.24983531
12.42968750,8.61038463,-7.04457437,-6.75236465,8.06424085,-6.88313264,3.75498121,-1.43018170,3.41092895
12.43359375,11.25556789,-11.34168466,-11.42599005,9.12052368,-8.67236518,3.17304587,5.25825831,-2.97751978
12.43750000,6.41895652,-10.74522929,-8.52596572,11.19802870,-6.70293965,-3.57784339,8.51296123,-6.71600424
12.44140625,1.69438073,-5.40097863,-5.65084706,9.79335434,-3.73845537,-2.88394330,6.59710243,-9.54853897
12.44531250,0.70855854,-8.08218203,-9.85623406,5.64780709,-0.19753801,-4.63701990,7.54813037,-12.40118478
12.44921875,1.40723869,-4.77630585,-10.07658962,3.51270757,8.50501181,-5.30961014,-0.59243287,-12.74586668
12.45312500,-2.49729294,2.45302104,-8.83711708,2.89610310,11.04014421,-7.86734540,-10.48399882,-13.23611801
12.45703125,-7.19414818,4.19876827,-9.75577582,-3.62312118,13.77735126,-11.68162231,-9.62989463,-10.01716455
12.46093750,-6.12297052,11.61515588,-10.32459882,-3.04394293,8.71169982,-9.96662037,-7.89766006,-6.52327370
12.46484375,-8.27357674,5.28151035,-8.91318829,-6.72668222,8.48041788,-8.30542259,-0.56297270,-4.60511151
12.46875000,-10.48304542,5.02953232,-7.08984159,-5.20027702,6.19854302,-10.85453762,1.46760640,2.05954079
12.47265625,-12.79489980,1.47239428,-9.10372972,-8.88946542,2.49766371,-11.35087653,3.87294214,3.95100749
12.47656250,-9.11718897,-3.12264656,-6.83576726,-8.52493352,-5.39106220,-10.99162467,12.12011552,7.02016897
12.48046875,-12.85953889,-6.58559620,-3.89176474,-12.40438568,-4.25206569,-11.34783437,2.82579947,6.19017300
12.48437500,-11.01942644,-7.40393844,-3.93887762,-9.51342954,-7.79192013,-8.78562448,-4.77696125,8.44388160
12.48828125,-9.63711611,-11.73731115,-3.11089504,-10.63473128,-11.97834007,-8.62950817,-9.56623334,9.45607949
12.49218750,-6.78421113,-12.40590424,2.07449794,-3.66564476,-7.65335066,-8.16927205,-12.74289930,5.70975461
12.49609375,-4.01119142,-7.41624521,1.92301718,-2.63516919,-4.69646307,-6.99002741,-7.00810694,5.38954116
12.50000000,-3.32219120,1.54759277,0.51677415,4.70039165,1.14222788,-2.82516019,-2.75812723,-0.03088235
12.50390625,-0.14899041,3.69766548,7.71531335,0.22991771,5.69730936,-1.03797190,6.52525102,1.65972732
12.50781250,4.39584057,9.57609523,5.50881220,3.48050702,4.92354824,2.85968324,8.72774305,-10.36863386
12.51171875,4.59995962,9.15058823,7.97529219,7.71164581,6.23654670,3.68417685,5.69694679,-9.82558377
12.51562500,8.42410175,6.63795501,6.11983960,7.57828060,10.85377227,5.42313005,1.53034567,-10.28572563
12.51953125,8.05966296,4.06864168,4.91822380,8.22838582,6.57309739,7.80677674,-6.02075773,-3.37758432
12.52343750,9.25864074,0.23796485,10.32132869,9.45652076,0.53446397,9.86684244,-8.45643326,-6.51742997
12.52734375,10.68641801,-4.21092522,9.68490909,8.08500684,2.27963603,5.99122832,-10.75956552,-4.60674938
12.53125000,9.57178475,-2.24794087,6.18429281,6.65189028,-9.20432556,12.33113725,-4.28099159,-1.18353084
12.53515625,8.98432224,-3.38336417,6.28223394,6.97635122,-7.52513342,9.19764399,2.84975422,-1.50542912
12.53906250,7.29795106,-6.33673034,9.14581057,3.36223819,-10.37003532,10.44279619,5.01710200,5.39577789
12.54296875,5.31147770,-3.91850101,15.27234364,1.23036385,-15.90015034,11.26857400,11.55273226,12.64244210
12.54687500,0.25337836,-2.51455065,14.74828301,-4.73427263,-8.74834529,2.68707092,10.00051292,9.92527629
12.55078125,2.44222115,1.93595985,10.13835445,-0.88743244,-7.97997073,2.73647573,-4.02865515,13.55056850
12.55468750,0.92049428,6.76547894,7.84872721,-9.11966237,-4.64023188,3.28466501,-4.42796289,9.57010020
12.55859375,-3.83062134,5.72266442,7.24508223,-4.86462951,1.59963332,3.44435810,-8.87094356,9.99822234
12.56250000,-4.77092163,9.10821701,4.60345816,-4.03608206,4.72216627,1.74704128,-7.73429958,4.44151247
12.56640625,-7.06183589,7.70622518,5.71831654,-8.86753874,5.56204785,-0.50662358,0.35520553,0.98779558
12.57031250,-5.90111793,3.98250909,1.89842556,-8.63872567,7.17781851,-2.83377125,8.01526526,-2.15710715
12.57421875,-11.22466175,0.69478985,3.24173115,-6.31407982,5.66026168,-4.69991665,12.34392703,-1.36884582
12.57812500,-8.58206730,-3.18699152,2.36265892,-7.27593554,4.33496275,-8.11410009,9.04051757,-12.64653519
12.58203125,-6.63577282,-5.09142576,3.32344137,-0.20401080,0.04139760,-4.35821174,4.53394871,-7.21685264
12.58593750,-6.74647646,-11.47585967,4.60239449,1.88153856,-2.94948025,-9.51930006,-5.79663540,-11.08159997
12.58984375,-5.82053476,-9.55186172,-1.16263298,5.26536956,-7.05189169,-8.16528175,-11.23797538,-8.36676230
12.59375000,-5.23209245,-7.38013811,-2.70203142,7.40595250,-8.42385479,-9.51211708,-7.28545713,-5.98932505
12.59765625,0.22607902,-2.08221467,-6.05899821,8.21220637,-8.50880183,-7.77426785,-4.19600951,-2.61823742
12.60156250,-0.53624604,2.69341668,-3.16565272,9.54064745,-8.41632398,-10.81429709,3.10106026,3.23045839
12.60546875,3.91719289,7.32488391,-8.32559869,14.44901281,-8.30699767,-10.25199127,6.28701661,4.22989955
12.60937500,4.53511274,12.01540088,-12.31228054,12.38876452,-0.24322528,-7.78200258,12.95929794,12.53285437
12.61328125,5.15696319,10.37812879,-8.34812677,9.12386316,2.48131570,-8.95872008,7.79438378,8.13276533
12.61718750,8.93333043,8.77254642,-10.70280949,7.15287740,8.96675569,-4.97436070,1.18637798,11.24429180
12.62109375,8.31850455,5.48543489,-11.77071674,3.25336613,6.19928790,-4.28935656,-6.89173315,9.43493481
12.62500000,9.09401239,-0.30892177,-12.10804711,-3.81807596,12.08245727,0.02104510,-11.02068200,8.40240874
12.62890625,9.77259476,-3.46407821,-7.03045897,-7.53885111,11.21477956,-0.45542415,-9.91800761,5.34050848
12.63281250,8.96371248,-8.59093697,-11.54708319,-1.99897502,4.74715690,5.33934679,0.48786174,2.10642093
12.63671875,7.25865939,-10.44489261,-11.95275124,-3.91041176,-0.57595958,7.55122776,5.88260134,-3.19961991
12.64062500,1.47122903,-10.90071190,-9.96999181,-6.45188988,-1.95626597,7.16659644,11.64394780,-8.82357130
12.64453125,3.21761191,-7.11531737,-8.82387934,-10.02142665,-5.07958452,8.79057714,6.67625719,-7.00041888
12.64843750,0.19079655,-0.64292761,-7.26621476,-10.23819945,-13.06041353,8.71232624,3.93534218,-11.07687434
12.65234375,-1.11081230,6.29728495,-6.24195839,-9.88169130,-11.45345775,12.21277256,-7.67222541,-7.59072956
12.65625000,-4.28474203,7.64228971,-2.09033259,-9.87684971,-6.20671161,9.41887392,-9.63759775,-4.07801910
12.66015625,-6.22892950,10.52215798,-0.53727463,-1.62499524,-5.19235152,8.27521922,-11.15741653,-6.01014209
12.66406250,-5.82945038,10.05849712,-1.06967440,-1.55889893,-3.54058413,11.02575267,-2.80556119,-6.49452329
12.66796875,-10.09871908,4.91662854,0.30849092,4.48948563,-2.12446918,8.71748645,4.35306589,1.53870199
12.67187500,-11.87785521,6.04463651,0.65394676,3.82771523,4.23196849,6.41447641,11.32283159,3.16095238
12.67578125,-9.69045949,-1.69057191,-0.56381509,7.33647088,11.35732074,0.96593228,12.34989840,5.87383122
12.67968750,-10.34228386,-3.16565418,6.04150840,6.55368548,10.19065395,5.45292847,8.90933744,10.21998163
12.68359375,-7.37595689,-9.50014204,5.42106282,10.81672975,7.29952469,0.87786227,-2.00495443,12.51580191
12.68750000,-7.24985820,-6.92330346,8.74935816,11.38151012,5.99378202,1.06242194,-10.30272913,12.20510183
12.69140625,-2.17297574,-5.15345415,6.40558747,9.31925717,0.50681108,-0.52478339,-9.94053012,9.84844286
12.69531250,2.75230758,-1.61312356,4.80228515,9.58551189,-0.53176024,-3.43241350,-5.83672382,5.51833938
12.69921875,2.66756226,-0.77665349,10.27531935,5.08571204,-2.31130136,-3.62745803,-0.44786566,0.38037472
12.70312500,3.22327974,1.81726580,10.33392283,4.17663139,-9.92202006,-2.95755528,6.70984731,-0.12775815
12.70703125,6.68963266,8.99540795,10.34311705,-0.31898506,-9.01415105,-7.03400574,13.82096870,-2.40220672
12.71093750,9.08096576,9.57167569,10.13290014,-1.40152407,-10.90536903,-4.36064883,11.04748024,-10.57332702
12.71484375,3.71395218,8.03136061,8.90361144,-0.43238066,-10.55903021,-6.56238197,4.06815151,-5.93533139
12.71875000,11.04112253,8.76258691,9.36231926,-5.27155768,-4.71505931,-6.55963203,-1.31165933,-9.80755139
12.72265625,12.43556039,4.22401817,5.83302586,-5.90137713,-5.53934058,-8.81984422,-3.91491477,-7.24686808
12.72656250,11.34944542,0.51555415,4.34918459,-9.45105514,0.60546952,-5.77253424,-7.54463210,-3.73277498
12.73046875,14.80718917,-4.17119845,2.02853114,-9.58127972,7.95673668,-3.00411745,-2.38447039,-2.62367145
12.73437500,6.41292837,-12.43266522,3.48316106,-8.84745325,8.79750330,-7.58457828,7.42674672,2.06477461
12.73828125,8.27608598,-11.65543617,0.19455809,-8.31938153,8.86972779,-2.66894719,10.49968004,5.93031980
12.74218750,6.81221808,-10.06025110,3.97493499,-5.39549565,5.13843261,-4.56715582,13.42762291,8.24006102
12.74609375,5.31201379,-4.04203597,-4.96755320,-3.13266750,3.83349764,-2.34283893,7.22357249,8.62850988
12.75000000,6.46347138,-0.86562824,-4.42207862,3.14126396,-1.58018829,-0.86911212,-1.00439689,9.67825896
12.75390625,-2.17324033,4.17335180,-3.97702822,2.69433820,-2.89338553,-1.10724910,-2.82642630,5.46696729
12.75781250,-3.63763558,7.37863993,-3.95746873,6.72999300,-8.64103723,4.63970998,-9.25967387,3.80183995
12.76171875,-4.81974938,6.67688245,-8.09537941,9.27137474,-10.12681469,8.47777857,-6.09884948,-0.15940150
12.76562500,-5.05840054,6.32968175,-6.88318880,9.03106013,-5.95888012,11.38283067,-1.38567955,1.76950656
12.76953125,-9.06282063,5.97416123,-5.81811218,9.46901521,-3.98675643,12.09090134,2.45793438,-3.44683162
12.77343750,-8.66542584,2.08114830,-10.65392180,8.24258050,-4.11357891,10.37343971,10.14202862,-8.05236257
12.77734375,-9.79323507,0.12803881,-9.90504558,7.19911775,2.74985132,11.19329431,6.75784877,-9.85727570
12.78125000,-7.74540014,-9.92291585,-9.99620947,5.68681350,5.38508331,8.39236621,4.58425159,-8.78394156
12.78515625,-7.17182138,-7.57937342,-10.96878069,-2.28886565,9.98168590,9.73355536,-5.72953954,-14.38724785
12.78906250,-11.49211489,-10.62490806,-9.57195053,0.02046659,13.37574973,6.72909715,-8.00576217,-11.49901467
12.79296875,-8.16095170,-6.49324786,-11.49645048,-0.12403622,11.63650824,10.84931797,-9.39097936,-8.92783664
12.79687500,-8.18370072,-3.98498328,-7.68575210,-5.91419534,11.51448041,6.01397614,-3.24872615,-7.17462244
12.80078125,-0.55462789,0.14135852,-10.93600820,-6.75905114,6.71847809,3.83156169,1.40334236,-1.23762635
12.80468750,1.62890753,-0.33756551,-5.74140943,-9.32089193,1.83864992,0.49018023,4.27537458,4.12251760
12.80859375,2.40506159,4.32856372,-11.75142867,-11.27521254,-1.80797909,1.38630950,9.23810811,8.17743244
12.81250000,5.80720756,8.99322266,-5.11219862,-14.81290716,-5.06726893,-0.75915351,5.07240841,9.56192664
12.81640625,6.26986301,10.00177911,-1.63407141,-13.27352820,-6.71520437,-1.81200778,3.35866436,9.32428467
12.82031250,9.42845297,4.81584043,-8.12929389,-8.02040789,-11.04614144,-5.01970880,-8.89794952,8.78435527
12.82421875,9.69140129,5.92420515,-1.97598444,-5.90682455,-6.85155134,-3.26643945,-8.27102172,6.66706154
12.82812500,10.98256952,-3.54154720,-0.37834073,-3.88996672,-8.56770418,-8.13041344,-11.37963250,4.74958288
12.83203125,5.24978153,-12.21854677,0.44525208,-1.94800242,-1.68821321,-7.14363868,-0.78574273,2.52996383
12.83593750,10.55881824,-9.15660106,0.89252266,2.16136569,2.72689825,-9.98389485,4.92055860,-3.74060141
12.83984375,5.69303319,-14.34492640,6.42949450,2.85025812,7.50550146,-8.46417991,12.00801338,-9.52269825
12.84375000,4.34692939,-7.07989627,2.51471454,5.09723928,7.56810205,-11.09731759,7.16582088,-9.45727483
12.84765625,2.27340506,-1.09205159,3.98601858,10.73981272,10.46059244,-8.58363916,3.32376395,-8.43817027
12.85156250,-3.87775358,5.00628432,5.61137101,5.06759250,8.12983550,-11.49728936,-7.22633612,-12.19369250
12.85546875,-2.67290927,4.48782037,6.33024221,13.87887831,5.25094506,-5.52757926,-11.69408305,-8.13807627
12.85937500,-5.21055075,8.40485079,7.38710863,12.62039788,2.76619393,-9.49945451,-10.62314647,-2.48231489
12.86328125,-7.22005954,10.80761452,10.50529517,8.57348917,-3.27965594,-4.88319312,-6.22573011,-2.78311893
12.86718750,-7.74664363,10.75412202,10.75599276,7.09288776,-6.85254792,-4.17924486,3.61993363,3.90923834
12.87109375,-8.99057226,5.35871940,8.89171036,4.85551039,-13.57692818,-0.20329748,9.39661201,2.01341793
12.87500000,-10.19526228,0.63019678,5.69728657,1.16289712,-7.64429677,-1.67480558,6.07426641,7.51524612
12.87890625,-11.08893073,-6.91421055,11.44804513,-1.13210636,-9.37808798,2.78050966,5.92530619,8.00101232
12.88281250,-10.25731329,-11.01394006,5.87336206,-3.14001364,-3.50780033,1.96717963,2.17585562,8.53312363
12.88671875,-4.35354004,-7.72211855,7.18790168,-6.12351378,-0.48668924,6.17418829,-8.29872122,7.87932863
12.89062500,-5.23531303,-9.18839525,11.11150541,-12.46935071,1.85680326,6.08143138,-12.09025757,3.89406685
12.89453125,-3.12610115,-8.29812365,10.00926570,-10.86387581,9.92654913,9.24447375,-9.81714549,5.06141730
12.89843750,-1.47078464,-2.19469201,13.16381106,-8.90882232,6.84191825,8.27087559,-1.92340296,0.63869160
12.90234375,0.60419673,1.33600107,6.14112825,-4.78169438,8.98501103,10.23995094,-1.66817169,-2.47829141
12.90625000,1.67731546,7.51148965,3.02453755,-10.17124400,9.55693416,10.13534418,7.35196187,-7.42380576
12.91015625,4.66598686,8.77372145,4.18315242,-1.60400094,9.09993436,9.98484262,7.46876175,-11.03775470
12.91406250,6.64105209,9.77948997,1.14290081,-0.72258772,3.74848657,10.74427602,7.65788723,-8.13037210
12.91796875,7.24348628,10.66962445,-6.09039425,1.48931533,1.40444780,7.44547863,-1.66722473,-13.50645741
12.92187500,9.44770356,6.23652391,-4.99843550,9.64270682,-2.78529992,6.16039241,-4.11058349,-9.87255143
12.92578125,8.65655648,-3.56430561,-4.66291127,4.94331332,-8.77250145,3.78999138,-7.64136391,-6.40703233
12.92968750,11.93131589,-7.64790093,-3.53275576,6.63971987,-11.32352634,5.16012291,-7.50207571,-7.05702435
12.93359375,7.02969692,-6.67091436,-6.31019514,11.02181406,-6.51605994,2.84728777,2.73523086,-0.01026690
12.93750000,6.51047036,-11.27119981,-5.72851300,9.19445990,-7.16914961,2.90024899,1.70433823,5.95498293
12.94140625,6.08783085,-11.92958961,-12.48352068,9.55767589,-1.58664260,-2.62300783,13.00986555,5.45645393
12.94531250,5.45415016,-7.20120894,-7.72860327,6.43934921,3.29267021,1.29983198,4.71136443,8.85920432
12.94921875,-3.03647101,-0.06477894,-9.62785628,7.34235525,5.74180520,-4.90449810,2.16871871,7.66255655
12.95312500,-0.06049521,0.53399482,-8.14960417,2.44114954,6.62735332,-7.75196866,-6.60029583,9.27561035
12.95703125,-7.92491904,0.97858554,-9.94165367,-0.64582350,10.67382144,-8.22792155,-14.77047176,7.23964033
12.96093750,-7.96270390,10.81244767,-9.64594621,-1.82650091,12.65034791,-8.84800080,-13.15467111,1.98032568
12.96484375,-9.67288123,3.06759777,-4.91540536,-8.61007927,10.48103823,-9.32342332,-5.22041549,-3.59713095
12.96875000,-8.33322051,1.49889280,-6.95234525,-8.89481505,6.09751899,-12.29218030,4.36068700,-4.09780646
12.97265625,-13.37789597,2.91965052,-3.49318925,-8.15508321,1.52530510,-9.13411798,4.27414584,-7.10512579
12.97656250,-11.94445530,-1.42582511,-3.88272842,-9.48475073,-6.84552774,-12.02314312,5.79416097,-12.62300115
12.98046875,-11.99702521,-7.63265348,-4.43269579,-8.84436990,-4.56915218,-8.24677335,1.26879155,-10.77401958
12.98437500,-11.26655387,-11.42223036,-2.37887755,-10.55591401,-6.32798273,-10.16651493,-4.62142466,-12.15909197
12.98828125,-8.28961926,-11.42302731,0.06743331,-9.34176984,-6.74801335,-6.34633615,-9.45471884,-5.46109467
12.99218750,-6.30379782,-8.07598860,0.18555987,-2.41252244,-6.77944424,-5.84380218,-12.47924588,-5.22894934
12.99609375,-2.90676828,-1.77354144,3.77718128,-6.58596905,-4.80790380,-0.15853464,-10.30605816,-1.98077856
13.00000000,-3.92659032,2.19282737,2.15976270,1.76579972,-1.10105796,-4.98472683,-0.64781503,2.34278209
13.00390625,-0.46818304,6.60269211,3.38046278,3.48219814,2.57555647,-1.71397075,2.90956153,4.79617197
13.00781250,0.96631088,6.37416574,4.49942157,7.93623636,0.61631517,0.75594318,7.69109845,8.56519841
13.01171875,4.24580351,14.52588125,9.00812358,9.50646328,6.24879018,2.04759511,6.55767631,12.37847969
13.01562500,6.02451586,11.57809632,9.94996337,8.14080884,10.89437026,3.65778057,1.48310627,10.75430167
13.01953125,4.67267408,12.70380483,6.65461299,11.65051490,3.11088564,2.11932527,-2.61333541,9.43125968
13.02343750,11.72018198,7.12027001,8.81381148,10.86977605,2.71579569,5.24069358,-7.03874508,8.96375175
13.02734375,9.89661664,-1.07068966,10.62444873,12.73384028,1.73223296,6.48157164,-11.76091802,10.19180159
13.03125000,10.21608769,-5.28943056,7.84259313,6.17931514,-2.49049206,10.77856000,-5.14102277,3.61689475
13.03515625,6.91249456,-9.90470748,9.73031235,0.96305541,-12.70146302,11.06667871,6.56965555,3.23619328
13.03906250,7.11049897,-6.49801847,9.18231490,4.62193869,-13.71336825,6.73626674,5.34320763,-4.84446801
13.04296875,5.18987912,-3.58064925,9.38082713,1.39874471,-12.26838828,12.24053659,8.56076916,-6.95528245
13.04687500,3.64664470,-3.01042912,12.96494508,-5.73930129,-9.19978106,6.51682596,8.86473704,-6.53678794
13.05078125,-0.34617271,2.89960698,12.51831718,-3.20478356,-1.87574799,3.30030547,-0.01959799,-7.55917091
13.05468750,-5.08501479,5.83211843,10.48443060,-2.94572579,-3.34763189,8.03245956,-6.60972265,-9.25003522
13.05859375,-2.76742253,11.31752909,11.33422878,-10.39452485,1.36176748,4.83502871,-8.06326033,-5.62443845
13.06250000,-3.11755607,9.92511239,7.07742073,-9.23213703,3.51936262,-0.07947732,-2.13582253,-3.03134110
13.06640625,-7.50373609,8.75139477,7.99664712,-4.20632947,5.08930789,3.49552862,0.05894430,-0.57556527
13.07031250,-7.19456425,6.36035152,5.92224054,-2.51598775,7.45236654,-0.14123166,8.22742775,5.99225246
13.07421875,-11.37779675,1.74037514,3.55946631,-5.34173061,7.24847499,-3.32410059,10.25214495,7.96641727
13.07812500,-8.50416137,-5.08450311,2.44695314,-2.66101668,9.33046768,-8.02641176,7.05934114,9.60042030
13.08203125,-3.93731014,-7.23603181,3.08798682,-3.10614875,1.34113735,-10.87464446,1.60469947,10.02645609
13.08593750,-10.68660330,-9.61268015,0.34372985,3.34223406,-2.07307343,-11.01808635,-3.69699132,11.17690752
13.08984375,-5.43386080,-7.86358498,-2.07629215,5.79771010,-8.36588830,-10.97003635,-6.76651556,6.80086122
13.09375000,-0.07425779,-3.47631579,-6.51533317,9.72654133,-3.51173190,-10.27588709,-11.61697961,6.06103839
13.09765625,2.85088427,-4.60651757,-1.24356829,15.30143032,-9.72348543,-8.33558309,-2.77491528,3.26033180
13.10156250,5.22289488,2.63116629,-5.38207090,9.60262911,-7.11445559,-9.99966087,1.35213169,2.24606253
13.10546875,0.79606479,7.49833867,-7.64399233,6.93639625,-4.96601626,-7.08102659,8.38908315,-7.31642899
13.10937500,4.76039063,9.90097706,-5.76039647,9.71649017,-1.59283182,-8.27897827,13.67264333,-5.83239724
13.11328125,5.43627286,13.15486608,-12.84273739,7.16678359,0.00847183,-5.17979630,4.57735426,-9.28525059
13.11718750,7.73077573,8.58265661,-7.45999626,6.54753108,3.12663810,-5.70901638,2.13319366,-10.02622358
13.12109375,11.26787515,2.73278737,-8.21907908,1.40000639,6.94516975,-0.83693648,-9.59473478,-8.38630569
13.12500000,12.63384977,2.91938124,-10.47778621,-0.61363553,10.28019958,-1.13200916,-6.02347756,-3.03831839
13.12890625,11.12109635,-6.17486578,-4.72569705,-2.88852663,10.85898360,3.08612573,-9.00273550,-4.44918946
13.13281250,8.61274331,-8.01034490,-9.97087977,-5.98579195,5.57947920,5.83542671,-2.08549026,2.14533003
13.13671875,5.99274092,-10.05454956,-8.81052499,-11.61497932,1.99783493,5.18892824,7.95059170,5.07857018
13.14062500,3.80084406,-3.53986818,-3.13144800,-11.13075894,-3.28825912,9.88846601,8.77869416,6.48138825
13.14453125,3.48433698,-5.69717172,-6.94536486,-11.04585888,-5.63262565,7.26077026,7.24300886,7.83472052
13.14843750,2.80275976,-2.76292607,-7.43702686,-10.13357301,-8.08986385,8.62219025,-1.10406253,11.20001014
13.15234375,0.55504799,5.19486546,-7.63204447,-10.98737738,-9.31320668,12.75304524,-5.45920817,12.74165116
13.15625000,-1.84522250,7.65100194,0.33728748,-4.21038353,-9.29173911,9.41778098,-9.06430550,6.10046489
13.16015625,-4.54197757,11.30360790,-0.94575467,-0.49566807,-5.45330536,9.78176288,-9.62601179,-0.76737976
13.16406250,-2.98312898,9.01058282,2.20435807,-3.89859997,-6.77296798,6.83144071,-6.17810602,2.05271315
13.16796875,-8.25983986,7.85717832,1.01299387,0.91754698,0.37335611,9.80275936,2.56008075,0.47398162
13.17187500,-7.56969364,7.05893211,2.21299010,3.95462668,2.90565350,5.31144296,9.26266242,-1.95170714
13.17578125,-5.66507048,1.49333151,1.59996427,7.11462193,6.96205618,4.77558044,8.18677595,-5.43266457
13.17968750,-9.60161887,-7.81030444,5.92045632,12.83841340,8.54360048,4.21488972,6.76793009,-9.37572153
13.18359375,-9.75842076,-7.37632210,6.74370788,8.89617453,10.10292587,1.79062336,-0.79109673,-7.58985022
13.18750000,-7.57977352,-8.14243275,7.60452847,6.90184220,6.71847328,2.18414133,-2.99488807,-6.99390088
13.19140625,-0.28055233,-9.07575995,9.39854602,10.00735293,0.49826192,-1.34116509,-7.70378250,-8.28029758
13.19531250,-2.58662926,-6.11189233,8.02057900,7.06765247,-4.51186545,-8.67399112,-11.70173057,-4.22575271
13.19921875,2.53952101,-0.94633046,9.89254142,9.42506501,-6.22662312,-7.09704793,-1.88011418,-0.34107087
13.20312500,4.03650987,4.97067385,12.27992141,2.88007086,-8.29775392,-6.27484952,7.15667159,1.85714713
13.20703125,6.71445446,8.91366641,10.43921923,7.85556039,-13.04066998,-9.31696654,12.87555765,8.29353663
13.21093750,4.17854401,12.59643391,7.96754047,5.27201699,-11.04674417,-8.16344178,9.05188498,8.81022725
13.21484375,10.82179383,11.73626736,7.57669611,-2.53173324,-11.18435142,-6.65462734,5.54706979,11.98095074
13.21875000,12.13899444,3.75755672,8.61852018,-6.45668130,-3.82877482,-7.30816229,-3.74637252,11.95118201
13.22265625,14.18713418,2.86641534,6.67538640,-9.32401906,-4.89778288,-7.20483444,-7.21186743,14.09002581
13.22656250,10.80926675,-0.17359425,6.66268694,-9.19617553,0.31835412,-10.74983999,-8.31468436,2.13251349
13.23046875,10.29911674,-7.18785764,3.78398317,-11.09819550,5.98675795,-9.08555738,-4.94235600,4.08470846
13.23437500,11.72577766,-7.18254455,1.56485367,-4.58442234,7.57943392,-4.77995306,1.33965262,-4.04266047
13.23828125,8.94990055,-10.21519697,3.97716996,-1.48337084,9.69279804,1.84114916,7.78585336,-5.73096968
13.24218750,5.70518607,-4.05262438,-0.20610237,-5.78558578,8.32779799,0.89403315,14.44023219,-7.36282024
13.24609375,3.42049467,-2.51290492,-3.07224244,-2.50465518,4.82328746,-0.73408725,6.29738511,-11.92550655
13.25000000,2.57441100,-1.00251508,-3.43792740,0.99589528,-0.85908072,-1.52629631,2.53010015,-12.94372435
13.25390625,-1.00992097,6.30479149,-3.10888327,1.63839653,-5.68862572,4.61766874,-3.66129186,-14.82844801
13.25781250,-6.39641039,9.99020891,-6.58900036,3.98037920,-10.88707158,5.15295680,-9.11884239,-8.53099657
13.26171875,-8.30391054,3.86006223,-6.14132079,9.27528742,-10.56038885,8.42338137,-4.39668268,-6.78227296
13.26562500,-8.46507435,6.00705000,-7.33729323,8.33411877,-3.72825395,8.18318323,-0.55301239,0.40335426
13.26953125,-11.02834826,4.81447947,-11.82429341,9.12655886,-3.97041052,11.32125683,1.95275813,0.32655142
13.27343750,-4.11273684,1.08232530,-9.59580938,7.13906436,-1.66024653,10.52271156,9.63398795,0.10534030
13.27734375,-12.50927825,-2.48151130,-7.48810571,7.25634906,1.54431146,11.05060626,5.17212989,6.86539125
13.28125000,-12.29807073,-7.63141488,-8.74019692,3.30313110,6.64603163,11.84460716,6.38176847,7.87781765
13.28515625,-7.14031325,-8.33283388,-8.30920878,4.44187830,11.11541494,11.83309874,-4.40825657,10.94048013
13.28906250,-8.47777597,-8.80548150,-10.91419752,-0.59163294,13.60372794,9.31636654,-8.00158632,3.99583877
13.29296875,-5.60587537,-5.17101856,-8.73259103,-6.40987294,10.80112941,8.89005844,-10.67154190,4.93838707
13.29687500,-6.28059648,-3.96798469,-4.82515040,-8.83105822,10.39519189,5.68376287,-9.94438944,2.44975992
13.30078125,-3.23797894,3.51054646,-8.14215145,-7.16730919,7.65155033,8.04003425,-1.72733506,-4.12220675
13.30468750,5.62142786,0.31167816,-6.64618610,-14.92959169,8.06821895,5.83248303,8.45321434,-3.98259721
13.30859375,3.70733545,9.34540854,-7.23458834,-10.00432581,-3.29466959,0.65343691,11.46860007,-7.39182536
13.31250000,1.49596187,7.84686549,-5.69155429,-12.06504234,-1.27361948,-0.82354470,6.06569238,-8.26890728
13.31640625,5.81332984,6.18228468,-6.88917637,-8.81957782,-8.54859294,-3.51485679,2.80978512,-7.68003124
13.32031250,10.73466282,6.04073498,-4.94034000,-10.47438319,-12.09371865,-2.83673274,-7.20378131,-11.59421824
13.32421875,9.04746217,-0.92472897,-7.34940262,-5.20182087,-5.74655670,-0.45928287,-10.23915921,-7.96608621
13.32812500,10.12017371,-2.85908724,-6.54437523,-4.14881596,-4.51966976,-8.39105660,-8.03620888,-3.93726671
13.33203125,8.80353285,-8.77885707,-1.50093726,-2.91876822,2.77884028,-8.17226224,-3.16526595,-3.62781660
13.33593750,9.26617519,-6.01145784,-0.51244172,2.01722741,2.12544940,-8.81755213,2.64595112,0.60108593
13.33984375,3.05850576,-8.79745586,-2.12506569,3.03026261,8.33257105,-6.27477099,8.79253864,5.34869128
13.34375000,5.94636286,-9.72526336,3.60101573,7.40594414,11.91315501,-10.61130923,6.87592606,6.23059672
13.34765625,0.91073354,-2.42258183,4.13692493,11.01334887,11.20322250,-10.51793922,6.52991721,5.85854983
13.35156250,-1.19934785,5.23686755,3.30905966,7.71407622,7.84781363,-9.32201839,0.22911524,8.86979798
13.35546875,-1.98746179,4.96564974,10.51267342,7.46392092,8.39678701,-2.56590783,-9.95530285,8.95019256
13.35937500,-4.16345069,8.13212197,10.12878943,7.79617615,0.78739758,-6.48054465,-5.04085292,2.43050325
13.36328125,-2.94021205,9.47934005,11.05865573,8.21693509,-1.11074698,-6.27890040,-6.84633475,3.31470045
13.36718750,-8.69673022,7.77719206,5.05152982,8.79046663,-5.89190247,-2.95861970,-0.87172451,-2.20934381
13.37109375,-9.12735214,4.76482744,7.89376459,4.64991986,-11.56254727,-3.23959732,6.75965811,-2.61569402
13.37500000,-6.04659883,-2.33800823,8.10417767,0.99547305,-8.96846452,1.75043760,13.30926367,-7.40150805
13.37890625,-8.94638845,-4.60813554,13.02771475,-2.84411794,-9.08283436,4.36759739,7.26173214,-10.16595411
13.38281250,-8.20769395,-6.31489502,8.82727556,-8.76052694,-3.96134815,4.16990953,0.81870465,-9.00541082
13.38671875,-10.30577544,-10.06978190,10.88657137,-4.92015732,-1.61735235,7.06372977,-5.48804427,-10.93479379
13.39062500,-8.21277815,-10.37792186,5.39152459,-12.30512191,2.80616024,6.56029956,-10.87798586,-7.76317126
13.39453125,-8.53408401,-6.65332640,8.07422292,-10.45658914,2.34154277,6.79569954,-11.01600554,-9.19533410
13.39843750,-1.57480199,-4.51064158,6.85772069,-8.78218936,11.61591088,7.90644276,-0.51150676,-2.13461199
13.40234375,3.46616098,5.43102504,5.07992956,-11.90580610,7.55628206,12.47032003,1.93858635,3.37991956
13.40625000,2.96547685,5.90447324,1.42906922,-8.37892869,10.76681843,9.30312450,8.01444916,4.26790141
13.41015625,5.43423717,6.53179469,-0.47658320,-0.77919676,4.78056710,8.36903617,13.37141915,5.82262437
13.41406250,5.96136285,8.90424095,-0.68399518,-6.12769592,4.88570896,5.47202047,3.19056626,9.45253454
13.41796875,7.22672432,7.56052066,0.53253711,-3.46754264,0.07399844,8.18250719,0.73982897,8.57583616
13.42187500,7.54592047,-0.42083116,-2.99489844,1.97864883,-5.17189702,8.65788122,-6.79155089,8.83433888
13.42578125,8.67673453,-3.13840599,-4.23681795,6.39976639,-6.57412073,5.71602818,-6.83656705,2.20097059
13.42968750,7.92301332,-8.91445457,-6.15070342,10.42008697,-9.89347422,2.88199067,-3.62899251,3.48918921
13.43359375,8.78919244,-12.32596275,-5.90011261,6.79855755,-6.41746751,-1.49604572,5.38041818,-1.18978432
13.43750000,5.17622072,-10.15004402,-6.31007912,12.06974897,-8.92788546,3.04585111,5.34416895,-5.48515545
13.44140625,6.84602713,-10.87424873,-7.38094835,12.46814927,-0.59228376,1.27519352,8.37886137,-4.53562359
13.44531250,3.59297558,-4.26338421,-10.45890978,8.23384699,2.87169019,-1.97255728,6.10024703,-15.08283974
13.44921875,2.44861589,-3.71928107,-11.48781005,4.23213478,5.56339668,-3.23000895,-2.40478240,-10.62383647
13.45312500,-2.27128187,2.71435832,-8.39800476,1.72910754,10.03139825,-9.08509700,-3.24151900,-12.04347660
13.45703125,-4.44794622,7.51330908,-11.96866278,-2.49700045,7.85412475,-8.52313093,-12.32505063,-9.20853769
13.46093750,-8.69618301,10.21465206,-6.66545101,-6.08660550,8.40042813,-9.03430070,-10.27175305,-5.52083410
13.46484375,-10.02642334,5.60226241,-9.10268344,-8.21928791,11.17496218,-9.90697152,-2.79151739,-6.08555642
13.46875000,-11.98424701,5.74674078,-6.62985865,-6.65512146,4.79380575,-9.26443068,3.99667255,1.11274093
13.47265625,-13.92071156,0.97434449,-7.89306918,-12.40565103,-2.92368471,-12.72876462,7.87908375,3.73830081
13.47656250,-15.17512129,-3.09512794,-7.47637139,-11.76236128,-1.62930009,-11.47681400,6.97789005,7.38287744
13.48046875,-9.78394547,-11.42892712,-1.56030629,-9.51309850,-6.44491078,-9.83761939,3.91189653,9.30447125
13.48437500,-8.42935440,-9.26391097,-3.25083673,-9.93770089,-6.20309287,-7.85491354,-4.10632381,11.68285355
13.48828125,-5.14940878,-18.28660637,-1.10358012,-8.07548434,-8.05410711,-7.27072142,-9.89419215,10.67658421
13.49218750,-1.61996769,-8.35467718,-1.19053054,-7.99267099,-8.96118700,-7.90409706,-13.69002912,12.93705907
13.49609375,-1.40776125,-4.80860446,-0.21832614,-1.34051074,-0.54679578,-4.50842183,-9.02237753,4.40352690
13.50000000,-2.81514357,-2.58533015,6.53722497,0.70830913,-1.74529402,-4.16434342,-3.74110209,-2.99907775
13.50390625,-0.50540466,-0.80902406,4.17258767,3.51058497,5.70887124,1.73619418,6.53111128,-4.94121184
13.50781250,4.28344277,8.63762866,9.05612956,1.37848218,5.45150209,-2.08725491,9.73787607,-4.99996293
13.51171875,6.76896909,9.45291529,8.50284311,7.02439657,5.84244070,0.81410981,6.00637492,-6.67094978
13.51562500,7.56292315,10.98488747,4.94315883,9.90892873,10.31325537,4.42068098,1.04995745,-5.77217370
13.51953125,11.88707183,7.15007729,7.71569568,12.97939440,8.60739118,2.10256819,-6.00971418,-8.98587009
13.52343750,12.91267617,4.77852399,7.38875870,6.62814141,2.42913337,9.15173850,-10.21929476,-6.24700182
13.52734375,8.79097031,-3.27560108,9.63704707,11.61384674,1.07262509,11.69604489,-7.91480321,-2.97475346
13.53125000,9.67159812,-4.24632147,8.60054053,9.01264572,-4.54189109,11.28079520,-3.98254613,-0.38403628
13.53515625,5.52254140,-9.09409640,7.92862086,3.32108131,-9.82138522,9.88423417,8.86433817,-0.42655208
13.53906250,6.19011653,-10.56602675,10.16354529,6.05799346,-12.19617445,6.72588532,8.58961547,8.39758121
13.54296875,1.48880700,-7.85828128,7.01100295,2.02891625,-12.91674588,9.39797504,7.71627711,13.13600945
13.54687500,3.71118247,-3.27499979,7.61120440,-2.84649151,-10.74360549,5.83922996,4.83142701,7.93465943
13.55078125,-2.01010166,1.99076262,9.26182441,-2.63794424,-7.61662728,6.26903867,-1.73383449,11.55700598
13.55468750,-2.93543913,4.48051012,8.34626902,-7.72025724,-2.63334529,4.60282525,-5.78977145,2.37519442
13.55859375,-3.36461971,7.31214070,11.21176380,-8.47221401,4.83392051,6.50014927,-8.73915399,7.50866198
13.56250000,-1.43252006,8.06284495,6.64077692,-9.67999035,4.44326717,3.65046300,-3.57586583,7.66456909
13.56640625,-8.43545754,7.85353543,3.17401721,-6.25679817,9.48430363,-1.36803636,0.50189479,1.60059452
13.57031250,-4.78853153,5.05720678,4.95931857,-7.90258135,12.57763235,-0.72053152,6.97445906,-2.83085419
13.57421875,-10.28065091,2.22801025,-2.10761182,-8.64080213,8.52894275,-5.63919610,6.42961706,-6.54826107
13.57812500,-5.67138833,-4.76082197,-1.79808619,-3.75481945,4.20955964,-5.35871466,10.35332884,-8.27053321
13.58203125,-5.92465398,-3.80088163,1.32098186,-0.18123682,-1.10222477,-8.27578326,5.15311784,-7.33862704
13.58593750,-7.14990729,-9.07060854,1.08319821,1.21502910,-2.82893717,-9.36215911,-3.94118388,-9.66929015
13.58984375,-5.54329766,-10.36119756,-4.26730987,3.51530921,-6.98947618,-9.91579556,-7.04433230,-6.97064040
13.59375000,-0.82483154,-8.57697215,-1.84959676,3.42860418,-7.68455330,-4.57898083,-8.63928657,-7.14888351
13.59765625,-2.10478289,1.07131091,-4.97078986,8.99632202,-9.52356833,-11.47132742,-1.96022469,-3.73527095
13.60156250,-1.51272810,-0.40657732,-6.02562224,9.69417863,-8.45932777,-12.80791519,-0.05340998,1.40765099
13.60546875,2.68854665,5.92103916,-5.45133711,6.32813605,-4.24317923,-5.78158153,11.16680046,5.65569739
13.60937500,5.22187728,5.94244887,-7.89126539,13.56354129,-5.96329427,-5.00381052,10.89795964,5.00965320
13.61328125,10.27206510,13.28160592,-10.99917958,6.18630025,2.36452413,-7.59614152,8.85654486,10.88781235
13.61718750,8.27280600,6.24170820,-7.86559672,4.43949521,7.61241667,-5.45586140,-0.95868160,8.00432009
13.62109375,8.23938482,6.27484628,-7.98096658,3.24748519,6.91124368,-1.84969238,-3.89589718,6.69584871
13.62500000,6.06611481,3.54262167,-11.92232655,5.25117565,10.82058880,-1.16581231,-9.33875831,9.89741274
13.62890625,4.28579966,-3.48282740,-8.51816404,-6.45757905,8.26426929,3.99732182,-9.30168897,5.91908020
13.63281250,9.17156533,-9.90091746,-11.38202565,-6.00633881,7.18887220,4.90788441,-2.22532516,-2.16898694
13.63671875,5.71722649,-8.40077973,-8.68068404,-7.08657989,2.29904466,7.04714270,6.39255235,-4.25875860
13.64062500,3.88488659,-6.75922475,-7.77405789,-7.78782140,-6.02186985,6.96601329,12.83806767,-9.73638601
13.64453125,4.11362772,-3.90070201,-6.29651620,-10.59298642,-6.88839639,5.38868068,6.20327428,-6.45149146
13.64843750,1.12321498,1.10742418,-5.40764025,-8.84629190,-5.55324873,8.38955114,-0.68808085,-12.19671032
13.65234375,-1.69050198,3.65781946,-4.09856972,-7.43596218,-6.68673583,11.68824236,-4.57024103,-9.70158853
13.65625000,-3.26203350,7.47883605,-3.28102288,-11.29450224,-8.92706876,9.31613007,-7.20956713,-12.83689513
13.66015625,-4.89203196,6.61475895,-0.31420415,-4.55579908,-9.25459930,10.09082316,-6.52065240,-1.38385275
13.66406250,-6.10934688,8.54217238,0.81560786,-0.99711672,-4.54188351,4.93687118,-3.52335242,-0.30998891
13.66796875,-7.23316817,6.85299156,3.85539338,0.05734242,-1.11595335,7.57925374,5.53321404,1.60156375
13.67187500,-10.03951539,2.64246782,1.31189961,4.64891694,4.23557562,10.53448251,5.38287570,7.94185182
13.67578125,-11.62260665,1.02128900,0.95779735,6.64424305,8.19944042,8.72135536,6.32174339,9.44342807
13.67968750,-8.50355858,-3.75536823,6.27994526,9.56390949,6.14340375,6.24433689,8.50737792,8.49803807
13.68359375,-5.74797331,-6.44281763,5.95002813,9.76512266,7.99172451,3.06537256,-0.30349756,10.78958966
13.68750000,-3.95790485,-8.82577007,9.82729301,10.89725210,7.69330313,-0.86591962,-5.75508654,7.03091840
13.69140625,-5.49020055,-8.76979841,9.38919144,8.11546570,6.17177938,-3.87712821,-6.38506849,11.17472377
13.69531250,-0.42402129,-6.23014291,9.58173624,5.76421182,-1.47110724,-3.83822121,-5.61997995,5.96493216
13.69921875,1.83542867,-2.93196929,13.25508713,7.77460193,-11.31991118,-7.67461111,-0.15293087,2.16840972
13.70312500,1.80212337,4.44677101,8.62728767,3.28751404,-10.86095038,-7.60104603,7.00735626,1.10017960
13.70703125,4.91447819,6.16112149,7.48396243,4.07483683,-13.53252767,-11.28071212,9.65517415,-3.92246771
13.71093750,4.32681537,8.42685102,8.62110613,0.72068133,-13.64373839,-6.46182981,8.36464500,-9.82467607
13.71484375,10.30827316,11.01072322,8.68314029,1.86198459,-12.54537948,-9.49879526,3.37915070,-5.98449162
13.71875000,12.58968861,7.83930264,5.61948598,-7.21375692,-6.99828365,-8.89318879,-2.70233327,-8.03066690
13.72265625,11.46785606,6.89484506,8.28128382,-7.83479621,-0.17421238,-6.94728618,-3.93761215,-8.85265344
13.72656250,12.11921778,-2.57684323,3.99198811,-7.32409476,1.87951714,-5.80030239,-9.22523293,-4.36937010
13.73046875,7.13112604,-4.91307700,7.33053408,-10.92808089,7.15023078,-6.26804426,-1.70806762,-2.15030064
13.73437500,7.06929655,-9.53830839,2.87719625,-7.65088473,9.14840983,-3.61146506,4.85970343,2.48699907
13.73828125,10.66314768,-8.55046357,0.93162042,-4.39176521,8.01489716,-2.89974743,11.21868978,5.03666296
13.74218750,6.27540635,-9.66029965,0.61807388,-7.29559107,5.96764412,-5.21128132,10.21003297,9.59827397
13.74609375,4.70603022,-1.89911379,0.91233415,-4.25317568,4.74468098,-2.84137844,10.05509123,11.64065944
13.75000000,-0.63788601,0.93511465,-3.15393003,-1.35790822,1.55138458,2.18392392,0.27411248,7.30537449
13.75390625,0.77022633,0.44326844,-7.92296224,1.76146345,-7.43657730,8.54700857,-6.75743256,9.39544330
13.75781250,-2.48762290,8.12268638,-5.87501171,2.57100696,-5.30396616,3.57802950,-9.52274431,5.98658402
13.76171875,-0.72284366,6.88733427,-8.72468620,5.63988236,-11.25807591,11.32645075,-8.56327351,4.53050778
13.76562500,-9.36563032,5.76738884,-7.33126187,13.38560339,-8.73621480,11.15288372,-1.93985491,-3.41384369
13.76953125,-8.05313588,-0.39436419,-8.03593029,8.51616329,-8.08869139,14.35321987,2.60728829,-2.36793356
13.77343750,-9.23733378,0.50868542,-8.49005527,6.47320577,-3.61813909,10.13823799,8.83398439,-7.30023746
13.77734375,-4.39588138,-4.03363067,-7.17587959,9.11801426,1.71299747,11.56269722,6.94253284,-10.56785933
13.78125000,-6.47459365,-10.42177019,-9.99280910,1.15772650,8.53412747,8.09077858,3.55778360,-13.97177774
13.78515625,-9.26995760,-12.48699320,-8.54300931,4.74087278,9.76400430,7.53025373,-5.67029272,-11.24112776
13.78906250,-6.33986702,-9.58004977,-11.10651587,5.13065165,8.47719812,11.23059698,-10.68128335,-10.64680958
13.79296875,-4.54588481,-8.76069225,-7.25614814,-2.46239810,7.75455786,7.35671951,-6.05262855,-5.95394840
13.79687500,-5.76580619,-3.60616631,-9.30332697,-5.25171730,10.80551355,8.47585869,-8.68777919,-1.97939617
13.80078125,-2.51387634,2.26703125,-8.81882736,-12.50112575,4.55390094,4.36024238,1.16623568,-2.03356372
13.80468750,-0.23738342,2.94210417,-7.81112569,-7.68010165,-1.01097069,1.52894321,8.27816542,5.90216773
13.80859375,3.95650177,9.60907272,-9.03836343,-10.84274564,-1.59357862,2.37534397,11.43306309,9.18774618
13.81250000,0.13736668,6.83814363,-9.85320994,-12.23232483,-7.33643012,-0.52562164,3.55904300,8.40848438
13.81640625,3.47589833,7.67649605,-3.77174366,-14.82853041,-11.56271314,-5.59904175,-2.30512308,13.19334134
13.82031250,7.64669521,4.19067027,-3.59227613,-11.74967694,-8.53173464,-2.24540195,-7.31916518,9.00311725
13.82421875,10.33419641,2.73040549,-9.36124541,-6.01916068,-11.04650551,-3.96436964,-10.86815268,4.54504008
13.82812500,10.37462032,-2.61572921,-2.24599034,-5.34363059,-5.98079895,-8.88450279,-10.63164372,3.87644225
13.83203125,11.37099461,-5.62527327,0.87484625,-1.04872915,2.50246220,-8.19184522,-1.09796310,-1.62834126
13.83593750,7.26398661,-10.42098780,0.22809836,2.47983848,-0.18255923,-9.57785928,6.15572292,-0.97830035
13.83984375,5.03372224,-10.00882064,3.64183250,2.79434466,8.23389992,-5.15755661,7.68846819,-6.35152220
13.84375000,3.56520529,-6.31081141,1.95840023,6.25798907,7.72097712,-7.71570353,10.42683278,-5.71079503
13.84765625,2.52908806,-6.01318911,9.26534101,8.11202853,14.59022833,-11.00741897,4.94702849,-9.02379295
13.85156250,-1.34419537,1.85723611,8.90239950,10.81841018,8.40110797,-10.34986383,-5.41307970,-9.40974353
13.85546875,-2.38920310,6.98997606,1.75023154,11.21260977,5.89798968,-8.65769116,-11.03058793,-8.28947638
13.85937500,-7.69121334,9.54743926,5.29381836,8.16524473,1.50476351,-5.08889662,-9.11692502,-7.48186893
13.86328125,-7.34613478,6.87210401,11.89756943,6.89959495,-3.59044323,-1.10972213,-4.19130854,-4.86162731
13.86718750,-8.59933426,5.66621821,8.48604389,-0.71717244,-4.24241513,-1.51983790,2.50660087,-2.21147909
13.87109375,-11.74670235,5.26636517,13.59020745,3.96969366,-9.03749707,-0.57333274,4.42791487,5.14419029
13.87500000,-10.20680587,-4.38242193,10.83001771,-2.39682381,-6.84354302,5.76861130,6.92253028,5.35988713
13.87890625,-10.56155673,-8.74407760,8.56932280,-8.13570695,-8.85665543,1.10505219,6.29226489,6.35076406
13.88281250,-8.31797718,-8.81515132,11.81321655,-7.33591894,-8.11757275,4.52401072,1.32514249,12.37871081
13.88671875,-6.07893637,-11.52390486,9.76940300,-7.36371398,-2.42426153,2.43846855,-9.01090185,7.85549328
13.89062500,-7.57856891,-11.55292187,8.10813275,-8.41846850,3.92095858,7.88416916,-5.84832484,7.94291681
13.89453125,-4.65917450,-5.95917981,8.24746920,-13.09758029,2.30502260,13.54866058,-6.53189239,7.68274405
13.89843750,-1.55786387,0.37770406,6.47196794,-12.13411538,4.60074920,8.94750401,-3.73570315,1.63088806
13.90234375,0.17804501,2.77804689,8.04190464,-7.45092651,12.99769083,12.60511409,5.55653503,3.52733101
13.90625000,4.43350431,14.74608468,2.53149182,-4.54367746,8.38762129,7.38299229,10.76655256,-5.59989998
13.91015625,3.33862672,8.53856378,5.61695624,-3.63726071,4.03740458,8.80810860,12.81170181,-5.49322282
13.91406250,7.94987275,9.40317504,-2.67698249,-2.00362478,0.71609138,14.83315129,9.41510293,-12.35225927
13.91796875,6.67589245,9.43536056,-0.03550485,-2.22168989,0.87389583,5.54654041,-4.93541814,-13.61800072
13.92187500,11.77958835,2.81342407,-3.08520012,2.40942452,-3.94233475,9.08170543,-8.10462939,-9.83087377
13.92578125,8.94198287,-4.01932616,-5.67562591,3.67582490,-6.54765624,10.93042830,-9.35263124,-8.22023579
13.92968750,10.00184762,-7.33307723,-5.46895190,5.67538237,-9.26901725,6.10047305,-11.58915251,-0.13355043
13.93359375,8.49291417,-7.34328835,-3.49253874,7.99244232,-11.16358779,1.01440135,-2.57135836,2.19165561
13.93750000,6.66944286,-11.66613846,-6.01763745,8.79554011,-3.91710877,0.11954949,2.96078361,3.56166299
13.94140625,3.55842875,-9.14565420,-8.12146311,8.17437537,-1.17788668,-3.06088583,10.48062168,1.94677480
13.94531250,4.46316337,-10.18426798,-6.82467593,6.94342016,5.36232880,-5.11017045,8.20986665,8.55247771
13.94921875,-0.10821923,-3.25621411,-8.24657922,4.96188420,9.99736628,-6.01747966,3.19909822,3.77524514
13.95312500,-1.52232128,2.07986229,-7.82086254,3.17459579,7.29165564,-6.38891672,-4.31411009,5.81907909
13.95703125,-5.85905846,7.26507625,-10.21503335,0.93450442,11.27941106,-6.18186002,-9.88051067,4.60487566
13.96093750,-5.02120854,9.55977721,-8.74154398,0.00065425,10.58132148,-11.53801848,-8.08933808,3.22047595
13.96484375,-10.59430090,8.24056781,-8.16531392,-5.90595230,8.25657360,-12.42168148,-2.91004238,-2.64836374
13.96875000,-10.32505222,4.50701563,-7.50673542,-10.53108082,7.80970846,-13.64336299,4.25100529,-1.28575617
13.97265625,-12.95765759,4.81588678,-4.57206158,-12.83612851,-1.39532752,-13.02114512,4.85325225,-7.09618995
13.97656250,-12.37370044,-5.32553592,-4.14632002,-12.39328403,-4.96327718,-9.92086248,7.96125061,-10.29511360
13.98046875,-7.17438441,-6.26792464,-7.56174334,-17.07480337,-8.32435530,-10.90440147,5.45730142,-7.23949390
13.98437500,-11.12010517,-9.64563196,-5.77613106,-13.78387135,-8.93256687,-7.42292204,-6.68134339,-8.97724383
13.98828125,-10.93960045,-10.01210996,-0.65788848,-7.10115560,-11.82238771,-7.82352254,-10.72170604,-11.92771769
13.99218750,-7.74913642,-9.00448806,1.40671201,-7.91651388,-7.52193482,-7.70767277,-11.13115368,-9.26067929
13.99609375,-6.84492367,-4.64547470,1.61958721,-3.50517313,-5.43393314,-4.68332221,-9.61375483,-2.37945251
14.00000000,-3.41963873,-0.42685692,-0.73165312,-1.59748489,2.12221018,-1.39451204,-3.06782131,2.97665578
14.00390625,-0.80290669,3.98884630,5.15405415,1.17408712,8.60763222,-1.13329117,4.49744672,5.96755273
14.00781250,4.03908620,12.32245333,4.69842678,5.76050257,5.37469039,6.45340141,4.15821825,8.38207082
14.01171875,4.82382602,9.14511141,3.26606137,10.72604714,5.69123875,2.33228929,5.44838774,8.39756087
14.01562500,8.58006716,10.76982647,9.58419875,11.95943725,7.47893170,4.10355514,1.60789775,8.77236139
14.01953125,8.70583746,3.75478679,11.95700540,9.13595458,2.18120990,6.29106652,-3.53082072,11.73401145
14.02343750,10.86809977,7.26659953,10.40321758,13.01772927,1.08379801,9.90240851,-5.75701558,10.13701207
14.02734375,7.04368483,-0.21309003,9.00967318,7.42231689,-2.58300803,9.84033907,-6.04880567,10.17916282
14.03125000,6.30278481,-3.60307620,8.96312346,4.27100673,-4.48514644,8.51904704,-7.50844395,5.02691546
14.03515625,4.70944819,-4.58406252,5.29877953,4.07032621,-7.84049392,8.97480044,6.78223093,2.47512607
14.03906250,6.87069411,-8.70769012,11.00178053,6.99576245,-10.89603310,7.85239056,9.92247082,-4.15025982
14.04296875,7.01680377,-7.62719189,9.51588031,-1.56444774,-11.01327902,3.97762790,10.90809291,-7.89555158
14.04687500,4.19872773,-1.90795108,8.17301986,-3.24973296,-7.73590235,4.64590906,5.54573097,-8.68339958
14.05078125,-3.21409307,-0.67162565,8.81928422,-1.39889683,-5.19400565,3.42556886,-0.42422439,-12.91085952
14.05468750,3.62117283,4.04886687,9.46535668,-7.69807395,-3.80704552,6.07884054,-7.21900446,-8.96440461
14.05859375,-5.56334452,11.71501106,5.26339462,-9.41410454,6.80393133,-0.59334737,-7.18985790,-6.82980531
14.06250000,-3.54767157,9.54561564,6.09241278,-11.77067177,6.06317330,-0.44651533,-3.75543117,1.31667558
14.06640625,-1.21584859,7.38959723,4.79729326,-7.25842128,9.93709457,-3.86411187,-0.01725967,-1.84315376
14.07031250,-8.16088266,7.57213801,3.51514385,-7.19039937,6.12300467,-3.69202247,7.06789607,6.02771334
14.07421875,-6.45307154,2.73826748,0.17311086,-3.31640279,6.77591476,-9.13197490,10.02145184,7.95553990
14.07812500,-8.21895900,-4.24357257,-2.67045894,-4.38249282,2.04869458,-5.25320170,12.95649033,7.75242034
14.08203125,-7.03294401,-5.83751225,0.18758376,-2.75328743,3.30976987,-4.63443243,4.33545448,10.68759735
14.08593750,-5.51453431,-5.06856170,0.64967471,-1.44287368,-4.28172121,-11.14063172,-3.38033429,8.39888891
14.08984375,-2.67025826,-8.77813502,-2.90100384,3.17732786,-7.25496770,-6.94739498,-9.97023704,6.92678792
14.09375000,-2.48230446,-2.84478376,-1.40191320,7.93449054,-4.02046331,-8.73024016,-10.37214368,8.38932272
14.09765625,0.98770747,0.54038443,-6.11581823,13.16841956,-14.85588574,-9.92469950,-3.71949663,2.71102135
14.10156250,1.04552067,-0.17066573,-8.58605153,10.13974102,-8.91732552,-5.48815001,1.35400623,-0.36872872
14.10546875,3.84340753,7.87492259,-6.84499253,10.92116650,-5.92823817,-9.49831793,9.86867769,-5.65629877
14.10937500,3.78550984,9.15882425,-8.99884564,12.02392442,-1.71335641,-7.78828155,11.78711937,-6.77496474
14.11328125,5.41307685,8.81832308,-9.33545415,6.78711105,2.21897183,-4.76554968,10.19525462,-8.78151976
14.11718750,9.63244116,10.12887174,-7.94134404,5.76302388,6.04337570,-0.23185949,2.26921031,-7.23811265
14.12109375,11.53307511,-0.00243900,-10.42892135,3.85915119,7.80030168,-2.02056431,-4.42430376,-6.41247726
14.12500000,10.39634238,-2.44774765,-7.02864513,1.56992244,10.03257743,2.10391582,-5.20796816,-6.87884304
14.12890625,8.12416019,-2.83111389,-10.27649887,-3.96067323,10.80641436,0.53991685,-4.19744906,-3.39991315
14.13281250,8.19225247,-4.67834321,-10.55804534,-8.01235151,5.86175082,4.10485127,-2.66083098,-1.81594663
14.13671875,6.69179860,-10.42737586,-9.15216331,-11.23874005,1.87442143,3.66062486,5.13428321,-1.27636160
14.14062500,5.10285949,-9.35211268,-9.95991029,-7.06382021,-1.44810461,10.34285420,9.61364172,2.98611741
14.14453125,3.70543779,-4.67128152,-8.25661227,-9.37234673,-6.82276396,8.47603468,7.92031094,8.41749391
14.14843750,3.90315045,2.82443454,-3.44182544,-9.46320786,-9.82657161,9.93046428,0.66937973,13.07853908
14.15234375,-3.80419853,1.81631497,-0.92226878,-8.02013976,-12.71193448,7.53149849,-2.67613586,5.66725819
14.15625000,-6.18153702,4.35826253,-5.88472491,-5.26883371,-9.00327812,8.01672077,-8.42781034,9.80368035
14.16015625,-7.09232699,11.37092007,-2.81824087,-5.72100061,-7.27722792,9.51277465,-13.47429024,5.01535181
14.16406250,-8.40444673,7.03026678,-3.18741111,-2.80955697,-5.93532926,9.30290042,-4.64185715,1.16482282
14.16796875,-4.86930850,4.97089913,-1.13753725,-1.32752979,-0.21347459,7.95802199,2.06499844,1.61565740
14.17187500,-6.96460293,4.76852162,5.43510911,3.65627572,3.91210416,3.67696781,5.69381085,-1.36799279
14.17578125,-8.77724584,-0.14411281,4.98997556,6.29700777,8.79626065,5.99625905,9.47012465,-6.71689634
14.17968750,-9.65940756,-4.71951990,1.34168762,6.72455750,10.59692079,4.16952852,4.95620877,-10.00208241
14.18359375,-1.43493024,-8.92518270,2.45441849,8.99180052,6.01625353,2.93167815,0.95662937,-8.60476679
14.18750000,-5.67737019,-10.60959899,4.67906274,10.51820022,5.29858052,-0.04870577,-4.50033135,-6.11350667
14.19140625,-5.75205732,-9.01815221,6.57344400,7.71639185,1.93478167,-2.46290756,-10.70902407,-6.82736111
14.19531250,-3.58828871,-8.34625454,10.23474095,10.56932805,-0.09213028,-7.40273255,-5.04616982,-6.56535225
14.19921875,5.58500554,1.27503658,10.56276289,7.48402880,-9.05318969,-5.44196258,-1.85118514,4.13887447
14.20312500,1.65066160,4.69958391,11.31765917,0.86023207,-7.12333725,-8.51081867,5.33990509,1.28253849
14.20703125,10.26064917,10.71695563,12.06220093,0.68325977,-11.01868607,-7.08534537,9.76441561,9.05383036
14.21093750,8.08380160,9.62981078,10.81499104,-0.00707471,-12.02009440,-10.82130661,8.73320647,9.16110950
14.21484375,13.38471181,11.44968944,6.71004399,-0.87530099,-8.23589969,-4.28600788,10.82306761,10.09567263
14.21875000,10.71123533,12.23444318,14.72077481,-2.50543919,-5.32688407,-7.73612086,-3.64593974,9.69661489
14.22265625,11.11209997,3.25603674,4.89265506,-5.02783967,-1.46395781,-7.15044945,-6.64258453,8.25600939
14.22656250,12.18324317,-1.14873797,2.81738396,-6.19146335,4.42642694,-8.69083509,-4.36581590,5.84023935
14.23046875,10.07107598,-4.03248529,4.87383939,-10.79208455,6.55397806,-6.11793168,-3.94712040,2.17306749
14.23437500,8.00199175,-9.09224844,2.59297074,-6.81594213,13.26701233,-4.85900829,1.05643940,-0.59645636
14.23828125,7.97873989,-9.26624577,4.10156404,-4.67108427,9.43734349,-4.92600731,10.23854382,-0.78078851
14.24218750,3.68237242,-9.41862997,-2.77529583,-2.54218291,7.63152088,-3.32036737,11.12102620,-3.94641481
14.24609375,7.35809352,-4.31427757,-4.03838915,0.88530739,2.60797802,2.22915893,5.27303873,-9.12151003
14.25000000,-1.41920184,2.50945174,-3.71865341,0.33756228,-1.16155267,3.67239324,-0.95088386,-11.48333940
14.25390625,0.15431339,5.66218101,0.76954665,4.16659176,-6.60937975,4.88399906,-7.60471993,-8.81705640
14.25781250,-6.14219441,10.27848434,-1.15557237,3.34485335,-6.07478495,6.19432943,-7.73790617,-6.99167004
14.26171875,-4.98835057,9.13930359,-8.66873140,9.26393885,-9.84276498,9.60694513,-6.67522918,-5.72535859
14.26562500,-4.06902925,9.67957176,-7.50444474,7.64305702,-11.03655392,8.82388003,2.46156489,0.19559527
14.26953125,-7.50039944,3.73414655,-6.04388631,10.63775378,-7.81951453,8.50475945,1.63373274,0.34271924
14.27343750,-10.31485681,-4.76525396,-7.84564437,8.77946571,-3.15673431,14.41793605,9.86869470,4.14952158
14.27734375,-8.45499909,-5.91167799,-11.29342636,7.51298448,3.17877849,14.83117788,8.34214412,3.66141048
14.28125000,-10.41776455,-8.85082187,-9.79622521,6.31530098,5.89126987,13.87726168,0.80696232,7.96163036
14.28515625,-6.78194173,-9.30377773,-11.99605451,1.69507285,8.89578761,7.58303303,-8.42581178,6.30251357
14.28906250,-5.08515020,-13.00147195,-6.79841406,-2.71371772,11.23381939,9.08930498,-11.71324785,8.65682009
14.29296875,-2.43084113,-9.35789735,-9.20248674,0.11349158,11.83827083,6.58028367,-8.08675369,1.21646667
14.29687500,-0.57640754,-7.65473304,-10.73673608,-1.95075713,9.76279806,10.79168136,-7.79483631,-1.65968087
14.30078125,-2.47769320,2.23913567,-11.38559369,-8.36132138,5.28958631,3.67358432,-0.37528333,-0.74810861
14.30468750,1.41466653,6.38437595,-11.48084262,-10.92411210,5.12968524,3.06519139,1.08994645,-7.01582174
14.30859375,5.99363786,6.86300810,-2.28303553,-12.05245518,2.09238240,-2.90287241,10.59445796,-10.12783229
14.31250000,4.75693088,7.05844898,-3.66431567,-8.87085641,-9.27839562,0.01345206,8.82152300,-10.72907647
14.31640625,10.44731056,6.07293693,-4.00081334,-10.11305600,-14.56493840,-4.19511551,1.16586303,-8.28875394
14.32031250,6.90524995,2.60864884,-4.87633239,-8.14535568,-11.52871550,-0.36766711,-4.82623174,-13.75422371
14.32421875,9.83792391,-1.11963187,-1.80228151,-5.36629596,-9.87466111,-0.96847025,-12.39790075,-7.36801646
14.32812500,8.44540978,-6.96622317,-5.90581569,-4.25014880,-5.41686074,-6.82363141,-9.80209348,-6.51955489
14.33203125,11.20557197,-7.14813017,-3.06775914,-1.55621434,-3.01948730,-8.57740195,-5.93347561,-1.15502507
14.33593750,9.32222028,-6.80393291,3.07601614,-3.63283113,8.04416464,-10.70140196,4.08693532,-1.19888679
14.33984375,4.97395638,-6.37863480,3.96006330,1.95361278,4.34301248,-8.91227077,8.24372515,2.13828857
14.34375000,4.40961526,-7.20055406,5.42034097,2.06504906,7.83003473,-10.92531967,7.79319659,8.04795743
14.34765625,0.89573771,-5.22721042,6.61847200,13.52214827,7.01301036,-4.74881793,2.62581727,9.56786754
14.35156250,-1.18163112,3.69148920,9.05435641,12.12831122,6.60248156,-11.04794176,-1.35136604,13.13111380
14.35546875,-6.79130205,6.42627024,8.43957284,5.11868418,6.59072953,-9.01188323,-10.59091293,14.10319852
14.35937500,-0.71710729,10.06565624,10.39506060,15.69387297,-1.31036961,-9.48273910,-10.68167941,4.92864608
14.36328125,-5.35445702,8.00086321,6.06440675,10.43247232,-1.66172856,-6.57301424,-4.74410705,-1.75699271
14.36718750,-5.19662582,9.41660400,8.18450031,7.70201775,-8.18129063,-0.96679867,-2.94404069,0.66822496
14.37109375,-8.61335934,4.68450005,8.72465060,2.19360837,-3.28842213,-4.67513133,11.32331783,-3.20018968
14.37500000,-13.36042154,1.18965503,10.82944353,-2.43768450,-8.98101452,0.70543652,11.51514943,-5.21246757
14.37890625,-12.09443227,-4.63322721,11.16596554,-6.39253612,-12.70127536,4.09796138,5.21476230,-11.81386076
14.38281250,-9.49289038,-8.99943676,3.57620425,-5.40010226,-6.90737520,1.65919189,5.17093672,-8.77346343
14.38671875,-8.03363364,-13.75614532,6.20025555,-8.52840821,-4.62887695,3.18454728,-7.03124177,-10.31357444
14.39062500,-6.35459165,-9.63566978,11.51075878,-11.39225162,-0.97370416,10.83441620,-9.31708663,-13.97483058
14.39453125,-4.00480832,-8.47750449,9.57760192,-9.41508363,5.89028071,10.26129046,-9.79305661,-4.96985264
14.39843750,0.07166631,-1.93458212,7.98820305,-13.94115826,10.97895280,9.94275841,1.04271991,-0.68102423
14.40234375,4.31780020,-0.50895103,7.48079311,-9.54444494,11.56831875,11.01403089,3.52357283,4.46119483
14.40625000,5.70570957,6.68680642,8.39236552,-7.79176639,10.48714221,12.62287315,8.67163113,3.81770375
14.41015625,5.92048877,10.02485165,5.70107872,-7.34417435,8.04573865,10.52849721,14.14703079,9.69464632
14.41406250,7.20064368,9.10612981,-0.81163123,-4.07423483,3.62349184,8.75009781,3.90832132,12.16622901
14.41796875,5.74485475,7.70927011,-2.10072973,1.86572903,0.55950519,6.45393377,-2.22831385,10.76508113
14.42187500,11.59811291,3.38874743,0.42214117,2.17768952,-3.75651064,8.28601573,-7.56840328,7.94648601
14.42578125,8.82071194,-0.16801351,-6.04948748,9.03997908,-9.25319577,4.69124716,-10.33453343,7.41412619
14.42968750,9.32068534,-3.29222292,-2.79558244,6.33823602,-9.76659445,7.13531408,-5.98569494,4.31258135
14.43359375,9.50611828,-9.51634279,-6.22208302,5.22072750,-5.55652233,3.79081817,2.42039660,-3.50155396
14.43750000,8.13892664,-13.81220728,-10.81549674,8.15013561,-3.08266612,2.44764197,1.42002636,-6.88795924
14.44140625,3.16394306,-9.08415952,-9.76173216,9.87366272,0.68986371,-1.63599124,8.48761904,-8.56381056
14.44531250,3.67984096,-5.99547867,-9.25936781,3.97525844,0.91954587,-6.00592529,4.14990578,-10.35114184
14.44921875,1.17759120,1.89265919,-11.31559738,3.70286179,7.93159661,-8.65312117,2.27765486,-11.62037992
14.45312500,-3.66295396,2.24390706,-8.84062288,3.79588765,7.43415832,-6.48897908,-8.25371691,-7.38461147
14.45703125,-5.94939368,2.77440240,-10.57960575,2.00551982,10.51186694,-4.62166639,-9.05748370,-7.34655093
14.46093750,-3.67683302,8.96818352,-12.73714839,-5.10725976,11.65532175,-13.02801617,-13.72240517,-2.50968536
14.46484375,-6.82737271,5.32892029,-9.68207210,-7.09493594,7.58780785,-9.13564946,-2.87822530,-0.56997704
14.46875000,-10.61783744,2.25121188,-8.58444648,-9.38774932,5.21490968,-10.65810573,1.76482081,0.90613104
14.47265625,-7.55787553,2.74069407,-8.02594207,-9.82873332,5.18519724,-12.17192185,9.00820761,4.91121668
14.47656250,-13.03525952,-0.99720220,-3.81032457,-11.08307679,-4.98034185,-11.05677781,6.08830079,8.97800035
14.48046875,-9.86044497,-8.19047462,-7.56671337,-11.59800584,-5.49995257,-8.50807485,-0.36678413,7.93380765
14.48437500,-11.10262085,-7.33299205,-1.63848283,-14.53543585,-9.09663098,-5.53981917,-2.42639814,12.06661836
14.48828125,-10.35255731,-7.90743799,-2.86026805,-7.93422858,-7.07792929,-6.90584533,-8.74052960,9.55929620
14.49218750,-5.53125813,-8.36350920,-0.86365944,-5.69232368,-10.19473804,-1.75697305,-8.39750433,8.40832464
14.49609375,-4.47894505,-0.48549185,2.21270767,-7.27015899,-5.34167230,-5.68927618,-8.30950825,5.15801781
14.50000000,-2.22547246,-2.52025319,3.40707178,-3.21399915,3.02304631,-4.91397870,0.77436289,3.39257493
14.50390625,2.05400634,4.68102733,7.42413998,5.31976250,3.53801237,-2.76126044,2.83600695,-4.01833760
14.50781250,0.44174591,10.84616063,4.50484564,2.45078629,9.83344430,2.95698462,10.34019064,-1.64425229
14.51171875,5.33956774,10.66451636,5.10381062,10.02109850,7.78204501,4.37000785,6.59034104,-5.77897404
14.51562500,6.43995134,6.99872796,5.78994717,8.12929456,9.54005007,3.82334715,3.21614558,-8.19516830
14.51953125,9.09218004,7.68407324,5.53179653,8.89581166,6.83690605,2.78774179,-5.30374480,-6.00079884
14.52343750,4.86903944,2.56381282,6.34318827,9.51706037,2.86003737,6.01922217,-11.21272883,-6.82867871
14.52734375,10.76362316,-1.26056658,9.02979740,9.79701571,1.59680911,7.01956632,-11.71233571,-3.88376027
14.53125000,9.93536685,-7.33667451,11.43334390,9.00730175,-2.38181544,9.28224908,-0.17576980,-2.71021891
14.53515625,6.42378263,-6.19061338,12.41865107,5.93860050,-7.71398873,11.34024018,3.23842842,0.73885499
14.53906250,7.34656186,-6.99164632,10.07774535,4.75393164,-11.39760347,4.83959340,6.63258999,5.96338868
14.54296875,2.12443907,-8.35411048,11.19377445,1.47184081,-9.47841133,7.47712394,14.89358875,10.17377725
14.54687500,3.24986783,-6.67383332,7.79506486,-3.47470540,-8.65178622,2.23508566,5.09584474,11.48313918
14.55078125,-0.70364257,3.39506602,9.19603260,-7.60881426,-3.33395597,5.92543616,2.24291261,11.27592834
14.55468750,-2.40362855,9.10464376,8.58059302,-6.02124050,-3.48172558,2.02006786,-8.20598875,9.12877457
14.55859375,-4.20729506,10.35475949,6.21623857,-9.10568022,0.95343536,2.76436871,-10.16462159,10.63139443
14.56250000,-7.46269007,11.17032964,8.38107753,-11.02674471,3.02934603,0.61426868,-6.31580806,3.31623797
14.56640625,-5.32673687,9.11218245,4.42932533,-7.47389549,11.27624334,-2.81587827,0.25684058,2.06624901
14.57031250,-7.73212691,5.92719884,1.35202751,-7.80509619,8.46635932,1.37512448,6.05167184,-0.86348706
14.57421875,-7.53528615,1.01038331,7.23754633,-3.12597018,2.48422648,-4.81284556,10.13591700,-4.72141801
14.57812500,-8.04148966,-3.40287286,-1.19185445,-4.44832574,2.23012471,-4.24477787,9.35947848,-7.79746600
14.58203125,-7.32784393,-5.94319729,2.32681545,-0.44268435,-0.48253418,-3.99599517,7.45367283,-5.18376559
14.58593750,-8.70976013,-12.58392858,-2.44628700,1.10867826,-6.85694272,-7.66204006,-4.99693425,-6.61166806
14.58984375,-6.05832300,-7.75227098,-4.34537436,7.14072592,-6.81634984,-9.58735106,-4.44250442,-8.55002168
14.59375000,-4.22064154,-11.55695262,-3.11579606,9.44429569,-10.49626357,-12.19979191,-4.54908696,-5.78205394
14.59765625,-2.08338150,-2.42353400,-5.86197354,4.96380515,-10.60325656,-9.21507667,-6.36196626,-0.99329258
14.60156250,-1.23005127,3.08551118,-5.93355063,12.73855303,-5.40404181,-11.11692992,2.13125258,5.75690956
14.60546875,5.64995034,5.65975017,-8.25110400,8.05998320,-8.80646409,-5.76912723,8.36131493,0.86323442
14.60937500,5.95815400,11.99168550,-7.18653777,7.65034992,-0.35279134,-4.59240163,8.10145607,9.65495150
14.61328125,7.07855948,10.53439050,-8.92643993,10.96805121,0.25836700,-6.53401486,9.06955157,8.64819338
14.61718750,7.83933801,10.54928954,-9.96101152,4.30262846,4.56187915,-1.79486919,-4.29442188,11.23697234
14.62109375,8.07523015,2.74832791,-10.64373709,2.11590263,10.18847462,1.69824055,-8.03871354,10.95856705
14.62500000,9.95071830,4.53445650,-7.72855616,1.85905424,9.95409422,-3.42613584,-6.92990234,5.59155668
14.62890625,9.98068466,-2.33770560,-12.04171335,-0.36027791,9.30515436,-0.83119307,-4.12940537,3.07364244
14.63281250,4.56153492,-5.93766960,-8.89333208,-4.80650629,1.54198674,3.84784591,-1.18136292,1.01169563
14.63671875,7.76838537,-11.62522270,-12.71857514,-8.90354187,1.47826319,2.37454204,4.01264950,-7.56383896
14.64062500,3.59539032,-8.03427411,-5.69750585,-9.80509621,-4.11463849,9.14901796,7.87999185,-1.49582667
14.64453125,4.55873537,-3.16448681,-6.29577536,-10.67895561,-6.99970186,8.23026860,13.03115083,-6.18528282
14.64843750,3.87026118,-2.44151040,-9.75333906,-14.38271932,-8.26396447,8.85440359,3.69551221,-6.78061748
14.65234375,-4.50401326,-0.57440829,-1.27052832,-13.33102815,-14.15100234,7.47034701,-3.43352332,-6.99631677
14.65625000,-0.60480439,5.19034706,-4.51180794,-10.52274913,-11.73159994,8.77544526,-4.57053656,-7.08950094
14.66015625,-8.21486259,7.45543793,-5.15059408,-2.63737289,-7.30507197,9.20616833,-6.56995859,-4.41065602
14.66406250,-5.66690698,13.88255664,-0.02040571,-1.76685209,-2.93247203,8.16916375,-3.26345562,2.00125676
14.66796875,-9.48320890,4.05345286,2.85970571,1.31998711,0.33978000,11.71253534,5.09388025,6.46214566
14.67187500,-6.56275607,2.93445794,-0.07823183,5.76892843,7.49899357,9.24942759,9.16498445,6.42196616
14.67578125,-9.38681111,-0.24869790,4.31528405,3.57339121,8.69210784,3.03031257,7.85227476,9.09505596
14.67968750,-12.80081980,-5.87006504,6.19039648,8.07280662,9.97039371,6.23379391,4.28890119,10.35249875
14.68359375,-11.07267200,-3.32170421,9.67572302,12.30620131,8.94521985,0.46983568,3.41553227,11.55403524
14.68750000,-6.63403255,-8.13373157,8.39278790,14.12452975,8.90074240,-3.30063096,-7.82295358,10.36902944
14.69140625,-4.94668075,-8.22434995,1.94584393,10.21226969,1.78050475,-1.97137120,-7.06853938,6.44619409
14.69531250,-3.08121765,-1.11319332,11.48038010,8.13106713,-0.71795021,-4.83954369,-7.26426566,6.85930738
14.69921875,-2.01965516,-0.78572715,11.44207144,5.84350424,-5.74492690,-4.50412504,-2.14935403,3.45773337
14.70312500,2.76801620,7.01878098,11.20003803,8.14062104,-6.23608078,-9.16236556,1.10152647,-0.20775981
14.70703125,8.57779711,5.82237413,9.68766325,0.94691391,-7.26326920,-7.48995987,8.71584500,-2.88956788
14.71093750,7.69445452,14.13635667,7.44625091,-0.68821470,-8.25591758,-9.82985701,9.21389305,-9.41553009
14.71484375,7.47667547,9.38795694,12.31625793,-1.00175775,-6.24160321,-6.92319249,3.57568215,-5.45803876
14.71875000,11.87615805,11.31809933,8.35765901,-7.20925917,-3.58506401,-11.09856057,-0.89153915,-9.79290631
14.72265625,10.84322194,4.33421842,6.80334401,-5.13412089,-1.45416970,-8.81522886,-8.98211742,-7.17922714
14.72656250,11.91065656,-0.79671317,5.64223054,-10.71866782,3.98699536,-11.56978862,-5.51327117,-6.00960167
14.73046875,13.81357948,-7.47585011,1.86368840,-10.27854453,4.61463797,-5.94829387,-4.44137203,-2.37845987
14.73437500,10.43944756,-8.06265969,3.76537693,-9.72661950,9.15617249,-1.00014802,3.25124495,1.68686997
14.73828125,6.29640721,-11.63648954,-2.46571400,-6.30954495,8.72757666,-4.67852292,11.90891463,-1.94952182
14.74218750,7.42480254,-9.93421753,4.41778702,-5.49781940,5.65846663,-0.21484901,13.95747663,5.69263473
14.74609375,4.46885582,-3.70881836,2.15522443,0.38775952,3.96522096,1.81635787,9.33372303,8.76409103
14.75000000,0.03727547,1.60679413,-4.04505559,2.63755896,-1.19380406,3.29856733,1.79790434,9.62677487
14.75390625,-3.46493265,4.61170499,-6.77076631,7.16126828,-5.17736823,2.92503502,-5.08090113,8.71701599
14.75781250,-6.52970904,8.97654116,-7.22811874,5.85227731,-4.56338934,5.67817328,-8.15326229,6.89010132
14.76171875,-5.25043011,10.40371747,-4.22746932,10.06468277,-7.08538496,5.53241342,-4.69472553,1.78250850
14.76562500,-5.02871524,7.51319166,-5.72025464,10.02553567,-6.56520982,8.17453841,-2.40709439,1.42817912
14.76953125,-7.12085421,2.44942993,-6.90989515,9.07535397,-5.71432706,10.24049492,8.03388058,-4.17587937
14.77343750,-10.77055006,0.25798027,-8.58102539,9.33645639,-1.28479727,15.33554880,10.45775974,-6.26004476
14.77734375,-10.34389250,-1.27462747,-8.87621168,3.01483190,5.14186663,10.66043289,7.13650890,-11.48544931
14.78125000,-5.73619368,-9.08920861,-9.01524835,6.08750237,6.22131632,10.58802116,4.54845971,-13.50461617
14.78515625,-6.44845738,-9.56514938,-11.97009007,0.83100326,9.75607419,8.61469611,-6.13824342,-11.06097775
14.78906250,-4.44168612,-8.89401807,-7.77945729,1.44118626,12.28635125,8.03791298,-9.58922502,-8.70045863
14.79296875,-3.29085360,-9.02338775,-11.64655827,-3.13706344,8.81638862,9.63686208,-12.25709846,-8.38485910
14.79687500,-1.04252312,-5.33091977,-10.78251975,-2.41897983,9.99973944,8.68949324,-5.77081758,-4.24581963
14.80078125,1.95288455,-1.60409954,-14.52268322,-9.64415952,9.04197469,7.41622494,-0.45609579,-1.56027888
14.80468750,1.74945942,3.55771903,-10.51384456,-7.51797238,0.96409028,3.47096141,6.55959333,3.53271940
14.80859375,3.01734110,4.77299462,-5.08218613,-10.67784661,-6.50488482,1.43606275,11.57914505,3.45292238
14.81250000,4.25598525,11.11361134,-3.35917987,-8.29704175,-6.72700717,1.02248013,9.06402347,8.37814799
14.81640625,9.51189782,6.06330575,-7.37452919,-9.13905791,-8.44826946,3.08002501,0.15556872,11.66304873
14.82031250,7.23059068,6.03342547,-4.18028392,-5.72872356,-8.91196499,-4.11906717,-11.84524089,9.33049787
14.82421875,7.36649640,2.11029099,-2.80707350,-8.38418739,-6.71400002,-2.59607858,-10.24376218,6.50334694
14.82812500,9.52013083,-1.78323116,-4.67830173,-5.66110440,-3.71689912,-7.07302017,-6.73188697,7.09315892
14.83203125,7.87282643,-5.95836150,-3.13473090,-2.56262675,-0.53331275,-11.55988582,-5.91018677,-0.91269703
14.83593750,6.00377367,-7.76970916,3.88771349,2.11544767,3.27860266,-10.71119909,4.05390617,-4.98324067
14.83984375,7.28457616,-11.04102683,-0.58169920,2.35082492,7.94010129,-11.50214165,7.28505085,-6.74333138
14.84375000,2.41796981,-6.05792929,1.70912721,7.42350619,8.66895168,-10.83446342,6.39890530,-2.73031288
14.84765625,-1.14234614,-2.88875828,9.11710048,6.56015350,9.78344106,-13.35763849,1.77452787,-5.73235944
14.85156250,-0.63346862,-0.47591340,4.91784485,7.86974195,8.98447703,-8.32886064,-3.32179856,-7.80286967
14.85546875,-1.43900088,6.02954142,7.87222941,9.54579135,7.28519685,-10.93683877,-11.72165578,-8.12929619
14.85937500,-3.37435596,7.42486931,10.05172536,8.75904678,1.55812476,-4.32358629,-14.33867229,-3.25834354
14.86328125,-4.15782715,7.45229418,7.85611136,10.33737794,1.08814475,-1.55836165,-5.72573224,-4.26652497
14.86718750,-7.97556379,7.07525209,10.86212994,3.37560470,-12.45482114,-4.62199742,2.60444007,0.85981737
14.87109375,-12.50021619,3.16388969,9.95382925,1.04709446,-9.32290409,-3.19238600,9.85027454,-0.93078344
14.87500000,-9.34160422,0.49733350,6.60363499,-2.54687442,-8.64931087,-4.46447223,11.24506433,7.72542917
14.87890625,-9.03356052,-3.50458476,11.36363629,-5.89430997,-7.12507432,2.80715796,5.15337147,5.89148780
14.88281250,-8.98516644,-10.66467384,7.20282724,-7.84116590,-4.44277276,4.65338709,-2.36502238,11.42721205
14.88671875,-8.04526786,-12.64116499,6.35419840,-7.57728330,-0.72936511,2.98067552,-7.10289976,8.28940778
14.89062500,-5.65428923,-10.61311470,9.54701395,-8.32465268,6.04444477,6.20737628,-12.18404360,5.51271601
14.89453125,-3.11295263,-9.56788825,6.93670818,-5.03197740,8.89261168,7.27489505,-13.66914653,6.17737457
14.89843750,-1.73215171,-3.38570457,6.21066387,-6.82725326,10.13184750,10.45688739,-3.26663209,3.01391440
14.90234375,0.21287431,5.43680022,6.70428761,-9.60023758,8.59285891,8.21805185,6.78313251,-0.40023332
14.90625000,3.11147141,8.57757749,4.09182178,-6.12363805,4.60988283,8.42161447,10.10021007,-5.45650222
14.91015625,3.61716801,8.37270427,8.68312426,0.49640605,10.16018052,9.40273833,8.78593984,-4.35855584
14.91406250,4.63363410,11.36951234,2.96719641,-2.57869017,1.70526885,8.31946120,8.01593636,-14.14648812
14.91796875,4.39685626,3.98451733,-1.30011991,3.66170814,1.85338813,9.44357197,0.06086091,-14.07475788
14.92187500,7.33330101,0.92887458,-1.91558228,7.00114438,-7.09500100,8.71170274,-9.39372118,-8.76258250
14.92578125,6.29498073,-6.64106690,-7.10509057,9.40015120,-6.88667908,5.96611813,-5.19069661,-4.54194222
14.92968750,6.20169102,-7.52440708,-8.69725484,7.13679919,-6.29842338,7.15407734,-9.30777005,-0.40077215
14.93359375,9.12728047,-7.45198270,-5.83131028,7.70646897,-9.22110323,3.07558901,0.74695355,-5.66113276
14.93750000,8.62054233,-9.77334530,-10.54161162,9.15763212,-6.34563117,-2.96953806,2.76110272,1.75601328
14.94140625,5.00428203,-10.90649397,-9.47434462,8.20276486,-2.25235150,-1.24362854,9.75951369,5.72424977
14.94531250,5.72529731,-8.18567202,-9.90985815,8.26930908,2.64845195,-4.68551488,8.45987668,7.37671147
14.94921875,2.19966045,-0.35028709,-11.02544909,3.21439601,5.50401465,-4.99408024,-1.90377761,8.59580033
14.95312500,-2.83526340,1.67282037,-6.47904063,4.41519446,7.93051552,-4.20619017,-7.51957576,7.86338358
14.95703125,-3.86654032,9.02314301,-8.40541745,0.63711749,8.33664079,-5.69813725,-9.25254572,3.55322267
14.96093750,-6.43414625,9.66034326,-10.39915657,-2.99283902,9.95204295,-9.34179811,-11.11168845,2.05851459
14.96484375,-10.08440506,4.76302311,-12.56209377,-5.67226072,8.33582070,-10.13971257,-10.06516325,2.66992047
14.96875000,-10.52722298,2.81256626,-10.89841335,-12.30890940,5.53817525,-9.30573852,-2.12894090,-0.95287972
14.97265625,-11.31738727,3.94298224,-8.76511988,-9.41968277,-2.15580516,-12.58876091,7.61283675,-5.98636888
14.97656250,-6.71023909,-4.81174534,-5.28333519,-9.53013306,-5.61399448,-10.80289197,5.24347835,-12.70184190
14.98046875,-12.69671631,-5.39656857,-4.13522753,-13.72783357,-5.93809949,-7.82533610,1.91796221,-10.58017725
14.98437500,-11.41893689,-9.62718903,-1.67908326,-8.44053614,-8.90797842,-8.63228843,-1.51635430,-11.43461976
14.98828125,-10.69688599,-11.56054449,-2.09718458,-9.22387823,-10.75318820,-7.85655980,-8.59504547,-7.32657954
14.99218750,-2.82753564,-6.64018392,-0.28120679,-9.58612347,-9.57193281,-5.83384338,-12.31553978,-5.90149039
14.99609375,-5.27412431,-5.65009734,-0.90021198,-3.74869698,-1.88647923,-5.42006513,-12.22201642,-1.90304878
15.00000000,-0.58237111,-0.02972892,3.72436326,-1.62592438,0.39307084,-0.49592700,-7.02566329,2.14692974
15.00390625,2.20001941,5.53017401,3.49667060,2.10819052,2.28778935,-4.65932406,6.30312755,3.90240881
15.00781250,5.46122341,6.42071665,6.71021440,6.58678652,5.71850832,0.57099270,10.56700135,6.78524721
15.01171875,5.16321542,15.99367922,11.43140152,8.21628655,12.05330336,4.60632459,4.42090672,13.73431307
15.01562500,7.89944510,12.89374783,9.31964645,9.32740833,9.88203195,6.21320536,-3.98564507,10.00920926
15.01953125,6.55359672,6.83151741,8.62197403,11.53875915,8.57788236,10.27566265,-7.13950812,12.13409206
15.02343750,6.38720659,6.02598386,10.92608026,8.77291975,4.33437018,5.90615448,-12.10968707,11.32469681
15.02734375,11.14444890,1.01648855,7.33618140,10.31871131,-1.37010748,7.21978811,-8.95568121,3.77413960
15.03125000,11.06764638,-5.56293949,8.90540648,7.34963723,-3.52283018,7.78966249,-5.73295291,3.55473737
15.03515625,9.92756227,-8.58739636,10.16443188,1.97538395,-8.25303941,9.88027667,3.71313742,0.75998543
15.03906250,9.01792293,-9.47826525,10.44752526,4.17531168,-10.70481041,10.58341843,10.41533421,-5.67120641
15.04296875,4.02725702,-8.54803355,11.76560450,-1.39082445,-10.23514218,3.60099929,9.05981491,-6.26389991
15.04687500,4.55669028,-1.90535747,8.87465040,-1.72443059,-9.66711768,2.32289065,4.56647554,-4.46274358
15.05078125,0.72237135,4.77840184,5.86040871,-4.00085178,-7.12311368,4.95439932,-0.91517844,-4.67929421
15.05468750,0.51553913,5.94687113,10.92211497,-7.00523157,-4.30277134,1.49475108,-7.45832257,-6.42911382
15.05859375,-3.01024565,7.08724905,8.49234903,-9.66625594,3.42502562,2.89674486,-5.46339724,-7.03439224
15.06250000,-8.61877246,10.03111725,10.01363492,-10.60196644,4.72889113,-3.16625299,-3.67841513,-3.19705598
15.06640625,-8.07438343,11.13386432,3.37872155,-5.13472215,6.56745585,1.14859782,-4.11237378,1.50331119
15.07031250,-11.43789441,6.98400639,2.48497057,-5.77138444,7.92551147,-0.44859588,8.27241589,1.46310071
15.07421875,-8.62846164,4.36070876,5.43725428,-2.85468469,4.32282279,-5.46369541,9.23051850,2.20812881
15.07812500,-11.05656810,-3.56334517,3.76906453,-2.73573105,8.55613689,-4.26066444,7.54173269,9.86875377
15.08203125,-12.50140928,-9.21430932,-2.83147734,1.30268313,1.58433368,-9.27329408,3.99833716,12.42634481
15.08593750,-7.08417290,-6.65455177,0.26555462,6.46611071,-3.11080747,-8.92044908,-0.50103283,5.27326401
15.08984375,-4.34519781,-8.87321312,-5.45498336,5.35715768,-4.78777115,-8.81539593,-11.98010127,8.17376418
15.09375000,-2.90382068,-4.77362283,-2.79550787,6.38757891,-12.52731090,-14.10648083,-11.44440383,9.15901795
15.09765625,0.68384401,-4.37360070,-5.99424602,7.10670675,-11.40431270,-6.52977284,-2.84130715,7.31786893
15.10156250,-1.25545665,2.62788285,-7.70405166,9.60266693,-9.22228344,-11.48065063,7.54239881,-1.28282390
15.10546875,5.09790416,6.99992444,-5.43010419,7.42936401,-6.57525834,-9.62137756,8.34033569,-3.23544104
15.10937500,6.93239939,9.49359363,-7.12471951,9.88320031,-4.79547432,-8.68594777,9.87944542,-11.58393309
15.11328125,12.12715085,7.49282192,-10.15330807,9.85576548,1.30335814,-8.18108430,5.19982400,-10.08005040
15.11718750,7.10665543,10.61760767,-4.78165365,7.93056903,6.53162434,-2.33066335,3.07642911,-9.81457520
15.12109375,9.40714523,5.68984179,-12.70898616,2.86860676,8.34390241,-1.22721031,-7.43644535,-6.15747537
15.12500000,12.85803446,-2.05920818,-12.76033512,0.02726224,8.18489873,-0.24417481,-7.26076767,-6.67516238
15.12890625,7.79133841,-5.30151419,-6.93627185,-0.92655447,11.29043242,5.91110085,-5.13407391,-5.43263646
15.13281250,8.33072045,-6.24531850,-8.79048146,-2.09794276,0.72794092,3.47363060,-1.13065659,-1.66394280
15.13671875,4.83379737,-7.63002833,-6.30177942,-6.13549411,-2.05177122,7.78803014,6.98087974,1.59675817
15.14062500,4.97736934,-11.61079073,-7.81880171,-8.05786451,-1.82448014,7.17962974,8.70968802,6.34238857
15.14453125,0.86278896,-5.69422470,-6.06642000,-7.34315545,-7.82933251,9.33365924,10.04379210,11.13724494
15.14843750,0.16235917,-2.22925144,-7.60926381,-8.95262378,-10.75009868,9.48847545,2.09829040,7.67995755
15.15234375,-1.85865185,5.86623702,-3.64759373,-9.66999493,-11.74887669,11.03462358,-3.69401008,8.76594196
15.15625000,-5.19376099,4.91885115,-3.30955906,-5.29113125,-9.85584290,9.59390289,-8.56717841,9.31595682
15.16015625,-4.08989836,10.79930335,-1.17888038,-4.03103041,-3.91963818,10.61107813,-8.81505804,5.74355363
15.16406250,-8.92262798,11.90807923,3.45030776,-1.88469520,-0.11288834,7.58918029,-2.02787456,5.35192642
15.16796875,-5.54862981,8.01746067,1.60758302,1.36934350,0.75589212,5.35761872,-0.30087183,0.39428882
15.17187500,-12.54476027,2.06674432,2.14328468,4.44488829,4.15269798,6.90275243,9.92397332,-5.96880127
15.17578125,-10.03190424,-0.26313363,7.31823729,5.55606954,7.60872151,4.79249142,12.91875722,-8.94293453
15.17968750,-7.13598849,-3.79075062,4.68839433,10.29452522,8.48057523,3.95399297,8.27943732,-6.70534954
15.18359375,-8.65815206,-7.37699795,5.30736728,8.80208571,6.37384809,4.20781742,3.27719265,-13.11580695
15.18750000,-8.46039921,-10.72653701,6.71253231,11.78153728,4.62238209,1.35110529,-9.43598585,-5.74277740
15.19140625,-4.36495351,-8.60269908,7.40084139,12.12084060,4.74394985,-2.07227216,-12.30721995,-6.41790260
15.19531250,-1.80281030,-4.68900098,9.52400327,15.42324647,-2.63354798,-2.48469956,-7.47890737,-1.59287684
15.19921875,-1.62334195,-0.26022952,14.41058786,7.40052709,-8.72140017,-4.32837425,1.19195877,-2.12153715
15.20312500,4.56980390,4.20479986,6.76129860,6.66861179,-11.18893378,-5.24200221,5.08945248,4.57989132
15.20703125,8.68799100,10.96832698,9.93530624,3.82143490,-13.42896277,-9.11174676,10.41961836,9.42854712
15.21093750,6.03831344,11.32249995,4.73753779,-0.64271553,-8.27552927,-9.99715749,8.66265525,10.64745450
15.21484375,10.60869221,12.39532633,8.77262216,-3.62600806,-8.49799340,-13.40056917,7.15355709,10.40669935
15.21875000,8.14500501,8.38108328,9.18671742,-9.02631395,-7.74961085,-8.58575532,1.75757178,11.71665645
15.22265625,12.09418859,2.23220430,6.46898412,-6.71933597,-0.46079451,-7.98469085,-6.92932307,8.30546213
15.22656250,9.66328340,-1.39644534,7.74446422,-7.81219154,2.31106642,-7.49353271,-8.19645179,6.89141388
15.23046875,8.50543084,-1.71783092,2.58555793,-3.32889139,8.14744603,-7.01873411,-1.77756052,4.47702067
15.23437500,11.45497731,-7.63558247,7.07933455,-5.69451250,4.97671470,-7.99782036,5.19130736,-3.76568610
15.23828125,6.68234598,-6.61644296,-2.71211801,-7.88728278,9.90715880,-4.17817647,8.96741262,-6.63382937
15.24218750,5.71917644,-4.90480295,-0.94295880,-4.00589365,9.70481698,-0.83049591,10.77252511,-4.94527828
15.24609375,5.39530158,-8.04222011,0.93361129,-3.93360677,2.82594255,-2.90256938,7.04946274,-10.90283636
15.25000000,2.24856459,1.98282280,-0.95977152,-1.74177531,-0.47552515,-0.98686510,1.81651453,-12.83737140
15.25390625,1.28099569,6.76962905,-3.02123503,4.10351367,-1.71042550,0.58492187,-9.91699743,-11.28800146
15.25781250,-0.95302087,5.99559093,-2.14822856,6.94374154,-8.41755685,5.20695023,-9.72547494,-9.34260100
15.26171875,-5.55635286,7.64135007,-5.48397262,5.99055958,-10.11894164,9.36334799,-5.11100179,-9.89219993
15.26562500,-6.17603064,10.33262663,-8.00928087,6.31456640,-12.34741454,8.31674875,-3.16128684,-5.68195952
15.26953125,-6.69615301,5.39633841,-11.42556809,12.59471942,-3.74252574,13.07587921,3.92553639,1.29423032
15.27343750,-9.27011020,6.01511425,-11.14282457,7.95950198,-0.34382913,10.06387209,11.82736149,6.06103556
15.27734375,-11.76373898,-5.89893686,-8.45930934,8.92247090,2.10693862,9.55301844,11.29102386,5.30838638
15.28125000,-9.24812268,-13.29344514,-8.46023010,5.68775689,6.23750439,12.01495871,5.44591928,9.59712627
15.28515625,-8.91539054,-14.03190696,-8.83774982,5.35684721,9.78205881,12.36534407,-3.14384288,5.67971331
15.28906250,-4.91028701,-10.04066368,-10.12617735,0.26528542,9.44393370,9.76596983,-11.88439248,9.29091115
15.29296875,-5.13575712,-9.24737283,-10.72718120,-3.48767294,13.20693366,5.54200405,-10.69686322,3.63436177
15.29687500,-0.46181745,-6.93083019,-5.80088320,-4.60192692,10.83648816,9.53758780,-8.31318435,1.27928992
15.30078125,-3.98998653,1.67422146,-10.21856826,-9.02041820,2.47635194,4.16321877,0.31421602,-0.93867843
15.30468750,1.22137452,3.73580045,-9.35857753,-9.19528032,1.93285924,2.79031308,8.27266083,-2.03416073
15.30859375,2.16633894,10.32575550,-8.93634506,-6.23912475,-5.14089237,-0.33960114,7.08396815,-13.28756449
15.31250000,6.81095339,8.40547272,-5.16675797,-8.10575748,-8.39736731,-2.69181957,5.91620731,-7.35946178
15.31640625,4.22162267,5.61580586,-2.77910729,-6.96019044,-5.51695991,-3.76559260,-1.62547493,-5.86303765
15.32031250,6.70894890,2.14491797,-3.36820155,-7.81044106,-8.82053607,-5.20293444,-10.60193723,-10.25453827
15.32421875,7.57806447,-0.23127856,-2.89311112,-8.95314532,-10.76426210,-7.95265509,-9.71700045,-7.64446370
15.32812500,8.62159484,-1.99151732,-0.90988992,-6.07617839,-1.27241964,-4.83275044,-7.87852989,-5.19918986
15.33203125,9.54348818,-12.81222940,0.32867926,-4.74774412,0.29701824,-8.56875200,-2.35560356,-1.44475808
15.33593750,6.54875175,-13.86274557,0.71352282,3.92086119,1.63616325,-9.97803797,2.81694243,-3.97521443
15.33984375,5.58766500,-10.72503902,2.64722893,4.07004680,5.19960025,-8.85042591,10.47016616,4.61941830
15.34375000,5.15380799,-7.43688538,3.72693704,6.51989732,5.24407458,-10.11673309,8.74769917,6.99475461
15.34765625,-2.69262105,-0.11767308,2.33099543,12.39104660,12.45765107,-9.59974913,3.61943771,10.20322574
15.35156250,0.45638746,3.14905130,4.40294848,11.56919144,7.58993029,-14.37646433,-4.13782908,11.29082169
15.35546875,-2.36849046,6.53637449,4.48638605,10.50412869,8.91783691,-11.35098539,-6.52980561,6.31918543
15.35937500,-7.12446762,13.19150672,7.37838279,9.15817027,2.78658949,-3.75556996,-8.92961269,7.31639085
15.36328125,-5.30081625,10.71566341,9.67652819,3.77797017,-5.59859345,-3.80776123,-7.32667628,3.89175439
15.36718750,-8.71315652,6.55193697,9.84106150,5.39742085,-7.75796484,-2.72763020,-0.89828822,-0.52373380
15.37109375,-9.81188938,7.08451594,6.52861585,3.07314786,-6.73335664,-0.85090554,5.55277311,-3.61872276
15.37500000,-11.79264359,-0.87730388,5.35609780,0.37722416,-9.98665779,1.57321788,11.76570430,-8.98773839
15.37890625,-4.99390198,-3.46252498,13.59670749,-6.27139306,-7.99141571,1.08316957,5.10909294,-11.33789249
15.38281250,-5.63816007,-7.68299039,6.63225296,-7.41788437,-8.30345365,-0.53422506,1.48117824,-11.57330790
15.38671875,-5.19649081,-11.47611433,3.83544443,-7.62949093,-2.99555916,5.99669618,-8.69328812,-9.02387233
15.39062500,-4.70327324,-4.49670902,12.35401336,-11.29578641,3.36804442,6.52489377,-12.49118334,-8.59077388
15.39453125,-1.60786424,-6.21974061,7.74541164,-11.08468683,4.79869670,6.03280570,-7.10904571,-5.90496254
15.39843750,-0.81022625,-1.65284696,5.47060203,-8.13865458,5.72241448,5.75926340,0.51632875,-2.90170096
15.40234375,0.47565508,0.83512726,6.79596773,-14.72805218,9.66670124,10.80206099,7.47239527,-2.30186704
15.40625000,5.84794569,3.48085389,5.72355788,-8.85703787,9.33174944,12.58450799,8.33129474,7.20844945
15.41015625,7.83858462,9.21211117,3.65828102,-5.73957453,5.71156284,11.48538727,12.11045270,6.85072209
15.41406250,8.51911893,10.38789489,1.67922640,-3.40926737,4.70117129,13.63399622,6.78991054,8.86457231
15.41796875,10.54753844,8.01227362,-0.71370115,4.18247623,0.65305918,8.01395553,-3.70927932,6.68463886
15.42187500,9.62889992,3.24547075,-4.03656542,4.77875991,-2.40775737,7.27767702,-7.87904168,9.30979575
15.42578125,13.20656674,-2.88222833,-4.55707549,10.47123938,-6.11827018,3.54709310,-8.61891594,5.74050393
15.42968750,7.28205721,-5.82747368,-4.17594128,8.76122898,-10.56363957,4.01866607,-7.99214124,4.50174172
15.43359375,6.91548096,-12.70555673,-6.79517221,5.16535078,-4.38262448,1.40713914,3.30422690,-0.42161203
15.43750000,3.16438796,-11.57874431,-7.77924839,10.46317773,-5.81320917,-3.37295817,7.53815032,-6.54029519
15.44140625,3.89986966,-6.66715136,-9.81110339,10.07187768,-4.44604826,1.49707226,9.45489546,-10.73509545
15.44531250,-1.55243469,-8.47840828,-7.86826093,4.36077904,1.85439366,-3.18951162,8.02122111,-11.59596921
15.44921875,2.61627808,-1.47078843,-3.44901835,0.10696619,6.35703602,-6.97571786,-1.61102991,-10.25466141
15.45312500,0.50042573,1.33667794,-8.34784225,1.33315853,9.17796064,-7.48403372,-6.43960070,-9.36616356
15.45703125,-5.63155506,9.00299989,-10.36143702,-3.16527600,12.52511363,-9.38237664,-13.27336629,-8.50118497
15.46093750,-5.52912866,9.05023872,-9.94075965,-4.37172496,11.54637685,-6.62965151,-9.95158880,-8.42379039
15.46484375,-10.81642147,4.22148824,-10.18644754,-7.73890899,6.74691897,-7.42024609,-3.20555572,-1.01869958
15.46875000,-10.91834547,4.32968116,-13.10983296,-10.18537226,2.27475386,-10.98352099,4.26711086,2.03583744
15.47265625,-11.23508988,1.73517060,-4.79981699,-6.64332340,1.56242058,-13.38533428,10.24957185,7.78132462
15.47656250,-10.30833356,-6.62420550,-7.59145646,-11.33832961,-4.44443474,-9.29032663,7.26629859,6.25394814
15.48046875,-12.32589345,-8.18463382,-3.98525353,-13.78919209,-6.72650028,-6.72748319,4.76240961,6.47012142
15.48437500,-8.71038672,-9.63717852,0.82414647,-10.57171634,-6.03974011,-9.02565153,-7.57443570,11.63961237
15.48828125,-7.74716805,-12.18530774,-4.42651361,-8.53642866,-11.26630433,-7.62822706,-11.84188873,10.39928979
15.49218750,-8.69569032,-5.51871213,1.83539717,-5.09101849,-7.37644057,-7.53814414,-10.74679483,4.52317356
15.49609375,-6.51706719,-3.90307810,-0.54560051,-3.60085452,-5.39194567,-4.56617051,-9.89226211,2.44037641
15.50000000,-1.62236910,2.66823862,0.60336699,3.04261596,-0.43995667,-4.59441756,-2.08274440,-0.15817563
15.50390625,-4.21430684,4.24061690,6.97882237,5.78813547,2.71833949,-2.49610326,4.38861396,-2.72122709
15.50781250,2.48627409,7.03925119,5.50982460,3.04031249,4.32798790,2.79450521,10.37155554,-6.46658617
15.51171875,3.43145037,10.47284332,3.28021503,8.01094083,8.43602811,3.46427943,7.15667572,-6.95658832
15.51562500,7.06965226,7.40173173,9.42749400,11.01229046,10.81000373,5.64772768,5.25237321,-3.62688832
15.51953125,7.26977436,6.92908742,7.89086145,9.95573110,3.13898432,8.26958599,-4.48320747,-4.07817098
15.52343750,12.25800222,5.28398580,7.91288639,11.59978770,4.89915611,6.37888612,-10.41368787,-4.70360892
15.52734375,8.61432070,-3.58364470,9.21318159,9.89531058,-7.24127803,9.25466007,-5.91761908,-3.37319994
15.53125000,10.40737982,-8.27564351,11.81300029,8.11015036,-8.28373873,11.57121643,-0.84912147,1.60212598
15.53515625,6.92567148,-6.36577125,11.43264943,1.88689359,-11.40383926,6.20337024,3.70754848,3.29176556
15.53906250,6.47447069,-7.85374543,11.73153708,5.42038540,-9.10914443,4.60247563,10.99680121,4.96058887
15.54296875,7.81428733,-5.45065587,9.62087964,3.90287353,-9.97421923,3.94478278,9.39764382,11.45681693
15.54687500,2.29159754,0.21329077,9.93226727,-2.32455199,-8.95839076,11.72088150,7.50970349,14.04283610
15.55078125,0.76643671,4.02821492,10.19080828,-3.06473274,-6.96739155,4.74486687,3.63142391,12.56133106
15.55468750,-0.61780053,6.33815219,10.94688458,-5.78719994,-4.42641569,3.65891942,-6.31178659,9.96545947
15.55859375,-6.43129390,10.62178107,8.33637507,-4.64552205,0.63082168,1.56051881,-5.53018574,6.04636361
15.56250000,-7.89257188,12.06872622,7.18257445,-10.43129900,5.59135011,-2.47423820,-4.30151485,5.35288527
15.56640625,-6.74377179,4.67685341,4.79061462,-8.70389139,8.44899062,-6.80669066,-0.07494021,0.60056073
15.57031250,-9.12820176,2.32588019,3.34094620,-8.80562241,7.74329642,-1.91229303,6.05221391,-4.75288306
15.57421875,-8.36729703,-0.16144022,4.93572586,-7.82085459,7.96174394,-4.24157020,9.54375017,-7.30232000
15.57812500,-8.79580568,-0.83291050,3.58342560,-2.44115801,4.07349133,-8.36926638,8.60567673,-13.29346683
15.58203125,-8.78875555,-3.31704323,-1.33291605,-0.06729411,2.10989110,-5.35165179,-1.10898512,-10.54888554
15.58593750,-9.14649254,-12.60322310,-3.09796448,4.04749668,-3.90247179,-8.71828705,-4.01565789,-11.82179901
15.58984375,-6.15421763,-8.06489954,-4.06305754,6.30077297,-8.53779143,-8.53035808,-9.49205818,-10.73450728
15.59375000,-2.40700793,-7.91772626,-2.47383261,3.47109702,-11.83078073,-12.30875958,-7.08513390,-8.09076483
15.59765625,-1.82062426,-1.06661460,-5.59053718,8.42663004,-11.56127106,-10.36048517,-4.45618263,-1.84569516
15.60156250,-1.66549354,2.29571786,-5.52718214,14.75186468,-8.72890620,-11.17937074,2.00547147,2.50713202
15.60546875,-0.02221681,6.38578504,-5.70352217,11.36971538,-3.00792425,-5.86427663,10.62558030,8.12525400
15.60937500,4.15759573,10.53762931,-6.74932072,10.56082486,-0.50304347,-5.17497214,9.45517431,7.87174627
15.61328125,8.64168733,13.55596385,-12.03411076,11.73938500,0.84831912,-3.20990082,4.80754512,9.78680571
15.61718750,8.99079624,9.14644713,-11.64175368,6.77511625,5.23167004,-2.97227137,1.77661562,9.75981999
15.62109375,8.01560271,3.11895530,-10.32399722,0.51433240,7.48822382,0.98792833,-9.24781431,9.78632668
15.62500000,11.76075848,1.79200730,-10.90548559,-2.84527057,7.59343840,-0.54509799,-7.35289219,8.67277360
15.62890625,4.97900722,-6.52487339,-5.86474083,1.21530112,9.21229464,3.39693074,-5.40811528,4.74800769
15.63281250,6.65675721,-5.16161789,-13.29595689,-3.60331325,4.35968431,1.14831640,-1.39209618,1.10488200
15.63671875,10.03406749,-7.54553641,-9.31714193,-8.46683556,2.59814318,9.38159032,4.85492945,-2.74811288
15.64062500,10.09346492,-12.15099363,-6.72898673,-12.41521426,-3.65228033,6.53047126,10.05970398,-8.87197901
15.64453125,2.93614458,-8.05560020,-4.70515060,-15.71046643,-8.47467468,7.10859323,8.32644798,-10.15857531
15.64843750,-1.01313120,-1.52091622,-9.32909336,-7.54090572,-10.52706603,8.95416658,1.23192641,-8.04339514
15.65234375,1.18395472,0.09334775,-6.14824996,-8.73957369,-12.55941204,9.92550333,-8.71868455,-6.70097878
15.65625000,-4.27376314,4.27355256,-5.48354812,-4.46987890,-11.12998835,7.33870417,-8.52828847,-6.89025696
15.66015625,-1.50095828,3.86780561,-2.96613327,-3.28835543,-8.07340131,7.79729210,-12.18107763,-1.19265983
15.66406250,-5.97590842,12.31328331,-1.97063981,-4.11631587,-6.90771956,6.09820027,-6.04193219,-2.04766500
15.66796875,-3.56298830,13.14825867,2.47657384,-1.37760578,1.60489716,7.52996778,0.66120398,0.89208489
15.67187500,-7.93649519,2.84671526,2.19498016,7.14802023,3.27020035,8.54952938,9.00176865,4.29693419
15.67578125,-9.33464012,-0.27810319,4.81916394,4.63440466,5.10897322,2.72728737,10.31383121,9.05869344
15.67968750,-7.33353429,-5.86765945,6.16938479,10.87096945,10.90136593,3.75951732,5.96168234,9.41925798
15.68359375,-8.87248480,-8.83915213,3.27195630,12.94237859,8.89235163,6.45772569,-1.11982076,8.57470313
15.68750000,-4.21824943,-8.23883678,6.53929757,11.91554075,4.99270283,-1.17306792,-6.00556280,9.58322574
15.69140625,-4.36981812,-5.80187517,7.39114310,8.58666715,2.71445748,-4.55534686,-6.97281368,12.07395254
15.69531250,-3.68718593,-5.81907672,7.23136091,12.75621306,-1.49161953,-3.37288523,-7.30410908,8.25499638
15.69921875,0.09086421,2.35697942,9.13392857,10.50250389,-4.87998285,-5.80599977,-0.84277736,4.63908941
15.70312500,4.33428500,4.37801591,10.86218860,5.82402769,-9.74298740,-8.14159760,6.97471259,-1.69575161
15.70703125,4.76209066,9.23580149,9.32807644,6.61256477,-9.20856574,-8.03643621,13.63507354,-1.55305135
15.71093750,7.11883834,11.91466489,8.38777687,0.90373223,-10.17672541,-7.49250316,9.04416952,-7.48606830
15.71484375,9.07506570,7.79240133,7.91880534,-2.18256082,-8.58373304,-11.74339827,7.78176655,-5.19251190
15.71875000,7.16831748,11.00453097,11.83432157,-4.26193921,-0.99319145,-8.79096905,-1.99938204,-5.09583872
15.72265625,13.47682130,7.85526862,10.20339530,-4.99800369,-0.44020685,-13.00317337,-2.57915384,-7.16686514
15.72656250,8.75169832,-0.17552965,10.17920325,-6.53634351,2.15571787,-4.86503594,-2.35815131,-7.51810532
15.73046875,12.30814290,-3.10253497,2.96109000,-6.11124771,7.49430992,-3.65105351,1.65293110,-1.15743863
15.73437500,13.17748844,-10.67006477,1.12244874,-9.37756590,8.40819883,-4.30687264,4.46920802,1.04811338
15.73828125,6.18416041,-7.27220413,1.87356610,-10.60404100,9.38032683,-1.17307897,7.03709044,5.25380610
15.74218750,5.71992895,-8.42362819,-2.79330423,-1.79852764,7.11619495,-3.02421234,10.87595684,8.87630271
15.74609375,5.18766074,-3.80073826,-2.62950546,-4.63327261,2.55924147,1.68131020,9.80271853,11.46425640
15.75000000,1.07542441,-0.38304408,-4.72245489,-1.41617650,3.36806702,0.36237509,1.61571755,11.82439776
15.75390625,2.21218574,3.93227525,-4.30926403,2.99187749,-3.82046192,4.42192422,-6.70055147,7.25628326
15.75781250,-2.26481210,8.59032035,-6.24258615,0.92791844,-2.95476326,7.86011082,-11.39945508,4.55331443
15.76171875,-5.18489415,9.98542195,-2.43451925,6.25230867,-6.09884013,8.53767542,-4.73967113,2.60735794
15.76562500,-5.08651011,6.59238386,-10.71689482,9.13578079,-10.33588075,7.24685770,-4.56047539,1.39171808
15.76953125,-7.17085039,6.24801290,-11.75716817,8.91049495,-5.79547769,6.64833345,4.47512568,-4.88672049
15.77343750,-9.55217759,1.37955611,-8.91573856,12.75443936,-4.70122332,11.10839205,11.69834415,-7.35056162
15.77734375,-8.83434126,-7.62187930,-10.07693378,7.80787102,5.31231659,9.61376020,6.98457012,-11.19980663
15.78125000,-10.93845801,-11.10318143,-9.49785795,7.31782033,7.81575120,7.66579030,5.66275697,-10.77013426
15.78515625,-6.47900390,-16.82733510,-8.29617322,7.78220813,10.00089073,9.27747167,-2.88490801,-13.10754729
15.78906250,-6.16543969,-8.80536582,-11.02067341,0.31860169,9.34083607,8.06159963,-7.77774457,-11.93914784
15.79296875,-7.01929305,-9.51463586,-8.97340451,-2.37802065,15.15383316,6.19901182,-11.44526147,-10.95371387
15.79687500,-1.81868632,-3.70570677,-9.57613432,-7.44703827,9.31801834,9.47573614,-11.12682288,-5.33221736
15.80078125,0.39347835,1.44580559,-9.18374750,-2.97067073,0.91259462,8.51985327,3.25747119,-2.87640985
15.80468750,2.80243261,-1.06724979,-3.82226634,-8.66318291,2.12197593,1.97549822,6.79388271,9.24899653
15.80859375,2.23019088,9.23891089,-7.50390060,-13.69595861,-2.40618323,0.42558630,9.29588978,6.95759327
15.81250000,6.97729381,10.65991136,-8.91854392,-15.55613311,-6.34935861,-1.71892419,4.49595185,8.34922165
15.81640625,6.78772606,7.77376132,-6.32182266,-7.80439971,-11.44994223,-5.06791914,0.00032721,5.57800896
15.82031250,10.34573379,3.92095628,-3.47895463,-8.38858486,-7.36348400,-6.71687864,-1.83117921,6.74999927
15.82421875,9.18454279,-0.66497183,-1.53350579,-6.26284938,-3.75282719,-4.84603937,-11.74679941,5.24089959
15.82812500,8.40861902,-2.54536837,-0.06572438,-4.48267206,-4.32209845,-6.34819128,-12.47509566,0.26831724
15.83203125,10.50501096,-8.96237304,-1.29889901,-0.19081262,0.89823420,-12.67137889,-2.52572289,0.54966044
15.83593750,3.58695757,-8.32734548,-1.50081951,4.53015206,4.98090087,-8.75195011,3.22119818,-3.60671496
15.83984375,8.10937535,-11.46120925,2.89521563,2.10444709,5.10358074,-10.61555589,5.79611965,-3.71661759
15.84375000,-0.76515525,-7.42915859,3.49023714,5.43983967,9.68655377,-14.34233302,8.42562848,-6.33244275
15.84765625,-0.07998391,1.63706261,4.47389138,9.06061484,10.14240615,-7.95770606,6.16109661,-8.17270758
15.85156250,-3.76304286,0.27399945,9.81487903,8.66091779,9.15837522,-10.98029193,-5.12202585,-10.65667361
15.85546875,-2.55400819,5.33524367,5.03730212,6.48232563,5.76671171,-8.18275738,-2.36378400,-7.46514920
15.85937500,-4.42338492,7.27294607,8.05565501,9.39785500,3.59797136,-7.20523912,-10.92850223,-5.93994261
15.86328125,-6.41320794,8.57637784,7.01335512,6.62019610,-4.65822955,-6.99336909,-3.82404410,-4.68161358
15.86718750,-5.20468669,9.34033078,8.09874552,2.62282229,-6.19684538,-2.46310561,-0.97303674,-4.85400744
15.87109375,-7.24222207,4.43662599,7.45078442,3.49601218,-8.63881287,1.14817757,9.05048179,5.67852493
15.87500000,-9.46094994,1.88151690,7.06151196,-1.65416529,-10.06318499,1.60186013,10.11526244,7.74642585
15.87890625,-10.17132835,-6.51700574,9.15342470,-4.11680559,-2.46617073,0.70356482,3.29071352,10.92323412
15.88281250,-6.27122363,-7.19015166,12.57102393,-6.52541411,-3.88075171,3.28939113,1.89565239,10.98974837
15.88671875,-4.06492303,-5.74793940,11.38628603,-8.35414734,0.50126928,5.47682871,-6.23867201,10.43354541
15.89062500,-5.30078774,-9.98404994,8.34037427,-12.38092023,3.44754650,5.70578057,-13.40993452,3.60077821
15.89453125,-1.48114075,-8.08247312,10.54329454,-7.72331614,9.97705955,6.50322085,-10.97220636,3.30965429
15.89843750,-1.52043071,-2.25304395,8.60413058,-9.22988814,4.99234863,6.06474339,-3.15151747,2.66478260
15.90234375,-0.17531462,1.01468641,4.04613962,-5.65902868,12.45086121,9.33597642,2.95623238,-0.18551645
15.90625000,4.40770096,8.48770983,2.61883739,-5.74646302,10.83269032,8.09879606,9.26696142,-5.31726700
15.91015625,5.19229448,7.02708238,0.83797615,-2.11819366,6.04354678,5.05964124,10.31663814,-9.36064008
15.91406250,8.02970028,8.96239366,3.38374732,-3.68097784,3.52821849,9.47424717,5.44609806,-9.55842565
15.91796875,13.02365805,4.76179119,-0.80663569,-2.40685025,-1.99562512,11.81869931,-0.64764488,-9.23849955
15.92187500,7.85923889,6.52628350,-3.27429628,3.67248527,-5.86534819,6.46114737,-9.64597725,-6.28036395
15.92578125,9.45269523,-1.00050673,-3.93742756,5.77203958,-8.96525972,6.56407061,-10.30789716,-8.36833128
15.92968750,5.98721642,-8.57514252,-6.20575523,8.43258779,-11.90071071,6.56037739,-5.45339873,-4.36843210
15.93359375,6.13740341,-7.60193334,-3.49632589,7.51157470,-7.74391814,4.31127458,2.13652829,-0.87444241
15.93750000,6.39562922,-10.18349481,-6.62503844,7.15584407,-6.11799921,-0.35823590,4.11679240,-0.47509324
15.94140625,3.73722472,-7.80320667,-6.40322235,9.49602043,-4.30137697,0.67663585,8.79879765,7.06728521
15.94531250,3.37797902,-7.31264536,-9.66643371,10.09523683,1.69446651,-3.29618000,8.65586993,7.06494013
15.94921875,0.01260021,-2.85322975,-9.67753410,5.58859317,8.80505862,-4.92655721,-3.02061712,10.14776015
15.95312500,-4.54297890,1.77826133,-11.97723588,2.75602975,8.33568769,-7.58043913,-2.62486362,7.57936126
15.95703125,-5.48018734,5.42072500,-11.81273536,1.68081703,11.82925072,-13.60419989,-10.22442829,5.89627855
15.96093750,-4.31178364,6.85177501,-12.71714545,-3.55346612,10.98557609,-10.37547763,-12.44673808,3.83625358
15.96484375,-6.53381354,5.65641858,-6.85328869,-5.99103067,9.23676079,-9.51442162,-5.86164832,2.27886357
15.96875000,-9.42108963,7.57907405,-6.53438271,-7.99197940,7.47652922,-12.15297599,-0.12471454,-1.48153976
15.97265625,-8.68547268,3.69780968,-5.63701124,-16.82857977,-1.71299594,-10.92656768,6.99269385,-3.94369545
15.97656250,-13.93781842,-3.34426189,-5.66312395,-6.89408930,-2.83932317,-11.99407259,6.51653192,-8.70491525
15.98046875,-12.96792713,-8.80780369,-5.64036563,-12.47008506,-8.06071411,-13.31111588,0.92618984,-10.51106913
15.98437500,-15.03356877,-8.64247205,-1.01471435,-12.44039820,-8.43915977,-12.17092664,-4.74315537,-10.27681169
15.98828125,-9.85795209,-12.10129703,-2.99796151,-6.48249753,-10.04749702,-6.60464993,-12.47659413,-7.03158974
15.99218750,-9.64997951,-7.60289509,0.66304875,-5.65003991,-5.51295451,-6.20119304,-10.86939403,-5.96111119
15.99609375,-4.61444605,-4.22235235,4.22950045,-6.23618899,-8.22285023,-4.46447906,-8.11544975,-6.83693670
16.00000000,-1.17899973,-3.25449273,6.53866726,2.04188579,1.81573618,-2.28197537,-2.93841234,1.10949769
16.00390625,-0.01070680,8.26417626,5.16712005,3.58921266,0.89122584,-0.71017692,7.35947703,7.38517670
16.00781250,3.92948065,9.68555734,4.92565743,5.37830409,7.31232932,-2.47325979,7.97277283,9.29141387
16.01171875,4.38246587,8.35952308,7.70527941,7.70299155,6.87598423,5.42313602,8.27791877,9.32748691
16.01562500,5.57478725,12.20737839,12.19956926,9.51176820,7.58929661,4.05501523,2.43226275,15.26193932
16.01953125,5.95789692,9.12630002,10.74850232,11.25120406,5.68184819,7.33143162,-3.07475528,12.06757057
16.02343750,10.19419656,1.03798389,10.01431323,14.96730632,1.92755065,1.97702712,-9.27229896,7.57807023
16.02734375,5.78296722,-2.14727096,10.95334714,12.85268763,-0.39252278,10.62032267,-7.56858867,9.29698038
16.03125000,7.53913660,-4.85125303,9.98923765,10.45548255,-8.67008454,6.72188938,-5.71711215,0.04310044
16.03515625,10.11854040,-10.72627163,6.47896018,5.22890846,-5.99757666,5.76712606,3.77796499,-0.80337984
16.03906250,8.05366822,-7.55505246,7.36373049,0.82647786,-14.46806888,12.87666098,11.19270374,-2.14389392
16.04296875,5.30604922,-4.45051828,8.92187729,1.55883816,-9.06083665,7.09930591,11.16695685,-6.70643210
16.04687500,4.32651024,-0.22018674,8.73481778,-4.47958952,-7.84833091,3.13825399,8.42617954,-10.91408863
16.05078125,0.96695804,2.40316699,5.17166930,-3.04958909,-6.73924439,1.52049007,1.54855755,-10.11359560
16.05468750,0.43766382,6.58941043,10.00156906,-8.94968517,-2.56331352,1.98336593,-6.86980300,-10.32906229
16.05859375,-5.79088945,14.01265679,9.63958111,-6.36932199,2.60432285,1.18827659,-2.98977024,-3.17358303
16.06250000,-6.74395449,11.03584894,8.57049825,-7.59564640,2.72032085,2.66216995,-7.79943144,-4.76576708
16.06640625,-5.86597101,14.28553057,3.74628188,-8.08791338,9.09135639,-2.82338144,-3.26351974,0.59208930
16.07031250,-7.72150672,6.38134412,4.75469811,-7.12356010,6.27496060,-4.43961119,5.38335738,4.93975047
16.07421875,-9.84703522,2.38172428,1.37816940,-7.82006476,7.48826069,0.26620846,9.99782284,6.03590773
16.07812500,-8.81271808,-0.47456175,4.58364583,-0.76682495,4.86808147,-7.62750457,8.62813976,9.68769407
16.08203125,-9.14174767,-7.35771671,-0.13239201,-0.28053216,1.95883716,-7.95388650,2.35542671,12.04379007
16.08593750,-3.22772974,-8.10552189,0.03902702,-4.06443054,1.96820824,-8.13850593,-3.84424080,7.48307248
16.08984375,-0.09893862,-10.09829027,-4.54616373,4.00435102,-8.86966490,-11.04245519,-8.54009645,6.92637267
16.09375000,-0.64177829,-4.71169903,-2.44835164,9.22515781,-9.07274303,-12.72305737,-8.18198323,8.25893721
16.09765625,0.54842536,-0.85229399,-2.85698086,10.26942439,-9.58823114,-5.40908681,-4.44127037,1.40043786
16.10156250,2.33445134,1.74301192,-7.83991611,13.10883242,-13.04207262,-8.05930662,1.94767081,1.72243914
16.10546875,2.02841061,6.29672388,-7.85032546,12.06150047,-5.67376928,-8.75750325,7.58072062,-5.29763602
16.10937500,9.16294497,10.33730709,-7.20414267,8.44106675,-2.59963074,-7.97062762,14.04825473,-9.58260805
16.11328125,5.59689331,11.64937854,-6.38286093,8.81898931,-1.37030891,-5.24588589,4.93216793,-10.71443795
16.11718750,8.35174682,12.87253363,-9.42463197,7.45966342,5.20324302,-0.44785303,-2.78361509,-11.32166558
16.12109375,10.99798970,5.43770833,-5.78741025,2.77207368,9.66601015,-1.32448377,-6.41908706,-13.21089926
16.12500000,9.68124541,-3.10412160,-12.64006277,-1.26031540,7.92867458,0.78426513,-11.12857918,-6.56370983
16.12890625,6.68240885,-1.43913114,-7.12466254,-3.35149273,7.81241586,0.31262671,-8.32881938,-3.26297086
16.13281250,5.43386462,-6.70236053,-7.65192916,-4.07348549,7.02686070,2.06117859,2.66179322,-3.18734018
16.13671875,6.08971406,-6.57451538,-8.24487973,-8.80388470,-0.45140134,8.06815097,8.90767122,4.00345341
16.14062500,5.03102524,-11.81442639,-6.27486176,-9.77734749,-3.50784103,6.64777938,10.06997422,4.45101995
16.14453125,2.62753806,-4.77952853,-3.62822798,-12.11770306,-7.77937073,6.95529796,7.70557494,6.22760604
16.14843750,-1.78548566,-3.71130945,-8.65069351,-9.82808436,-11.00764875,11.75980206,0.46442828,12.01688714
16.15234375,-2.41770501,4.26703155,-7.07819270,-8.85481560,-9.28678693,8.37839769,-3.50637459,10.27039879
16.15625000,1.44669460,5.14895808,-0.38421584,-5.93099647,-10.34884274,6.77577209,-8.67527166,8.59229883
16.16015625,-5.09193363,6.10928499,-2.35575940,-6.69820474,-2.68490534,9.07766936,-5.58233282,6.52531188
16.16406250,-8.28908139,13.39971609,1.97050535,1.77699369,-3.52940203,9.38097150,-6.14722842,2.63086520
16.16796875,-6.40669959,11.92827221,-1.01535659,1.47866099,-0.56255289,7.32191383,2.73048806,-0.45898827
16.17187500,-12.93194957,6.78237756,3.19915084,5.44954000,5.74709130,4.22093887,12.03724145,-7.01472018
16.17578125,-11.39702550,1.74502690,4.87360469,7.76073062,8.68238589,6.89865451,11.19288404,-6.78688780
16.17968750,-11.91275291,-4.59836313,4.83092774,7.20758878,10.07011284,3.90547697,5.84403877,-9.93765757
16.18359375,-8.40658254,-6.35517233,5.93634892,9.98838618,9.08420373,-1.26255635,4.22583740,-5.62977241
16.18750000,-5.73618119,-6.99841122,10.17856332,12.37619382,8.32288330,0.65502998,-5.65632848,-11.19835377
16.19140625,-4.64071351,-5.59730992,10.22617248,11.49370562,2.76380541,-3.46514762,-10.38694254,-6.72803993
16.19531250,-1.44225406,-4.15837919,9.34738923,10.78696367,-0.43130487,-4.44862009,-5.56009489,-3.92021819
16.19921875,0.11328974,2.88121490,10.49306965,5.87723266,-5.77337137,-7.25190846,4.22262109,0.22353138
16.20312500,4.52040215,-0.22275546,13.47271778,6.44904574,-9.33329544,-11.52139783,2.22870944,6.21610159
16.20703125,3.78804990,7.36226383,12.28181675,-0.19237574,-12.52407438,-7.98432462,14.24166877,7.55921101
16.21093750,10.28629148,13.24372905,13.36218299,1.73071919,-17.76678411,-6.84519420,9.77198393,12.07631103
16.21484375,8.27776295,10.21414039,7.34695345,-1.96781145,-10.92486940,-10.77312952,8.63053101,10.38154326
16.21875000,8.66606941,9.03110884,6.36352596,-2.48292401,-6.46670758,-9.23725358,-1.30420723,13.39868380
16.22265625,13.27437265,2.35927671,0.90671950,-4.70070499,-0.40032757,-4.31858207,-3.86696917,10.46581115
16.22656250,10.02831824,0.69730434,6.58711838,-6.25927255,4.78489610,-7.93225002,-7.81265894,6.34601271
16.23046875,13.72683278,-4.22370039,5.58654521,-10.90350080,6.61870379,-6.06570053,-5.41650505,1.15620094
16.23437500,8.89392729,-6.43197567,3.36961597,-6.74800377,11.00688140,-5.42423805,6.55917572,0.85345075
16.23828125,5.61595536,-5.04736088,-0.39855023,-6.75251201,9.47009349,-2.58383543,11.89195369,-2.80886305
16.24218750,8.26460340,-4.21970360,2.29542673,-2.81838817,8.78077226,-4.03766090,8.74890350,-12.52981092
16.24609375,5.32890780,-4.16909590,0.38344630,-1.94038062,4.42319260,5.55162275,7.77240375,-3.73256863
16.25000000,3.54665909,0.26530424,1.75957434,-0.77690362,6.04068801,1.43103201,0.60449147,-11.60058655
16.25390625,0.14418898,3.10793448,-1.95960072,3.35243651,-3.61941368,6.84295602,-4.37386149,-7.83107335
16.25781250,-4.52596322,10.53215110,-5.65740302,7.11174425,-5.00445639,7.94656294,-6.43264297,-8.67517741
16.26171875,-6.11817038,3.84425880,-4.30875777,5.83117825,-11.38276006,6.13865004,-4.49738753,-6.91886820
16.26562500,-5.07554228,4.73859632,-5.99640208,9.91045184,-5.93555951,6.56487496,-0.41847242,-1.35895243
16.26953125,-4.93122411,2.62137545,-10.12622503,7.39281693,-5.50326819,11.61362964,5.55388487,1.98731481
16.27343750,-9.57200255,1.44877465,-12.18082849,7.24160287,-3.85476704,10.68823349,9.16174791,-1.03234623
16.27734375,-9.52934822,-8.08374613,-12.87149114,10.02867946,1.66110672,8.47611661,10.16887836,5.65710766
16.28125000,-9.82886191,-6.96397194,-14.36256885,2.41345497,2.12468328,11.74739007,5.08486604,3.46499809
16.28515625,-4.17991397,-12.10328748,-11.92062341,-0.32751396,11.54787733,14.60873040,-3.49287711,5.35090886
16.28906250,-5.18714655,-10.55459211,-7.54249943,1.34093044,12.22941822,11.58411413,-9.27913821,4.06808643
16.29296875,-4.24257325,-12.09646136,-8.72979372,-5.49756224,13.66516295,7.13951181,-15.98604963,4.93946085
16.29687500,-3.62828622,-0.84604063,-9.45508159,-5.62447665,5.87697186,9.85154175,-7.84903815,2.32091673
16.30078125,-1.31613192,-0.22751807,-7.68948664,-11.62298315,6.74663235,3.12300900,4.73879869,-6.92804223
16.30468750,2.67031671,0.73830610,-7.96161049,-7.48969284,5.31627682,1.19074936,6.34467759,-8.75469414
16.30859375,3.05584729,11.03279433,-3.61308317,-11.38956137,-3.52735304,6.05739067,7.18547011,-7.69120764
16.31250000,4.28218582,9.28773453,-11.11351110,-10.44840240,-2.28826968,1.17029099,2.45697759,-9.56223855
16.31640625,7.21896140,8.08662735,-4.60239360,-9.05782900,-7.43534152,0.75362001,-4.03756805,-8.09789743
16.32031250,10.93750477,2.36397346,-4.42596135,-5.01622599,-9.07712640,-1.22835152,-13.53614723,-9.34827212
16.32421875,6.32322389,2.49538830,-5.17367237,-5.44357579,-11.54930924,-8.53605272,-9.58697698,-9.93572878
16.32812500,8.85185919,-6.87225541,1.27046610,-3.33769082,-4.25745896,-6.42165953,-8.62596105,-1.82851945
16.33203125,12.10883239,-5.00119342,-1.82676477,-1.51078072,-0.42523368,-9.38753341,-2.82615477,1.39986095
16.33593750,4.62311625,-10.79437540,0.49084451,1.16934142,3.17764873,-10.85915900,3.59951239,2.42896620
16.33984375,6.02381031,-13.26695977,2.28980630,6.13229486,8.87474872,-8.55719462,10.04466936,5.64012136
16.34375000,-0.56895777,-6.71006896,1.26638233,4.27940719,7.54572779,-11.96589352,7.95790796,8.34638317
16.34765625,-0.66109447,-0.69536661,5.47979824,9.40817474,10.69614483,-9.76708265,4.39038874,7.80380762
16.35156250,-0.70488264,-0.33930587,9.33579235,7.06957007,9.75832272,-8.78978254,-4.20309592,9.96681111
16.35546875,-3.34568184,5.32733307,12.61761010,11.11601983,4.45331794,-8.59213429,-8.07470189,6.70082304
16.35937500,-3.72294110,11.40575810,9.94449584,9.07242072,3.09572106,-5.97724101,-12.14807969,6.69662145
16.36328125,-9.30083458,11.24172710,7.39561223,6.41392422,0.97714440,-9.44427222,-5.08767929,1.65569216
16.36718750,-9.58189561,9.38379940,4.69291938,3.64970971,-6.39023116,-5.11647274,4.17969683,0.85873566
16.37109375,-8.36774223,6.91252922,11.86600609,1.77658900,-6.94638323,-2.20205485,4.65758283,-2.49728724
16.37500000,-10.26217630,-3.27439294,8.93460556,0.92192590,-10.49281150,-2.60797476,9.74469309,-6.80536172
16.37890625,-8.09170215,-5.39662663,13.30722181,-4.47783385,-9.87341786,2.68419494,10.11504806,-9.26580559
16.38281250,-12.81910623,-11.33870159,11.86108996,-6.01003477,-1.09865784,6.70619026,-1.93668366,-10.02638135
16.38671875,-7.65277712,-9.68986512,8.91175594,-6.47846172,-2.78547003,8.31418571,-9.19968478,-15.48458930
16.39062500,-1.41530615,-8.64808753,11.67012747,-8.98163722,5.18931853,8.26137170,-12.39333796,-8.99004743
16.39453125,-2.24255526,-5.54703667,7.39954916,-6.92496411,3.72505565,6.53122350,-7.79380219,-4.15301702
16.39843750,-1.22105294,-2.62446098,8.06342506,-12.44271399,14.91318067,9.68935634,-3.42746215,-1.22043934
16.40234375,4.33193256,-1.39794851,6.90719622,-11.02153531,8.10353316,10.79778130,4.72623994,5.48210173
16.40625000,5.15823786,3.33741263,-0.01528622,-6.40754292,13.40349881,8.40408135,8.45809129,8.03830237
16.41015625,3.86319246,10.76711706,0.17295374,-3.22624032,6.20225978,9.14494813,9.35823040,4.04526228
16.41406250,5.69456016,11.30620559,-0.17466546,0.53658530,1.32924826,11.80763312,4.85316154,9.97677671
16.41796875,6.18415145,8.29965446,0.12009326,1.75186291,-2.38851998,8.58613922,-5.84652059,7.87821134
16.42187500,7.46606064,4.66340570,-2.46515415,2.01020778,-7.61143920,4.22164751,-5.72948889,10.25462543
16.42578125,6.84124098,0.82467403,-2.06348826,6.30515460,-8.36885651,6.57409948,-8.23550200,5.65205250
16.42968750,6.76872370,-2.72961861,-5.68612511,4.55745586,-10.09620915,7.79809810,-8.13187619,2.51412167
16.43359375,8.31114384,-8.62832066,-11.42026370,13.89510786,-10.19663503,1.93287953,4.82448117,0.69213279
16.43750000,5.78516552,-10.18963339,-8.99711832,8.89058504,-6.64039059,-2.94883351,7.34378659,-3.54117056
16.44140625,1.15454866,-8.82814988,-10.51823600,9.91886318,-1.17213369,-2.50869893,9.84733090,-5.23152474
16.44531250,0.15725056,-7.09610651,-7.38637124,8.01744752,1.04974531,-3.59711836,7.04946462,-11.02342424
16.44921875,-1.48489087,-0.47823155,-8.44787959,5.23069455,8.03254115,-2.53145592,-1.61268576,-8.69141982
16.45312500,-3.29257115,1.05137530,-7.22781418,-0.40626961,9.90688780,-6.35844647,-11.11466361,-11.61332755
16.45703125,-7.82376845,5.69602658,-9.12998240,1.54115906,12.09067798,-8.81511758,-10.07773247,-9.49489203
16.46093750,-11.57892089,12.74466306,-8.94606969,-2.71171619,12.25794644,-8.41775603,-9.71976897,-8.39153424
16.46484375,-9.80798179,7.75941008,-10.73705786,-8.36373513,7.24994010,-11.63251835,-4.62066146,-6.25803402
16.46875000,-8.66949465,4.66444505,-7.26040077,-9.68939775,6.51142887,-13.46855431,0.12069937,-0.95000066
16.47265625,-10.67752099,1.26712248,-6.63468662,-9.00617212,0.64013121,-8.63979892,6.44239771,2.98854177
16.47656250,-12.32322411,-3.10953584,-8.57742263,-11.68430037,-2.99760805,-11.58692243,4.99416005,7.24650776
16.48046875,-9.93507793,-4.28700421,-4.93013880,-14.67311862,-7.34416853,-7.32771388,0.51263946,9.66173494
16.48437500,-10.52349346,-9.87065898,-2.15527130,-8.46907449,-9.04428568,-7.57044181,-0.02080085,11.54991049
16.48828125,-11.78418051,-12.74800002,-3.73607539,-10.03546756,-9.33714041,-7.25878026,-9.51739034,6.36723331
16.49218750,-5.40958517,-8.29071359,-3.01509208,-7.40451149,-6.99812242,-6.03286100,-10.54126897,10.03891052
16.49609375,-1.34505782,-1.52394579,1.03192094,-3.66233737,-4.50473021,-6.82643036,-10.23993372,1.63491929
16.50000000,-2.20121795,0.87795821,3.61018126,-3.47735158,3.77849741,-4.22382039,-1.82074895,-1.81318741
16.50390625,2.51575576,4.79172751,1.29716474,0.26800886,8.29954637,-0.68231183,4.17407115,-3.40717089
16.50781250,4.60735462,7.35983872,4.89452288,5.28307979,4.53714693,-0.16476589,6.74267392,-5.70471089
16.51171875,6.62111768,11.29922427,7.40778976,6.99890056,8.68844171,0.75854730,6.25899255,-8.85212427
16.51562500,6.29114480,11.87231074,10.72926311,8.37630914,7.51218082,3.72879679,0.51594164,-8.27212288
16.51953125,10.75295792,8.30446083,7.72169472,13.43387615,6.71236784,6.47093232,-3.47800159,-7.50563585
16.52343750,11.78426744,2.58917109,8.61650826,8.84665359,0.80319281,7.88340891,-12.23114235,-9.82175451
16.52734375,12.01647771,-1.69805488,9.89191356,10.12316771,0.03616772,5.23518821,-4.68008627,-1.30572103
16.53125000,9.56617994,-2.32070055,11.14819633,8.08332228,-5.08447317,7.34471396,-5.53363245,1.63242541
16.53515625,4.93533483,-8.70598263,10.68639978,4.84409849,-7.39152614,11.23120048,6.62823257,4.33224972
16.53906250,10.28873399,-6.85332325,11.81721684,3.73699238,-10.96379153,9.34501753,6.97076769,5.05758244
16.54296875,0.14067672,-6.08727755,9.65407151,0.75030855,-8.65055266,6.76749642,12.52234409,12.20856575
16.54687500,2.12274742,-2.55479246,5.16519417,-0.58738472,-12.22099020,9.54936115,6.42585981,11.95440828
16.55078125,-0.24636380,4.84419945,9.43627537,-5.89254078,-4.70678229,8.50099554,-1.11092152,12.77842907
16.55468750,-1.50602419,7.66349917,11.17657983,-2.79607963,-1.48665815,2.98904244,-9.51987684,10.33387511
16.55859375,-5.10075030,11.35380412,5.94461522,-9.00764918,2.55270047,3.48590011,-6.43413845,5.55962225
16.56250000,-4.79492994,10.40187576,10.39105502,-9.31173332,6.25247909,0.97534421,-4.12652725,5.31320372
16.56640625,-7.08546253,11.83983019,5.55552805,-6.60829216,12.05662892,2.65161825,-1.29820234,1.02203479
16.57031250,-6.24790050,7.21812441,1.44646667,-8.96185888,10.51670228,-3.39526539,7.34056663,-1.52369183
16.57421875,-6.93486411,1.40965313,-0.27150871,-5.98787057,12.00129309,-7.49032567,10.88583244,-6.23875058
16.57812500,-9.37693739,-4.67499795,1.25664732,-1.61578910,6.84148878,-2.58701359,3.64527252,-8.71304076
16.58203125,-5.33591874,-5.97781642,1.43204072,-3.71207246,2.06235898,-7.04637559,7.07516867,-9.13253636
16.58593750,-8.77013269,-9.50933337,-1.01779347,1.62278662,-2.41794231,-8.39147884,-7.69968831,-9.83150758
16.58984375,-7.26489783,-8.07309874,-3.52882452,2.01426048,-6.70402814,-4.82988499,-5.34016489,-7.41748763
16.59375000,-4.20299601,-3.42689991,-3.75312559,9.97618211,-13.58018649,-9.85655061,-9.74398916,-6.24039879
16.59765625,0.37628261,1.59625050,-6.21138626,8.56973746,-9.17428136,-8.50683339,-7.06428453,-1.32489601
16.60156250,-2.37217098,2.25787782,-5.17251670,9.04386606,-8.64230247,-9.76488847,1.41219466,1.52199759
16.60546875,3.80998531,5.26028620,-7.37209566,9.13061947,-9.19394533,-4.08432685,10.24361617,8.88717429
16.60937500,6.74367042,12.48429621,-6.82752727,4.11387813,1.02310829,-6.97805731,7.77441696,7.20323729
16.61328125,7.36750535,12.95487328,-8.56457720,9.56814827,5.42796455,-8.15305106,4.79303257,10.19426020
16.61718750,7.65410322,7.70782432,-8.88159273,5.14186679,4.34316264,-3.66187951,-3.14950242,11.35161279
16.62109375,8.52385350,4.44808183,-7.15407689,5.11268966,9.12845955,-3.83281502,-4.48453916,8.17751014
16.62500000,9.37158245,3.26377006,-8.09058396,-0.86290037,8.59709697,-1.82179787,-13.10312384,5.97573029
16.62890625,11.94570769,-6.44154198,-15.34567576,-5.76126577,7.84466367,0.25296813,-6.51812348,4.32111160
16.63281250,9.85454982,-8.70109933,-8.18375978,-4.70666770,0.46313040,4.91796417,-1.76312706,1.28476244
16.63671875,3.84147393,-8.37703392,-10.73892227,-8.97630482,4.38450278,11.96868203,5.56185095,-3.54524093
16.64062500,4.90906350,-9.26224355,-6.96377502,-8.35425731,-1.64997720,3.86388045,12.55524633,-8.15342950
16.64453125,4.92341291,-3.66748837,-2.88890065,-6.72750787,-2.86537935,5.86238486,10.49687458,-9.92357216
16.64843750,-2.15575231,-3.00176501,-8.02840493,-7.35919781,-7.80029946,9.70509899,3.74722975,-12.93987129
16.65234375,-1.75695085,9.08029327,-5.73912475,-13.16959269,-11.01520891,10.67225222,-4.66045768,-8.98432362
16.65625000,-4.17695040,6.73982564,-5.26961325,-9.20277882,-12.67441994,9.12432117,-9.01669027,-7.34682727
16.66015625,-8.53833648,10.85532566,-2.99281214,-7.16902048,-8.35514104,8.93907150,-9.99769231,-6.37883506
16.66406250,-9.40923177,13.60409392,-6.60063646,-3.70549439,-2.18751934,11.03751415,-4.10467887,-2.03977955
16.66796875,-7.09816575,10.99534358,0.92276186,-0.13727541,-0.02908213,7.39508106,2.95746975,2.38656502
16.67187500,-6.78735930,3.14630833,-0.82177839,6.30218107,7.17930238,9.36372926,8.27732270,6.11456181
16.67578125,-10.53367054,-4.05154614,1.32956471,9.62290347,8.59133717,4.26855114,11.20187798,6.18570382
16.67968750,-8.64201722,-6.44802084,4.43837445,12.71835401,12.71064563,7.57132084,8.18672091,9.35051208
16.68359375,-10.50637012,-8.16703921,4.12386021,13.02522617,8.50642988,4.54097585,1.58362600,11.37048913
16.68750000,-10.85874083,-9.65423412,6.43506049,9.97401337,3.82951857,3.13688910,-12.30208323,12.09546774
16.69140625,-5.16808993,-8.53281334,10.76648455,8.94214792,4.62408035,-1.52228690,-5.48386605,5.20232271
16.69531250,-0.01209402,-2.52901887,10.46578618,11.11046602,1.44234990,-6.81845094,-9.97346818,6.02755341
16.69921875,1.90645656,0.66547275,11.57794498,6.04610512,-6.75033404,-3.83403090,1.28738613,2.58715089
16.70312500,3.37772212,3.94717152,9.78859668,7.18540154,-7.04980530,-12.01923111,10.61975205,-2.06105549
16.70703125,6.55303518,10.64555415,10.33037320,4.63982695,-8.70526180,-8.35070560,13.18423764,-2.01757675
16.71093750,6.78280370,12.52825377,13.90642679,-3.24887436,-7.56376891,-8.03879165,14.30528249,-5.85988993
16.71484375,8.43747095,12.23140104,9.57271955,-2.38167441,-8.60748014,-10.55601740,3.68766548,-9.40185609
16.71875000,15.04168653,7.29266351,10.19007299,-4.63103706,-4.75770703,-6.09722825,-3.52801401,-9.98172261
16.72265625,8.51371281,3.52591785,8.95328339,-9.93405507,0.04119568,-9.80222935,-7.43696200,-9.40284381
16.72656250,11.85162089,0.85132909,3.66760969,-7.42319989,6.71616213,-6.89966280,-6.66654497,-5.03654324
16.73046875,13.51594185,-6.52451928,2.20691439,-7.09967783,7.88910841,-6.13943936,1.41483682,-5.04889340
16.73437500,8.90098322,-1.65152634,3.18499782,-12.01694965,7.68468698,-7.58219965,2.02800732,0.37925210
16.73828125,8.15838399,-9.25773526,2.00620390,-4.98443582,9.94945389,-3.98506544,8.65149394,4.54278357
16.74218750,9.10516367,-11.25426656,-1.34754162,-8.12538008,7.44472846,-0.52028749,13.36872542,6.94527825
16.74609375,1.16266359,-4.11969148,-0.99467029,-2.18584135,5.59927980,6.13462678,2.52788794,8.59990474
16.75000000,5.31669210,1.20591197,-1.08413343,-0.08127922,1.18949653,0.93839755,2.74609008,9.19000129
16.75390625,0.74764902,4.70697248,-1.09287193,3.02556365,-5.19813608,6.36021495,-5.40460957,8.86095734
16.75781250,1.19169461,6.50969516,-4.48119176,6.63915065,-7.84333614,4.43420109,-9.58632342,8.18136289
16.76171875,-6.71648479,10.68111108,-2.70126797,7.74029072,-6.09597709,8.51309974,-7.45625252,4.52045819
16.76562500,-8.28115380,9.22956776,-7.90215252,11.23358669,-9.24087945,8.30876008,1.03762602,-0.35431192
16.76953125,-11.48229316,2.40916467,-10.17379955,4.91099804,-6.20297945,10.51781603,7.18175787,-3.11020568
16.77343750,-9.92752534,2.23867317,-11.36145466,10.67724091,-4.49714295,14.59267343,7.94888551,-8.09679203
16.77734375,-8.27972220,-4.99040798,-8.83669298,9.49167430,0.53504077,12.07581436,6.71397115,-14.41224762
16.78125000,-7.64459057,-13.00105514,-11.17519890,7.59457694,4.99553509,8.08444687,7.18714347,-14.51012851
16.78515625,-6.03220083,-11.36904940,-11.95134733,-1.73916611,5.10499880,10.46287748,-4.92270110,-15.86804473
16.78906250,-5.13320410,-9.02380666,-13.65679155,2.07893675,10.89226868,11.19561341,-7.07592085,-11.62575119
16.79296875,-5.31056710,-8.25829797,-13.01435338,-2.52363745,10.61819176,4.79044923,-8.52533230,-8.73693744
16.79687500,-3.34692712,-5.74615183,-9.93553924,-4.02206324,7.53354496,4.73806705,-8.91544589,-5.61161943
16.80078125,0.96394858,-0.91814219,-6.97413996,-10.00652069,7.77627124,4.19974784,-2.35084083,-2.29798417
16.80468750,1.35248886,5.16842628,-7.82559261,-9.94558856,0.43444188,2.07805651,10.82078705,3.57538309
16.80859375,-0.56416846,5.72451681,-9.25552085,-9.57547584,-3.63809801,0.63985465,9.76839769,7.32839130
16.81250000,6.71605752,11.16828705,-8.32088120,-13.96896290,-8.89309152,-3.15092669,4.41395597,7.09229646
16.81640625,6.25028843,7.84898783,-9.65098063,-11.47459220,-10.43829315,-2.57908758,4.10617475,12.50897081
16.82031250,9.08527509,5.92445118,-7.02613838,-11.17109616,-8.31704733,-7.08775916,-6.99815403,10.85195410
16.82421875,5.61654990,-0.43648129,-7.46635113,-6.97506380,-10.71500100,-3.86349081,-10.44910007,7.55058892
16.82812500,6.44463036,-5.19577449,-2.53730987,-4.50003144,-4.89492857,-6.94591469,-9.97997201,4.42383161
16.83203125,9.28581586,-7.69475334,-2.24877262,0.45591244,-2.81009402,-7.01645188,-2.09369235,1.15833523
16.83593750,7.62322052,-12.86792593,-1.75115845,-0.28711612,5.16768882,-8.51720881,3.50165684,-2.50399526
16.83984375,5.00241614,-10.80852281,3.31304068,3.31764063,5.78370871,-12.75024013,11.60422504,-6.06974499
16.84375000,2.35425507,-4.51894198,4.89622338,6.27469945,9.19683628,-12.47894222,10.89710600,-7.06935865
16.84765625,2.66268217,-3.83418062,6.60710421,10.27410187,13.38305769,-9.91018194,0.88926201,-11.52283374
16.85156250,-1.36895241,1.28120976,6.60661144,11.25185116,10.70342263,-6.34936708,-1.32919800,-9.65204622
16.85546875,-5.94769735,6.80191214,6.16374112,12.67639236,8.44738119,-6.55903972,-7.53270355,-8.75209739
16.85937500,-4.98067734,10.35581607,7.42425752,10.69966339,2.21189701,-11.69281869,-16.35846261,-2.92925755
16.86328125,-10.40042319,10.51714283,9.91474979,3.97030200,-6.68966210,-4.49344665,-5.96250938,-3.78876791
16.86718750,-9.19164560,7.02291725,5.92098090,5.45957024,-5.17315313,-8.13067736,0.38790805,-0.52861519
16.87109375,-9.06273720,1.28857997,4.03395242,3.71775182,-7.94949816,2.18281428,10.19829374,2.71964406
16.87500000,-6.67068742,-1.46274686,7.21241222,-2.33751818,-7.62964147,-1.06984462,12.56967918,6.90969914
16.87890625,-8.53978181,-5.09636714,8.19795333,-4.18157235,-9.32083403,3.03418560,10.77437953,5.86438454
16.88281250,-9.34874456,-5.66965147,13.08234596,-5.88894822,-7.98460866,5.36831541,3.16572763,8.01215710
16.88671875,-6.48915902,-9.11515965,8.07699068,-8.19815789,-3.78356829,2.28684293,-7.34789087,7.79337800
16.89062500,-8.25829886,-11.47201540,7.06245364,-7.08732380,7.24132105,6.55347665,-11.72751533,8.64851966
16.89453125,-3.85768034,-4.48974648,4.70581209,-8.83582543,8.87294132,7.60735179,-9.16340767,5.14571968
16.89843750,-3.46863668,1.41724546,8.16369297,-14.73695453,10.91708012,7.00003241,-3.25063088,4.59911658
16.90234375,-0.06929886,1.80245111,5.80088245,-7.03285106,8.61990271,9.03514111,0.89671504,-0.74571864
16.90625000,2.95338864,10.32787298,3.32898998,-6.64227381,10.10886884,10.66504262,11.49640150,-6.31212382
16.91015625,6.07457871,10.03316510,-0.56059378,-4.75064721,3.26330557,9.13607677,6.00986528,-7.16114680
16.91406250,5.48652005,8.45323788,1.58093294,-2.69342305,1.34047665,13.59969845,6.67161456,-10.88341386
16.91796875,7.47061203,9.54214065,-1.04257866,-0.36261601,-0.08260949,10.39487049,-2.71989008,-11.58693485
16.92187500,7.59387288,6.14656567,-2.19331475,0.79462453,-5.66145454,5.38464921,-10.56501630,-9.47674468
16.92578125,11.86370645,0.23535859,-7.64306615,2.77754567,-8.90685423,5.52541458,-7.55301830,-8.19215886
16.92968750,11.73624608,-5.35483933,-10.66333969,9.17276023,-7.90054316,4.97198771,-9.74641831,-3.30387055
16.93359375,6.15230806,-11.44029791,-8.93888247,8.10213817,-6.60234626,-0.10658970,-1.14426187,-2.23073978
16.93750000,1.46827779,-11.97441175,-6.41586857,9.08354061,-4.52233691,-1.34277482,2.04513505,1.10519023
16.94140625,2.87520741,-9.75211183,-5.52229867,5.89959823,-0.16997006,-4.79226393,12.84410866,5.20053830
16.94531250,2.04742352,-3.55301794,-11.19921779,5.08945915,1.31128910,-4.08290842,4.87763256,9.01356425
16.94921875,-1.24155194,-2.33909935,-9.46193287,5.31755304,5.34449219,-6.97160698,0.36629637,8.84021593
16.95312500,0.15012513,0.94173913,-8.20532982,-0.59782428,8.06982872,-7.86752480,-6.83395612,6.68668068
16.95703125,-5.12221966,6.47376029,-10.01660533,-3.60162565,9.76842434,-10.56739145,-11.04554000,7.77502992
16.96093750,-8.96582637,10.27615648,-4.78239259,-4.46985095,12.38430292,-9.77501309,-14.15299938,0.19737079
16.96484375,-7.34117227,6.98289844,-6.54040555,-7.13525308,6.17612511,-11.30132851,-2.43817354,-1.15704908
16.96875000,-10.72812317,8.80949123,-7.87763222,-8.90604794,6.74397665,-10.16800543,4.20132635,-0.50617659
16.97265625,-13.56262284,1.58416534,-10.03716474,-16.74005551,0.87503168,-10.62325622,10.58018095,-5.68279484
16.97656250,-8.72024562,-1.74359951,-7.14760295,-11.53680892,-4.11039523,-10.50094264,11.07689954,-5.28719144
16.98046875,-9.14928427,-7.14905644,-4.91710297,-17.33544732,-7.41867818,-8.66012636,0.89166050,-9.05344605
16.98437500,-11.68549789,-13.24183505,-1.28637338,-10.31176047,-9.81650609,-7.24925561,-6.62002546,-10.40357621
16.98828125,-8.20455049,-8.43532430,-2.71230591,-12.35446134,-12.30004070,-6.71373366,-7.02356077,-6.05552276
16.99218750,-2.63450997,-6.80048024,3.32857869,-6.61895955,-9.37046402,-6.11745852,-7.08627121,-12.23210361
16.99609375,-4.84215080,-5.74389332,1.79791172,-2.80575553,-3.41274095,-6.61231139,-9.37009492,-3.84222003
17.00000000,-3.45049545,-3.22713243,2.30857523,-2.00201897,-0.96302702,-2.33912193,2.03701641,1.91571039
17.00390625,-4.09041196,6.59089982,1.37521274,6.19378465,3.78138572,2.21992081,3.81729004,0.71196892
17.00781250,3.38328889,8.14785443,8.58141003,3.41068144,4.95962093,3.20468229,6.91849481,8.88041360
17.01171875,6.40849448,13.51444245,7.82671695,10.71061714,13.54134037,0.16010620,3.45288750,8.82127867
17.01562500,9.35172412,13.33425451,3.90572049,8.74375513,5.57468155,5.72844877,1.15820287,9.23274183
17.01953125,7.42554682,11.83358484,8.73816859,9.74253306,9.66426628,2.65224948,-5.73062772,13.66062519
17.02343750,8.43051258,3.06783646,7.66452561,11.51847604,3.13959845,5.57950817,-6.55831973,9.08991241
17.02734375,13.60101223,1.10579061,10.96461313,12.55192491,-4.81178012,6.77204855,-6.42423010,6.52132805
17.03125000,9.70781623,-8.02048776,9.46511481,8.98985185,-7.18806627,7.74707035,-6.85188855,2.40973432
17.03515625,6.06907080,-6.41293336,14.25518951,6.91124224,-8.89609066,8.62290344,2.97142914,-3.77336429
17.03906250,3.69907973,-10.32970330,12.46913924,1.71226629,-12.50634354,5.14131812,10.77798409,-4.77723909
17.04296875,6.66742637,-6.23172027,10.79898988,-1.26658074,-7.99693679,9.57515236,11.14589756,-6.76067714
17.04687500,2.22866953,-1.40262239,10.98033716,-3.70196129,-10.46234610,8.23455221,7.17786406,-5.34997048
17.05078125,4.68011954,-0.80936957,12.25710363,-4.58187315,-7.09104825,5.40427618,-0.42743165,-12.67159706
17.05468750,-2.66390383,8.48871142,6.67388557,-8.05216205,-0.13218619,4.69899669,-5.90722175,-11.90510925
17.05859375,-4.62452701,12.09599677,9.89002059,-11.80342931,0.62237411,2.09489159,-8.45784899,-9.99157114
17.06250000,-1.34242852,14.08430320,4.33827169,-11.07853525,4.71936444,3.39351390,-6.11653582,-2.77393438
17.06640625,-9.94685318,10.22141686,2.22701655,-8.14148622,10.75741967,-4.13105727,1.14717756,0.22004590
17.07031250,-8.52540764,8.29475780,2.33544389,-5.01334861,12.34816165,-0.73699794,12.16600400,4.12007329
17.07421875,-6.18047737,2.19469340,2.56074346,-2.89114070,4.62382392,-4.93428070,11.00696813,5.20599767
17.07812500,-7.42086364,-4.27888426,-1.16911894,-4.54647309,8.41280636,-3.80008594,12.00023267,9.74934692
17.08203125,-9.23576739,-3.30970666,1.66817988,-0.14728450,0.59813422,-9.04373422,-1.36336554,12.24157649
17.08593750,-6.15807592,-8.62991722,1.12611285,-0.17171426,0.60596118,-8.95705463,-4.15431681,10.91832114
17.08984375,-5.06601603,-10.08968529,-3.67988144,6.03316043,-8.79041967,-9.01649842,-9.67882073,8.76245944
17.09375000,-1.71849101,-3.29358872,-1.95986488,3.87608960,-9.85455901,-7.95000396,-8.80286356,7.16306372
17.09765625,-5.05306810,-3.61379176,-5.47615723,5.44858894,-9.95527027,-9.38795122,-6.00681382,6.12074313
17.10156250,1.82166065,0.69623280,-4.88624021,7.21870350,-11.81378493,-11.40012621,2.74816646,0.02880648
17.10546875,3.28311208,7.02680548,-8.85187058,9.71334509,-7.35456508,-12.12166376,11.57725095,-5.04471358
17.10937500,4.51082329,10.55829928,-8.00778680,11.42424001,-1.47476016,-7.68135066,10.91431240,-6.59136287
17.11328125,6.67951845,10.80671284,-7.44147768,8.23818399,1.10249078,-4.17111894,6.16912232,-4.64347905
17.11718750,8.45065134,6.00907223,-6.33028741,6.16940027,6.48922612,-3.53707963,-5.40944875,-9.10113092
17.12109375,6.44059312,5.62612360,-7.44073708,3.12336594,10.75134063,-2.42499613,-5.78767291,-13.06294370
17.12500000,9.24724700,0.55440763,-10.46910395,4.78547835,9.26291436,0.57717527,-9.08267774,-7.87697737
17.12890625,9.05845072,-7.25457391,-13.01158834,-5.20577616,8.56772989,-1.50833468,-5.39092423,-3.99712569
17.13281250,11.16334448,-6.61261220,-10.88785115,-7.02944368,5.66036546,0.92894376,-1.99537770,-0.36131882
17.13671875,7.78592971,-4.00969276,-8.06445273,-6.30899865,5.61036426,4.13055378,8.45000730,1.09108017
17.14062500,7.04174590,-10.15281464,-6.83138862,-11.12670505,-2.45086612,2.47544291,8.10738559,5.02346184
17.14453125,2.14797035,-6.62268543,-3.28046544,-9.62196482,-2.44413929,5.96218922,11.29849749,8.36903870
17.14843750,1.73668169,-0.23129514,-3.92609180,-7.27576774,-11.68330132,7.35537464,5.25386952,11.07408038
17.15234375,-0.95458118,0.10474740,-2.17449648,-9.56776250,-11.38964830,11.20678023,-4.59799982,10.84126020
17.15625000,-5.65294826,10.73724397,-5.98729463,-6.37389678,-9.52202828,9.12068062,-5.67542326,7.44082968
17.16015625,-8.28150819,9.47134525,-0.18982615,-4.19993489,-5.79088779,11.93869526,-10.49137595,6.47029036
17.16406250,-5.41087897,7.97612180,0.86012935,-4.20171275,-0.90224910,9.78951909,-4.26495320,1.23145120
17.16796875,-7.85873794,9.97101849,1.10172797,1.85495168,2.11275507,13.22794315,3.02604604,1.22474691
17.17187500,-9.37025209,2.19580567,3.43685184,1.30035267,8.68513804,8.58408489,11.03849254,-3.85138025
17.17578125,-10.90138736,0.47379279,2.26191599,7.72537749,9.86444535,5.23756389,14.70334969,-5.91324503
17.17968750,-7.60523379,-4.58307985,4.81428310,7.77332770,11.44560054,5.91731263,10.20450412,-7.62125329
17.18359375,-4.51579642,-5.72599186,5.27330807,12.84314459,9.15201394,2.90311333,-1.62013974,-10.39417862
17.18750000,-9.70769763,-8.62140020,10.70724440,14.48973065,6.00130632,2.24397828,-5.93311950,-5.76209565
17.19140625,-3.57242052,-4.78230970,8.03049995,9.82966858,6.23485248,-0.89434013,-10.60103705,-3.33501748
17.19531250,-0.39079584,-7.28069150,8.66879660,11.09849336,-4.22272820,-7.45987777,-7.15837935,-2.34142269
17.19921875,-2.55024083,1.85632454,7.58981296,5.60559526,-10.19953269,-9.04584236,0.59908532,2.46630830
17.20312500,1.74866452,4.66380421,12.09627501,9.05966094,-9.72666186,-7.18929382,4.45544214,3.03500954
17.20703125,2.37248412,5.64133674,4.08276057,5.89344836,-11.43825974,-5.81771733,11.99457543,7.80167889
17.21093750,7.78022762,13.87656323,9.57562878,-4.24396061,-11.32734417,-10.35512899,11.18257973,10.19779702
17.21484375,7.15531510,10.36021346,4.59039297,-2.18889280,-8.15055371,-8.75752163,4.99837176,8.83514448
17.21875000,7.34119740,7.78122654,7.51939863,-2.40236159,-6.59527229,-8.35767058,-3.18804145,7.92255334
17.22265625,11.79682852,10.64886784,3.92552682,-6.91194906,-4.63116290,-8.45601231,-7.32470216,14.68012689
17.22656250,13.43683226,0.10895059,5.56995936,-11.33701286,2.13784064,-5.01118476,-5.45783243,5.62458422
17.23046875,11.09697933,-4.24825077,3.60740395,-9.08324116,6.75231857,-4.92047012,-3.36883383,1.14037426
17.23437500,12.07681884,-10.42949002,3.59976044,-6.09855485,9.28732820,-4.41650484,8.01503958,-4.29711581
17.23828125,12.41974194,-6.47685965,2.59811205,-5.19396766,11.13364919,0.97728813,10.70536926,-3.46185426
17.24218750,7.03891660,-5.88691618,1.47535794,-2.92933531,7.52717696,0.33964525,8.44781533,-8.76277170
17.24609375,2.54846014,-2.09955432,-2.37498303,-4.04894933,4.21836000,-0.06797677,9.69982749,-9.84928862
17.25000000,-1.41985397,-1.40006656,0.96061086,4.62293284,-1.65798992,5.47066604,2.71409966,-11.08869521
17.25390625,-4.04139554,5.19435915,-7.73867220,2.73552389,-7.60476777,3.37760660,-3.83709362,-10.47340002
17.25781250,-5.38816405,3.57114045,-7.90929293,4.49641903,-9.42790967,9.13606259,-9.12497511,-9.59320809
17.26171875,-7.42374022,7.76749256,-4.72561616,5.03703645,-8.21619670,8.06750708,-7.17128118,-8.55547226
17.26562500,-7.18389119,9.57458269,-6.80252818,8.78921993,-9.95928018,8.61208514,1.62769055,-2.78984682
17.26953125,-8.77077152,6.40722871,-9.56142377,9.10205856,-5.30896220,10.81551400,4.50927794,1.85672129
17.27343750,-9.56474498,-1.45505223,-11.15788508,6.14664167,1.17762641,10.76057966,7.98032044,-0.03483319
17.27734375,-10.88355099,-5.18413531,-9.64157692,6.29561002,3.48664263,11.21179285,7.96340265,3.04439586
17.28125000,-9.39687873,-7.39703693,-11.18616223,5.50353834,3.94257199,9.31756374,2.24120087,8.67700053
17.28515625,-10.81149075,-8.57928563,-11.69261985,4.06618998,8.00464625,8.84676664,-10.83624199,9.77678899
17.28906250,-10.47612442,-11.59446233,-9.97718475,3.82480513,9.32958826,10.36944288,-10.09474284,7.15302259
17.29296875,-6.75182525,-10.24558418,-5.51638166,-0.81394043,14.25535156,9.62312851,-12.87643086,6.82347474
17.29687500,-4.65552757,-2.78637686,-8.69343195,-6.16720992,11.65547082,8.38501637,-3.07224762,1.52836457
17.30078125,-0.82418492,0.63038375,-3.92462080,-8.72417988,7.07464632,1.48300995,-2.72441351,1.26917892
17.30468750,5.95465499,4.37986930,-14.50384235,-12.79969421,3.79011681,2.14399204,7.54448437,-6.64642602
17.30859375,2.57272353,8.84189297,-11.88274287,-9.78823828,-1.15622310,3.22350755,6.01295594,-11.28126085
17.31250000,3.39432988,11.80527070,-9.50002906,-13.82263236,-7.06147504,4.36896080,8.56789068,-7.27014100
17.31640625,5.35732067,7.01745649,-9.21327026,-7.91210777,-6.11735004,-1.13495894,-0.65960580,-9.17865831
17.32031250,7.42411756,6.88500092,-0.74265481,-9.05555779,-7.50301979,-5.07927956,-7.43686265,-12.94970332
17.32421875,10.40788724,-0.96305764,-1.89229573,-8.67014438,-10.56064253,-5.29453075,-10.41378512,-9.24139668
17.32812500,9.30976222,-2.25266721,-0.28421444,-7.56779268,-4.13914359,-8.10407178,-10.37501363,-4.06105380
17.33203125,4.82890620,-3.02133688,0.68716048,-1.34747236,1.65225534,-7.71559645,-0.59100039,-1.74972180
17.33593750,6.20994199,-10.04757274,0.68244616,5.35731424,4.26982930,-8.25691136,3.78829451,4.97792389
17.33984375,6.64226472,-10.26654897,3.67186426,5.39145334,10.51668171,-15.07401015,5.06158948,6.14717936
17.34375000,3.48017994,-7.99348185,5.05843507,4.71642464,10.82756685,-8.12204072,7.34213068,10.40003757
17.34765625,0.46260560,-0.48631753,7.41834826,8.09852231,9.51264085,-13.77340311,5.42986967,9.23859310
17.35156250,0.24198410,2.86585523,5.67629003,7.15361932,10.80908543,-6.43691682,-3.34909711,11.09920145
17.35546875,-5.12813046,8.79078643,6.59335665,8.82514663,10.36446998,-7.12779146,-10.28329413,7.79308963
17.35937500,-2.16503520,8.08763750,6.41725118,11.18117305,3.43699888,-4.13640103,-8.04138211,8.91242988
17.36328125,-4.71032722,9.90402214,11.10503493,4.64366620,-2.36435820,-7.31632696,-4.60380386,4.21292071
17.36718750,-9.28787718,7.09660270,10.51217810,2.03598226,-7.79472331,-2.89388171,2.67172425,-0.04418988
17.37109375,-8.16985290,5.76343767,11.87732341,3.32056916,-2.95082240,-1.23052994,3.51669072,-2.31613975
17.37500000,-10.30987921,0.32658775,6.34549768,2.09059053,-11.59283568,1.74873809,11.28788727,-5.33274885
17.37890625,-10.95017253,-6.15461651,9.27289209,-1.27380795,-9.20662788,-0.94695260,6.98851834,-8.34703032
17.38281250,-11.51164393,-10.18039190,8.60571590,-9.95448707,-6.30050389,1.78135014,-3.52061712,-12.06369496
17.38671875,-6.71272597,-9.43058174,5.78267117,-5.45513749,0.79688492,8.13032251,-5.15971880,-10.56562984
17.39062500,-8.31771589,-7.68095446,4.98901732,-7.43010077,2.39291683,8.69509252,-7.54704866,-8.73093195
17.39453125,-7.91001548,-7.19768455,5.86618034,-10.72937888,6.43142036,10.45037557,-5.41912545,-3.82894879
17.39843750,-4.28598126,-3.33447575,5.70938003,-10.20333628,5.69374468,9.72038059,-4.93618231,-6.98141685
17.40234375,-0.29636610,1.25487366,4.94697557,-8.78951484,8.79773154,9.40010184,5.24218116,0.60881708
17.40625000,2.35700024,4.68890244,6.22064076,-6.81946184,8.49327697,13.75181555,14.68263064,2.49814983
17.41015625,5.81864069,9.34890286,5.31406827,-7.77709468,5.11303646,7.55845484,12.30630369,8.59479779
17.41406250,6.35692638,11.59527638,5.53831947,-2.50187470,0.30950578,4.64266154,-0.51800978,6.49636388
17.41796875,7.66843406,8.88927635,-2.55650768,-0.17455733,-1.80262202,13.22952763,-4.49890909,9.77996925
17.42187500,10.93480541,5.61985547,1.11840046,3.23329850,-4.38650089,3.09395896,-6.09041520,7.36630366
17.42578125,10.31581219,-0.80289787,-3.50955863,6.43665463,-8.31444508,4.59825001,-12.33266287,6.95001540
17.42968750,9.88261138,-2.03581142,-4.62255478,4.85799392,-8.61776204,3.72384349,-6.96805561,5.93947951
17.43359375,4.54285211,-8.94303775,-6.22078480,10.96844704,-11.18944077,3.71214949,2.14060784,-4.07597547
17.43750000,3.32618317,-9.60922181,-1.81592711,6.55652853,-7.56223883,0.66999936,5.43945122,-3.32232826
17.44140625,2.34342531,-11.33441866,-9.88030585,5.22823225,-3.66708636,-2.46583463,6.40323653,-6.20830058
17.44531250,0.23162261,-7.03756912,-11.20431676,3.80139846,3.01089919,-2.69698417,8.13212077,-13.30550426
17.44921875,-2.35440788,-1.61257625,-7.86587371,3.45294474,7.85756602,-6.98904188,1.74434824,-6.38197663
17.45312500,-0.95932427,5.04551003,-8.22470356,2.30691042,11.05295271,-8.46889313,-9.70484801,-9.45683323
17.45703125,-3.60081289,7.14627477,-8.53932379,-2.85682662,12.29147040,-8.15703597,-12.59008434,-7.64878315
17.46093750,-7.47556233,10.07288531,-8.02231327,-5.27837157,11.23414462,-11.09575123,-12.48168807,-4.42303331
17.46484375,-12.02892464,8.25954663,-7.42805706,-9.32474394,6.61420085,-9.83744597,-6.39279935,-2.37312905
17.46875000,-8.48252526,8.63968859,-7.63553041,-7.87532528,6.26664870,-10.95639842,6.80036463,1.27820996
17.47265625,-11.59187127,6.85256149,-6.54098932,-4.09619464,1.65516108,-13.18781801,5.88352692,1.33772680
17.47656250,-9.08884703,-3.52711969,-5.67319664,-14.43852784,-3.18371559,-9.22840072,4.98981049,8.86722520
17.48046875,-11.88665390,-7.23942402,-7.47139738,-7.85902393,-8.38254503,-10.74022916,-1.29976720,10.92914467
17.48437500,-9.95438958,-8.87001981,-3.69504973,-9.06535306,-8.86757203,-8.15925270,-2.14706780,8.55641293
17.48828125,-6.78112538,-8.61765637,-3.85245117,-7.43301707,-11.00067598,-8.99090424,-11.82381734,9.15306459
17.49218750,-7.38962917,-6.15752780,-1.32390556,-6.12730968,-9.21458585,-6.28965811,-10.39919391,8.30560167
17.49609375,-3.58694179,-5.19270689,2.68842423,-2.82536538,-1.90042578,-3.39373739,-8.74369973,8.97490644
17.50000000,-2.18998749,-0.17337541,2.19019313,0.78431984,2.89027071,-1.19505960,-0.58522290,0.76227488
17.50390625,2.03953809,5.06835577,2.04303152,0.47205024,4.37802066,1.56412507,5.20169207,-4.27177827
17.50781250,2.99143820,8.99247231,3.26253970,4.87703430,7.40123964,1.13735271,8.59548048,-4.10982204
17.51171875,6.12742024,14.28797121,8.01464712,6.00214919,7.36843946,4.82472283,6.29008465,-5.95370404
17.51562500,6.60908584,5.75931398,8.52169500,9.00393568,7.35912224,7.77678678,0.71294565,-10.25958067
17.51953125,10.92485702,6.55806696,7.40610159,8.37441028,8.34223832,7.72770656,-4.83627274,-6.89895856
17.52343750,9.47663246,3.44096476,11.40520141,9.23843002,-0.84065057,6.58148265,-8.06760139,-6.97483958
17.52734375,12.38267003,-0.23877730,13.11428642,10.45061860,-0.21053585,10.58426145,-9.65221176,0.51980383
17.53125000,8.33083893,-7.82434712,7.42809486,9.58268984,-7.09096848,7.02513317,-1.59676135,0.03580283
17.53515625,10.52834689,-11.45504852,6.99961069,3.31620197,-7.51986544,7.44764056,4.86791637,6.23720090
17.53906250,7.22408077,-4.45675177,10.48202943,3.73252670,-8.39996051,6.00888878,14.04169616,1.74745284
17.54296875,5.27501423,-7.43059433,10.39423289,-0.21411680,-11.30164998,6.91308176,10.91870677,6.43576968
17.54687500,3.06937849,-2.19567330,10.87199823,-1.66755877,-4.55249110,5.94147829,4.56882855,10.14344690
17.55078125,-1.15686333,5.63757965,10.78996877,-6.67410791,-5.08187445,3.69898160,1.20817163,11.21093408
17.55468750,-2.00128877,5.03516835,8.38714372,-2.86142379,-1.67279630,6.00254040,-0.75038267,10.43202364
17.55859375,-3.98717679,11.43163287,8.43079208,-9.82912376,1.94544612,0.63809463,-9.43458659,11.37884636
17.56250000,-10.21966900,9.91881369,7.46538921,-12.04028609,4.52053424,1.22748782,-6.90344294,5.56636132
17.56640625,-8.06361101,10.08150746,5.33765095,-5.85041908,8.48039918,2.64240359,-0.23682911,4.55617893
17.57031250,-7.16644962,5.34618685,3.05211687,-7.85997222,8.56885993,-2.59935565,6.26750085,0.04844304
17.57421875,-4.03731883,4.38042891,1.08266710,-6.75278873,5.33931579,-6.17271754,13.50367064,-1.20468978
17.57812500,-7.35852826,-2.68606492,4.43400439,-5.21098730,5.07351169,-4.23980892,4.30204828,-6.33526920
17.58203125,-6.56155273,-8.78708599,0.91159218,2.46960259,-1.20244260,-10.21230595,1.78875858,-8.08134434
17.58593750,-8.74159292,-7.59974581,0.16641774,3.90717139,-0.86840627,-6.51888938,-4.06047945,-10.31238379
17.58984375,73.28747286,-8.59820574,-2.99785278,1.12504395,-10.70067405,-7.07731147,-11.78142214,-10.08973041
17.59375000,72.12037264,-6.32723332,-0.06975819,5.44515689,-8.83629140,-10.17793370,-5.37333390,-2.78643520
17.59765625,73.29446968,-2.40110703,-4.00568415,10.00316845,-10.81783698,-8.81391833,-6.79157303,0.97229344
17.60156250,71.82685023,0.47776244,-8.81629229,12.17990900,-11.23594035,-9.23290254,0.15125090,-1.19920456
17.60546875,73.39095860,8.16851106,-4.14576082,9.28993083,-7.20702791,-10.86987031,7.04649256,8.29700615
17.60937500,7.33624033,14.31737808,-7.15563796,11.72120460,-4.93379611,-5.23592226,13.31662169,8.29959054
17.61328125,6.95257822,9.67815794,-9.37025094,8.30282002,2.58835065,-5.16405010,7.50288830,5.06145094
17.61718750,8.42500027,7.70167976,-9.65865251,5.07694607,3.52367351,-4.20715581,-3.25541087,8.21470959
17.62109375,9.96353320,4.97392966,-12.02829691,0.72587109,6.70397909,2.67561053,-7.23557479,7.89319852
17.62500000,10.39336594,-0.08731711,-8.99127447,1.39494249,12.48219094,0.31456290,-5.73531863,9.32751780
17.62890625,8.35655265,-3.33486300,-10.17072693,-1.57628112,8.59175379,4.51451448,-7.62051256,5.38760827
17.63281250,8.99361389,-2.77799336,-9.42868384,-3.22133594,5.05953904,2.17999097,-3.76717066,-3.37326360
17.63671875,8.33530410,-8.49503715,-12.01183312,-8.53598662,2.59080409,2.78067943,3.66511578,-3.96234405
17.64062500,4.65816639,-5.95511972,-8.59015761,-9.90659330,-3.67635688,5.78946391,15.62056942,-5.85983401
17.64453125,3.36148064,-7.43287950,-9.74720840,-8.64956189,-2.56058438,5.82902443,3.65596756,-6.98811680
17.64843750,2.19161310,-1.67485293,-3.96383208,-7.65830048,-10.50567257,5.40426597,2.73104995,-9.66121861
17.65234375,-3.38255177,5.22632410,-2.55362487,-9.33490385,-10.35596478,8.25129691,-4.66993623,-10.78448368
17.65625000,-4.90736894,10.06877014,-8.12817628,-7.77267040,-10.62181899,11.60021756,-8.88350875,-10.03165935
17.66015625,-4.19231496,14.05367502,-6.60059538,-5.74830305,-12.43177616,9.84111140,-7.08105599,-5.55136548
17.66406250,-4.47107249,10.07742854,3.78944138,-1.67939430,-3.75160253,11.08467123,-3.80759413,-1.29955528
17.66796875,-5.80460029,6.26268001,-5.14705197,7.97720560,2.04819108,7.08015452,3.26901026,2.66163850
17.67187500,-9.13876601,5.74358795,-0.67483073,5.67700226,4.94981582,12.35717338,10.97536408,4.45838049
17.67578125,-7.75225901,-1.44549218,3.50906353,8.86632222,5.90013496,8.35277553,11.91394212,1.89397470
17.67968750,-8.82451505,-6.55052911,5.76701537,5.75254351,8.61955072,2.76123812,1.65709404,10.21075454
17.68359375,-3.62999326,-10.07404668,6.35965556,13.30465145,8.24392705,0.69255068,-7.15180936,11.14415131
17.68750000,-7.56102293,-7.60929811,12.00005387,7.48148545,5.51662232,-0.14284942,-4.46662938,7.01647716
17.69140625,-3.17334753,-10.21098699,11.44394779,10.29872867,2.52572365,-4.96254211,-5.76133820,6.80886622
17.69531250,-3.82332111,-5.05568394,9.20940685,11.53637036,-3.87627886,-5.62086096,-9.21731371,7.18747196
17.69921875,3.72048754,0.44165701,10.01565983,4.55350636,-9.50469916,-4.89866614,-2.28702626,2.89101873
17.70312500,-2.10405566,6.50013283,11.97985884,3.15144064,-7.57436866,-8.44973096,3.44255432,-2.05296483
17.70703125,7.47008290,7.86162757,12.03136675,0.84175429,-14.39410032,-5.87104384,8.97463499,-1.74412697
17.71093750,11.27885985,9.51253221,11.90205333,-0.93941039,-10.61339068,-9.25528930,9.53960668,-3.34588812
17.71484375,7.69520650,10.68616850,6.01276835,-2.24518559,-9.33183294,-11.51086971,5.44322249,-6.30453124
17.71875000,9.30162201,6.58675171,2.81928730,-4.59093545,-5.16650925,-7.57150181,-0.27808232,-7.51630307
17.72265625,9.25889013,3.25319572,10.51459914,-4.75629096,-6.02007533,-5.58217404,-3.20199919,-8.79034761
17.72656250,11.38777731,2.17738143,5.06257450,-8.26058007,3.30433313,-7.70142918,-5.20885303,-6.57500940
17.73046875,7.41657102,-2.19092174,3.54359067,-10.08957898,11.71025751,-3.66508946,-3.81675518,-0.31838922
17.73437500,11.86451712,-8.54152455,3.26995736,-7.05289692,12.25616224,-7.16749574,2.17302041,1.42650754
17.73828125,8.62601973,-4.83079614,3.48799436,-7.91223979,7.02949928,-5.99233827,8.24835610,4.42395302
17.74218750,5.70972748,-6.66320395,0.60515749,-3.61321406,4.33956182,1.75410556,12.38498471,4.38962805
17.74609375,2.08127988,-6.74754830,0.09512992,-0.69901855,1.16297240,1.20935434,7.27582060,10.51895273
17.75000000,1.46962975,-0.05419240,-3.89844545,0.48071529,-3.66609794,3.93623010,0.56027457,8.42687341
17.75390625,-3.78800136,5.22294935,-1.68836277,5.13001643,-5.86181177,2.87045964,-4.79000911,9.89258745
17.75781250,-4.11800431,7.27260405,-1.94576318,4.96007673,-8.47407846,6.24655095,-7.51255670,7.22780682
17.76171875,-4.51505693,10.25523478,-3.59628299,8.42392084,-12.33670504,4.59416508,-6.92179662,5.17942686
17.76562500,-6.20551126,8.22787868,-11.83047520,10.41254742,-8.26392664,7.23011491,-0.90682925,-2.11740634
17.76953125,-7.79767982,6.56475045,-8.94904644,7.40785998,-8.13415987,13.71449543,5.82131481,-1.72462398
17.77343750,-12.35413007,-1.39356342,-12.19815535,11.86736683,-5.43354120,13.50355721,10.30274152,-7.74761651
17.77734375,-8.73924365,-5.81759460,-6.91262549,7.17234919,0.07239623,9.40119593,8.62469660,-9.83330596
17.78125000,-8.77911684,-6.82639920,-14.52977204,6.65566307,3.58736865,9.78044587,7.91664720,-9.86303098
17.78515625,-7.70116651,-10.88074795,-9.03003560,4.91452601,13.69334793,9.42264408,-3.97700364,-14.65253921
17.78906250,-8.55600550,-14.95843978,-8.60409338,1.99889494,14.48132897,8.73733082,-8.55240087,-10.93151599
17.79296875,-4.00151091,-9.93331619,-6.31394521,-0.12035325,11.84712781,10.38363415,-12.56488440,-5.75945363
17.79687500,-5.36350861,-8.07693495,-8.11523269,-5.18705243,13.09841133,5.91070999,-10.24876736,-3.77882240
17.80078125,-1.04456091,-0.42522159,-10.65985381,-7.18371359,2.34521436,6.53241042,-0.57949095,0.87497310
17.80468750,2.04017655,4.33763502,-7.72652437,-12.06988951,-3.77680154,4.81516883,10.58557759,5.94399947
17.80859375,3.91085783,10.03197201,-4.95911553,-7.47734943,-1.08976962,-0.24606586,9.50023979,6.33300200
17.81250000,9.01187874,11.77262116,-4.73072520,-10.44373198,-9.22094419,-0.36008171,4.61660386,6.23115036
17.81640625,8.39681447,6.27748165,-3.77692155,-11.56630240,-9.69770990,-6.46007959,3.01254961,10.16520472
17.82031250,8.31367075,1.53316348,-3.65071821,-15.19216622,-7.23304664,-6.14545382,-9.93441534,9.48137705
17.82421875,11.48846297,0.89132073,-2.29350011,-7.12906514,-6.46319885,-8.36859988,-6.68634956,2.70263226
17.82812500,9.08508737,-2.55067859,2.13792063,-4.62662677,-6.00673777,-9.87588261,-12.94029987,7.00152681
17.83203125,5.40514290,-6.85826452,-3.49631970,-2.04649869,-3.31403558,-7.06527473,-1.26133211,2.11491839
17.83593750,8.89892299,-12.21583671,-1.26441400,-0.57007560,2.34189362,-6.32900551,5.49572692,-3.84629951
17.83984375,1.86605160,-13.12595878,1.08173098,7.92774790,9.22277892,-12.09839509,8.46255537,-8.83353542
17.84375000,3.26256439,-10.81744459,4.85589208,5.18961806,8.92297750,-12.70785409,5.48055232,-5.58855841
17.84765625,1.40445375,2.00064999,6.46977461,8.30980343,12.13392478,-8.52549660,4.19091823,-10.16515618
17.85156250,-1.84905052,2.76593609,4.54430377,6.71547089,6.66122097,-9.20177120,-2.17286926,-10.48886515
17.85546875,-3.60759040,3.38686863,4.14022425,6.34050315,1.67766683,-7.57393040,-10.56066431,-3.80156377
17.85937500,-5.38164295,9.74838227,5.20132087,6.49386252,1.36584743,-4.49443481,-8.75628573,-6.75594507
17.86328125,-9.67971473,14.40236946,11.10687867,8.63239383,-1.13941334,-0.78857697,-8.43247982,-2.82411234
17.86718750,-8.19222531,7.48818696,10.05871343,3.57900403,-6.87500588,-2.29682399,3.06036623,1.64789351
17.87109375,-6.24476699,3.61039116,10.78087515,2.66163944,-10.50888812,-1.95483592,10.62963735,3.38637766
17.87500000,-11.24507603,-4.05549596,12.48545649,-2.00166377,-9.79539872,-0.53548378,8.04012632,3.25613632
17.87890625,-7.07321322,-1.90238036,8.75957071,-3.26563152,-9.45322683,3.36493112,7.09973351,8.10298404
17.88281250,-8.42785844,-12.00073507,12.39935261,-10.16394144,-3.07611981,5.31029700,1.20814118,9.66169613
17.88671875,-8.30634541,-8.64639557,6.35320875,-6.13032588,-0.42069800,3.69216774,-7.89397032,8.71390956
17.89062500,-8.70763717,-9.48706293,10.62027425,-11.02374955,2.34385656,8.69680944,-13.55515455,7.86419426
17.89453125,-2.98945448,-4.24638490,2.87916799,-10.63851602,5.15568456,6.94987357,-8.42994518,8.81503918
17.89843750,-0.72908494,-2.96023824,5.83722904,-6.54231857,8.42960794,9.99237777,-2.15507422,1.99675319
17.90234375,3.70736352,-2.19811946,2.17550237,-8.30531070,4.87402159,12.34152948,4.76275592,-5.09078751
17.90625000,5.46499508,7.26251779,5.47877791,-8.51258970,9.70405639,7.11156604,6.44788501,-5.23640081
17.91015625,5.12408971,12.34033176,4.09089154,-3.53898669,4.10666270,9.60766762,8.80967062,-7.59699865
17.91406250,5.93248927,7.10136614,-0.12530917,-3.63737923,3.39791656,6.54980087,8.09587249,-13.44391108
17.91796875,8.94079569,3.82815886,-0.12707512,2.75992288,-0.58562870,9.27867572,-4.67220344,-9.67134472
17.92187500,10.93068927,5.73855177,-3.76179939,1.98349513,-6.42698457,10.19838507,-6.85651153,-8.27053230
17.92578125,8.84095712,-5.54262470,-2.25133580,2.84541366,-6.33674429,7.44428108,-11.30710032,-8.40185295
17.92968750,7.65699502,-6.53203590,-2.80106798,10.04575797,-12.82626582,8.32406341,-2.32930449,-7.63673611
17.93359375,7.06897847,-7.93620612,-7.61943467,7.97849984,-7.03417925,-0.93529542,2.54516926,-1.87233780
17.93750000,3.36031548,-13.60424838,-6.76627277,10.37346962,-5.25409668,-0.57460150,6.03457266,1.15442525
17.94140625,2.36151152,-5.03502050,-8.65187046,9.51613592,-2.89793663,2.47157129,9.49961959,8.09995328
17.94531250,2.58777454,-9.70474613,-10.74556050,9.34447534,2.84418876,-2.25009416,4.56499898,8.96826199
17.94921875,-4.28679920,1.60190544,-10.70556683,0.79951034,10.02268650,-6.44263651,0.40819631,11.01170095
17.95312500,1.07933479,2.95385318,-7.16994591,5.29191987,10.27292773,-8.80664284,-3.98753349,9.44514733
17.95703125,-7.84239713,6.10875225,-9.30179780,-1.17559282,8.40260943,-6.52063419,-11.11332034,1.54723588
17.96093750,-6.75681787,4.96733068,-10.47472039,-3.08721351,10.26044011,-9.16941476,-10.07138112,-0.62130949
17.96484375,-12.90131438,4.41434406,-9.29254939,-5.49970566,5.52541441,-14.09961395,-10.72035302,4.40168414
17.96875000,-7.16425111,5.86556704,-11.50037097,-10.47719688,9.45841313,-12.13741703,1.22083738,-5.12854513
17.97265625,-13.28099243,3.44470592,-8.42038562,-9.33847332,0.60930044,-9.72089154,7.66719648,-6.23675384
17.97656250,-9.25912240,-3.38846354,-6.56947533,-8.96616923,-2.88907539,-9.30784532,7.01644497,-8.93947589
17.98046875,-14.88381514,-7.07653693,-3.43802686,-10.52396783,-4.60801313,-9.16387607,3.29073748,-8.99245276
17.98437500,-10.49729168,-4.80861211,-4.83865208,-8.54799840,-8.89414492,-7.20907212,-7.45146368,-13.00686418
17.98828125,-12.45848417,-9.98779481,-1.00779403,-9.81544189,-10.52706379,-10.15976627,-8.73930539,-7.50206861
17.99218750,-6.27604295,-13.06481016,1.57357153,-3.44138566,-11.00155619,-5.56586503,-11.40642785,-5.70036968
17.99609375,-6.56501311,-7.89288356,5.21243088,-1.00285826,-5.75550819,-7.47305150,-11.61735823,-4.77451235
18.00000000,1.31953602,0.33862392,3.68650405,-2.64610913,1.12868368,-2.72324119,-0.65563646,3.94613321
18.00390625,-1.22126376,4.85807482,1.63758237,3.26100837,3.62811936,1.15910510,4.65810856,6.59801968
18.00781250,1.83003093,6.38362885,3.46667497,7.70800362,6.71255689,2.39296234,9.28379725,11.60026521
18.01171875,8.04756932,13.21001850,6.62811691,8.69630188,9.11242299,2.05363666,7.43689236,10.19315919
18.01562500,2.35824867,14.26293938,11.55122547,6.87171626,3.92680051,2.26962407,1.40631774,9.83423555
18.01953125,8.72442578,10.36261864,5.35328230,8.49361714,7.05095153,7.83353596,-4.01004476,13.07771225
18.02343750,9.00960297,1.02470137,5.15818363,8.10635875,3.45857244,9.27864817,-10.91219846,10.31828165
18.02734375,10.22025049,-1.78466779,11.25167051,11.21703167,0.91095825,8.05662512,-7.25418364,7.72421003
18.03125000,8.84029152,-4.76386002,8.80329421,7.74225895,-7.82895551,9.84680297,0.99696904,5.93494362
18.03515625,10.05571591,-6.95253376,10.45485428,5.19265106,-8.32505714,8.39139573,1.12927643,-1.98922829
18.03906250,9.03493966,-7.74824260,10.69283619,2.32194754,-7.65535845,7.21848190,10.10929428,-5.02507666
18.04296875,2.49006504,-5.28307230,6.12949130,1.51495332,-10.18444283,5.08467958,8.14373774,-4.17686263
18.04687500,3.50310727,-3.97378193,10.26047405,-0.77738026,-9.07779366,6.41347351,8.26993634,-5.34239809
18.05078125,2.49919488,0.70827848,9.94148535,-8.51334563,-3.98975000,0.41538181,-3.74037652,-7.74466434
18.05468750,-0.93250115,8.06707211,10.06067685,-7.21292752,-2.77759830,3.51787811,-4.56271289,-7.40426505
18.05859375,-6.21244026,10.24347661,12.92568900,-9.86615053,-2.15323060,2.74049077,-11.32163583,-5.50309050
18.06250000,-3.08929660,7.24149196,7.20561594,-7.59478075,7.26143064,4.44275457,-4.88819951,-1.56757081
18.06640625,-5.77352350,7.15567717,8.20428480,-6.66620389,4.61185669,-0.67322465,1.04109499,1.92085466
18.07031250,-5.26326964,7.57563716,6.32540972,-6.58521146,6.03721566,-4.47148845,7.48882868,1.69121508
18.07421875,-8.71140813,-0.16906326,1.76788495,-9.23109285,5.96756831,-9.43580286,13.07400271,2.62281003
18.07812500,-9.81874098,-1.17600727,-2.56379772,-1.40981369,1.09195881,-5.55364696,5.74221095,6.98726946
18.08203125,-10.28190571,-8.97469389,2.63064227,-3.40516131,0.75227154,-7.71280483,2.13557137,12.07595623
18.08593750,-8.01503054,-10.13491870,-0.21345275,3.78009954,-3.30705415,-7.02047127,-7.20950750,8.36002154
18.08984375,-4.59013318,-7.95076913,4.35390320,6.51179445,-6.88731521,-8.80903097,-8.35603415,12.01902552
18.09375000,-3.74533634,-4.27605717,-0.53592600,5.86767931,-10.76170665,-9.03671472,-8.81737073,5.75781955
18.09765625,-2.88069175,0.22535824,-5.63443181,6.50359621,-11.62315988,-7.08103567,-7.07227635,-0.73167878
18.10156250,1.81414337,3.91099210,-7.41358201,9.56131539,-5.74512635,-9.03098089,-0.66330584,0.62746361
18.10546875,2.38364344,8.10537753,-3.28914089,6.18812082,-5.97544902,-9.60807479,6.71606147,-2.94604045
18.10937500,7.25815905,10.12328083,-4.98798627,6.80833772,-0.98995100,-5.66996854,8.43557386,-8.69045471
18.11328125,4.66345079,5.45531002,-12.29116533,6.91897485,3.33941207,-4.27242448,4.54920067,-9.19514082
18.11718750,9.45839152,6.71128893,-8.07749530,5.41256473,8.77666703,-4.88837909,-3.59215003,-11.59888738
18.12109375,8.65583047,6.95407060,-13.13180240,3.28249374,7.27396915,-0.28023473,-8.36517287,-3.32797482
18.12500000,8.65626088,-0.57853171,-10.67702158,1.98284316,4.72997870,1.34520309,-11.45936754,-5.23585312
18.12890625,7.94540338,-4.79575714,-14.44789878,-1.92199023,13.12758131,2.06360876,-5.48338463,-3.61805558
18.13281250,10.90500570,-11.20956270,-13.01644377,-5.08687487,8.55307150,3.99019325,3.95274584,2.53117453
18.13671875,7.12873933,-7.78617669,-9.76026497,-6.71576578,3.21861888,6.30256053,6.59559603,4.23256199
18.14062500,5.54362985,-4.65274406,-9.68530678,-9.06439356,-2.60949562,9.76441675,7.03574702,6.33688546
18.14453125,-1.10448977,-3.57729543,-5.45317309,-13.94898836,-7.98972220,5.37468386,6.91491108,8.85588050
18.14843750,-1.42077056,0.71412409,-4.35905925,-9.66238483,-8.14444975,8.70610789,4.66710044,11.30431093
18.15234375,-0.32173847,1.47588135,-8.84469399,-10.38786284,-9.36556485,10.85197942,-4.91117079,10.61175520
18.15625000,-2.88342757,8.82988460,-2.85050033,-2.06939126,-8.17675790,12.07726268,-9.85377798,8.49164963
18.16015625,-2.87713051,10.14311948,-1.08045536,-6.81582230,-8.74681038,9.65608859,-11.28503533,2.81436357
18.16406250,-5.42237321,8.15072081,0.62946229,-0.40681871,-1.41990869,6.35400372,-5.12190763,1.02516395
18.16796875,-8.38978348,8.39107253,5.28202051,2.11825301,1.38671647,5.97125480,3.27797082,-0.92398169
18.17187500,-12.31044133,5.15100728,2.56554415,-0.54778262,9.14284860,5.75892828,8.19069465,-6.77491181
18.17578125,-7.43100298,-0.95538281,2.52956868,9.55282755,9.77531670,2.46064050,8.65048252,-9.76346587
18.17968750,-11.52428258,-6.90413072,9.62406503,9.92703460,12.48296897,7.13938499,7.24966050,-6.46375798
18.18359375,-5.52581923,-6.51212705,6.81454615,12.27419358,6.73441356,3.90099584,-3.53058500,-7.94363442
18.18750000,-8.11848213,-7.90558880,6.73926042,11.40426673,7.17383586,-2.13623335,-6.52861509,-9.24983985
18.19140625,-1.23541790,-2.56569724,7.22103263,10.03807919,4.16482348,-2.09017885,-8.36866190,-1.35434307
18.19531250,1.42541038,-6.76567330,7.78306658,9.91772456,-3.27257117,-5.47056027,-8.35068696,-3.96563993
18.19921875,1.13845571,0.35627708,11.52831256,6.03511347,-9.43649704,-5.22833876,0.89183347,0.69875092
18.20312500,1.21868110,6.29004213,9.22620643,8.09817638,-8.64804931,-7.26459572,6.35107114,5.50916051
18.20703125,4.40727059,13.86212333,6.57140954,1.24309372,-11.96501137,-8.78811498,11.72427909,7.88576132
18.21093750,3.61338282,12.52356616,11.09523546,0.29917269,-13.26738706,-5.35497463,9.77182047,11.47301121
18.21484375,8.70881249,10.37691836,6.52712883,-2.20399495,-7.50292195,-11.20699785,4.11372801,12.82792639
18.21875000,9.90255907,9.89370013,8.00683047,-4.60025595,-6.36051429,-9.99020721,0.20452287,9.41693652
18.22265625,12.21502797,3.76393225,8.07679975,-9.16212238,1.93986706,-6.96089144,-7.55704897,9.78966536
18.22656250,8.61039984,-0.89114158,2.47048629,-6.03879365,1.09019475,-5.14910889,-10.09147777,10.47989816
18.23046875,12.78294520,-3.99009933,6.41626162,-7.51350930,11.66567430,-7.77146279,-6.58745429,0.59146683
18.23437500,12.75957905,-7.78781396,2.89748861,-6.59929070,12.83927514,-8.16173950,4.87379273,1.48050993
18.23828125,10.95983279,-8.08323179,5.91662856,-8.41178851,6.37806904,2.87458163,12.12030134,-0.41368084
18.24218750,6.63113989,-6.70895138,1.94836878,-4.98330296,9.94205218,1.81097222,12.27774213,-3.38043397
18.24609375,1.88801007,-4.87477212,0.33912717,-5.87028511,0.41630030,-1.77273408,9.25529597,-11.19809237
18.25000000,0.44223104,0.99621156,-1.19153475,2.45517923,-2.30970393,0.55307185,0.52725874,-8.70967646
18.25390625,-0.91055023,1.35557619,-2.92741331,0.69584821,-2.49065360,7.02050058,-6.13093526,-10.42531760
18.25781250,-4.00840405,7.07954146,-6.33419144,4.73326548,-3.66296094,4.65352679,-8.98511649,-10.72652382
18.26171875,-7.17901327,6.45518061,-11.71136616,10.26600264,-8.22271500,8.38394928,-8.69877866,-6.90908813
18.26562500,-6.48646358,8.26815118,-8.73069519,9.23152078,-9.60759678,4.74218000,-5.17008413,0.11732137
18.26953125,-6.34107874,4.96900601,-6.37374989,6.18441387,-5.53108726,10.52936099,5.72219996,5.18379021
18.27343750,-7.10903619,-0.60932588,-7.71020142,10.82849991,-5.17103099,10.56757867,8.76497357,4.56675020
18.27734375,-11.77609937,-3.73390297,-15.11320039,8.51201279,-0.04820547,10.21362017,8.30217986,7.97824355
18.28125000,-11.30796847,-8.14525898,-8.46002212,5.76647254,6.71236687,7.14505449,0.69585698,5.28111107
18.28515625,-8.48020611,-12.29922969,-11.09959240,0.75126853,11.54871642,7.86647257,-8.59568590,10.67133725
18.28906250,-5.72957053,-8.83764561,-8.85175427,-1.01507410,7.35563644,10.01320633,-14.41885004,4.44264392
18.29296875,-4.42398419,-7.58108878,-7.52523215,-6.20223250,12.32153689,9.34765306,-7.42868124,2.01145529
18.29687500,-2.55623586,-3.89825615,-11.76116388,-6.48272818,10.96472387,5.20995534,-8.11917509,1.94248074
18.30078125,-3.76255906,1.52836010,-7.16328904,-10.00275267,5.39150419,4.64664862,2.28219074,0.03439142
18.30468750,4.69898084,3.76121279,-5.24515283,-13.21016140,4.62201522,2.12215443,7.94122225,-8.18129606
18.30859375,0.45192964,6.25582238,-3.61931078,-7.95647591,-2.35109599,2.21895781,10.04278553,-6.11308024
18.31250000,5.01701817,5.91109775,0.92448138,-10.94376741,-7.76191116,-3.69189326,4.68333045,-10.95242235
18.31640625,4.92572065,6.68761646,-4.65680018,-10.21404596,-9.56634214,-0.62394586,1.30506281,-7.31868484
18.32031250,5.01341007,3.04796374,-5.82491417,-9.66402683,-7.38406464,1.02608994,-5.41634232,-9.60228526
18.32421875,6.87970661,-1.14208120,-1.85616159,-10.69652372,-12.22426221,-6.91197171,-11.34044138,-8.31306975
18.32812500,10.42789875,-4.36097447,-3.31366052,-1.53351082,-4.59186444,-7.57706322,-5.44360233,-6.55247530
18.33203125,4.96426386,-5.45504903,2.33551074,-1.78380671,0.02126631,-7.93309677,-2.90744487,-1.76527821
18.33593750,6.91004826,-8.27100798,0.20833930,-0.75838940,4.69144889,-13.39217434,-1.58654263,0.31587503
18.33984375,7.08068501,-5.93158763,3.83649711,6.04816926,6.24065767,-10.66202213,10.44632902,8.43003591
18.34375000,5.16285304,-7.58448430,0.43192866,7.18734072,10.52560587,-9.72468439,7.76173207,7.71786901
18.34765625,-0.82153516,-5.43716443,1.42585928,9.06716568,10.08425990,-10.42803608,2.44141304,5.32377209
18.35156250,-2.18142375,4.64104484,6.22080005,9.24707477,11.58204184,-8.51877969,-5.42571728,9.66553247
18.35546875,-2.11173688,6.30877878,9.41267413,6.91361998,0.73931966,-9.38018340,-5.78942145,8.07948089
18.35937500,-6.26835364,11.45866710,11.23524550,7.37552629,2.98952876,-5.38158299,-10.16542943,4.25035454
18.36328125,-5.95404808,10.95204912,12.85693364,5.94158014,-5.52432525,-7.96968168,-1.38386601,3.73671843
18.36718750,-7.54131136,6.49350956,10.00723623,0.59118084,-3.89788830,-4.43669037,2.40541026,-0.74099921
18.37109375,-11.27944613,2.80875340,11.51845699,5.25480357,-10.31073984,0.81801198,9.67462009,-3.19820184
18.37500000,-8.50217196,0.30005919,11.23817517,-1.16538050,-5.97157373,-2.03591698,8.90508614,-8.49226374
18.37890625,-9.34275938,-1.18003862,11.34274400,-5.52198645,-10.41939166,6.50011010,6.22151371,-11.49669349
18.38281250,-9.41238573,-10.05876150,10.49548710,-7.67798316,-4.27118968,6.92274177,2.72922569,-8.74731521
18.38671875,-8.15206577,-11.45964117,11.80677980,-7.99202130,1.87265428,8.62422831,-3.76633603,-13.98561219
18.39062500,-6.24662942,-9.12539601,11.17254592,-13.74216182,7.89698287,3.09473959,-10.68927065,-6.70675985
18.39453125,-2.76717474,-7.55936905,7.42748496,-8.76688006,6.29289358,8.13713205,-10.55121735,-2.60685860
18.39843750,-4.55720690,-1.51409648,7.66438305,-10.91778637,5.42294103,8.10613883,-3.75512149,-4.68672543
18.40234375,-1.55937856,0.34253817,5.35977133,-10.30799551,9.32792245,8.52019311,0.94783644,5.62955500
18.40625000,3.35226658,6.77175818,7.15182846,-4.33152913,6.65076411,7.56511634,11.62088386,4.39564751
18.41015625,6.34709595,10.46112432,4.02283789,-4.47774485,0.96596883,11.96543352,11.80581112,10.52521423
18.41406250,7.10308681,6.97742655,1.90229761,-2.87664431,7.38749007,8.41824477,4.60793043,10.92374040
18.41796875,10.13068450,5.78398604,-2.16184158,0.08779993,-0.47486736,8.55868219,-5.71457565,7.88566763
18.42187500,5.96107832,3.93619715,-2.81195732,5.61952733,-7.18256534,6.03804346,-6.48190017,10.55930268
18.42578125,7.49576725,-2.46087851,-3.13136844,6.26913490,-4.56541261,3.07908614,-11.81875410,6.24024566
18.42968750,12.88210404,-9.38306108,-2.69788851,8.94101782,-6.55692965,1.85782382,-3.19108022,5.43053495
18.43359375,9.41620784,-9.87323895,-5.95482649,8.09476089,-6.52601312,4.78402914,0.10339293,-0.35895338
18.43750000,4.67887291,-7.29876897,-8.14345232,7.35828766,-9.91416312,4.70358944,5.07289987,-9.78159627
18.44140625,4.65230294,-9.03843825,-11.55349665,6.51338337,-1.34011500,-0.65673960,8.53115667,-7.53732860
18.44531250,-1.17118970,-8.64250666,-10.08489463,5.55274313,0.46044283,-3.28915407,6.18009941,-8.68593220
18.44921875,-4.42152324,-4.25915732,-5.84049877,2.99163200,4.39447285,-7.81126413,0.18001340,-11.27921677
18.45312500,-2.01429719,1.28334834,-11.15547002,6.05872867,7.98751864,-6.35692396,-7.10521485,-12.34630075
18.45703125,-2.63889540,4.40398857,-13.85744174,-2.65901720,11.86390222,-9.33129916,-11.47529046,-8.25086505
18.46093750,-9.93369126,8.17819216,-7.51122761,-3.47993963,11.77754194,-6.84751439,-12.62562416,-6.99706193
18.46484375,-11.39023908,5.45279573,-11.40019849,-5.69779531,7.85504733,-4.98630011,-7.37253079,0.52798359
18.46875000,-12.62320903,2.97257213,-7.13561124,-9.43556658,5.03014199,-11.47710611,2.26090063,1.92873529
18.47265625,-14.51308956,-1.51465634,-8.44374738,-12.79204466,-0.37076190,-12.43640720,4.47451505,2.94824236
18.47656250,-14.43817670,-4.89159194,-2.32932750,-13.44515221,-1.64927627,-9.93941215,8.83208058,9.97448466
18.48046875,-11.96808163,-9.45658284,-8.44911190,-10.49715821,-7.13673177,-11.56665807,2.60438733,8.10745479
18.48437500,-8.45017977,-11.10096549,-8.55094454,-9.94824950,-7.71145492,-11.94764462,-2.20357697,10.75021905
18.48828125,-6.67874497,-8.76762896,-4.31829221,-10.74924521,-10.67359718,-8.44822603,-11.70569898,8.80380787
18.49218750,-5.37580610,-10.75007675,-1.29453885,-6.27543725,-5.55355046,-7.76563128,-9.42774818,3.69178551
18.49609375,-3.20774788,-3.70623826,0.34387358,-6.43025500,-4.30807567,-2.59327644,-10.18394473,4.45408315
18.50000000,-2.88827903,2.40803462,3.26471271,0.00490540,4.23614430,-4.45134083,-0.00364843,3.68439264
18.50390625,-0.41379115,3.68335334,4.63350375,5.79072888,4.58741470,-3.85383045,3.40971287,-1.10948839
18.50781250,3.07106585,9.73173538,6.17989530,4.40154803,7.26851642,-0.48032082,6.32045885,-6.88782877
18.51171875,2.46861449,9.01898704,9.05443304,5.13485799,7.12918017,2.75216836,6.99390104,-8.15012115
18.51562500,7.92521419,10.27970691,9.69391625,8.56694747,6.18708277,5.46917360,1.90985822,-6.51874456
18.51953125,8.75398702,4.13939127,7.72256545,10.03913500,4.40347935,6.72222559,-1.74431564,-3.68269835
18.52343750,7.86227963,5.00384125,11.11907779,11.78782646,7.76831309,10.22761988,-9.95402048,-5.74707333
18.52734375,9.78717369,-4.31773879,12.65227093,9.02009075,-1.79456208,6.82944824,-7.04648302,-3.10734370
18.53125000,7.30735853,-4.78570411,10.64323397,12.42559620,-6.77842576,8.63057084,-1.53290838,-1.13341002
18.53515625,7.05771200,-9.12104124,9.58977372,5.19905530,-7.27150580,6.56755467,5.60331010,2.09780566
18.53906250,7.34447302,-5.86014503,9.77887980,1.14443451,-11.84133557,8.38726350,6.96662735,9.14079016
18.54296875,1.50956905,-4.79149344,7.21733131,6.33209287,-10.38075777,4.62396712,8.25403524,9.88256405
18.54687500,2.89908744,1.89396993,9.39955225,-0.96944343,-10.48285775,10.27091976,4.81102779,13.06976905
18.55078125,1.58695481,3.70530218,11.04158634,-1.77835232,-6.26385022,5.87478427,-0.87984854,11.78878257
18.55468750,-2.67212343,8.68823357,10.53895758,-6.76011200,-2.50096054,6.77521717,-4.24045014,8.23370214
18.55859375,-5.28727068,14.05934837,8.10964205,-6.54822373,1.68707050,1.79489794,-10.56644379,4.72458512
18.56250000,-2.93676843,8.66978784,9.02828874,-6.61241917,6.74222122,-0.13712488,-6.30970478,8.49579568
18.56640625,-6.77674036,8.46330842,6.60234145,-10.75480941,12.50610212,-3.36079737,0.58023735,-0.47316530
18.57031250,-7.16071804,5.32891098,3.26076052,-2.42014513,8.35778347,-6.54694382,2.29354324,1.20534203
18.57421875,-8.12053063,0.54046304,6.61093369,-6.89573035,7.79604934,-5.41197767,9.09457413,-7.18146246
18.57812500,-7.41347912,-5.51794991,2.64646890,-7.86482139,6.26419382,-6.87245344,6.31027734,-9.23599804
18.58203125,-6.61676936,-3.13207273,-0.06395120,-0.07521239,3.39638087,-8.86776051,0.83192157,-8.09107257
18.58593750,-4.07988103,-12.91648192,-3.24876770,2.79624415,-7.65071350,-10.75046041,-5.69929638,-10.01719724
18.58984375,-8.72181781,-9.70472749,-6.76591546,6.64797095,-4.45467728,-10.27911937,-12.86816547,-3.95633367
18.59375000,-1.15825161,-6.94273832,-3.96950591,3.73097301,-7.29737899,-8.65576475,-9.16378965,-6.95771585
18.59765625,-1.36516773,-4.59472426,-5.76404905,7.34414352,-8.03550082,-11.31758655,-5.92702516,-3.10014661
18.60156250,-1.46770109,1.88696436,-3.53795095,7.55979247,-9.22036433,-12.66415113,3.10025189,3.57464978
18.60546875,4.11664050,9.12763167,-6.67529075,12.17313746,-7.61956806,-9.28965729,8.06767540,6.93002651
18.60937500,7.93792262,6.94358114,-6.63246833,9.15907615,-2.67354061,-7.12978641,10.09122355,6.44194694
18.61328125,4.96537442,6.27949342,-5.11675486,5.33496667,3.06191740,-3.76272881,6.80198186,14.61341083
18.61718750,7.18892699,7.49546961,-7.23312373,6.34864299,7.48439943,-3.20056425,-0.61570774,11.84411326
18.62109375,8.90737712,5.04463443,-9.69453366,1.60562947,9.11890984,-2.76803617,-8.02968117,9.73172381
18.62500000,8.30525372,1.75961232,-7.56686582,1.34131268,9.82948480,-0.90495753,-6.12934219,4.38058366
18.62890625,14.99370345,-4.92844810,-7.72389932,-0.35159959,9.14599812,2.35967935,-1.72760194,2.35623181
18.63281250,9.17094010,-7.25090722,-10.89821594,-4.73127998,4.13917086,7.11410214,-2.09607555,-0.89898260
18.63671875,4.38902174,-9.74329437,-10.34502021,-6.32135465,-0.08529464,8.60864949,1.87657546,-6.65881545
18.64062500,3.59315484,-8.74296787,-8.00022574,-8.57663378,-1.51984640,11.10248165,10.07075211,-6.03238695
18.64453125,1.42703326,-4.33118524,-6.17596744,-11.59125286,-5.62991884,11.44103359,8.84907344,-7.47612198
18.64843750,0.22628178,1.13593139,-1.53703546,-6.70037862,-11.79328281,10.37581554,1.15088705,-7.93188314
18.65234375,-2.15792827,4.70184734,-0.82243825,-10.13191411,-14.15533531,7.11303842,-3.91257086,-5.61714930
18.65625000,-4.14180726,5.14573188,-1.45023989,-10.79048428,-9.93704624,11.32643852,-10.64206121,-4.08644228
18.66015625,-3.20848838,10.98286777,-6.84216841,-6.19763624,-10.43106604,10.81537397,-7.38771333,-4.70252036
18.66406250,-7.23173686,10.82405699,-1.99038620,-0.04972792,-5.04995564,8.29267400,-4.26279211,0.18072431
18.66796875,-6.71416992,6.37949005,2.42392455,-2.10280544,1.68242405,7.87364041,4.98623146,-0.69883579
18.67187500,-14.37475819,6.67435184,4.34231364,3.89764554,5.57809316,5.68254958,9.15088881,9.66420536
18.67578125,-7.41945872,-2.87249817,4.03385252,8.74472166,8.48716365,6.38535215,10.33922992,3.91297483
18.67968750,-7.95444986,-3.92156114,6.01950237,8.17417321,8.83697440,5.69952880,8.57100903,11.36185837
18.68359375,-5.79223795,-4.75329015,9.65005225,10.15725619,8.98251904,0.02984025,-1.36900250,11.11252054
18.68750000,-4.69080045,-5.89285213,6.27887124,8.25001001,3.98053997,-3.01788146,-4.93815285,8.29593359
18.69140625,-1.54718999,-7.36992521,11.54744977,10.23005057,1.71403580,-3.36380274,-14.87432265,9.18260269
18.69531250,-2.34204552,-2.54208566,6.26161627,7.03719502,-2.63579011,-1.91666942,-2.67166918,6.30313416
18.69921875,-1.52182360,2.59480342,4.56964804,8.31501335,-6.68319899,-8.40274687,-3.87774724,4.96761201
18.70312500,3.68029850,6.49552791,11.81916900,4.73713400,-10.06615870,-9.40483349,6.51994080,2.85058547
18.70703125,4.19180972,9.64217412,7.90973780,4.79305311,-11.33730625,-8.07082592,11.56150838,0.10348601
18.71093750,5.68083663,10.81777762,8.66004257,-1.28182457,-11.43683511,-11.05071614,12.17481310,-8.87584664
18.71484375,12.53475543,11.85971849,9.97995454,-1.91737905,-8.66395112,-5.75692759,6.22209779,-7.18567373
18.71875000,11.68278444,8.12600800,7.12633125,-4.16627457,-4.18091594,-5.79045419,-0.39207180,-7.34744607
18.72265625,16.29163585,2.40229369,5.57873992,-5.39865569,-0.05547586,-7.16452322,-4.54581059,-6.86679398
18.72656250,10.00098291,-1.49561799,7.61695831,-6.50512371,-1.08180583,-6.81980559,-10.18577951,-8.08173933
18.73046875,12.01431781,-7.05843696,6.09322388,-12.88340175,9.94258964,-8.68667703,-2.85793866,-3.46972131
18.73437500,13.68271662,-9.96643047,6.75610539,-6.87874004,8.69029054,-4.21130910,5.45449348,-2.39763258
18.73828125,11.52642314,-7.69328690,-1.44296391,-5.80713406,9.10383532,-6.04188346,12.35141052,5.41122724
18.74218750,8.04467788,-7.15137588,5.59872819,-5.85171574,7.94178393,-0.47579887,11.92348701,5.01846824
18.74609375,2.67649931,-5.95559928,0.43518742,-2.38834213,2.93718600,0.10504490,8.08107929,7.42179131
18.75000000,0.23599273,0.28438553,-2.61062499,-1.73704951,0.85361136,-0.18784739,0.23197209,9.01223686
18.75390625,-2.18184974,5.47719269,-4.39176453,1.42796219,-4.98570129,4.37395046,-7.35431767,8.61532500
18.75781250,-2.86005143,9.71999382,-8.48006221,9.24547648,-7.68256735,4.31634849,-12.06015249,10.54895566
18.76171875,-2.65059192,9.01853907,-5.09104679,7.03765813,-7.50628333,8.39660466,-3.55692328,2.30144297
18.76562500,-5.72902572,6.56219704,-3.11386746,7.14884512,-8.23484977,8.75722076,0.72990890,-0.37407191
18.76953125,-10.04334820,4.32066554,-6.15185264,7.61632243,-0.80049784,7.14446540,7.99736911,-4.88330720
18.77343750,-8.34737224,0.41414015,-6.37625562,5.92349707,0.90236903,9.78483323,8.53983774,-9.81487694
18.77734375,-10.60744178,-5.58428598,-7.10507716,9.07118906,1.61752052,10.12269284,6.27868989,-7.99882724
18.78125000,-3.60442149,-7.26181737,-10.18052008,7.41162895,8.67491348,14.86363861,5.02243701,-15.16220411
18.78515625,-5.66809981,-12.37637092,-13.22372513,3.21076810,7.91446390,14.02797349,-3.76314216,-11.62617568
18.78906250,-7.31582564,-13.15947111,-9.89706026,-0.07729122,12.13554590,6.85019003,-8.86797441,-7.86695763
18.79296875,-6.00006135,-6.82733840,-7.21525995,-2.54877384,14.97532199,9.08386547,-9.13370625,-7.82901954
18.79687500,-5.90148997,-5.24132736,-9.31806316,-7.94751901,9.74172846,4.85501136,-6.16454494,-3.35707067
18.80078125,-1.28964059,1.71798410,-9.27573475,-12.35798818,6.93346178,5.56855925,1.80200549,2.90629956
18.80468750,-0.27637658,1.90646546,-6.78373846,-6.79886055,4.99610744,4.15974576,4.66277232,4.06374537
18.80859375,7.39744008,5.30171898,-6.87891414,-12.24424238,-3.13220516,4.29876746,11.96781873,6.62266954
18.81250000,7.42874660,9.02661632,-6.12734774,-9.04897303,-6.15364100,2.52259551,5.00269759,12.63874576
18.81640625,8.57217700,10.69535227,-6.69570873,-5.59482112,-7.88281496,-6.58120525,-1.63827964,10.56512055
18.82031250,7.28904563,2.27047744,-3.36179243,-11.35393713,-4.99572759,-1.19102857,-9.31977784,9.45278741
18.82421875,11.16697062,-0.90600878,-3.48224691,-5.28170242,-9.63608260,-3.51577896,-6.07924798,4.43687794
18.82812500,5.97328241,-3.61280329,0.52529525,-2.65864690,-3.04587221,-9.90036387,-5.14514693,4.71932066
18.83203125,8.44482616,-4.92009165,-1.84644754,-0.95218219,-2.62915145,-7.33098941,-4.93930559,2.48763110
18.83593750,6.69375855,-11.48105640,-0.09324061,5.18318529,-0.05100649,-12.25833316,4.05243968,-2.77915478
18.83984375,5.22306064,-7.73227955,-0.30909499,3.14496367,5.95409982,-6.30774379,12.21245131,-6.51752701
18.84375000,1.85901270,-8.18547897,6.08699904,7.82837334,7.67017639,-8.90447621,9.73092049,-4.82835510
18.84765625,-2.74126123,-4.86622651,9.35561163,11.06420392,11.61469339,-6.95017508,3.67986131,-6.72363974
18.85156250,-0.77551861,0.77876139,10.30124298,9.02957922,5.54068663,-6.27558471,-4.30538262,-8.80871538
18.85546875,-5.19945276,6.76433772,9.41537737,10.73519902,4.94504598,-10.05754308,-7.28583626,-11.77751072
18.85937500,-2.33631212,7.95020287,8.77767651,7.62876720,3.03822414,-6.01206054,-10.66075798,-4.82632925
18.86328125,-8.49590617,8.96306558,9.18082911,3.21173294,-5.18332106,-6.06551836,-6.00667417,-3.01652264
18.86718750,-4.91201846,8.85461145,8.77218779,7.33649153,-1.59040785,-0.32194011,0.16903021,1.70966775
18.87109375,-8.27985304,1.32472940,7.44078591,1.37400879,-9.23359833,-2.34355315,7.09414970,5.47960058
18.87500000,-8.00463766,-0.83852614,12.31946346,-2.73437120,-10.26171874,-3.10860149,9.69856524,8.26681396
18.87890625,-6.26864298,-4.88472585,9.99298223,-4.52608017,-11.53288648,0.07806407,8.28245288,6.92548087
18.88281250,-9.55510005,-5.84526997,7.16071485,-9.21036834,-6.47040165,4.84720116,0.22718073,6.56672665
18.88671875,-6.89315249,-7.89198405,9.88706363,-10.00164127,1.37742656,3.33117647,-6.66764413,9.55497876
18.89062500,-8.38572432,-10.07641692,7.48654963,-8.09841696,3.56597607,5.46617431,-8.47879849,2.77267328
18.89453125,-1.77584282,-4.62657168,6.63351689,-10.64394481,7.12638290,7.10229250,-8.52738174,5.74554885
18.89843750,1.45454324,-1.88126859,7.54908088,-11.85084713,6.86098245,7.92485574,-0.87470296,0.93775568
18.90234375,-0.05532552,3.58906416,0.62204003,-11.32468745,11.96213028,11.44929259,7.98198505,-2.55689434
18.90625000,5.41497304,8.43191563,0.91233328,-7.40577030,8.62165455,13.70371410,10.41048207,-3.85228108
18.91015625,7.97363778,6.61621746,2.29894262,-1.90511417,5.56876379,8.81760407,7.52929115,-11.16422450
18.91406250,8.11934180,12.96439420,1.06531462,-0.96348945,3.30312429,10.17745925,3.25581424,-12.07806736
18.91796875,11.36962421,6.14568688,1.73573749,-0.07376131,-1.39648911,11.18710663,-0.33700460,-10.37981343
18.92187500,8.01272535,2.58372764,-2.02276978,5.38395145,-3.92197307,4.95040264,-6.07764307,-9.98409853
18.92578125,9.98303536,-4.45374544,-4.69643942,8.71124378,-9.07203279,3.99769358,-7.56769979,-6.57200342
18.92968750,8.28123410,-5.79083864,-6.62423530,9.55430320,-10.35530072,5.21541098,-8.43825965,-7.25452361
18.93359375,8.85059200,-5.61697183,-11.66308355,9.88028446,-7.08786369,2.59059720,-1.45373059,3.05722630
18.93750000,5.00729206,-10.28169615,-3.49198048,9.50422921,-3.29311866,-0.38006171,10.06735022,-1.29142589
18.94140625,2.39761904,-8.60334956,-6.45883694,4.62776649,-2.68473466,-4.51089180,6.45755499,2.75317729
18.94531250,-1.15257324,-7.80228510,-10.51127537,4.17708003,0.19186513,-3.87656282,7.30888850,7.03176249
18.94921875,-3.00433196,-2.66383771,-11.48223227,2.44862503,4.03102076,-4.40099190,-4.57903351,8.09263101
18.95312500,-3.13199801,6.59024716,-6.65174967,-0.67993126,9.58286444,-4.05903999,-5.99165538,7.15561304
18.95703125,-1.15333669,6.31264876,-8.64421129,4.67147838,10.05198758,-7.69744852,-10.18027933,6.36766017
18.96093750,-7.06164972,9.95758880,-7.73775477,-5.36729841,13.00602994,-8.82912929,-9.06068692,7.81607304
18.96484375,-9.91450425,7.17928117,-9.00903662,-6.13040634,12.74240513,-9.61981833,-8.63839380,-1.31642235
18.96875000,-14.18557702,3.89543460,-10.62629722,-11.08944787,3.86950144,-12.29307706,2.73945605,-4.33461545
18.97265625,-11.06991448,3.94253135,-8.96696602,-11.12085437,0.81852592,-13.05067094,7.86611500,-9.44276876
18.97656250,-10.64269880,-5.04493812,-3.02996215,-10.46600397,-1.30327487,-9.35849121,7.72315576,-11.74846207
18.98046875,-9.05334276,-6.27155779,-5.83512278,-12.30311451,-3.30906127,-5.90909045,5.12420128,-10.34534711
18.98437500,-8.68069590,-8.45040971,-5.43092400,-11.25860058,-9.62568208,-6.08037628,-6.42346323,-7.59695634
18.98828125,-6.80245204,-10.13416915,1.02132972,-7.65415766,-8.66171527,-10.19627785,-11.11749575,-10.91465193
18.99218750,-4.82118338,-6.44535622,2.07732169,-0.48781885,-5.07287631,-3.70036026,-6.98864183,-7.12727331
18.99609375,-3.29819105,-9.00021579,2.39297151,-2.49119094,-0.02654060,-2.59881170,-10.58584623,-0.48101916
19.00000000,-3.43752005,-3.10866333,3.02853193,-3.29777263,0.77681796,-1.89279419,-1.78687086,-2.00978375
19.00390625,1.53410913,1.07827565,6.81438978,3.71808847,8.78713308,-1.76437715,6.26976788,5.10003406
19.00781250,0.86277724,9.18675249,6.04777229,5.62446632,8.44927962,-1.56142580,11.02760029,7.89789361
19.01171875,3.27202779,13.56276054,4.43840192,6.84958706,8.83294880,7.18816325,8.88388659,9.77939981
19.01562500,6.27542466,9.90247397,7.30656690,8.12785431,13.00552860,2.77077100,3.18586781,12.06671020
19.01953125,10.92551898,10.67801614,11.81187499,8.04643814,6.36588219,3.35606920,-1.41691990,12.84671968
19.02343750,6.22993183,4.27440655,7.93105487,12.21856249,4.48818622,9.66486909,-9.35641383,11.53089846
19.02734375,4.71897667,-1.15646565,8.27495518,9.36228349,-3.66345081,9.28256772,-4.28502306,9.89383285
19.03125000,10.58360302,-2.38811387,9.04112679,8.92285648,-6.13702930,10.25144714,-5.23152124,2.92149595
19.03515625,6.48218089,-7.45367885,7.24371514,5.92738150,-9.76662336,8.49762807,5.19636318,2.50029699
19.03906250,8.44762351,-9.03497239,8.22429502,3.14763971,-14.95516875,7.04284869,10.82843499,0.23318015
19.04296875,4.45304360,-5.43627972,10.19447173,1.32262119,-8.26766468,4.83109318,10.19246690,-6.92107038
19.04687500,0.49789509,-2.73858899,7.12714413,-2.65547417,-11.30578479,4.16952799,4.21414624,-8.39584816
19.05078125,-0.84237280,0.82441200,8.54902774,-3.11150516,-7.91830474,3.04923434,-0.90065986,-7.70208047
19.05468750,-1.87891252,6.11971206,9.27912553,-3.33642786,-2.21725634,1.50330989,-8.50218372,-7.18595139
19.05859375,-1.47944142,8.69816950,7.06588825,-9.74373301,0.21197376,-1.77298649,-8.49191167,-6.37714510
19.06250000,-2.92117425,11.55103848,4.01613432,-12.51775095,8.91908684,3.13846922,-9.41526557,-0.86951305
19.06640625,-6.29456702,8.92626156,6.37979786,-6.56856222,10.50078554,-1.07359943,0.99186443,2.03338058
19.07031250,-6.78564002,5.58912966,2.59677337,-3.70110055,8.38623825,-4.40459614,8.53118424,2.07814375
19.07421875,-7.71706051,1.69738820,5.11283068,-8.80640589,8.42753213,-4.21364863,9.59506518,8.06437950
19.07812500,-7.21891805,-3.42080276,-0.34826167,-5.17992037,5.99406031,-6.45406039,11.57132922,8.36449775
19.08203125,-9.23490428,-8.20362972,1.36396458,-2.42191887,0.68959282,-10.51757007,3.73941420,9.24914738
19.08593750,-6.64878237,-8.20378085,-1.86528554,2.62044679,-2.71263840,-6.67067306,-3.76830532,9.40787366
19.08984375,-2.99457683,-11.69681296,-4.95295329,4.31630644,-9.79297488,-9.52443639,-4.30108198,4.15658048
19.09375000,-4.38921211,-5.58862060,-5.50470392,4.95764664,-9.86039362,-9.19706880,-5.94525841,2.12037648
19.09765625,-4.48157757,-0.12270556,-6.52522575,7.27250442,-11.30855170,-7.87349235,-6.52118702,2.74060040
19.10156250,2.28473666,-0.06621213,-5.24130193,12.75575692,-9.04122742,-11.67901033,1.69359249,1.76987998
19.10546875,3.30574506,7.83039687,-5.98010095,8.69675873,-9.44626049,-10.73592670,7.24332698,-3.37709418
19.10937500,4.86583373,9.33115608,-6.08331294,10.82129349,-4.91413882,-5.53569950,12.96588052,-8.26307737
19.11328125,8.19341375,8.77554231,-8.28206289,7.99200688,-0.18427850,-8.04618285,3.67321423,-6.59228027
19.11718750,7.94681451,9.29836477,-6.97397401,3.51397785,6.65120245,-4.55448023,-0.72480619,-6.53125481
19.12109375,7.99392498,5.30062167,-6.76871514,-1.83162836,8.83594545,-1.28646651,-7.19928568,-5.73132351
19.12500000,11.82551739,-0.39875858,-10.20945440,0.70962838,5.88685620,0.82561327,-7.98106167,-2.29682575
19.12890625,9.44780880,-3.93270938,-10.23268876,-2.78450154,11.01265342,2.50193385,-7.57044963,-3.87358666
19.13281250,10.18177918,-6.27730583,-10.33460334,-7.40867607,7.14235468,2.43812063,3.08206276,0.42495128
19.13671875,9.29399208,-8.69111678,-9.44503378,-7.28141336,3.40006326,7.41039588,7.26497426,0.89131289
19.14062500,5.17057467,-7.99230826,-7.19655871,-8.51555143,-2.67075393,6.16457006,10.77810256,10.66432162
19.14453125,1.08954536,-7.75362013,-4.19936869,-11.18274031,-7.86137613,7.19241908,8.45693602,9.32118811
19.14843750,4.29416600,-1.53545524,-4.59521425,-6.00444770,-8.10139407,10.74628667,4.82455081,9.91107979
19.15234375,-5.22264939,0.08049170,-5.03212282,-8.09376224,-10.25802021,14.05790099,-3.61106644,11.90978416
19.15625000,-0.92364079,9.06493419,-4.90730389,-8.12315476,-7.45487004,8.33685186,-14.89800362,7.42110781
19.16015625,-4.08497018,8.12523164,-2.27158573,-1.60358280,-5.80798067,8.32625015,-6.90717071,5.95462261
19.16406250,-9.15753963,9.89859352,-3.19087218,-1.82791083,-5.89884188,8.98321258,-4.33129832,-1.51568682
19.16796875,-9.60629467,5.78944511,0.53243238,-1.85419544,-1.35927126,8.11209551,0.80787097,-3.11594802
19.17187500,-10.85566389,6.95865468,-3.45365672,5.92515600,6.73658961,8.96971253,7.90173196,-5.27337500
19.17578125,-9.31101932,-1.65270801,4.09278101,2.56141530,8.68430492,5.99088919,10.74348381,-3.62115065
19.17968750,-6.59729894,-5.12135455,4.83416166,11.67198088,9.12115739,-0.55416367,8.14119861,-8.12457554
19.18359375,-10.37783746,-8.04949670,6.71757171,6.17800863,6.83527420,2.10194235,0.35528976,-7.40295333
19.18750000,-8.41980689,-8.16290822,4.82620148,11.06765285,2.24137164,1.11947717,-7.48661689,-9.72417773
19.19140625,-4.19914884,-9.77489700,11.01866621,8.96277841,3.66854472,0.89335834,-10.46944374,-5.53950265
19.19531250,-2.40551142,-5.45180000,8.78548452,6.55727491,-2.03736647,-3.87165139,-6.78628639,0.27101191
19.19921875,0.06879928,1.66302415,7.08265526,6.61707160,-4.47363192,-7.50504327,-2.41316503,2.69998112
19.20312500,5.70611564,4.26600289,8.21210527,4.00384046,-9.11422799,-7.86764826,8.03234157,5.54867068
19.20703125,3.55014437,11.70019071,8.47411905,1.77173884,-14.14367317,-9.20191146,8.52473289,5.93047860
19.21093750,3.59347253,11.93716246,5.76079919,3.20852361,-9.88652033,-7.89701414,12.77705639,9.44411146
19.21484375,10.09929395,10.26932831,6.70265306,-3.75607197,-9.35096592,-10.81729102,6.26543488,8.80165311
19.21875000,13.70816444,7.30994823,9.30381609,-3.92398771,-4.63890734,-9.10729063,-2.48899469,14.09397238
19.22265625,8.85161314,6.66819904,12.07379803,-10.57154939,3.97291235,-5.68673601,-5.54516762,11.78703113
19.22656250,8.90508608,2.03572474,2.86099509,-7.02219049,5.73547319,-4.98152425,-6.37561945,6.12019704
19.23046875,10.95337484,-2.47753499,4.95064274,-4.70248977,7.90238319,-4.12322876,-3.97291619,2.55605977
19.23437500,8.78237178,-7.72745620,4.13228513,-9.17287251,8.92004228,-4.34384396,5.59858843,-1.72663048
19.23828125,5.63191348,-10.65325560,4.66551379,-7.42102077,4.62595798,-3.75135257,11.62297317,-3.21129668
19.24218750,5.51551227,-12.23579891,-1.99988460,-3.57877945,10.29924382,-1.94420096,11.76538494,-6.97081451
19.24609375,3.02379086,-4.88393058,-1.11516578,1.26850021,6.45745852,3.00295741,8.58128608,-10.59027873
19.25000000,4.32912107,-1.74853042,-3.58531999,2.35693632,-2.61692204,3.84804967,0.06547461,-12.04779672
19.25390625,-1.07113346,2.65100173,-3.81604405,-1.04645204,-6.51288615,3.02195647,-2.25664479,-13.36090535
19.25781250,-1.78981010,5.53320417,-7.38626049,6.39067334,-8.81401900,5.56847579,-13.88267103,-3.82131689
19.26171875,-1.24334238,4.55559759,-8.86251033,9.28359681,-6.10072778,9.48112025,-8.12713477,-5.81687717
19.26562500,-5.23432447,9.01904145,-13.45733795,11.99257969,-5.78558920,10.70889244,0.73695707,0.93547447
19.26953125,-7.56950661,5.10713386,-11.20429818,10.09493649,-5.78485291,9.88407360,3.74406547,0.09887878
19.27343750,-6.96597011,1.54632241,-6.98116166,10.89772192,-2.59113256,11.62899417,10.93918724,5.81312222
19.27734375,-7.93277892,-2.45177424,-6.69597855,8.49597184,4.61874004,15.27113935,9.03430817,3.70853987
19.28125000,-10.56957281,-9.33335255,-9.15857279,5.92555419,7.45489383,12.37817026,2.15768629,5.02000969
19.28515625,-8.88642100,-9.16709701,-11.79556888,-0.06445992,9.39391636,8.63105354,-6.67431609,4.22998133
19.28906250,-4.44587708,-12.78811645,-9.45386956,-0.50211112,11.45132020,9.44352284,-11.52187100,7.27114445
19.29296875,-6.81278787,-11.40102368,-8.58332788,-1.94546751,11.93174833,5.62129042,-11.04978465,2.86971347
19.29687500,-7.96732545,-7.79477317,-9.07129928,-4.60549824,9.52475457,7.61179754,-8.49427775,1.34486210
19.30078125,-0.48691434,-0.24356018,-9.65102882,-8.64399593,7.01859076,6.90542754,0.91503573,0.11545718
19.30468750,4.89595428,4.12703088,-5.48730864,-9.19347491,1.52380655,0.79279129,8.51268307,-4.19245830
19.30859375,-1.03200283,6.91425586,-10.29132629,-8.59077636,-5.13949290,0.30449362,12.95772782,-11.36988555
19.31250000,5.78875732,9.09215554,-2.41308641,-8.96245703,-7.37841700,-5.32705376,3.80483600,-7.32867563
19.31640625,10.13696549,8.14045647,-6.65614463,-8.93417044,-6.13927361,2.28672106,4.46258443,-7.11321230
19.32031250,7.71213743,5.43674877,-2.55973179,-10.83336270,-9.04424622,-8.17976541,-5.90125928,-8.87884751
19.32421875,8.36361305,3.00884966,-1.72124111,-2.83041212,-7.30535230,-4.66766933,-13.76150098,-5.79273359
19.32812500,12.20053982,-5.44451968,-3.16285660,-6.80551888,-5.51604751,-9.25290947,-8.18356860,-7.41188516
19.33203125,3.62496149,-6.15562437,-0.93994043,-3.19150734,-2.40334910,-8.45096276,-1.21766859,-1.99101999
19.33593750,9.05600901,-10.38924088,1.13616086,-0.04166066,5.32346857,-11.43627575,4.12217080,-3.36353771
19.33984375,6.42412208,-8.26738231,0.41143703,4.85108838,7.55335454,-10.80652159,7.45322321,10.22255451
19.34375000,2.98724478,-11.82677368,4.53282209,9.94822078,6.61243718,-12.66981695,7.66567526,5.44928971
19.34765625,-1.47162399,-4.43413687,3.56543712,9.36424216,10.43820253,-11.46539118,2.73857420,4.56313358
19.35156250,-0.24214576,3.27791880,6.54375202,10.79105044,7.66302113,-11.20127146,-3.69753139,8.45603481
19.35546875,-4.20003526,8.55223829,6.20114668,9.26085030,8.59583744,-7.49339530,-5.88945384,11.18562753
19.35937500,-3.07156918,9.52101739,7.42682150,10.56811169,0.98681394,-6.10251668,-8.25528461,3.38279302
19.36328125,-8.33434766,9.82526439,6.52947667,8.75425979,-1.69533541,-7.22469212,-8.40650812,3.00902672
19.36718750,-8.41873499,5.78649824,11.88027868,3.58065775,-4.02250694,-6.03470252,1.06329214,1.99598434
19.37109375,-10.36612364,3.60591143,8.20437170,-0.57134773,-8.75647331,-5.67900137,5.41546626,-7.79650267
19.37500000,-9.12537124,0.97064122,13.64188275,-1.65103618,-6.76780995,-0.59362114,9.84723801,-5.50355734
19.37890625,-5.83615888,-4.79783115,6.85842288,-2.24594972,-8.34092221,2.93888138,7.37133063,-9.62923204
19.38281250,-9.18405083,-9.34430869,8.28028612,-3.67228767,-7.24458402,3.26765164,-0.87718580,-13.39325916
19.38671875,-7.63952322,-12.65600840,9.25115803,-8.59060492,2.65315961,5.03360657,-9.11475227,-13.41074802
19.39062500,-6.82470788,-9.26287360,7.49577257,-11.29307908,0.75919821,6.24458850,-8.04714844,-6.16002422
19.39453125,-7.30837123,-5.84564496,7.32969040,-11.46518558,6.53662171,10.12794275,-10.20809515,-5.18210014
19.39843750,3.53966790,-6.42122410,6.84113823,-11.12904562,9.56864756,9.07622923,-3.31520856,-3.55212913
19.40234375,0.19369627,2.38129364,4.67346799,-13.99661344,10.26818334,7.98825432,4.67535547,1.38273537
19.40625000,1.90740088,8.15422049,2.09932896,-9.25292538,7.17386867,8.21797737,9.43690740,4.62697447
19.41015625,5.62240686,6.30506703,2.09379835,-5.03254715,7.81474045,10.39443741,12.61379533,6.66881307
19.41406250,6.37095633,6.45374890,3.16853172,0.83336544,1.13831461,5.90177953,7.03994236,13.22283567
19.41796875,12.43491659,10.18831409,-0.04285640,-0.06966720,-1.27827722,7.64798730,-1.86860441,11.29983774
19.42187500,8.97194985,0.55877011,-0.00808939,3.89346385,-4.29894063,6.36303750,-11.81833447,10.16750226
19.42578125,10.20781073,0.96806679,-3.55117292,3.38963607,-6.65699206,3.84496083,-9.46252142,6.00361728
19.42968750,9.04060530,-3.29551023,-8.48557258,7.58232538,-12.09396204,6.70018496,-4.51078476,1.65801225
19.43359375,8.04219760,-13.37773046,-3.45509928,10.51902739,-5.89682502,3.82567949,1.22594013,-3.32269156
19.43750000,4.18635850,-10.21556972,-7.68936756,11.30510809,-2.07849490,-1.50224729,7.43074731,-4.33770548
19.44140625,6.33772973,-9.61171317,-10.51309715,8.05636450,-3.96734301,-1.94749443,8.57378760,-13.05675558
19.44531250,2.02414149,-8.03595850,-10.19057008,5.98546068,0.45896578,-5.84234409,5.17734563,-11.81364888
19.44921875,-0.56786303,-4.21179469,-5.49485318,3.20991351,5.14960233,-6.35225590,-2.20316960,-13.06194953
19.45312500,-1.41982712,-1.45096949,-9.02597670,4.01482718,8.32345423,-7.59614916,-5.90723773,-10.22243137
19.45703125,-4.24153042,9.46278145,-12.68790253,1.91810869,11.14657679,-11.80402981,-10.14390059,-10.80549099
19.46093750,-5.73392510,4.84897746,-9.17094595,-2.60232248,9.20502944,-6.00023729,-7.27325869,-5.54412822
19.46484375,-5.64797037,9.42563509,-8.24485985,-10.70440165,10.53230666,-6.37461305,-3.19195542,-0.77954741
19.46875000,-7.01586098,6.44177267,-8.54262223,-8.83725140,2.94615606,-8.69323240,1.64585283,1.34615254
19.47265625,-11.13510941,2.19398613,-6.92785331,-12.17485608,3.25311970,-11.14979150,5.84298532,5.61716480
19.47656250,-13.99526686,1.21141806,-7.20072650,-8.94812262,-6.28792304,-8.30342026,3.44039676,9.53858674
19.48046875,-13.52127705,-7.49917788,-5.02031470,-13.72226936,-3.60725566,-7.91981804,1.44010594,7.43421536
19.48437500,-10.68496238,-11.04300002,2.21192091,-10.54100320,-6.30152629,-8.21574824,-5.62175073,11.91340012
19.48828125,-7.42795602,-13.13727560,-4.74499237,-8.35312952,-8.55236123,-8.66114316,-9.70691656,12.33458114
19.49218750,-8.48901943,-7.08781541,-2.70545495,-5.06391017,-9.43999896,-8.38541258,-16.35394758,4.60246970
19.49609375,0.34661013,-4.12802373,4.81882196,-6.34622830,-3.72649268,-0.92318569,-8.45701241,2.27209129
19.50000000,-0.80505185,-0.67934386,0.94632382,-0.80336570,1.46119074,-3.86846351,-0.46261683,-1.55927033
19.50390625,1.69597750,6.64665157,3.23296438,0.33295183,2.29237216,1.31362275,6.79417505,-2.78846997
19.50781250,2.00470664,10.14946034,4.68631982,3.17481695,4.42332450,1.02968449,10.04405590,-3.66558195
19.51171875,4.95773313,10.43786056,3.97882430,7.71839914,7.72068140,3.53192763,6.89642247,-4.45950959
19.51562500,6.35536731,6.95340744,8.86820857,10.65881616,3.98519204,6.96316758,0.20619678,-5.91387368
19.51953125,9.19488150,8.07862681,8.92794636,12.47199672,6.61614537,5.26207560,-2.65633596,-7.20926593
19.52343750,10.81516742,10.00185602,8.60000306,11.83899369,-1.85928283,7.15326386,-11.18841780,-9.36417326
19.52734375,8.11257992,0.16790185,11.73271433,6.86978030,-1.48749029,10.58306142,-12.22926933,-3.37079314
19.53125000,10.34931463,-7.45592747,11.56148743,8.92078860,-5.61185567,8.89477317,2.89025819,-0.70730655
19.53515625,7.86345243,-7.76326900,11.51343430,6.16451588,-5.04972531,5.93818473,5.47502155,1.09086715
19.53906250,5.62694420,-5.57465095,7.23537835,4.12155645,-12.62971455,9.05403367,10.87832742,11.13742886
19.54296875,3.62473931,-5.12775579,9.39050738,-0.12492415,-11.02642455,9.55354704,10.88208707,10.43507361
19.54687500,2.47222143,-4.29254092,8.84689839,-5.91979665,-15.52849728,7.03665401,4.81008882,9.61279426
19.55078125,-0.64025568,2.98054699,6.81503074,-6.50456770,-10.58434857,3.31105377,-0.41497604,11.20272461
19.55468750,0.78855357,7.10485117,7.59871548,-6.28500894,-5.71482814,0.43911009,-5.17989713,6.30316141
19.55859375,-5.12173185,12.94693141,1.25215052,-7.38129364,-1.15911428,1.82957939,-9.27410976,7.25134565
19.56250000,-6.25258352,12.81971051,8.43132017,-8.97228822,6.08257283,1.11087603,-2.01769661,1.98934581
19.56640625,-6.87529883,10.50442459,6.62021684,-9.02282617,5.33822287,-2.99439571,3.76622138,-3.02861049
19.57031250,-8.14485028,5.91126098,6.65517312,-7.85268862,9.04327512,-5.64808261,4.66355492,2.70321824
19.57421875,-11.24939775,-0.05513361,4.07547919,-7.05415265,7.08625002,-2.61906385,13.79428718,-5.41914654
19.57812500,-10.26922009,-5.09780474,2.05018750,-4.88101324,5.89613328,-5.00574891,11.24802733,-8.45284510
19.58203125,-11.12841932,-3.41492705,-0.64885777,1.69728063,1.88061343,-5.42256654,-0.41110678,-12.79284268
19.58593750,-7.40465854,-11.62148104,1.59081334,2.24972980,-4.99079794,-3.75459686,-4.30399540,-9.61429004
19.58984375,-5.05459320,-6.83019766,-5.13773851,4.77662005,-2.69577862,-6.24021109,-12.96978127,-6.66102867
19.59375000,-3.37336264,-7.32553201,-4.43198123,5.42586044,-11.44328245,-10.63600663,-6.31509962,-5.12761594
19.59765625,-2.20667987,1.76685558,-1.66321136,11.12303040,-10.65512650,-10.13911332,-9.43485281,-3.99176656
19.60156250,-1.22510634,7.83210476,-2.83135493,7.29126661,-8.56261192,-7.36624110,6.84216069,0.90841947
19.60546875,6.21580531,7.19102064,-7.61232581,10.02131874,-5.59547216,-8.06682153,6.53196127,4.87363197
19.60937500,3.53255235,8.43909413,-8.96402343,12.24319010,-1.43275350,-8.14449044,10.56946255,8.12899461
19.61328125,9.93342502,10.46365258,-8.72008608,11.17952263,3.47042105,-4.13761637,3.76906161,8.43482110
19.61718750,7.19635415,12.26001359,-5.13836174,5.00546008,4.62971018,-6.14945788,-3.03197064,14.57746166
19.62109375,11.88974995,4.39792702,-9.10663246,2.52450378,8.37294897,-0.00932372,-9.76302028,7.99194818
19.62500000,10.72226510,3.30879108,-11.71954142,2.16899696,9.66971818,0.88064161,-10.69290890,8.15714311
19.62890625,7.82221831,-0.77468158,-8.50682775,-2.83772341,7.43248117,3.13063661,-7.40727363,5.87235534
19.63281250,8.82767062,-3.69685314,-7.14588064,-4.84775434,4.59642764,4.89902338,-2.14187324,5.21812404
19.63671875,7.53483361,-11.36770649,-10.14133451,-8.59418581,-0.65826859,6.03733773,4.82030469,-1.95845779
19.64062500,6.01936981,-12.94567909,-6.33801917,-8.93233216,-4.73856859,7.58803869,6.22753935,-7.67314995
19.64453125,4.32275777,-5.08054121,-5.86167673,-11.80710997,-7.34306514,3.81439955,7.18231461,-10.72514890
19.64843750,2.98648992,-5.48308757,-6.08095457,-10.59897304,-5.69593925,9.57883303,4.10420577,-8.45939532
19.65234375,0.36636487,3.53602327,-5.32813926,-9.19246635,-10.71749258,9.78177040,-6.45516336,-8.49682666
19.65625000,-3.35242556,6.08507691,-5.00063648,-4.03644924,-8.97479208,7.78420613,-9.56170201,-7.93150016
19.66015625,-3.16131514,9.20705157,-3.11825289,-6.65702579,-9.27893817,11.15723770,-9.74795697,-4.62710277
19.66406250,-1.36564068,9.42923952,-1.23901294,-0.32087815,-4.00265967,8.60948438,-0.56190011,-0.59091999
19.66796875,-7.56661550,8.40988582,-0.20859161,2.61194390,3.30984988,10.26766784,3.61728321,3.21900807
19.67187500,-5.41545649,5.45718578,2.07543531,5.27081654,7.91991596,8.76804530,14.11699682,9.27703419
19.67578125,-9.50756396,-0.23556397,5.04780778,5.79231049,11.52880548,5.82673259,13.44338926,6.61179464
19.67968750,-8.45224256,-6.49255616,4.03826278,12.61966323,9.13279333,2.82936380,7.06023990,12.92619327
19.68359375,-4.96598539,-8.29547203,7.21280058,11.68345490,8.47275534,2.71829149,0.80756855,6.35441986
19.68750000,-9.29873574,-10.81189141,7.02227515,6.21456616,8.22397477,1.59242393,-3.65985148,8.11742909
19.69140625,-3.91718690,-7.95798528,3.97839198,8.86305059,2.85178275,-3.69037455,-8.40749923,8.23813503
19.69531250,-2.90283551,-3.39677254,13.09558450,7.91472618,-7.06839909,-4.72555031,-6.04234490,4.00472781
19.69921875,-1.86999067,-0.94370269,10.85667846,6.91238758,-6.66363955,-4.86718744,0.28804427,0.36844703
19.70312500,2.99729263,9.48909030,11.91168599,6.85433711,-11.72332061,-9.72365193,9.58182930,-1.90340535
19.70703125,8.37238562,12.30381978,9.82896490,1.94872308,-13.90346943,-9.58416579,11.83480218,-4.98293171
19.71093750,9.59100502,11.88134903,8.93258613,-1.16207615,-12.91568199,-8.84753199,9.56697022,-9.48658310
19.71484375,9.30470425,9.40919563,6.25440349,-2.89340506,-7.68524293,-6.69668669,5.76267973,-5.09563311
19.71875000,10.51874600,9.41954388,8.72854348,-2.44783812,-5.51364839,-9.74488956,-1.31447255,-8.79630642
19.72265625,9.54603966,4.81580329,4.90822160,-8.49748577,-0.81400567,-9.41071592,-7.04044210,-2.40820932
19.72656250,13.04404171,2.58273565,7.50266519,-8.27189122,2.26250576,-5.92432731,-8.41113109,-7.73301678
19.73046875,11.22225920,-6.67995112,3.36912952,-6.58211485,7.09253152,-7.31350421,-1.74392951,-1.90325629
19.73437500,10.28935953,-6.17742208,-0.54520540,-6.30972432,13.62183403,-10.50939896,4.58713916,3.51006177
19.73828125,7.88187820,-10.81390618,5.45805488,-7.26776649,10.15243230,-4.25234123,8.43700180,4.33067982
19.74218750,5.04840348,-7.88967546,-2.81140609,-7.91182875,3.71732799,0.39573266,12.76830066,5.13667393
19.74609375,1.18467086,-2.59641533,0.00530637,-2.56998057,4.68134578,0.47648391,8.01942800,6.04273431
19.75000000,1.14728669,1.96820757,-0.66735345,0.48706452,2.18155608,0.18354471,2.99227319,9.87069079
19.75390625,1.51881043,2.94708226,0.23003239,3.30048935,-1.76911275,4.02558090,-3.18183765,3.91977517
19.75781250,-1.84641420,7.07435192,-3.71829530,6.40524147,-9.56874778,5.94731597,-5.40475068,5.58661686
19.76171875,-2.89868462,6.41999025,-5.78721324,5.02023746,-8.62060575,10.41273156,-5.46021606,3.00682185
19.76562500,-9.01732409,8.78870893,-5.29241349,10.63183033,-6.81284383,7.07638123,-1.35119411,-1.34665569
19.76953125,-8.36126412,2.70424435,-7.20036437,7.62854110,-7.58253647,11.88872109,3.17713208,-5.40400840
19.77343750,-8.59207124,-0.13472327,-8.34028646,8.93641101,-0.90758745,10.09873897,10.12542288,-7.57617451
19.77734375,-10.26691871,-6.34663967,-9.62805431,8.06350235,2.83879280,7.02142401,8.46173532,-12.34591865
19.78125000,-7.05570277,-9.12859537,-9.76803223,3.85341166,2.69852189,11.23546036,5.67555647,-10.81820909
19.78515625,-9.55678016,-13.77181966,-11.91930457,2.03648074,11.74744358,9.24029034,-4.67797450,-12.41126507
19.78906250,-6.20730683,-13.78930002,-13.32608329,1.95237882,6.52846373,5.97684304,-10.62490573,-15.08745721
19.79296875,-3.64495151,-11.81392230,-12.61386495,-6.34107489,18.19603561,4.05408405,-11.86150075,-9.87067575
19.79687500,-6.10617705,-4.59703004,-10.35791757,-9.66852200,9.32634940,6.64622107,-6.93477891,-4.97625127
19.80078125,1.48114687,1.06857010,-7.71312504,-11.02052077,5.13479823,4.92345426,-1.61849205,1.80891099
19.80468750,2.57941571,3.33481372,-9.17323290,-11.52014242,2.11427706,2.64420280,5.98248326,3.18808494
19.80859375,6.26594138,8.01807867,-8.39401592,-9.96672308,-0.40893131,1.09236676,6.02636233,6.37955555
19.81250000,6.07037298,8.56329271,-5.59867158,-12.37991038,-6.07958002,-1.49694303,3.39416986,10.80122093
19.81640625,5.96104800,7.60040972,-5.50967111,-9.66926024,-10.63506784,-1.61262319,0.17766441,5.26071785
19.82031250,4.98305812,5.49887684,-2.99883775,-7.57390575,-5.97848968,-8.21771961,-7.43566540,9.03220552
19.82421875,5.46388306,-1.91458112,-3.95195797,-7.19113943,-3.70129660,-8.69783024,-13.32259698,5.13685615
19.82812500,4.12165514,-0.65142486,-2.03566407,-3.39234077,-4.82054443,-7.50929503,-7.75911212,2.80718046
19.83203125,8.57600614,-7.97955948,3.09456825,-3.04780902,0.82600547,-9.21626633,-1.30832296,-0.54285552
19.83593750,4.56886683,-9.02891112,4.98567194,1.43933514,0.74804101,-6.07520947,-1.05673992,-2.58052390
19.83984375,6.49528943,-10.23756094,3.40433839,3.66687749,4.87578599,-9.55681163,8.20411305,-3.83647332
19.84375000,1.13825586,-7.30389857,7.26998088,5.34540281,13.51770356,-11.00115631,7.85260860,-9.14465037
19.84765625,-0.37338989,-5.20450507,7.21591522,8.89221021,9.26584493,-12.72396525,7.14575288,-11.01366460
19.85156250,-1.04847121,-0.13220966,7.77050909,9.12700783,7.09087406,-9.02450471,-6.89133844,-7.56341718
19.85546875,-3.45795070,6.67969315,8.31271901,8.28456813,5.87574924,-8.59252542,-11.40769227,-10.67273440
19.85937500,-2.99581189,9.67639597,11.38207677,8.74155162,2.43848016,-8.06450135,-6.39954549,-6.59492757
19.86328125,-8.56479790,10.33964693,9.01476303,9.79349421,-0.28064356,-3.66056608,-7.36018659,-1.90088576
19.86718750,-9.89237987,9.87245888,8.41800868,4.33945894,-5.73774945,-2.25738269,-1.89719947,-0.15524872
19.87109375,-8.35673134,4.99170532,11.89684228,3.99360665,-8.94297914,-1.73263811,6.77477372,3.50102850
19.87500000,-10.92092200,1.55310598,8.31303841,-3.54246330,-7.78754645,-1.11992697,7.77168631,5.97788924
19.87890625,-6.47208588,-4.08457174,11.04626043,-5.98492478,-5.97233666,6.50184696,5.50708018,7.30900072
19.88281250,-4.66907477,-10.10877100,7.04315178,-9.17729108,-5.03338222,1.38104709,3.30224944,9.37645187
19.88671875,-2.56304778,-7.08029031,5.29701268,-7.01789294,-2.15098368,3.92632525,-6.60244200,14.19408903
19.89062500,-3.53024051,-2.08884505,7.01763116,-10.30739399,0.69260625,6.04193886,-9.96708794,10.23841219
19.89453125,-4.70864751,-4.41936037,7.14813699,-9.69914952,5.37874063,7.96623778,-5.85426637,2.92149728
19.89843750,1.66761997,-3.92707616,4.91937202,-8.27858236,7.92917520,7.56245429,-5.55729522,3.21495439
19.90234375,1.50897171,1.88032596,5.75667899,-9.73579195,7.42173170,10.87854770,5.50482938,-1.02623183
19.90625000,7.15333017,5.11029713,3.42548728,-6.86606523,7.26648879,11.21231635,12.35756529,-4.89200119
19.91015625,6.75193226,6.07970132,1.34286044,-7.06358623,8.76085056,7.14014364,5.42645514,-4.60033910
19.91406250,13.03678005,9.29501050,3.55578677,0.77847626,3.25043351,8.77882841,4.70803914,-11.24967289
19.91796875,10.68666761,6.11499588,-2.03305329,4.60209462,-2.73606200,10.08673779,-1.69400121,-13.69957530
19.92187500,4.72924276,0.87890852,0.91693065,5.97687188,-1.03584837,5.21444718,-9.58259369,-4.60016281
19.92578125,10.61527175,-3.54803983,-4.03657017,6.70472317,-8.55035251,6.42521043,-8.87573454,-2.53228326
19.92968750,8.77039507,-4.66117095,-2.49631869,11.63920624,-4.13024305,8.65472199,-5.03672098,-2.19942224
19.93359375,6.93053918,-10.50360855,-4.50223692,7.07475426,-6.66348885,5.00354526,-2.81134573,-4.11363842
19.93750000,8.34846304,-14.81257565,-7.94738606,8.72850845,-3.64780680,4.29336672,8.90859707,3.33365803
19.94140625,6.40419695,-10.65866788,-9.31622341,4.20136269,-3.35161608,-0.85500504,5.74625218,7.79449161
19.94531250,-0.81076933,-7.17048194,-6.34030212,8.23908463,0.56253754,4.83233212,9.03778302,4.92201323
19.94921875,0.31762825,-2.02020243,-8.66433642,9.37612676,7.25245449,-5.73478808,-0.13597362,10.41059037
19.95312500,-4.97927264,1.34639882,-10.46047729,2.31665823,12.66973932,-9.24999894,-4.87934304,7.64337487
19.95703125,-4.41866850,3.05311034,-13.28069403,-4.56818276,7.15797235,-8.52108538,-9.97563067,5.77793374
19.96093750,-5.50418700,8.78165415,-8.99108061,-0.70300998,14.19821184,-9.50454158,-8.05487026,4.22347970
19.96484375,-7.01996959,8.77089457,-6.61438581,-3.52690259,11.42098531,-8.29865993,-5.42556482,0.67732954
19.96875000,-11.71903885,6.50773714,-10.38865473,-9.28540051,4.46828562,-11.45672408,3.30448029,-3.61923583
19.97265625,-10.14873299,-0.81680899,-9.43595303,-11.42968769,3.58276439,-14.18494626,9.13328757,-7.44038169
19.97656250,-9.79109005,-3.65340753,-0.24339452,-6.33035777,-2.64503671,-10.89587681,6.86464136,-7.01557168
19.98046875,-12.54935801,-7.73058530,0.67772757,-12.63458200,-6.94430147,-8.24468409,-1.90455339,-11.05383294
19.98437500,-10.80999958,-12.51839508,-3.57736129,-9.89874596,-8.50163246,-6.41389803,-8.48843583,-8.80224080
19.98828125,-14.43911354,-13.24899363,-3.45162785,-8.30098661,-10.88937232,-2.58717661,-10.32057101,-11.62185202
19.99218750,-5.52393411,-7.01477023,-0.66959847,-4.27890830,-2.16389262,-6.77139666,-15.00439350,-5.27710068
19.99609375,-5.63866629,-6.01673201,-0.62887003,-2.22530719,-6.05898013,-7.60148433,-4.35443217,-2.45650394
20.00000000,-1.94958913,-0.06804087,4.03954402,0.20651437,2.29282314,-2.33825542,-1.19503826,5.31953934
20.00390625,-1.95856846,3.10762959,-0.45359240,1.01998712,4.43607302,2.97539264,4.32386879,5.29922453
20.00781250,0.39602314,5.91633729,8.18406445,10.17676359,7.02515010,2.28939674,9.51052529,7.11604077
20.01171875,5.65969792,13.14466413,6.13421643,8.74570684,9.60191126,3.31195014,4.24256052,10.85719315
20.01562500,4.04083991,9.57360643,8.65873458,7.99243686,7.86805265,6.08498515,3.01575590,10.50435792
20.01953125,8.77098856,6.19983340,11.05125259,9.90065640,5.83504120,6.56989602,-1.93151863,11.30917301
20.02343750,10.09857624,2.97120824,7.63537868,13.17978164,5.59967427,7.53381169,-9.60185484,10.35634132
20.02734375,7.49653395,-2.35427507,7.33932818,13.83165019,-4.98651829,12.77177946,-5.13341464,4.10696582
20.03125000,7.57104480,-7.93234446,10.64152385,10.59279206,-4.49407830,8.92395441,-1.15411137,6.07392937
20.03515625,9.57629574,-5.95046742,12.13178409,5.61367232,-9.60424328,10.53511260,3.79123691,1.75531106
20.03906250,8.63374987,-8.31216307,15.19509201,4.99533290,-12.00504139,8.03683086,10.63931889,-3.16298366
20.04296875,4.23797278,-5.67938818,5.99646015,0.81050945,-10.23670380,7.13405981,9.10632503,-11.15756081
20.04687500,0.64388467,-6.58390393,12.43940346,-3.13987421,-10.93346515,5.71317869,6.37932765,-9.47102016
20.05078125,0.77645984,-1.13380331,5.47202513,-4.37059072,-3.28714540,3.68077761,-3.42939940,-11.19444288
20.05468750,-2.22576274,8.61539579,9.58734909,-6.95420895,2.25211203,6.65676515,-5.86051188,-8.11669015
20.05859375,-1.96816220,10.59648125,5.08389738,-6.30780949,3.85507588,1.15392375,-9.67967634,-6.04174742
20.06250000,-6.56075755,10.49522523,5.95343131,-4.44644404,0.32354915,4.66239690,-9.85310315,-5.24514185
20.06640625,-8.63020767,10.38585106,8.33668765,-7.41857936,10.18308994,-1.74626215,-0.83119996,0.88505618
20.07031250,-11.93456987,4.36537309,3.84653295,-6.63899231,9.54471140,-5.04526038,5.62038398,3.70851449
20.07421875,-6.67789920,3.91018253,1.04967387,-3.13317650,7.79487637,-2.69912868,8.74799269,6.47069210
20.07812500,-10.07368695,-2.53555874,0.40573257,-1.16241080,4.38418091,-1.42795949,8.91780326,8.68031565
20.08203125,-5.90645201,-7.44359473,1.02396232,-1.53849520,3.00107097,-9.59519648,4.55994172,13.19948313
20.08593750,-12.13904550,-10.17160986,-1.73702511,1.58744109,-1.86955149,-9.39636756,-4.64496589,11.53378249
20.08984375,-5.33861683,-10.52286198,-5.17793249,4.06726135,-9.64058523,-6.43279361,-9.61128390,8.05136836
20.09375000,-4.58273772,-7.98460702,-7.27135694,8.24401378,-9.79940931,-8.08099092,-10.16307065,4.04494815
20.09765625,-3.12770918,-0.19899818,-1.48117494,6.41423051,-9.43033982,-7.18657043,-0.42198895,3.21138217
20.10156250,2.86131229,4.80079991,-4.84603977,9.64715883,-8.07544736,-7.29257539,1.19364154,-1.76575738
20.10546875,6.05680374,6.88768430,-8.08295035,9.60125767,-6.68438183,-6.31169098,5.73084022,0.06026700
20.10937500,4.27051026,7.28125633,-9.16720854,8.23093723,-0.87385413,-7.41742885,11.16539013,-5.16877862
20.11328125,8.61777801,11.13400777,-8.80089572,8.64675991,4.07429732,-4.89750382,2.84332061,-9.89724423
20.11718750,8.60300631,5.25541051,-13.13203429,7.37327731,6.04006733,-6.31951464,1.11413517,-8.16497468
20.12109375,6.97109495,7.52679645,-9.68115654,4.97676584,7.88129090,-6.51435966,-7.28485458,-4.93442675
20.12500000,8.76517891,0.16997784,-8.02381004,0.70489405,9.59761987,-0.00404170,-9.77293382,-7.67238357
20.12890625,12.46856499,-6.13473952,-14.67266792,-4.01376122,6.51836745,2.04338743,-6.19596085,-2.59684154
20.13281250,7.88466264,-8.03388791,-10.05398804,-8.94703943,5.51787009,6.11659415,2.48859099,0.04984376
20.13671875,5.56451092,-4.54791233,-11.61484704,-7.32542935,1.48301332,8.29080975,1.55519039,1.48943582
20.14062500,4.85393297,-10.04084801,-7.15913825,-10.77954349,-3.28031201,9.95721726,4.86365340,9.17424468
20.14453125,2.32535765,-5.82416464,-8.02751036,-13.79722359,-3.36289380,10.88280038,8.85284371,6.41303259
20.14843750,0.35379051,-1.58704175,-8.48543998,-9.79014008,-6.34594023,11.25188489,2.27626982,13.04787938
20.15234375,-2.76678042,3.26182054,-8.29716664,-7.33198055,-7.99726884,9.05526555,-7.00488037,9.07528584
20.15625000,-2.10357623,12.16413884,-2.70582877,-5.09753020,-7.76576100,8.17706660,-11.85940494,9.98039917
20.16015625,-7.39289053,11.18431352,-0.33450986,-6.47352552,-4.16732351,8.70882287,-10.14745517,9.22415414
20.16406250,-5.38368884,10.34985111,-0.33532937,3.28323897,-5.69005593,7.59975219,-6.16561991,4.20607593
20.16796875,-5.60004439,7.67015985,1.24297787,5.68226918,3.81972206,8.71068739,4.50231665,-0.61378786
20.17187500,-13.32514914,6.68899797,2.08757541,2.92642305,8.01462212,5.78198125,5.68863482,-2.19416682
20.17578125,-8.91112796,1.06948249,3.50998145,9.04427949,5.05033819,9.55082655,13.61174474,-4.89739795
20.17968750,-9.15064981,-6.72634163,1.93239798,6.76661758,9.46281950,3.79265598,11.51168107,-4.83047076
20.18359375,-6.86032931,-8.28752539,4.44473662,7.57212423,10.48837970,1.13609754,2.55181895,-12.18311981
20.18750000,-5.89277809,-9.53756235,7.42395678,9.98289003,6.50462029,-2.35678251,-3.49464948,-4.54809109
20.19140625,-4.83109679,-7.20780020,3.11086651,6.82476490,1.40394470,-2.68514653,-12.97652370,-2.67723980
20.19531250,-1.35681044,-2.27797173,8.24882013,12.44244169,1.03352664,-5.56839627,-7.61757400,-1.79290972
20.19921875,1.63424253,0.84856897,12.30057109,7.15858760,-2.92825949,-4.45878166,-2.67559960,1.90188332
20.20312500,0.59877282,5.76948024,9.83027911,0.15038077,-11.50269754,-9.69621298,6.30656040,2.24720406
20.20703125,4.99135622,12.06816999,7.28395094,0.20667246,-9.68823897,-10.75051412,12.57883396,5.52647181
20.21093750,7.14153231,10.70050420,8.01086848,-2.64671549,-9.23992895,-7.09044044,10.33622041,10.71871152
20.21484375,5.11478808,11.58911487,5.40277642,-1.18820496,-8.42258458,-7.93877083,6.41666541,8.24849315
20.21875000,9.67086611,5.33465996,8.53084111,-6.77650424,-6.34492543,-12.87411500,-2.87897499,13.02429941
20.22265625,11.34933045,2.04495901,5.09230877,-6.17076036,-4.08579418,-5.13689381,-11.75733194,8.85114504
20.22656250,11.56023657,-1.65573052,7.78212310,-7.59804757,4.71745980,-8.73278805,-7.92026137,9.21426684
20.23046875,8.70887539,-4.91408328,5.68436564,-7.74253576,5.15645297,-8.94432686,-2.22576513,2.20586224
20.23437500,5.87799739,-7.56356746,-0.97167922,-9.30452987,10.40024919,-3.59907573,2.67864178,-2.07828979
20.23828125,6.11275397,-10.25564299,1.51650662,-8.87597058,8.55369115,-4.13355156,11.64547687,-5.17371050
20.24218750,6.39177012,-10.27893303,-2.32455936,-8.57998840,7.94533718,0.42826744,12.33535057,-7.26759420
20.24609375,7.19629548,-3.89489408,-0.99239898,-2.74257125,5.47657354,1.38543180,7.54039210,-9.69797606
20.25000000,-1.06632965,-0.96771983,-1.20116996,1.87750225,2.33182048,1.89020993,5.99061652,-10.89925700
20.25390625,-0.56250221,2.01227760,-4.50094156,7.56013922,-2.14285809,5.40606427,-2.01449664,-6.60258624
20.25781250,-7.17995814,7.31723734,-3.98050524,8.79567326,-9.10948505,5.15938394,-12.04990480,-8.95173098
20.26171875,-4.46549764,10.69659806,-7.44494294,7.48141599,-9.22665933,5.19116999,-8.31396875,-3.36002431
20.26562500,-7.44462918,6.41339845,-8.47243635,7.25665830,-4.05166838,7.41583851,-1.05777899,-2.01108737
20.26953125,-10.18694245,5.76082282,-9.17556564,8.26244581,-6.30872565,9.45113857,2.15818024,-0.55455709
20.27343750,-8.75361023,2.61486975,-7.93802764,6.45805494,-0.34616694,12.12875368,10.13573155,1.71889495
20.27734375,-7.88201149,-3.85934368,-11.07004277,8.16850683,-1.78321374,14.95165809,9.10660889,5.06770744
20.28125000,-8.61175142,-9.00006244,-10.27414794,3.94920966,7.01117309,8.14996192,3.56017072,10.02124684
20.28515625,-6.48779173,-15.27695150,-9.31181739,0.72144082,6.84787668,10.01997658,-9.19997254,8.61551789
20.28906250,-9.14472365,-12.17030595,-10.52815408,-1.60318821,13.35588636,9.77896027,-8.33427613,6.61484309
20.29296875,-4.93478794,-8.42077056,-8.48260596,-2.00872980,9.83624260,7.28089646,-7.35070263,2.80867334
20.29687500,-2.96840074,-7.53089803,-9.28599344,-3.90991471,11.17469925,7.16670363,-6.51978009,4.46697817
20.30078125,-2.94462516,0.68033754,-9.55091035,-9.08117717,11.05385189,6.42057159,0.70300276,0.65232257
20.30468750,-0.82457436,0.82165069,-7.32876734,-10.08398107,0.16911909,6.83073359,8.51458122,-6.49681179
20.30859375,5.45022004,2.51417837,-4.96088566,-11.20430654,-0.14357475,4.78216582,7.83866919,-8.65497622
20.31250000,5.24096740,8.74407459,-5.88873287,-10.79048766,-2.76030070,-0.02097585,8.27736744,-6.78502270
20.31640625,7.94665697,3.58484117,-5.32588297,-9.40075085,-10.46465308,0.76460064,1.14851937,-9.37121320
20.32031250,8.95981493,3.99964329,-3.61314780,-8.36477311,-7.13683063,-0.50812092,-7.99099463,-9.38542205
20.32421875,10.27207029,-3.36842165,-5.17914840,-9.62038888,-5.88204183,-5.05681169,-11.80500874,-7.29903299
20.32812500,8.43327290,-4.17380024,-2.88452752,-3.07635047,-2.19327357,-8.39055139,-12.01957113,-3.05430814
20.33203125,4.03216537,-11.23879286,-0.35563111,-0.76047975,1.26895551,-7.38094632,-3.88842944,0.43117119
20.33593750,7.16609759,-10.46674801,4.94929620,-0.30489300,5.09820832,-11.44501051,2.79453306,1.49792308
20.33984375,3.94746818,-8.69823310,0.76254900,3.19135745,9.20880631,-9.26151641,9.06677270,3.61256582
20.34375000,3.50320186,-8.49000460,6.35795332,7.81518760,6.36719179,-7.90224543,9.91096654,7.88468487
20.34765625,1.08789256,-2.24675018,4.50304408,6.64284553,11.07243811,-11.91295236,5.20432048,10.62440977
20.35156250,-1.60354273,2.58446353,5.95775231,7.84376822,11.45002972,-9.75164584,-1.32277389,10.52794754
20.35546875,-5.96351697,7.23833402,7.13996292,10.87883009,6.40159867,-7.14545264,-7.92351580,9.78896734
20.35937500,-6.68328968,14.11614751,8.61215860,9.76356070,3.13781079,-11.53096761,-9.63332107,5.94088554
20.36328125,-4.40576425,11.51294821,9.94466364,5.54486224,-4.28238518,-3.81654008,-3.35229211,1.28411273
20.36718750,-9.77333738,7.07378172,12.33151749,1.88216041,-7.03855329,-5.94085033,0.03064504,-0.16885762
20.37109375,-8.62308583,3.82099965,10.00078325,3.69118668,-11.53281758,-2.81795576,5.34702280,-4.04076380
20.37500000,-9.68192635,0.69836170,12.49333170,-0.40381585,-11.17466380,4.17745824,11.01088347,-4.13319559
20.37890625,-7.11521783,-7.66209246,10.93675900,-5.12039319,-9.45380411,3.32197630,4.95270522,-10.03833224
20.38281250,-8.89127921,-6.61051260,9.97516008,-4.14401788,-4.32734092,5.08511441,-3.99293804,-11.62388730
20.38671875,-5.89688972,-12.51900136,7.85014995,-10.02681291,-1.37049427,5.14142154,-4.16169384,-8.46703961
20.39062500,-2.35327981,-14.01283179,8.21590578,-7.08170336,0.35160013,4.79035659,-11.99920187,-11.92446782
20.39453125,-4.00854306,-7.97659765,6.99794283,-13.96294554,5.47023294,7.33263163,-10.21375995,-4.70368778
20.39843750,-2.06764295,0.88015323,8.88297790,-12.69880403,10.93434373,7.10100718,-1.62045663,-1.65571888
20.40234375,3.22728261,4.19906592,3.84280181,-10.96965856,5.24796905,9.88752769,4.92936660,5.72706393
20.40625000,4.12177769,5.68395898,1.97674546,-6.87598114,8.15192637,10.24517590,9.89145831,4.66959853
20.41015625,2.96969939,10.40332025,2.97060701,-3.67159164,8.70982539,12.17238453,9.25664099,5.96593784
20.41406250,6.87881854,9.44124953,-1.11476182,-2.02951333,-0.06996622,11.85963919,-0.78553812,6.73944824
20.41796875,9.67338293,6.57385677,-4.23146916,0.81301979,-2.35358904,10.61171154,-0.38934869,10.62895554
20.42187500,7.19842344,4.21883346,-3.05553089,5.05522274,-6.59979065,6.40732942,-10.48894670,6.59002169
20.42578125,9.39804963,-0.45048397,-1.96149836,3.97907964,-7.01882755,8.20602292,-8.58630314,6.05910251
20.42968750,7.07930336,-6.25976517,-5.85977042,11.54757304,-7.87921724,4.39238414,-5.15540427,2.50817077
20.43359375,7.56042922,-9.47889084,-5.90955531,10.39264229,-9.24737282,2.34544572,0.18539838,-1.70063118
20.43750000,8.34456420,-13.13580959,-10.70114993,8.31751674,-4.16206717,1.65485489,4.83957557,0.02449079
20.44140625,3.46307494,-8.39216999,-10.03966033,7.68185059,-3.47917993,0.49948010,12.25260903,-8.89603014
20.44531250,-1.79874074,-6.67392300,-10.14021570,6.05800499,6.89444773,-7.93454251,5.05436637,-10.48890902
20.44921875,1.54027254,-1.18865459,-6.10436056,1.25102258,3.63491896,-3.60797950,0.72015054,-11.64918514
20.45312500,-4.84966602,1.86373479,-10.79291134,0.77119128,9.94645638,-7.26590395,-7.32795254,-12.05240797
20.45703125,-9.73259546,5.41991280,-10.42623643,-0.87296604,12.76021887,-7.05354156,-11.38670444,-13.22204221
20.46093750,-6.29521017,3.41952699,-10.09507905,-3.61527495,12.01906757,-9.39472457,-13.09636509,-6.47571632
20.46484375,-7.96413688,8.50853224,-8.00765532,-6.35842688,10.65052513,-6.71153764,-6.75310014,-1.90985807
20.46875000,-8.47783603,4.57073272,-5.84238959,-9.80555050,8.73628367,-10.50214638,-0.66403008,2.46521502
20.47265625,-12.60840476,-1.36972679,-3.73952438,-16.51861028,-0.14190252,-14.20385344,8.38239196,5.15484312
20.47656250,-10.62673508,-5.60398544,-6.73852422,-12.86908657,-3.81486279,-10.09140339,11.60456369,7.21054160
20.48046875,-12.12948160,-9.37990137,-4.97562227,-11.97519911,-4.64922436,-6.74603374,4.40845862,9.27396073
20.48437500,-12.26298545,-9.95392659,0.19082541,-11.79668785,-6.94329726,-10.73678676,-5.80007543,9.59463296
20.48828125,-9.91419340,-11.62079164,0.10246681,-12.55478783,-15.53698266,-7.38342232,-11.47995152,11.06700329
20.49218750,-7.01898715,-6.40769418,-0.87385556,-4.79110564,-10.40265721,-8.41284171,-11.33873691,6.47513136
20.49609375,-2.24414616,-4.70127585,1.90984013,-4.45044778,-3.21803780,-3.91740541,-10.10483748,2.27947145
20.50000000,-2.75440762,0.35906899,1.96966985,-2.92593181,0.55806388,-1.09877973,-1.41160306,-1.00980044
20.50390625,-0.27599887,3.68859687,1.50329149,4.11666399,2.86623631,1.77796048,9.15882962,-2.81359357
20.50781250,4.75051994,8.01717125,3.94408883,5.72370826,10.45681384,1.40249621,7.97546735,-4.29685309
20.51171875,6.68372089,9.12961952,6.17535971,7.84275854,7.41609625,1.12670559,3.53815239,-9.89399047
20.51562500,6.02219178,9.31410283,11.62344446,8.56709627,4.92436168,7.22152202,3.51680860,-4.43265002
20.51953125,5.83880809,10.39718270,7.13772850,8.65274599,6.80393757,3.34886814,-4.87493185,-3.38398856
20.52343750,8.57021164,3.23391670,12.14388767,12.07320895,0.22121995,6.32927414,-7.46387857,-2.42854657
20.52734375,6.59378088,-0.98024063,9.98946965,11.36570396,-0.79770034,11.32800293,-11.63245029,3.09672885
20.53125000,7.14286395,-2.28185367,11.70764582,5.87768590,-6.62688106,9.32820378,-5.04807707,-1.81847894
20.53515625,7.41458197,-10.74883234,9.23010657,5.68112557,-8.83603627,7.30569845,2.66454951,0.39658951
20.53906250,3.40693744,-2.15082338,12.12586890,5.31339880,-8.04679203,7.49831884,9.76441164,4.60049943
20.54296875,4.33085409,-7.09215585,11.78097421,0.14394020,-9.39762127,6.32552189,8.10937410,5.39718649
20.54687500,4.87279257,-1.00564275,10.48293608,-3.55220248,-9.28072267,6.57769268,8.54761975,11.76661999
20.55078125,3.36641285,1.16007123,9.08052997,-6.84369687,-5.99346415,6.05004217,-1.79914917,14.72140243
20.55468750,-2.03279400,4.18916983,12.31363154,-10.43332785,-2.80398957,0.92807437,-7.35254067,11.00397930
20.55859375,0.60791839,7.78792343,9.94431799,-7.94566981,0.88075339,0.44473376,-11.52222554,8.91489224
20.56250000,-6.65804791,10.82263601,6.29755817,-7.53676076,4.14412520,-1.25744109,-3.88049009,4.96315230
20.56640625,-7.08288063,6.19451685,8.52549188,-5.36089107,7.52161764,-2.19581631,-2.28229584,4.76267499
20.57031250,-4.93089894,6.20313787,2.29052906,-10.67721015,6.12673858,-1.25395552,3.81834256,-5.25361677
20.57421875,-5.23343357,2.74466236,4.03992942,-9.21213201,9.04402036,-4.02043072,11.45410255,-2.63696985
20.57812500,-9.45699326,-5.22336312,3.01922545,-2.03114271,5.57477368,-4.74067171,8.98918334,-6.57295344
20.58203125,-8.15597150,-4.48498358,0.26844996,-0.01507894,2.17990156,-9.26924321,7.50896682,-7.60614144
20.58593750,-4.33576292,-7.74717304,2.65296760,2.26677827,-1.56339805,-7.77155098,-2.13414343,-11.35888632
20.58984375,-3.80124373,-9.11886430,-4.62102533,7.20150216,-2.72509954,-10.30423429,-9.26355515,-6.21213067
20.59375000,-2.52844159,-5.66955706,-6.17816717,2.24936999,-12.01358649,-7.95356463,-4.57633568,-9.02162918
20.59765625,-2.38655598,-1.44059158,-2.44367731,9.39921013,-12.06424532,-13.59805939,-6.93565411,-0.63312846
20.60156250,2.83556119,2.79239634,-4.53579402,10.30023290,-9.94240367,-9.20580142,6.48740931,-0.07524635
20.60546875,2.83950147,6.42763744,-5.81097463,11.96552923,-3.08724865,-7.41749566,11.81407774,3.13329466
20.60937500,3.21022527,9.80558055,-5.49921771,9.94509151,-0.32535964,-6.90273744,7.52530134,7.64950546
20.61328125,7.06021517,9.83990532,-9.37625155,7.17864226,2.56216231,-5.93846401,9.58957918,9.90520202
20.61718750,8.45001983,6.01291461,-10.03285530,9.16232769,4.86640135,-2.06725082,-2.72672140,10.29069345
20.62109375,8.21307226,6.01108491,-10.90543473,2.37234289,6.31071537,-2.36415298,-6.79659084,9.62554314
20.62500000,9.82131135,4.05440884,-13.38421692,0.47181820,10.87245085,-1.52999455,-10.36249520,4.06155983
20.62890625,10.80949718,-2.66282420,-9.96352815,-1.30146159,10.20272757,4.43338277,-8.34688324,5.79026669
20.63281250,5.70764118,-8.23102654,-6.32961589,-6.64912515,4.52849437,3.07515936,-4.38856405,2.31804119
20.63671875,7.72036033,-11.51106370,-8.68578781,-6.61239875,-1.40863571,7.80991968,5.17929808,-2.23107765
20.64062500,3.64719020,-10.17560774,-9.70079095,-5.06779326,-2.27625297,5.41100054,5.39663567,-5.44806152
20.64453125,4.30966594,-4.81301422,-6.62557268,-10.67050724,-4.73356383,7.26858029,6.80743513,-11.48425957
20.64843750,3.03908831,-4.07022359,-2.30062244,-8.43436778,-6.52145924,9.69964136,2.76331167,-7.27788356
20.65234375,-0.92146747,5.36276465,-2.10091428,-9.03263332,-10.94467501,14.60742373,-5.15228410,-4.09514280
20.65625000,-0.79646111,10.00985678,-4.51320148,-3.78821882,-12.12732346,9.52417078,-7.79111390,-7.58100093
20.66015625,-3.75340497,10.55050350,-2.90360090,-2.00185125,-6.01005326,12.41387969,-12.40112029,-5.54995837
20.66406250,-4.85830389,8.68390834,-3.72348999,-2.26295460,0.16981114,8.43675651,-5.20191669,-5.22094736
20.66796875,-6.67552269,3.51382700,-0.46743456,2.27652460,-0.28522237,7.92727063,5.45147961,2.83675138
20.67187500,-9.91640435,2.11488938,3.21396608,2.23210306,5.63736869,4.44846009,11.33841180,4.66866236
20.67578125,-11.64233208,0.42609091,4.05119209,7.23672978,5.37279060,10.60256842,8.65802005,6.36603440
20.67968750,-10.08004723,-4.56263377,5.65812550,8.77115740,12.27275495,2.19535742,4.04806055,10.62081543
20.68359375,-6.98016643,-6.68621696,5.67338322,9.91324441,3.10923059,0.99075852,-2.95154200,11.52609602
20.68750000,-5.79996168,-8.46114600,8.67990190,13.64420081,8.31891393,0.77642109,-2.94838569,7.89958894
20.69140625,-5.69313904,-3.50920970,7.45588932,11.39917650,0.67618645,-2.63827622,-10.63980833,8.46365060
20.69531250,-4.01792291,-3.98797867,6.30121701,7.31304655,1.17459791,-0.39871889,-9.28561602,7.07222857
20.69921875,-0.44526679,0.06301814,8.95138606,8.24869129,-9.39728761,-7.73560840,0.70729351,2.44433087
20.70312500,1.40182777,4.76478718,9.68996406,4.25955633,-10.68195187,-7.63959457,9.63681910,-3.79089704
20.70703125,4.66327466,14.26806372,10.83254952,5.51572343,-12.44566579,-12.29809921,8.54713138,-4.23339624
20.71093750,8.98539691,10.78284544,6.95784418,-1.69676998,-13.47563856,-7.39585407,11.36425138,-7.08481154
20.71484375,10.25274183,8.57766522,7.72961774,-5.42067023,-9.57362842,-5.54856408,8.44476929,-9.31132336
20.71875000,12.13469226,7.08241288,6.24150614,-6.16753784,-13.64596239,-5.89854469,-1.06221638,-7.36243728
20.72265625,14.03329662,5.90536791,4.56005173,-6.45139287,-3.51123816,-7.10421420,-8.05342116,-6.50103315
20.72656250,10.94496525,-1.05111151,4.01167964,-6.72942544,3.11728894,-8.80767605,-3.50734157,-3.67973025
20.73046875,10.37825386,-4.42770177,-1.79392457,-7.41023301,8.88396036,-4.10967568,-0.84254639,-0.27562399
20.73437500,8.45441990,-8.47852659,5.13695795,-4.18961197,7.58865245,-4.22852656,1.48722359,2.40995818
20.73828125,12.47553004,-7.34241642,-2.49718268,-3.18175721,5.14146511,-5.94015953,8.13956799,4.78101535
20.74218750,4.07605048,-5.22528070,3.13631373,-9.80113958,7.40949490,-2.48177293,6.95699490,6.44288829
20.74609375,8.33399350,-1.87513400,1.56521963,-7.48475319,7.09589709,2.93270344,6.92620583,8.77641447
20.75000000,1.12905032,-2.89855325,-4.96180016,2.98129248,0.88029725,0.34580052,1.49152160,9.52217630
20.75390625,-1.95623483,5.38607657,-2.61484885,2.92305978,-3.50659681,3.02459354,-4.98459880,6.27677792
20.75781250,-6.14911837,4.15098471,-4.01787906,5.98604329,-7.31010199,4.09034904,-7.77328664,6.38745548
20.76171875,-0.89507170,7.51576069,-5.06552601,4.74888723,-11.51053406,9.57230729,-5.98858538,4.09862755
20.76562500,-6.48593721,9.23078855,-6.98757548,6.26816525,-5.67388686,10.01702982,-0.42148783,-0.09623497
20.76953125,-7.50624097,4.71812445,-5.73276741,8.93567071,-6.74910472,14.17513176,6.12485617,-4.39374890
20.77343750,-12.25842622,-0.90607612,-9.36035933,7.46998456,2.00240695,9.16163067,9.23587014,-7.72751491
20.77734375,-7.66126325,-5.57475385,-6.87273802,5.40102688,-3.34154510,10.78266023,6.61287387,-10.10197764
20.78125000,-9.76999460,-10.91451040,-11.73071921,0.22594042,7.55961001,10.75226087,2.43977618,-10.05598457
20.78515625,-9.78809150,-10.28991624,-11.09126264,3.91817821,10.67467874,7.40296554,-5.70437139,-14.17725468
20.78906250,-7.97609909,-13.62269136,-8.96956758,4.34684616,14.54135156,6.53114406,-10.17288946,-7.64047002
20.79296875,-4.68404658,-6.95390280,-8.39544963,-0.38589215,10.58556278,10.98830843,-10.34518424,-11.19102936
20.79687500,-4.23051246,-3.16657339,-8.20652626,-5.13266091,12.33737350,5.25587797,-6.28271200,-0.57264144
20.80078125,0.00072369,-6.55331834,-7.94777369,-13.25047535,9.06789622,3.74538668,-1.55080632,-0.09555203
20.80468750,-0.54628130,2.25013376,-8.90017984,-7.91708163,3.15404062,-0.06092662,6.90332892,1.74950476
20.80859375,4.09305072,7.50736569,-6.86156750,-13.70938542,-3.28949466,-1.19511016,5.12601229,6.67414610
20.81250000,3.16509074,8.31877971,-7.34921211,-12.48221764,-5.57247846,1.57215464,4.09898268,10.94041228
20.81640625,6.54560646,9.01132135,-5.09849544,-8.47940694,-5.20764884,0.81714334,1.85632597,7.75166678
20.82031250,9.65820222,4.31656641,-5.24167810,-8.74833910,-8.71295178,-7.57812911,-3.75852792,6.85866352
20.82421875,8.69971979,0.31373552,-3.75656176,-4.05279448,-5.39774326,-5.21396061,-12.54397390,6.47050620
20.82812500,9.87979352,-3.38583909,-2.48645285,-2.82829321,0.11572162,-9.23780573,-11.01687523,3.75831780
20.83203125,3.81635789,-5.47895955,-1.13179253,-0.34788534,0.58932435,-10.01552251,-4.73113335,0.64485102
20.83593750,7.20017510,-6.74257436,-1.04678245,4.34090463,4.51196428,-9.27013528,5.56514344,-1.74387189
20.83984375,4.64266613,-9.22186627,-4.12482319,8.25980344,10.55141916,-6.60815711,10.77048558,-7.15249836
20.84375000,3.75648543,-7.00305509,3.77456019,6.40915636,11.64678168,-11.10383677,8.70440546,-4.78708723
20.84765625,2.14938111,1.40968095,6.48364047,7.14595275,9.33140250,-9.47663375,4.61543970,-10.74236094
20.85156250,0.54475605,2.48001472,7.92718883,12.74268173,7.68728691,-10.57772445,-2.37996808,-9.71309788
20.85546875,-0.78225026,4.31970078,10.99745990,11.74705649,5.25619142,-5.31037798,-11.12415130,-13.00045252
20.85937500,-5.14005198,6.00500359,8.54726891,7.75207259,1.24269494,-10.66379604,-11.63222658,-6.13055568
20.86328125,-6.83874576,14.12278761,8.86136564,9.60871026,-1.50738804,-3.19088291,-2.95224390,-2.15782892
20.86718750,-6.72102889,8.12197881,5.30894521,4.07634489,-3.32392455,-8.15850380,1.22800529,-1.71203070
20.87109375,-8.55358225,2.33166280,5.63212788,3.18342548,-5.99525000,-3.50688701,6.94024011,3.02624120
20.87500000,-9.34380812,-0.84575699,5.26459475,0.32865687,-9.23999356,3.15379029,8.14073909,3.89640933
20.87890625,-8.25724452,-4.31634681,11.12781308,-2.53851712,-12.25582260,-0.57753339,5.81405990,9.08232884
20.88281250,-8.45176200,-10.17721900,9.01557121,-6.82496278,-3.71388393,1.79121427,1.25294017,8.93665747
20.88671875,-7.59482478,-12.35351385,9.78059145,-7.95835865,-5.02747995,10.23263042,-5.83986221,8.40527721
20.89062500,-5.61711869,-8.44527331,9.03038403,-6.96041700,5.20646924,9.42912963,-10.73577477,6.28167541
20.89453125,-3.67246644,-12.95368585,3.28754891,-13.45163939,6.45302452,7.78317691,-8.77853753,0.60358100
20.89843750,0.40819818,-3.86762739,8.10106963,-11.29748417,9.10147909,12.94055049,-2.45198923,5.48199783
20.90234375,0.57995639,7.33765444,3.38342120,-4.71946376,10.57175512,7.37830722,5.51743216,-6.15981967
20.90625000,1.15616006,5.24795704,2.29750379,-6.66341629,10.65348542,14.47062550,12.97413111,-9.06099140
20.91015625,4.77426652,10.39971840,0.46602117,-5.66187375,4.46068686,8.60160292,9.83933358,-9.12475050
20.91406250,7.11211634,8.55667654,2.12957692,-1.10596553,2.28772514,9.33443764,2.77004575,-7.62952840
20.91796875,4.71658280,5.52398716,-5.76911449,1.71719587,-0.91918029,5.04804273,0.68683395,-9.21785106
20.92187500,12.29183389,4.62949717,-3.03699885,5.24211089,-5.07844773,8.14610340,-7.09086561,-10.98176187
20.92578125,11.04257062,-2.69657624,-4.29596414,6.77860448,-12.21746643,5.19224114,-10.21893643,-7.17095975
20.92968750,7.63365961,-6.83125930,-4.64800232,7.78793877,-7.33350733,6.56787872,-7.39793390,-4.14453589
20.93359375,8.71309528,-9.78696090,-6.68779273,8.13948243,-8.70524229,2.00819416,-2.66233933,-1.84084872
20.93750000,5.34401334,-10.70576216,-6.21915728,6.48004998,-7.36287021,-0.35844588,4.45948663,2.03979680
20.94140625,3.73472714,-11.20301509,-9.66350143,9.68929106,-4.21602452,-1.88828909,8.92357276,6.55405959
20.94531250,0.62758100,-9.13492689,-11.47065702,4.43610479,1.90323954,0.22362449,2.74971996,9.93677993
20.94921875,2.01700082,1.11472532,-7.07667141,5.02670144,6.07268549,-5.75188874,2.41388661,14.32767822
20.95312500,-5.55604977,1.08100703,-10.52339745,4.83521847,10.56560354,-6.27716778,-7.83416526,6.93321530
20.95703125,-4.90761138,2.65994257,-8.58966265,1.45521959,5.78586107,-12.57168312,-11.76648500,6.18417159
20.96093750,-8.63166689,11.29588204,-7.94479929,-3.43457333,8.42114323,-8.55713013,-7.43652329,4.72964229
20.96484375,-12.21735112,6.52233355,-8.83849713,-6.36024290,8.66158664,-10.90216598,-7.83642029,-3.59396603
20.96875000,-11.12883877,3.24773265,-7.84297401,-10.92226310,6.16324426,-13.18286933,2.42904639,-2.14122904
20.97265625,-7.84486073,0.95463694,-8.30124147,-11.95996072,0.77959757,-7.61608398,5.42008518,-9.82518142
20.97656250,-13.10730714,-4.47197129,-4.50617256,-11.26438175,-4.06056626,-9.96455719,6.10778803,-12.38874646
20.98046875,-9.38877493,-8.84221368,-8.68143945,-12.18955086,-6.66689792,-14.08837623,2.36138604,-12.98146168
20.98437500,-9.21549934,-9.94722777,-4.42858951,-11.12608310,-6.68656428,-7.50671847,-2.25875740,-12.73033646
20.98828125,-10.13912055,-10.65535448,-1.25325172,-7.34542882,-5.71700747,-5.76981751,-11.57015001,-11.32525027
20.99218750,-9.47987726,-7.90381026,1.76020997,-8.06926197,-1.01360654,0.47820455,-11.90973967,-5.46817094
20.99609375,-3.89186439,-4.26579133,2.84555164,-5.44409071,-3.52739766,-3.35825355,-12.80304723,-1.36084473
21.00000000,-6.63212453,-0.41842881,6.72283806,-4.73877432,-3.36934287,-2.93203229,-2.62969169,-0.07487557
21.00390625,-1.12215660,7.27689847,4.30806372,3.20469121,6.23641194,2.34648839,4.71879578,-0.19934036
21.00781250,4.25613863,10.25219598,5.80950508,5.50499851,7.07038622,1.89886323,9.14363874,7.74279820
21.01171875,4.50200557,10.73176383,5.98948710,12.48269989,8.36413155,3.10360444,5.01403565,10.66232549
21.01562500,6.81139059,11.55312168,9.85640275,9.60837829,8.83872608,0.91300058,0.03801891,12.98992611
21.01953125,11.12881224,6.26371036,7.86306007,9.11901482,11.52873629,5.37821667,-3.53913389,12.28557422
21.02343750,11.44629062,1.69892228,7.30319341,8.55872730,3.36433832,9.28791511,-7.70902302,11.39183635
21.02734375,10.60068082,-2.80685622,7.14795930,13.76640841,-0.06428839,11.07071570,-5.73511386,10.72233614
21.03125000,12.11328479,-3.78231108,12.98563239,9.46249676,-3.82710118,6.99123936,-2.47392567,3.21166908
21.03515625,6.31826827,-5.00331926,10.24763256,5.49919368,-9.52831337,7.33259777,3.33043250,0.67453111
21.03906250,6.94734637,-6.55183988,15.32005222,4.96488782,-11.37713018,7.48528139,4.76381404,-2.50683876
21.04296875,4.51731273,-1.54424856,13.04257824,-0.88773482,-10.62386615,7.48693541,12.82526542,-3.95681147
21.04687500,2.62283515,-2.94341047,10.05645295,-3.98175720,-5.09748038,8.80398337,8.84630456,-5.81487108
21.05078125,-2.04278367,1.44519828,4.43671363,-9.21331655,-0.98433409,7.39130396,-3.21849901,-7.80468073
21.05468750,-3.74307539,4.21641973,7.93113175,-4.99035161,-3.73933820,3.36999624,-4.59322800,-10.87397091
21.05859375,-5.48220940,7.32443093,5.07126946,-4.93305109,4.99926784,0.24118370,-9.45735756,-0.99219308
21.06250000,-6.92910813,9.72629856,7.45941160,-11.18541582,5.58125664,3.59678066,-5.08262611,-1.78556349
21.06640625,-6.01021543,10.26660595,4.80592727,-5.44720411,13.70814245,-0.33788960,1.98012609,-0.40335475
21.07031250,-9.48185764,6.78419669,-1.76191862,-4.61800848,8.04114226,-5.58176812,7.09403366,5.65604354
21.07421875,-10.56092606,0.39323800,8.35373843,-4.90664502,3.91099427,-3.09502122,15.10924112,7.23927964
21.07812500,-7.90717893,-7.47252330,-0.78307596,-7.20072662,2.85445957,-4.33525575,9.66846588,8.46801497
21.08203125,-7.52866081,-5.32882974,2.23365674,-1.70172170,2.48289389,-7.69005243,4.51153484,9.40098568
21.08593750,-5.40887780,-6.77996438,-0.60851800,3.47535745,-3.51331970,-11.23261774,-1.93791068,11.83159998
21.08984375,-5.12887481,-9.86597854,-4.29741186,4.06096492,-7.41073870,-13.64306893,-12.14075082,12.80623787
21.09375000,-3.86600005,-6.09268553,-4.74996960,5.72897097,-9.54199816,-11.97059570,-7.27234110,6.85312757
21.09765625,1.15774768,-4.51158677,-8.45964354,9.97416129,-8.47772870,-7.17563326,-1.33912140,-2.39335340
21.10156250,-3.29624465,4.28205136,-5.51789161,8.08671758,-9.84741263,-9.91074422,2.79581653,-2.15665274
21.10546875,5.83844483,7.28237744,-8.45594266,11.28527510,-4.28049698,-11.84650633,8.43869820,-6.89870938
21.10937500,5.55215175,7.63581708,-8.02086635,11.18416677,-4.94338053,-7.20763117,8.22418493,-4.43951175
21.11328125,8.87415655,11.65456077,-10.87488635,7.97608556,-0.74547734,-10.11827050,6.63485844,-8.64490923
21.11718750,11.11275980,8.31232916,-8.14732648,4.77416540,5.18855285,-8.68561787,3.48880502,-9.44835600
21.12109375,8.24488643,7.88667155,-9.02289741,4.65447178,7.81557564,-0.14818695,-3.53772810,-5.84258704
21.12500000,11.19173602,1.13521125,-10.61982267,2.50933490,8.82199541,-1.51646917,-7.09757311,-9.00994395
21.12890625,11.88764951,-2.84325204,-10.66237263,-9.41449463,9.42671793,3.82814352,-5.06773126,-2.11999261
21.13281250,10.93050474,-8.55609466,-7.51395198,-9.41166347,8.89211733,6.13069706,2.70292481,-3.19726366
21.13671875,6.52358476,-9.35596073,-8.18984600,-8.39586220,0.13112616,4.48036883,3.08027578,3.20983041
21.14062500,4.81553165,-5.05110385,-6.90564461,-10.29726811,1.06651574,2.05272771,5.70869767,6.48340252
21.14453125,-0.49975630,-5.10154822,-4.62829572,-10.60973158,-4.73191692,10.99460772,5.13971680,8.23063337
21.14843750,2.42684405,-2.19450014,-4.33300755,-10.50811338,-9.05751426,7.24987726,2.17300918,12.24555963
21.15234375,-3.80691031,5.65763818,-5.56126434,-6.99831463,-6.94677677,6.02519519,-3.78942906,9.50021597
21.15625000,0.76494546,8.70634700,-4.62445002,-4.67250697,-9.12252253,9.31299799,-14.26239636,8.05657840
21.16015625,-3.01876019,9.05579519,-0.96466992,-2.82406776,-9.08179099,9.45577323,-6.71721939,5.90164534
21.16406250,-5.80483546,8.51994663,-0.50637237,0.11757655,-1.24165868,6.09762420,-4.40189791,2.97175458
21.16796875,-8.74218386,5.75603545,0.72299073,2.62321539,-0.64206353,5.69883251,-1.34784569,-2.00524831
21.17187500,-10.67890386,1.05276103,1.37056079,1.07520700,5.39532751,5.90506010,7.28370951,-3.39484850
21.17578125,-9.95184705,1.23361428,3.91366945,7.35263214,9.42139163,5.53563329,9.62154383,-7.38241923
21.17968750,-9.56828588,-2.18072194,1.24574505,10.03517734,7.47161130,2.58915819,9.23328056,-10.45037855
21.18359375,-10.45636070,-5.76907245,6.45243607,9.67825380,10.24863736,0.89634735,2.35098578,-8.35862926
21.18750000,-5.98443836,-8.87252604,7.55611430,9.01080581,6.33901065,-0.61603480,-8.56079982,-5.77360168
21.19140625,-5.39676091,-8.95552734,8.08069101,10.25769815,5.58087158,-0.61997808,-10.99590614,-8.18708193
21.19531250,0.48158910,-3.31029595,10.47055294,7.36803500,-0.67193845,-4.24716287,-3.46583087,-4.67908353
21.19921875,-2.58602945,1.04901815,10.80533835,4.05798328,-2.92224942,-7.25880587,1.71629019,2.57029747
21.20312500,1.35884527,7.86774233,7.01247975,4.40174921,-8.74336878,-9.98188373,7.57653294,6.46127706
21.20703125,4.94480387,10.22157983,8.16389137,6.08497173,-16.36747604,-6.41182268,10.94079775,4.69821980
21.21093750,7.54740696,10.31064553,8.67964512,-1.17829112,-14.80627695,-6.90978066,9.28559977,7.62364591
21.21484375,7.82601533,10.48062950,9.72701903,-2.46365725,-12.35545745,-9.47843496,6.94738270,11.75113751
21.21875000,11.31778146,11.42859925,9.58061950,-4.91318139,-2.10743947,-9.61588622,0.79815747,12.24104423
21.22265625,14.99531051,4.41311850,10.47176675,-3.83405007,0.55035222,-8.00839409,-10.08555881,5.41500207
21.22656250,10.72423687,-4.81020717,6.98162027,-7.24911666,3.45295427,-6.86918610,-5.29787228,6.91435262
21.23046875,11.48659217,-5.77478235,7.67743880,-6.55895803,9.95586738,-4.94235501,1.14259990,4.66875590
21.23437500,10.02803398,-7.61232974,-1.40682142,-10.44450666,7.44981114,-3.42437447,2.33603701,-1.19723611
21.23828125,9.97405876,-8.29040316,3.82497807,-6.47821928,9.60889943,-2.65776767,10.70556081,-2.45225176
21.24218750,5.49813569,-9.98113984,1.77499781,-6.39135868,6.80188958,-0.31303819,10.29911689,-5.26082539
21.24609375,2.00008982,-6.80361406,-2.20589825,-2.50193986,1.24745826,-1.21967685,7.93668569,-5.92123992
21.25000000,3.97814260,-2.07425245,-1.63806459,-0.92713811,0.30105312,6.66503014,2.34880882,-9.70238833
21.25390625,-3.89705666,1.08546462,-4.69825752,4.23702708,-2.51204571,2.16589576,-3.90711384,-11.14911031
21.25781250,-5.96917345,8.07508785,-5.78209771,2.61677844,2.39488287,7.92814416,-10.00021647,-14.01157309
21.26171875,-5.22075815,10.50045849,-5.61106589,8.38461967,-11.13202156,8.04131245,-5.60167024,-8.73635898
21.26562500,-6.51966287,7.95763687,-9.38455114,8.34555154,-6.95905508,6.11805419,0.19197262,-2.76649616
21.26953125,-10.05529474,4.19142133,-6.80116662,7.36729866,-4.60939292,14.39056949,8.12719516,3.37343185
21.27343750,-10.81058404,-0.52567079,-8.51054579,8.66602926,-5.30711606,13.14771449,10.73292190,7.08668258
21.27734375,-7.37029090,-7.27942330,-11.07027852,6.02417608,0.40291322,13.09233474,8.12888065,4.90250208
21.28125000,-8.52388211,-7.39387941,-14.44060858,4.66017074,6.34685375,11.18087325,7.61470288,8.85640848
21.28515625,-6.46966343,-11.97021155,-12.32907595,1.42839800,9.90730315,9.79322469,-4.82323882,8.10017058
21.28906250,-11.20313601,-12.54304584,-8.29207031,0.70292174,13.30542404,9.03902603,-7.23830401,4.46140830
21.29296875,-5.82118724,-10.79786659,-11.06933734,-0.70041675,11.04498660,9.15330299,-9.55699870,2.09423774
21.29687500,-3.70036449,-7.24163014,-13.14481816,-6.56877019,13.24182744,8.45408744,-10.11748401,3.34174110
21.30078125,0.73300957,-0.91695116,-7.07193420,-4.78727358,3.59482850,3.06194999,-0.85886554,-7.23513773
21.30468750,2.92156109,3.37554346,-9.18883968,-10.63582111,4.80271800,2.26468992,4.93203588,-5.53961669
21.30859375,1.72482653,10.72007883,-7.08036424,-9.52723476,-1.31115747,0.68827877,5.66553611,-9.00002765
21.31250000,4.38683353,7.89152169,-4.23460615,-9.21984525,-12.03232285,-0.62820837,6.77492799,-10.26483489
21.31640625,3.27263117,8.51661098,-6.06711148,-5.84629441,-6.61598286,-1.32245127,-3.03364683,-11.35621416
21.32031250,9.03938905,5.51603149,-5.41968809,-8.66865765,-12.37737804,-2.60408959,-9.19093671,-6.60570489
21.32421875,11.36890666,3.69852395,-7.53109907,-6.23484576,-5.39887894,-4.88991634,-8.59608342,-9.36350773
21.32812500,5.65585917,-4.04294034,1.22253877,-3.15474001,-3.57917071,-4.90874445,-13.82127977,-7.34964635
21.33203125,5.63112043,-8.20462881,-0.65671419,-4.86198971,-2.22586744,-6.70191926,-6.65145162,-1.47644882
21.33593750,4.75661483,-9.68855608,-0.70376803,-1.39419344,4.63894259,-8.12063080,5.60618772,-0.26489022
21.33984375,1.90202217,-9.34538371,2.90400537,1.94559120,8.06201049,-10.15619361,10.35644999,4.91758849
21.34375000,5.05839980,-7.89750520,4.58989449,8.28047516,10.28297683,-9.47173509,5.57573751,6.71768187
21.34765625,4.85607520,-4.00621275,4.77705367,10.39684826,10.41344121,-8.80887043,3.72453852,9.77893589
21.35156250,-2.78672582,1.15350511,12.23575789,7.33637805,7.84035528,-5.43007485,-1.02538221,8.07905140
21.35546875,-1.66775408,8.31299627,4.78020374,12.41351878,4.48516148,-8.33810215,-6.55932803,13.58736420
21.35937500,-7.26838317,11.12026677,8.30551332,7.96322645,1.72056193,-6.31334576,-8.82818839,3.38581674
21.36328125,-7.79156364,9.19930682,6.66348561,4.77295925,0.93442293,-7.02434979,-2.33074214,1.06677886
21.36718750,-8.72552430,8.49749223,9.26683208,6.71034519,-5.63174492,-3.57992110,1.29162454,2.29511340
21.37109375,-7.63946529,2.41285591,9.12702091,3.36921079,-6.82600014,-2.32007516,2.87598141,-4.55373755
21.37500000,-9.35671473,-0.39177762,10.06492821,-2.28730901,-10.46753074,-1.75421407,8.37146986,-7.70334807
21.37890625,-10.85029942,-4.45019020,11.70752843,-2.99269731,-8.12805300,4.53372329,8.79652505,-9.84642335
21.38281250,-9.43812460,-7.03831592,8.07392639,-6.65144236,-9.33566926,4.44511602,1.35887567,-13.75322814
21.38671875,-8.85812662,-8.31087907,11.90640712,-7.71480070,-2.57448824,4.47733042,-5.64489875,-10.71447359
21.39062500,-7.73174234,-8.05232680,8.49683710,-9.00836790,1.65334595,7.68677771,-12.20365646,-8.01359384
21.39453125,-0.76701803,-7.78386657,7.06572531,-6.70020895,9.00073969,7.66873980,-12.29086702,-6.30030937
21.39843750,-2.84756814,-1.27069212,8.70604105,-14.99527621,9.76601542,7.08448290,-8.61037315,-1.44556724
21.40234375,-1.36135315,6.41282956,4.97083293,-8.16463389,11.62216230,10.54016940,4.09104657,6.56888306
21.40625000,1.66536820,7.50156722,1.44235224,-6.84865041,10.40943775,12.14682758,8.58924219,7.41142639
21.41015625,10.45551085,7.74569378,7.15509813,-9.33844654,0.91811078,12.38313042,7.09039499,11.38163063
21.41406250,10.28555864,10.48910472,-2.49053715,-3.36505572,2.67734971,7.64890104,7.49361617,7.93301075
21.41796875,8.22860845,8.35926008,0.95280794,-0.68572506,1.18157399,8.39464898,-1.40146216,9.02746408
21.42187500,5.86349776,4.63576055,-5.07163200,0.40451419,-1.05246593,9.25941927,-8.87282400,7.67575306
21.42578125,5.08351673,2.19721352,-5.27177114,3.77266891,-4.59588319,8.35006244,-12.12405394,6.45170505
21.42968750,10.64131630,-4.07653726,-5.78431337,4.18944981,-9.27003529,5.71267573,-7.15842770,-0.17141358
21.43359375,8.00514060,-11.83722129,-7.76486901,9.67419571,-9.87387254,-0.73495485,2.02757407,-3.24006104
21.43750000,2.82643763,-12.39322761,-6.45279287,9.50115959,-4.44499560,-3.03837264,4.04909720,-1.09612007
21.44140625,3.93100079,-7.56826349,-10.45611918,9.06852669,-0.89809964,0.71867229,11.28388248,-9.47299743
21.44531250,-2.21498691,-4.48046123,-8.08379917,8.14522617,-2.23119580,-7.64186404,8.07009047,-9.82523099
21.44921875,-1.04612633,-2.81380561,-8.37834847,2.73546487,4.61707566,-2.23192746,0.67725042,-14.49199466
21.45312500,-2.44467951,5.90132838,-8.54588702,4.35973455,13.12227192,-3.81151362,-7.96981942,-12.05959199
21.45703125,-2.04323591,5.65912419,-10.02310447,1.69840836,13.72676648,-9.60158416,-10.03912368,-11.08845414
21.46093750,-5.92720189,8.59354413,-10.51274498,-4.40310507,10.59062342,-11.87669172,-11.66381261,-5.36558704
21.46484375,-10.37440050,6.89183451,-4.26727644,-4.52336449,5.99267866,-10.95898018,-3.64805063,-3.75588034
21.46875000,-8.58705186,3.58347733,-5.88464856,-11.70863392,5.33528779,-11.87026355,2.15818496,-1.65642251
21.47265625,-11.93069538,1.55973537,-4.25683644,-7.46922997,2.16910684,-9.64947815,9.03672351,4.56309067
21.47656250,-8.11429934,-3.84241040,-5.92375404,-10.93613037,-4.60993575,-9.84297491,9.25550583,3.67844826
21.48046875,-11.15680794,-6.49108118,-6.84786100,-8.95446514,-7.69687446,-6.47287780,3.32692470,9.70861379
21.48437500,-11.59162128,-6.35560968,-4.66216980,-12.77774171,-7.53928551,-7.39871380,-6.27901145,11.94841236
21.48828125,-8.11420367,-5.31741788,-2.02223107,-9.46813740,-7.02745791,-8.98478130,-6.73797706,10.49608457
21.49218750,-6.52570734,-7.50116141,-1.69794050,-6.60331003,-6.00661420,-9.05829735,-12.13261848,7.89708559
21.49609375,-0.34764938,-5.00372043,-1.18882439,-5.50618948,-3.51153178,-4.04323607,-9.38141944,5.24781306
21.50000000,-0.38460793,1.96649378,-0.53019264,-0.82805912,-1.46162422,-2.15632455,-1.75319563,-1.59732754
21.50390625,1.80558085,7.60141384,4.54368959,6.90024789,4.55487554,-0.75897424,4.92873546,1.44796272
21.50781250,4.82141817,8.25776774,4.47487716,6.16046118,5.87963838,0.77908228,7.25477310,-5.01394622
21.51171875,1.67601796,13.28360468,8.46595526,8.92640351,9.33203530,7.73976203,4.23536444,-10.21017755
21.51562500,9.17370448,10.92560649,6.56348318,8.28709919,10.18307146,2.64818575,-0.09070107,-8.19205490
21.51953125,8.52127146,8.77185914,9.07191971,11.37086408,9.09503507,6.66816312,-5.57407941,-8.50466603
21.52343750,11.39509213,7.71302593,10.73384997,13.68322799,0.20598461,9.88368949,-9.36116429,-3.47933690
21.52734375,7.29162932,-0.56421418,11.43846477,11.02251159,-2.11513442,10.40634044,-8.65277095,1.61823831
21.53125000,7.56486239,-6.02626800,8.15977890,8.14605028,-3.04322172,11.33008668,-5.57523034,-0.38184291
21.53515625,11.36960300,-5.47550904,8.20324818,7.05369444,-8.82460868,10.29359243,7.03900875,1.62842782
21.53906250,5.57978602,-10.26269539,10.87191769,1.58012932,-9.76443563,6.36547310,6.47525064,10.86763675
21.54296875,9.05572761,-4.58341486,13.76184377,0.84385691,-9.49190026,8.28472769,11.51915286,7.11007326
21.54687500,1.99012234,0.28521800,8.35175764,-0.93417265,-10.67087054,5.57571095,8.43010089,9.15942579
21.55078125,3.42153565,3.21180649,8.76635198,-6.80745661,-6.78506811,4.46936301,-2.02114801,7.64093601
21.55468750,-2.73200294,6.03674129,9.79325237,-9.90629571,-2.75821570,0.12400719,-4.61806545,7.29905150
21.55859375,-3.19685545,11.07977738,13.04403295,-9.13145905,2.63460922,3.43614696,-6.97564756,6.12004323
21.56250000,-4.97301096,12.05782205,5.96697598,-13.09155387,4.18540430,5.11885415,-7.39326460,7.44680803
21.56640625,-8.31239764,7.84950675,8.97159683,-7.32328822,2.99014719,-2.33681469,1.30290644,-3.68723357
21.57031250,-7.76369817,7.81130192,6.48924105,-8.18707307,9.43739576,-2.48136045,8.88327073,-2.20007269
21.57421875,-5.90475420,2.54217048,4.98072113,-4.14742005,6.54392429,-9.20933069,11.16178312,-3.17771757
21.57812500,-6.19055456,-6.10868497,0.03081065,-5.34917022,4.38243004,-4.66649211,10.80476710,-11.83849989
21.58203125,-8.07382462,-5.53183814,2.97662521,-2.17157707,-1.39825548,-4.86895087,1.71084628,-9.66816821
21.58593750,-7.66969343,-10.59232521,1.09010714,1.46217341,-3.66246678,-11.06508325,-4.43102109,-6.53096456
21.58984375,-7.18003227,-9.82043226,-5.69391658,5.12488873,-7.61088135,-9.47421924,-8.08974731,-6.44024231
21.59375000,-5.28615296,-3.10864321,-3.52690290,6.85857302,-6.15155991,-10.93656709,-10.73593325,-7.60950131
21.59765625,1.63676480,-4.19292417,-4.40566217,6.10437428,-11.95865047,-8.98270202,-4.91234404,-3.12992330
21.60156250,3.05090885,2.03795060,-4.90146186,8.48308565,-8.94023053,-11.95656654,5.39062426,0.71522162
21.60546875,4.26701908,6.96907324,-9.07142730,8.16936103,-7.30440048,-9.15776893,11.55768496,3.16345965
21.60937500,6.03620346,9.10476654,-5.39827078,13.66402972,-0.83417312,-7.30999160,9.18869530,6.90466931
21.61328125,6.22749875,14.88694584,-6.02107117,9.27338102,3.89310436,-4.02865772,6.76214906,6.60112173
21.61718750,9.21862191,7.17423777,-9.23850510,4.17347847,2.94076118,-3.75027386,-1.46037113,12.10898924
21.62109375,9.29430355,6.37931572,-7.71048043,4.41187368,8.34420598,-2.07742361,-7.78285575,9.36547528
21.62500000,10.65354534,2.77522765,-13.61567592,0.32230560,7.06949413,-1.60620080,-9.40130210,8.34530767
21.62890625,8.00042348,-3.41660836,-6.88043149,-4.48273054,8.37203255,3.22350951,-4.15451088,3.63585366
21.63281250,8.87278599,-2.35576231,-8.89891614,-1.75681050,4.40561764,7.19359015,-2.57017544,2.45140441
21.63671875,9.13312811,-12.76039522,-7.68510521,-8.78806828,4.52230734,1.90646375,7.87073618,-1.10736766
21.64062500,6.37966583,-10.49535318,-4.60440077,-10.88292853,-2.26442448,10.01703270,6.58030080,-7.87245859
21.64453125,3.22606420,-4.36226594,-3.28708538,-9.60058546,-6.03740613,5.38420039,8.67065205,-8.49152892
21.64843750,1.30528300,-3.98015157,-2.57029306,-8.75617347,-8.57428772,10.22260453,5.71194520,-10.66100714
21.65234375,-0.15377410,3.57294343,-7.23860850,-11.62030773,-7.46439704,9.68425387,-7.58741220,-9.09315590
21.65625000,-2.98612063,10.11227167,-5.52329041,-9.79189060,-13.34905247,10.21813908,-9.23404856,-8.15345386
21.66015625,-6.56870442,9.21449583,-5.14636551,-4.71808115,-7.62157763,7.33127162,-8.95492909,-5.91951463
21.66406250,-7.49585350,11.18715578,-6.47984287,1.82717598,0.57355355,9.64192986,-4.48129179,-3.80931306
21.66796875,-9.77174571,7.66592379,0.08517727,4.06948574,0.00431557,8.21530771,3.34184705,0.58020648
21.67187500,-10.10295095,6.78171963,1.66325448,0.71700285,9.29525108,8.45221042,7.06398978,3.56305752
21.67578125,-11.10975078,-0.92183892,0.75317685,7.51701631,9.74806163,5.37902622,10.77440072,6.42376962
21.67968750,-11.42898287,-8.98644400,6.71120919,8.86797246,10.24321050,2.03939593,-0.34722138,7.64983431
21.68359375,-7.58991604,-7.73717168,9.06870128,9.22010722,12.33584384,3.77354665,1.01389803,12.10841304
21.68750000,-6.27454824,-10.79866709,7.58235801,11.13939094,7.46852108,-3.53336701,-6.93042028,12.96247954
21.69140625,-1.65909917,-7.35694601,8.92600239,13.91248651,5.81870236,-4.81446842,-11.83673723,5.34421472
21.69531250,0.87937759,-7.34760502,8.66760248,10.89929896,-3.20407522,-3.67329100,-10.60947822,5.82836839
21.69921875,0.18553091,-2.02075640,10.09549677,6.48215567,-4.67953590,-3.57776032,-3.40960016,3.91817831
21.70312500,4.15210019,3.43638082,10.11778816,6.60552606,-9.65913411,-6.44747309,6.26251577,2.86128623
21.70703125,1.43532208,9.68168439,13.40505746,2.00698184,-10.80206783,-5.20843094,10.72001756,-6.34661448
21.71093750,8.31129754,9.68763295,7.54187611,-1.68660734,-11.06080375,-8.03001760,13.88197107,-5.86463560
21.71484375,10.42834530,10.84862794,8.40175395,-4.97550586,-8.94852867,-13.07290390,0.88470502,-6.93729329
21.71875000,12.11806819,5.99838540,10.61105761,-7.53019574,-6.87987451,-8.06457507,-3.90178701,-8.53023432
21.72265625,13.11590897,2.22470882,4.33380986,-5.78403576,-1.61424143,-6.64254011,-6.11601440,-3.64448839
21.72656250,14.47612875,0.11440182,3.66687663,-7.78439029,4.51782301,-3.03300222,-8.47057215,-2.97401604
21.73046875,14.33161933,-10.79195511,3.41751501,-5.63218916,7.06953550,-4.92147411,-4.48061044,-2.20843377
21.73437500,10.49533338,-7.80411772,3.37743052,-8.69856299,5.76824467,-5.08536767,5.75066990,-4.16630153
21.73828125,9.31896190,-10.63868395,-0.53044476,-8.93688942,4.89403697,-8.08816460,9.00690983,3.60593260
21.74218750,6.99933805,-8.82538351,-1.35177084,-4.37836226,3.38485173,-0.32782444,9.42093141,5.39209207
21.74609375,5.45661007,-2.03033336,0.05456896,-0.32505319,6.83017901,-1.21233112,6.75854706,8.54639276
21.75000000,0.70573423,-1.83168681,-1.38946296,4.09697364,2.73148801,2.61630270,1.11639098,8.71211686
21.75390625,4.28086473,5.56366940,-7.08892921,1.84428192,-1.37944018,4.62074936,-9.48567049,6.87970217
21.75781250,-4.40658411,7.52794533,-7.21743012,5.24603374,-9.27414066,4.25294459,-6.32561771,8.16396561
21.76171875,-4.35237583,6.88760990,-3.93610739,6.87773507,-6.61191231,8.96611886,-7.67276174,3.38985338
21.76562500,-7.49287847,6.45532724,-5.84862091,10.12378795,-5.76179379,9.56854990,-3.93859080,1.40184789
21.76953125,-7.51373070,3.56131321,-6.27173671,7.31393008,-4.37364989,9.79068563,8.61379672,-3.89999395
21.77343750,-7.41511449,1.48342064,-13.33553280,10.43546005,-3.18043603,14.57534095,10.90394492,-7.57322156
21.77734375,-7.15732266,-4.00601349,-12.43431316,11.00882366,2.84398112,12.35375413,7.99054751,-11.43492169
21.78125000,-10.21029481,-8.46086135,-9.72412298,4.56467841,8.92327313,10.33253964,-0.21002223,-14.01151420
21.78515625,-7.23938838,-11.73414354,-11.93630372,3.50253457,7.61120918,12.27859768,-8.43738691,-11.98604199
21.78906250,-10.24136502,-10.20879316,-11.52892662,-5.57307362,12.20112810,7.25218849,-8.16570774,-7.35733383
21.79296875,-2.82636757,-8.07288385,-10.44739834,-2.17738984,12.33745053,7.67391528,-10.23996451,-5.99623231
21.79687500,-3.05120544,-7.08926061,-8.69549309,-5.17476424,8.93389608,5.91215567,-7.04420852,-5.70374176
21.80078125,-1.21944538,3.05440511,-5.58057393,-9.46586181,4.46667610,6.66557867,0.51636355,0.76922100
21.80468750,2.60148971,3.60488265,-12.06077303,-9.88923379,3.31965021,4.07647296,8.28638994,2.44296710
21.80859375,3.16720230,11.10138733,-7.55779165,-7.66331571,-4.56200009,-2.96411725,4.59292782,0.64917447
21.81250000,3.80140929,8.74699852,-6.63347101,-6.12234178,-5.12018237,-0.38356869,5.69119093,4.45893177
21.81640625,9.81353655,5.40095375,-2.06105355,-9.50143363,-12.63078305,-4.44537067,3.28337587,10.84568298
21.82031250,6.30055163,3.69697534,-9.75661680,-6.93098962,-11.80490819,-2.64757590,-4.62866367,8.31068194
21.82421875,8.47530171,1.72202562,-4.23744034,-6.53904433,-7.18881945,-3.08810508,-10.46700930,8.57168315
21.82812500,9.50070361,-2.32449107,-1.02187183,-4.58651307,-4.11659287,-9.34121437,-9.83825105,5.71846656
21.83203125,9.74074527,-6.90242562,0.39243360,-2.77114196,1.72369373,-7.96112949,-4.15869141,1.77590813
21.83593750,7.73829594,-9.04623609,3.97497850,2.06419225,4.83615738,-11.57873751,4.02247389,0.02602539
21.83984375,4.42055755,-11.19132807,5.25216867,8.70059944,7.68272832,-9.71391889,7.35193415,-4.66058328
21.84375000,0.01724604,-6.64942454,2.25684303,6.18835011,8.28178753,-12.30754308,11.21813066,-8.06654252
21.84765625,-1.07795640,-1.85634885,6.97354878,4.87181537,11.96187541,-11.88964233,5.38290601,-6.39002727
21.85156250,0.09097241,-2.42654805,1.68237228,9.36465761,10.36840937,-6.75422037,-5.21589620,-8.29385539
21.85546875,-5.29123086,5.11369083,6.72894704,7.87051476,9.32554980,-8.33819734,-13.40637081,-9.80399580
21.85937500,-5.55368610,5.89451420,11.23509234,7.64745344,0.73238513,-10.43152611,-8.46797410,-3.68627995
21.86328125,-8.37544571,7.24396669,9.10246500,7.56334356,-0.91031513,-5.08440073,-2.60036189,0.16211819
21.86718750,-7.14463593,5.48955327,12.58459711,7.98733495,-3.62523093,-5.03347973,3.06575111,-1.01544959
21.87109375,-6.52698513,0.30556597,9.98204727,1.42447900,-9.11444082,-2.29114224,9.20808326,5.22016724
21.87500000,-11.18696674,-0.35264842,9.76810838,-1.20706263,-11.30482458,2.39706736,9.46571984,8.80986272
21.87890625,-9.66785744,-7.05666109,11.21683195,-2.61011654,-7.91060919,5.45517768,3.74225482,11.14602667
21.88281250,-12.48932318,-3.47045575,4.65768239,-7.33100190,-2.16259440,2.64466031,-3.47630067,9.97402666
21.88671875,-6.63671110,-9.00951919,8.55362232,-7.74932813,-4.20112417,4.09274825,-3.22172844,8.62025963
21.89062500,-8.40649393,-9.02760844,6.58385891,-10.64132260,4.69466176,6.20533738,-9.55414731,10.82263783
21.89453125,-3.21157947,-9.66126128,5.53125037,-14.12378586,3.92805723,7.41968333,-9.44307320,7.07258342
21.89843750,0.30581691,0.81797409,6.42734879,-9.13468603,6.57061296,9.90259057,-3.41728729,-0.54064655
21.90234375,2.28002625,-0.22492591,6.81423011,-13.22272962,10.41621684,5.93251796,6.18159612,-6.19199891
21.90625000,2.25752513,4.36536717,5.79568597,-10.55152919,10.30066391,9.55847832,9.09410857,-7.60759536
21.91015625,5.18639127,4.87741867,3.19611793,-4.82365058,8.47313342,10.82738014,10.09353348,-8.80815862
21.91406250,5.67486746,8.93005220,1.59423182,1.87782709,3.20830185,10.52125695,5.51696671,-10.57090067
21.91796875,7.70486556,8.68084601,-0.38487627,-0.87906227,2.15599051,7.16931294,0.39552434,-10.11486379
21.92187500,7.20420973,2.68207813,-4.58729680,7.01152050,-3.52398356,6.74632306,-8.95590535,-4.62079293
21.92578125,9.06633173,0.30684763,-1.20969872,5.14341214,-9.94087157,5.67039916,-11.31530074,-6.31755867
21.92968750,11.49758881,-5.59002316,-5.79146364,10.85282412,-10.89202814,4.08388628,-5.53780621,-1.70797408
21.93359375,10.62885521,-12.31389957,-9.93839665,5.76790716,-10.88487911,2.37779297,0.61285362,-0.26263277
21.93750000,7.86721618,-9.60875117,-7.93412624,6.01152832,-6.85703596,2.00230329,6.15962076,2.23118277
21.94140625,4.98879575,-9.74815174,-8.83043650,9.36734738,-3.39374502,1.37874213,5.28447261,5.92497262
21.94531250,3.08584386,-9.05924864,-6.67016527,6.25240758,5.58762132,-4.08695353,7.19703595,6.97733492
21.94921875,-0.76033773,-4.61902712,-5.47783039,4.00186563,7.98485404,-1.90199465,1.56685555,8.16092112
21.95312500,-2.38241278,2.31962113,-12.44765231,0.66673064,10.56608981,-6.63952059,-5.40266730,10.97925892
21.95703125,-3.71706265,5.17856693,-7.09335832,-1.02329622,13.10735572,-11.00164452,-8.88170660,1.38836401
21.96093750,-5.66771420,5.28832096,-7.55964364,-3.43594012,10.67196151,-7.78411481,-11.64980204,2.29004329
21.96484375,-11.20776216,4.36411020,-7.77267162,-11.66385697,12.83149295,-9.17796029,-3.98317686,0.74135682
21.96875000,-10.24009912,5.45689702,-7.07050070,-6.32709063,5.01879559,-9.41462534,0.88554554,-7.51537800
21.97265625,-9.99193958,1.67554517,-6.11941364,-9.59347961,3.90409071,-11.25868639,5.87454706,-7.34633580
21.97656250,-9.53534332,-5.12524617,-7.55102981,-12.63572655,-2.08760274,-7.02947602,8.42884592,-9.37707936
21.98046875,-11.30919248,-6.67494537,-6.05922401,-12.07525666,-7.43258233,-5.64095416,0.99419758,-14.23014717
21.98437500,-12.24015776,-9.47066114,-2.51402225,-11.27547285,-6.12068232,-8.72406348,-0.99204851,-6.01634958
21.98828125,-6.79965736,-11.85707302,-5.38626448,-11.02149293,-4.71989792,-9.36810850,-7.32394348,-7.90442020
21.99218750,-6.69055485,-8.85826037,1.38329552,-5.30229956,-3.28079822,-4.98073030,-11.18949353,-9.88848204
21.99609375,-3.53709835,-6.76215436,-0.75139766,-3.35785215,-6.40568952,-4.24704089,-7.02777702,-4.22245541
22.00000000,-5.29313544,-3.67010356,0.38558648,-0.91127245,0.11866697,-3.87269365,-2.40335965,1.24129731
22.00390625,2.10851753,3.50752769,-0.26875627,4.45651047,7.10841695,0.66149795,-2.37657566,1.68498796
22.00781250,4.16953715,6.65631240,8.58543130,5.59693645,6.65932991,3.36894533,8.80538818,8.96608224
22.01171875,5.19493740,8.89402978,7.08231243,10.87407651,12.75002541,3.30366801,5.56269994,11.72713273
22.01562500,9.06839844,11.84258795,6.11732817,6.38533033,6.75881943,6.65865067,0.76744602,12.01934624
22.01953125,7.38200374,9.62240142,9.09469335,10.73765875,9.87379766,6.55513626,-5.32084259,11.23824034
22.02343750,11.40876765,1.57978705,5.38363275,9.52802537,3.53940214,11.59316122,-11.35983203,8.61994469
22.02734375,10.22459139,0.48079099,12.72179957,10.03601091,0.64466754,5.38358606,-9.26182541,4.27230804
22.03125000,11.37638866,-5.99869586,14.40171383,7.28748634,-5.23280418,7.28116189,-5.89277212,3.87510280
22.03515625,6.46413607,-5.53872627,7.81746472,4.25621851,-4.87132614,12.64858286,3.82117435,-0.08074743
22.03906250,4.88465255,-8.49577123,8.65432810,3.81865844,-8.74903788,10.48831939,7.58488338,-4.12326830
22.04296875,6.21330928,-7.49203074,8.64315714,0.29985052,-8.46316154,8.17131530,10.70275318,-7.87386301
22.04687500,0.39601089,-2.06971445,9.72458109,-0.13675739,-10.42224448,9.93740573,3.91635076,-5.64719056
22.05078125,2.04087100,0.77061996,13.55322151,-6.18164016,-9.38744409,5.53382824,-0.95898310,-6.59419925
22.05468750,-1.34566761,3.84392251,6.93307265,-7.99261607,-3.95997999,3.61575506,-5.84547339,-10.02219902
22.05859375,-4.45171388,11.20781351,7.19413373,-5.35622273,-1.91741455,0.41454771,-11.72300531,-2.94583184
22.06250000,-2.65620900,11.39691592,9.02199426,-10.00444212,6.22535848,-0.86175816,-7.89359518,-9.09039518
22.06640625,-7.92229411,8.43784284,6.91017435,-8.10651403,9.62503830,1.44657913,5.03769283,1.42107029
22.07031250,-7.81903528,7.33359429,4.50496790,-11.03517713,8.35959091,-3.62733260,5.88549413,0.75617323
22.07421875,-6.27406770,1.58880538,2.84955048,-5.50865694,10.02024277,-6.18401051,10.64461684,3.07592730
22.07812500,-11.13727677,-5.12113294,2.02314191,-1.79633310,7.35652565,-7.42402386,6.46882781,2.14710979
22.08203125,-4.12462565,-8.35697423,-0.00860603,0.40224411,2.16399149,-7.56967712,5.46246882,9.72017131
22.08593750,-5.39855309,-10.21671268,-2.51614878,1.25731758,1.19575407,-12.36083699,-2.90475245,7.58222795
22.08984375,-9.28844353,-9.12814658,-4.01751145,6.44168491,-7.00595391,-14.54360660,-10.58394933,5.98310848
22.09375000,-6.07007064,-4.37484690,-1.26790130,9.67777808,-9.37056633,-6.49676742,-7.36342267,4.10055781
22.09765625,-0.15183354,-2.49491559,-2.79661270,9.84831740,-12.18633432,-7.73467130,-6.95181780,0.31783270
22.10156250,0.56099131,0.92964822,-4.97879455,11.42428305,-13.98943078,-9.92885237,1.53494870,-0.24470537
22.10546875,3.86882675,5.86225727,-4.20062552,9.31120293,-7.46426694,-11.01787886,11.79991734,-5.46595274
22.10937500,8.22660026,7.85424364,-11.46452149,5.68902741,-1.91005709,-6.58136684,6.62463784,-5.38791605
22.11328125,6.01654924,8.22887444,-12.12799504,6.27866098,3.54513310,-3.44261787,3.41330032,-8.22094323
22.11718750,8.63944242,4.58141945,-8.70588329,6.86947444,9.34881559,-2.04064834,-5.21084257,-4.73412435
22.12109375,8.42551040,6.70676722,-7.68801256,0.76636421,11.57711406,-1.51911192,-7.75105241,-6.17068969
22.12500000,9.08523226,0.66148364,-6.35258245,-2.03637225,11.25223155,-2.59961295,-12.59042236,-4.84363035
22.12890625,6.66664409,-6.34975113,-8.94565498,-1.71459859,10.90123853,2.29512738,-6.06232796,-0.90350740
22.13281250,8.73748494,-6.83647318,-9.19104641,-4.23773011,8.66523252,0.44522869,-3.02014101,1.96490280
22.13671875,6.88610385,-7.64728234,-7.60092797,-8.15742300,2.83611852,6.84631233,4.57979329,3.11623216
22.14062500,7.79295959,-9.36877020,-6.62952123,-10.79259505,-1.91164081,8.23953301,13.81929605,5.70066040
22.14453125,2.35304819,-8.96063400,-9.16984467,-11.02291896,-5.29400458,4.30339979,8.28499809,10.83441341
22.14843750,3.03775258,-4.37685771,-6.26536141,-8.26711791,-12.71850941,10.45162798,3.05703865,9.31688886
22.15234375,-0.65621442,3.02024381,-3.33078629,-5.72585650,-12.62901904,11.66992630,-4.64258741,11.99917148
22.15625000,-4.62582185,9.00553761,-2.46837515,-10.89561222,-8.62904209,7.97899695,-6.83111556,6.82978731
22.16015625,-6.55788864,6.19357151,-1.20900047,-2.40175791,-6.01562468,10.13113424,-12.77772062,5.87672834
22.16406250,-7.85609711,9.77504922,4.06257664,-0.02037368,-5.27078515,9.56079650,-7.02356252,4.28554238
22.16796875,-8.49934838,7.36370806,-0.25357496,5.20642517,-2.41074632,4.31231412,4.36021807,-0.20530960
22.17187500,-7.37670041,4.41701808,2.47954925,6.93954703,4.45950362,6.10679608,8.12389617,-5.32878280
22.17578125,-6.65103689,2.19896023,0.98598455,6.87554221,6.79684373,2.57579748,10.55775604,-7.18217554
22.17968750,-10.21585440,-4.44912532,3.82368452,14.53110811,9.73098498,2.94572078,9.41876450,-5.55482455
22.18359375,-6.84752347,-9.84754704,5.90424854,12.58487948,3.27454433,-1.64266484,0.44033206,-11.83995785
22.18750000,-3.33240116,-10.04136270,11.51567396,13.71172648,6.48418346,-1.65737873,-8.00653976,-8.11732335
22.19140625,-6.49841351,-6.23893620,11.16940724,8.93089179,4.01862594,-1.05948282,-9.43757312,-5.76716767
22.19531250,-3.78662844,-4.04329254,6.77204191,12.27755363,2.42762324,-8.07755701,-4.84466576,-0.96585903
22.19921875,4.83256101,-0.94393444,8.32761926,7.45091879,-8.14295040,-11.20058507,-1.19265386,2.65835278
22.20312500,6.02997335,4.62859149,8.78618199,1.58545472,-7.48697043,-7.86892301,8.36085474,4.44364138
22.20703125,6.53403020,11.19386114,6.96418429,2.68277287,-11.89101815,-9.42996650,12.58024717,6.46538005
22.21093750,6.83049104,8.13376362,11.62904389,0.38713871,-11.27890513,-8.20926356,7.72891723,5.91075320
22.21484375,10.03295921,9.02194084,8.07148187,-4.54473473,-12.96311271,-11.40290387,3.18826779,9.34273143
22.21875000,9.60001099,7.70545573,2.95035687,-2.40599028,-4.54815074,-8.56880179,-2.82392184,8.02526298
22.22265625,15.59736139,2.73911451,8.09658410,-5.71755665,1.26886298,-8.56352011,-4.18353012,9.85064418
22.22656250,10.78646555,-2.09573704,0.89216885,-8.69066775,-0.58221044,-11.77693055,-6.31400134,8.02825838
22.23046875,9.93232596,-5.15870935,5.01337125,-9.67779362,5.81881736,-6.62712967,-5.89912309,-0.41093562
22.23437500,10.94623585,-8.23225619,2.41232894,-9.58749083,9.83217292,-6.46052029,6.07027882,-0.18416706
22.23828125,5.76991217,-7.88567935,2.63275492,-3.47932804,9.69946940,0.47107930,13.91420738,-3.87329053
22.24218750,6.70400518,-9.96215433,1.50178584,-3.91480170,8.39745960,2.23395878,8.08653611,-6.56851575
22.24609375,6.80301658,-4.37055065,1.20884256,-1.72229035,5.75445719,1.14335188,6.39171682,-10.96576962
22.25000000,2.97560527,1.29955118,-3.14563336,-0.72915147,-2.12925630,3.41131920,3.37556426,-10.46277748
22.25390625,2.09603723,5.57317608,-3.47517314,1.96133093,-5.68927983,5.50647723,-4.17681521,-12.58961400
22.25781250,-4.95688596,8.96182991,-4.59975658,7.74728219,-10.80856420,4.53032338,-6.21267988,-3.03941420
22.26171875,-3.35790044,9.69609676,-8.77579425,8.16175911,-7.04926957,6.66882500,-8.15848546,-4.68007494
22.26562500,-8.74608429,9.40957396,-6.87155000,5.59530482,-9.75608776,10.45093255,-0.76352506,-4.87951131
22.26953125,-7.41034531,3.97763971,-12.83112826,9.27130638,-1.86900138,9.39478720,2.77515864,1.97198933
22.27343750,-6.89795707,0.97248539,-8.93697577,9.24234102,-2.46025923,12.12342921,7.55874369,6.13492570
22.27734375,-7.33851716,-5.45878344,-9.28491627,4.83082311,-0.64046171,7.83064946,4.04099410,2.33647398
22.28125000,-5.54302058,-10.08574799,-5.60649542,5.13648979,6.17264301,12.95742738,2.65814155,8.17995763
22.28515625,-3.54567203,-13.03532036,-11.43143486,4.63596296,10.81550951,14.36956327,-4.73428692,5.36352026
22.28906250,-3.52556737,-13.25619148,-9.90244010,-1.12692532,11.05679721,10.25499481,-9.16902693,6.13494914
22.29296875,-3.42931032,-10.07695523,-10.94036866,-1.21072567,9.21437930,3.34101078,-8.97164022,4.36362414
22.29687500,-5.83934615,-6.89690000,-10.51372821,-2.71665043,11.54315924,6.43528570,-0.81003409,-0.96198292
22.30078125,-2.10654571,-3.92481825,-5.75249537,-6.02443583,7.09769256,-0.27408224,2.87729523,-4.59303351
22.30468750,2.69042603,5.77206997,-3.70303174,-5.49021901,2.67850154,4.92209236,9.31572123,-2.15419815
22.30859375,5.88678917,5.36800146,-7.45161029,-6.44075783,-3.30104541,-1.73634964,6.97295468,-9.34636036
22.31250000,6.59377753,10.84698832,-9.87859026,-11.90118818,-4.49132806,0.79251958,5.36811485,-9.26612184
22.31640625,3.87454604,5.46342824,-7.32048700,-10.53616995,-5.52449013,1.11668293,2.26132738,-15.10459595
22.32031250,7.34824420,3.76650707,-4.63868823,-9.84361185,-8.47763331,-5.37473225,-7.36562237,-6.09212247
22.32421875,7.07602880,3.33164151,-4.46254174,-7.47132433,-5.30525685,-7.35267179,-7.79347805,-4.50516648
22.32812500,6.96329521,-6.46840323,-2.38295257,-2.17413866,-4.31387522,-6.45668926,-7.15076556,-5.60832229
22.33203125,5.70658069,-6.97357961,0.41251606,-2.01349635,-2.04277942,-6.50411696,-9.40654281,-2.80085194
22.33593750,6.56403885,-10.24624809,1.64212036,-2.45138959,3.83485047,-7.35349921,-1.58289323,1.33159484
22.33984375,4.33554164,-10.73308920,-2.65334237,1.34541183,9.22720318,-9.18746614,9.63134645,5.63293334
22.34375000,0.45710006,-10.70948883,3.89790758,9.03696677,7.50442869,-12.30294305,7.78912262,8.19712413
22.34765625,-0.68102360,-3.32197836,2.19819646,8.51426516,13.56080779,-7.56437280,2.54449020,8.41652707
22.35156250,-4.60758951,1.15119344,3.86087160,7.75947451,8.78908482,-11.48001786,-0.60600588,9.83933408
22.35546875,-0.15981644,5.46487649,5.57179879,10.86444347,8.76535086,-8.88845388,-9.03189114,7.29784678
22.35937500,-4.70244195,10.68152572,9.88492354,6.49158114,5.31625131,-12.73242386,-14.54931344,3.76803431
22.36328125,-8.97369273,8.85862652,14.82272982,7.36752346,-7.41784060,-2.01533436,-6.61241205,2.54961375
22.36718750,-8.75201509,6.35973600,11.36253524,5.14912037,-9.98122827,-4.56358212,1.16339087,0.30417620
22.37109375,-8.92164833,1.79624955,10.14507478,4.67090874,-9.93173980,-4.06948993,10.01710957,-7.19735046
22.37500000,-8.62274176,0.60722076,7.41588981,-0.67029556,-11.35633967,-0.40374374,9.30899192,-9.70670347
22.37890625,-7.92990784,-6.44645507,10.28851366,-7.51815157,-3.13177470,3.95901142,6.01690994,-9.39544751
22.38281250,-10.59420431,-10.15937236,5.90922514,-1.18306079,-6.96080313,3.27838485,0.47995198,-11.91734408
22.38671875,-6.19742399,-13.34232371,5.22054055,-7.35250517,-4.33105121,6.44338461,-6.03851894,-11.48683552
22.39062500,-2.23127059,-6.67749475,9.64651602,-11.01129745,2.47224417,9.01844791,-11.67500338,-10.52256856
22.39453125,-3.74056738,-6.55668881,9.64463227,-9.09331665,8.33935275,5.40630200,-8.23505199,-4.77859599
22.39843750,-2.49919073,1.97204816,3.16507309,-12.31729072,11.61816772,7.73242345,-0.10748166,-2.75275455
22.40234375,-1.12721105,1.95324435,4.17910671,-12.27623836,11.88468237,6.51795135,3.96237738,3.21115017
22.40625000,-0.09214317,8.04712373,5.49330700,-4.45362476,10.41639311,7.97016334,9.42495860,5.55754604
22.41015625,2.97283546,9.47935377,3.28956345,-2.37548418,9.36646335,10.96811070,12.58177582,8.55386333
22.41406250,10.29223201,11.23281525,-0.12752987,0.42895104,2.66161443,9.73269076,4.09590735,13.89707521
22.41796875,7.93584910,6.20760671,-0.02110349,-0.23757024,-4.14765584,8.04652985,-2.37034138,10.29739414
22.42187500,6.27224216,2.14859733,-2.97907110,9.62191202,-1.80634313,10.38126619,-6.54278718,8.24214407
22.42578125,6.43066300,-0.97655660,-5.52080011,3.84678702,-8.82463024,6.81871858,-11.84547935,9.24842214
22.42968750,6.16836914,-6.29726474,-4.02544646,7.28232867,-10.16153547,4.35064438,-5.54961872,3.35839950
22.43359375,7.50061365,-12.33408351,-4.72650091,4.47613160,-9.09507133,4.18985362,-0.54354090,-0.35475612
22.43750000,5.09012249,-8.46774081,-7.18935458,10.79232748,-6.72540950,3.21459170,3.84448559,-9.33098679
22.44140625,2.95739484,-11.82797329,-4.14253497,11.75126929,-0.86712798,-0.04582260,6.54683426,-10.21597485
22.44531250,2.60202419,-6.34876137,-12.59309384,5.04473138,1.83536162,-5.83977181,7.49487184,-6.84765690
22.44921875,-4.77288327,-3.50734704,-8.29868022,8.40635366,9.49210226,-4.70100712,-2.24911007,-6.97258050
22.45312500,-2.75909805,1.48255494,-13.42217049,2.71409809,6.39026554,-7.22321746,-7.51649132,-12.22557110
22.45703125,-7.49603884,4.55366055,-9.55336253,-1.40774180,11.99629481,-11.60503658,-12.83747492,-8.22901433
22.46093750,-8.23577432,9.69430914,-9.79006402,-2.62926790,8.69313165,-6.97812597,-5.39583551,-7.09281156
22.46484375,-11.23825303,6.58956850,-10.06853813,-6.78121656,8.89153234,-8.56460579,-1.69779425,-5.29189892
22.46875000,-9.25445504,6.62193795,-9.87753415,-9.70202606,7.29467942,-9.98327424,1.73916105,-0.89247160
22.47265625,-11.63264710,-0.47111094,-5.45998636,-9.18088454,3.01348698,-14.12797918,7.01212643,5.90190924
22.47656250,-11.00627677,-5.08009522,-8.87084698,-10.40552073,-3.25808874,-9.79426385,5.66778552,5.96856206
22.48046875,-12.16453164,-10.51153451,-4.50126598,-13.40321570,-2.57760185,-8.73221031,-0.16812292,9.10662724
22.48437500,-9.49666825,-7.64590058,-3.72608344,-10.27272871,-5.66859696,-8.54376841,-4.53395609,7.59053113
22.48828125,-9.35256425,-9.97452484,-3.71183515,-11.85978364,-6.77378488,-9.74214808,-10.32279676,8.84756112
22.49218750,-9.84275660,-6.30837606,2.06988080,-8.60449355,-10.84715070,-6.34032205,-10.25919284,8.02635619
22.49609375,-4.65109672,-4.39207178,1.80552782,-3.78822813,-3.32411436,-3.99780704,-6.38708569,0.54724754
22.50000000,-3.36623909,1.92396190,1.00557325,2.47943905,-2.04949223,-4.94546471,-2.10782443,0.12211530
22.50390625,2.54784301,7.55969693,5.42134903,6.10092716,1.12342146,-2.77463409,3.28308805,0.92968591
22.50781250,1.44362463,8.20732352,8.72043047,7.34557360,6.09894445,3.48465801,7.44521424,-1.54815551
22.51171875,6.62083613,13.04936081,8.45200581,9.52589246,4.85595698,5.14579978,7.73836010,-7.68874067
22.51562500,7.72197117,12.12026575,6.33419412,9.57968736,13.10528715,4.61338861,-1.59935685,-8.53206655
22.51953125,5.47888408,12.06120476,5.55627538,15.79742404,7.24513120,12.09354859,-1.33354839,-8.79242609
22.52343750,10.22873111,1.63665392,8.35703100,9.15537187,-0.59603140,9.52939022,-6.77779961,-1.46355772
22.52734375,9.60006619,0.76979209,10.96618956,7.69379199,-0.98428995,9.23765724,-10.69596282,-3.58388329
22.53125000,10.29275365,-3.01901532,9.72941132,8.49906650,-4.77737193,5.45283170,-0.58328236,-3.71839622
22.53515625,7.03380023,-8.27334274,8.43658492,6.46167028,-8.53594182,14.64555994,4.01513056,2.98564614
22.53906250,8.16106575,-7.33917533,7.77001994,4.63313339,-10.04889403,8.68177513,5.71671974,8.56253952
22.54296875,2.69024494,-6.46515806,7.06326854,0.26217394,-9.42228406,4.55416149,6.49318580,8.81382734
22.54687500,3.38976727,-5.67849365,11.27447108,-4.39521006,-10.69329579,6.48742249,6.86863184,8.56412534
22.55078125,0.61094510,0.43134019,10.29311906,-4.13138968,-9.71766567,5.35118659,1.63117190,11.82550173
22.55468750,-2.07259802,9.79057884,7.42509625,-4.68617424,-3.12537096,4.43315726,-4.50052210,11.17407938
22.55859375,-4.87461085,6.94153722,6.32806695,-9.93652235,2.43019330,0.59792172,-6.29305326,7.08277018
22.56250000,-6.24123364,11.21421142,8.07651811,-7.26933028,2.98276304,-1.59104490,-5.12793939,6.81885694
22.56640625,-4.31763376,9.89576768,2.27888606,-8.96650036,10.91418938,-2.08636608,0.90995360,-0.90536034
22.57031250,-5.98530644,6.37448486,6.57126496,-7.84270215,6.31402081,-5.77993332,5.72172631,-5.23475594
22.57421875,-6.57928297,4.84423537,0.06004406,-2.25655098,7.09433228,-7.14267175,11.91939773,-4.79914921
22.57812500,-8.13268030,-2.39398917,-2.47523645,-3.35372619,6.23788891,-4.40908870,13.62716705,-8.28122906
22.58203125,-6.76801949,-6.61145159,-2.57715701,0.34713424,-2.35995581,-5.94339753,3.35703401,-9.60497196
22.58593750,-3.21972195,-9.18636980,-0.67305081,3.14714850,-4.04363318,-9.25197582,-3.51451817,-7.65923054
22.58984375,-5.14172306,-7.10147905,-2.25117106,5.09320409,-8.31578197,-13.79033041,-10.81978482,-7.60937406
22.59375000,-7.16151651,-2.45852442,-4.26533186,6.03940527,-8.14466556,-9.16335255,-5.37791359,-7.50833780
22.59765625,3.75712185,-2.65741545,-7.15561365,7.52126054,-10.13024297,-8.63484639,-2.10598121,-2.27443907
22.60156250,2.17685907,-1.39483944,-4.44654480,9.10018393,-4.07207813,-10.03420377,7.55317704,2.60153655
22.60546875,2.68075712,7.23209496,-7.40702007,12.00869465,-4.61268158,-9.54161928,6.09248064,5.47751763
22.60937500,6.65260915,11.73171154,-8.49165913,11.36318411,-0.47772675,-6.51108618,8.02934845,6.63702741
22.61328125,11.79274142,8.57889622,-9.52983904,13.00512487,-0.03552060,-7.22213773,6.55195832,8.71442859
22.61718750,8.21614015,12.63808064,-8.20875725,5.90397370,9.85387832,-7.35640385,-0.82886185,13.49029196
22.62109375,13.06198752,2.65639969,-8.72199705,6.56643334,7.22089146,0.67477448,-7.50019196,11.14618069
22.62500000,8.28552361,-1.45292005,-9.44856593,1.03060353,13.93261083,-1.88034757,-9.42014571,3.63032655
22.62890625,8.57011888,-5.22174919,-12.04247887,-4.44317818,9.74508286,4.45327535,-7.65356393,3.46779136
22.63281250,10.73811847,-9.80706548,-13.84438615,-6.99077347,5.09589155,2.68362427,-1.83717594,0.02536975
22.63671875,5.89623520,-4.44915455,-9.15478287,-7.73329986,3.15997304,5.75194808,6.04608167,-0.72364695
22.64062500,4.23362473,-5.54359500,-10.60420130,-8.60486090,-1.01246225,4.28169279,10.79177532,-8.54306680
22.64453125,0.92747991,-7.55588505,-7.91915382,-11.33374885,-5.89764398,8.88972959,7.98105778,-3.43787886
22.64843750,3.51658570,-0.69818825,-5.10257000,-7.12740955,-5.33971173,8.67398442,2.74689304,-7.09088122
22.65234375,-3.12539780,3.41729705,-4.27029935,-8.94961923,-8.37329948,9.56556797,-4.40005251,-7.73819021
22.65625000,-4.53451741,3.87955582,-2.46973498,-8.42432943,-9.72495927,10.02540766,-7.93115785,-5.13265860
22.66015625,-5.97875682,9.05930041,-1.03279326,-6.31841738,-9.17943514,7.27793001,-8.37006881,-8.66385564
22.66406250,-3.43525101,9.00451703,-0.65896949,-2.95182017,-4.12723398,7.40487163,-5.37177472,-2.18414054
22.66796875,-8.59022943,2.68428106,1.57620614,-0.45489017,-0.21269031,8.39960540,1.56584466,-0.38000188
22.67187500,-5.79982906,6.89614119,6.12306488,4.61202283,8.47374516,11.26324321,12.35250705,5.80493207
22.67578125,-9.25971328,2.30527578,-2.08680344,5.33914352,5.20820138,8.05462315,7.24105352,7.57654833
22.67968750,-8.17564964,-7.78866909,3.39837986,10.47841064,6.85081592,2.02754343,6.84262736,7.37707409
22.68359375,-8.56345559,-8.52086816,4.95998438,10.76459185,8.71460783,1.99682442,0.35670259,10.54176620
22.68750000,-6.58053224,-8.74649415,10.14233361,12.13167328,4.58243470,-4.25125066,-8.60535293,8.73128678
22.69140625,-7.73316267,-8.74113619,7.72792401,8.20189097,5.42767319,-1.38527856,-5.69617564,8.51614537
22.69531250,-3.44807388,3.49345906,11.71592416,4.11069910,0.15100233,-3.98349329,-6.28744367,5.13464786
22.69921875,1.73649499,2.22794748,5.47558716,10.01996761,-6.07244192,-11.14089806,-0.61583478,-1.16660267
22.70312500,4.83745174,9.57387131,12.18365031,6.90095862,-13.52749259,-8.11882143,5.55907230,1.64900124
22.70703125,5.92523272,6.75230675,10.38616984,2.64265391,-10.93504186,-6.71971386,8.03240710,1.69121844
22.71093750,4.97991473,11.03776542,8.89548301,-2.16560121,-12.79981532,-6.62119580,6.80277116,-4.97007148
22.71484375,10.44929613,9.48421969,5.91920122,-0.88453403,-13.54868108,-7.20109438,5.76828458,-9.18140268
22.71875000,11.64193024,7.75118428,10.67301861,-2.95623193,-10.47550395,-6.10833411,-1.26494651,-8.61484676
22.72265625,12.88870790,3.64714059,6.81342446,-7.90812006,-1.76789077,-6.63423699,-6.99826204,-7.58133019
22.72656250,12.62580879,-2.89591110,7.84465919,-10.06209055,5.82517044,-4.03581561,-7.19250413,-3.00050081
22.73046875,9.40595123,-3.80722203,3.73013291,-6.47557778,11.10965763,-9.04628085,-5.15541357,1.24267021
22.73437500,9.46774328,-7.86447071,4.58802199,-5.30409749,10.85199836,-5.05395607,1.60594559,-0.14124135
22.73828125,7.50539711,-7.67242588,1.07631611,-3.44676218,11.39481976,-5.36617834,8.10181527,5.04947460
22.74218750,1.40537141,-7.87551567,-0.64949141,-5.98638173,8.89969564,-0.96562481,9.68135569,7.16513203
22.74609375,3.90539223,-4.42734870,-0.78058857,-1.96149101,0.41437780,0.97269884,8.11565085,7.40154764
22.75000000,3.23491356,2.95421677,-2.64468049,0.93706996,-0.43363380,1.63994551,-2.07066955,12.26816271
22.75390625,-4.40536443,4.82542047,-2.03228801,2.56712321,-3.48541235,2.49849989,-6.53978304,7.44553810
22.75781250,-3.14307915,5.42018606,-2.24807274,5.68615481,-5.38744454,8.06467500,-8.58718230,6.12244249
22.76171875,-6.87510522,5.74862344,-5.92576100,7.43821413,-6.57074690,8.62343081,-1.89914272,7.12286215
22.76562500,-2.92329130,9.18686464,-7.77913973,6.57906938,-11.62554998,8.74962838,0.25872045,-5.63382275
22.76953125,-6.96709862,8.62399935,-10.92262540,11.28658173,-4.68168837,12.30337933,10.70723337,-1.53345401
22.77343750,-11.74644717,-1.04403491,-7.91095445,11.25941494,0.27292042,7.68522408,10.27673422,-2.82270141
22.77734375,-7.19058049,-7.24029162,-11.58435088,8.97543001,-0.38036730,10.87154862,9.71507575,-10.12289787
22.78125000,-13.21530724,-9.70826958,-13.67736245,5.97892032,8.67879585,7.02136511,3.63313463,-12.63721623
22.78515625,-9.57516500,-12.19108275,-10.21711177,2.90210136,6.75015543,10.23765527,-1.82340116,-6.75030670
22.78906250,-6.38015661,-9.78209191,-10.29278395,1.00298160,9.70656583,8.78363367,-11.34878517,-7.95924926
22.79296875,-4.43597249,-10.31772302,-5.98641837,-7.61053136,10.54030600,9.88925918,-7.01849955,-6.09929754
22.79687500,-5.95738923,-0.94201740,-8.87279971,-4.85242192,8.02834273,3.09481938,-6.84742911,-3.74047779
22.80078125,-2.10191273,-0.01831819,-9.90755842,-4.02091347,7.71074761,6.49854346,-2.92049321,-1.99061926
22.80468750,2.73382632,8.51684053,-6.30656868,-13.85609101,3.32042587,2.81475827,7.77436960,4.12040171
22.80859375,2.48071283,6.26613987,-6.06366203,-11.02468572,-4.02529524,-2.57450833,8.45323502,7.01437925
22.81250000,5.84912388,7.37662853,-6.21106950,-13.88344304,-9.27692409,1.86729036,5.71349821,7.54173639
22.81640625,7.77205194,11.50489765,-6.66155083,-6.10176564,-7.12205012,-1.66061911,0.34865131,5.29178862
22.82031250,9.24256808,2.03848342,-8.33977010,-7.95611562,-8.39054269,-4.14210669,-7.53832309,7.09621328
22.82421875,8.30977986,-4.53524397,1.28058428,-5.97592707,-7.88434865,-7.36326810,-9.28729057,8.48190336
22.82812500,7.55969651,-5.95614469,-3.66367541,-3.54551313,-5.95375457,-5.87234881,-6.40546015,3.42382549
22.83203125,8.81719763,-9.70490806,-0.60354587,-1.52022487,-1.12116936,-7.88429626,-1.06559069,-1.09158777
22.83593750,9.70422993,-7.13994514,-2.23518161,4.72138853,2.08977974,-5.99959700,2.21680995,-3.56657317
22.83984375,4.75182426,-6.39348196,5.52159642,4.53784203,8.96678919,-9.18083796,7.63442458,-3.06416401
22.84375000,3.56823850,-6.58562593,2.42958281,7.19509864,9.72658121,-6.86895186,12.21309637,-7.27020277
22.84765625,0.17433494,-4.72097097,4.07868311,5.60105834,16.75312555,-12.32596649,3.02847244,-10.00348275
22.85156250,2.52625197,1.05882496,3.90946744,8.83676557,12.51645938,-7.92785603,-3.29849730,-12.49890991
22.85546875,-4.53233988,6.05433058,4.34530315,5.04499575,6.80489952,-11.54659534,-8.18746404,-8.85869438
22.85937500,-5.48068914,8.03041475,10.42346074,5.66200411,0.35609004,-8.53739779,-8.40167511,-8.02072442
22.86328125,-1.91979632,10.45466371,10.86225072,8.29804051,-0.81428113,-5.03256780,-2.65279650,-4.74049493
22.86718750,-5.14348528,8.01302672,12.27066445,6.41953188,-4.41775588,-4.29468832,1.42556766,-0.58436338
22.87109375,-13.43997368,6.23150028,8.45257427,-0.91652600,-9.49091291,-1.89056760,9.07886026,0.12157834
22.87500000,-13.82622260,0.66128449,7.38927879,-1.65751729,-9.03508345,4.00440026,10.43809724,9.70812666
22.87890625,-9.75344382,-3.16484005,9.78651745,-2.06775925,-8.08880150,2.49735473,8.23333698,8.90878220
22.88281250,-8.08421953,-8.73867386,3.37992887,-4.96211203,-5.37901072,4.71824040,-1.40490600,11.11538388
22.88671875,-8.61384352,-12.89837032,14.26327525,-4.99605038,-1.40400864,7.52850559,-6.83848025,11.44637161
22.89062500,-3.41079735,-8.05342562,5.83775032,-11.58556297,2.99629862,5.52801028,-10.18313862,4.01262300
22.89453125,-5.63323879,-5.23799979,9.83464896,-9.62332044,7.67179328,6.32169378,-8.17376176,6.23799732
22.89843750,-0.43709458,-4.95963371,6.62778266,-11.57941447,10.35284644,7.89107366,-4.97983372,1.51662943
22.90234375,-0.97961129,0.22000979,5.98936731,-8.48437368,9.06670272,10.94226798,2.22280641,2.49544545
22.90625000,5.19634874,7.44444520,6.87835270,-4.90505716,12.78283138,11.41428775,6.70842501,-6.01998739
22.91015625,8.48969334,9.58436401,2.44807337,-5.12980344,5.64545438,9.31293803,7.05512839,-7.04632322
22.91406250,5.42656761,12.25426783,1.28703790,-2.34793190,6.14173329,12.29053590,7.40369421,-7.62451973
22.91796875,7.80839351,8.31076127,-1.35259780,1.50683703,0.47336630,9.88167931,-0.83710607,-10.45945808
22.92187500,10.31672670,3.84478742,-4.01300716,3.39573427,-6.05912901,7.58295799,-7.22950980,-9.63378616
22.92578125,8.48228393,-2.62717766,-8.48390346,9.55478570,-5.95495610,2.93791458,-12.04392016,-10.74420592
22.92968750,9.54097113,-4.93505462,-6.32796600,8.60267515,-6.92103543,-0.16404855,-7.47692021,-2.99880067
22.93359375,6.50891204,-8.05843168,-7.35983317,10.66267734,-10.36083661,1.60589857,0.61065336,-2.45561113
22.93750000,5.83221054,-11.70494428,-8.16923302,12.12327366,-4.96543964,-0.60335111,11.34685238,-0.37287513
22.94140625,1.46745552,-6.61414933,-8.57855426,6.37282748,-1.40517212,-2.21589973,8.36089033,10.69924940
22.94531250,2.41224649,-5.11428550,-9.51854049,7.27656971,2.43591675,-3.84758765,5.19971190,8.58751655
22.94921875,-1.94241608,-4.68354906,-7.67224310,7.60387818,7.15974827,-5.75058460,-6.80002464,7.46181329
22.95312500,-5.40103673,3.87700651,-8.89123985,2.01061537,8.55606939,-3.55909670,-4.42364656,11.49548402
22.95703125,-4.20262561,6.44539407,-8.84301517,-2.96439582,15.36907897,-8.61977496,-11.51542801,6.87802924
22.96093750,-6.77113306,6.41661180,-11.30865282,-3.58352868,14.31144953,-9.92904800,-10.71919983,1.67653502
22.96484375,-9.25573852,8.92969382,-10.98730050,-6.07961798,8.76772521,-11.40003611,-6.34809010,4.16215756
22.96875000,-9.61559852,4.84701367,-8.61396359,-10.78346595,5.68469485,-8.95869101,6.82030030,-3.29091400
22.97265625,-10.12122673,1.02976000,-6.83418545,-14.32863377,-0.83027205,-9.38907589,5.13842374,-3.85640978
22.97656250,-11.42209575,-5.32895491,-7.01688763,-14.49279691,-3.05835991,-8.47599083,4.88689116,-6.28452022
22.98046875,-9.82859813,-9.33087247,-3.02445893,-12.55197984,-1.53049780,-13.49940232,2.05950620,-8.41993886
22.98437500,-10.25702474,-7.55332675,-4.66243357,-13.23316889,-2.41038482,-9.46377186,-6.39874233,-7.99331911
22.98828125,-10.24862731,-10.67527134,-2.60088331,-11.12385943,-11.75294455,-10.23737996,-8.98977968,-11.51071867
22.99218750,-7.68420495,-6.86137272,-1.08875925,-8.76484783,-6.36224903,-6.73413577,-10.35980690,-6.21509054
22.99609375,-6.90363220,-10.85712834,-0.98695007,-5.51835693,-1.57876400,-2.18466749,-8.24985664,-1.69391052
23.00000000,-1.60621048,-6.55685681,2.63896254,-0.40099537,-0.09361764,-4.60911693,-2.13536610,2.31415271
23.00390625,2.74995913,8.74010449,4.22531868,2.54476297,7.64372110,0.17039175,5.59859251,5.92830311
23.00781250,2.83234433,9.29403099,5.32266332,7.82762862,8.52076449,-2.20771986,11.64312382,6.44134708
23.01171875,7.00213568,14.07006419,5.55684939,8.24402130,7.69393662,1.83119958,9.62621682,12.43245572
23.01562500,7.20176131,12.12807657,9.69614701,8.89691881,10.39609476,2.97429119,4.14556982,10.78571730
23.01953125,9.72209153,6.44436266,7.38461038,8.09482577,7.45546215,7.50175323,-14.01410419,9.02404531
23.02343750,8.79060822,4.64851493,7.01000772,14.78755056,4.91073957,9.16012557,-11.54850099,12.16572803
23.02734375,11.49214793,-0.55830353,10.94844667,9.50741218,1.32916425,8.41718461,-8.14622914,8.36445463
23.03125000,9.03701668,-5.39699185,10.25398415,5.47371729,-7.19422905,8.75178675,-4.57813237,3.13201895
23.03515625,7.88121500,-3.22063157,10.35417813,11.01522034,-8.29440519,6.84479275,6.14004904,-2.27057020
23.03906250,6.84518651,-4.50103410,9.30431314,7.11690948,-9.32565922,8.94212992,11.17450630,-1.97332601
23.04296875,8.62305345,-4.56655284,10.07634434,-0.56832898,-13.54320565,6.73257309,12.22208828,-2.94450959
23.04687500,2.66042776,-4.95803797,6.93415183,-3.30414518,-12.42061587,6.46068168,5.31064173,-8.82442578
23.05078125,-1.63683376,3.35297253,12.67626854,-6.42672992,-3.63907984,4.19114242,0.70673236,-10.48761555
23.05468750,-2.06973561,8.22903415,6.97168812,-9.79387555,-3.31184778,1.44006120,-4.17185310,-10.35536863
23.05859375,-3.94085104,8.42166207,7.83266893,-9.47903264,2.96452433,-2.21231647,-9.50920601,-4.64360167
23.06250000,-3.54486366,11.42537303,6.00929147,-11.20715702,4.27260570,2.41375758,-4.15623950,-1.23938983
23.06640625,-7.78432161,7.34519792,5.13901765,-6.77704312,9.94761548,-1.31946734,-0.64662240,0.37080645
23.07031250,-9.43375273,4.79741405,1.71680811,-5.47770365,7.61272917,-3.07212934,9.86371694,3.15531764
23.07421875,-8.98206048,5.12115559,1.04798286,-2.80983830,7.60276919,-0.99951135,8.52523661,2.56927890
23.07812500,-9.98044303,-6.88984303,2.72886735,-3.17720492,-0.34192650,-6.52805320,8.13772216,8.90174804
23.08203125,-9.64718759,-6.42415666,4.89078161,0.89448137,0.84890086,-9.52851715,2.97130162,11.03483234
23.08593750,-8.93050112,-9.77078796,0.97503041,4.36347381,-3.04190992,-11.68258337,-8.21559508,7.37391585
23.08984375,-9.31718939,-4.05376686,-2.60263082,7.51102388,-3.93406432,-10.98547387,-9.21075851,7.77234361
23.09375000,-3.05508519,-5.62683171,-3.52744186,5.49603620,-10.13153340,-13.85594466,-11.39933135,5.39806739
23.09765625,1.66319675,-4.95527152,-7.61650026,11.02106501,-8.82625351,-10.07547837,-7.38644173,5.17255722
23.10156250,-0.80298335,1.46285847,-7.61799864,10.75342874,-8.25336554,-9.34673285,2.14543992,-6.06229612
23.10546875,1.71009327,3.97704304,-5.48191169,7.12713950,-6.44332173,-6.78319427,8.89331545,-2.74970083
23.10937500,2.79971655,10.42283311,-7.72952318,13.85601306,-2.83634404,-7.91862727,12.39320885,-8.15898017
23.11328125,9.98091771,7.68107155,-9.21435405,6.88086046,0.55010241,-3.39563591,5.17526011,-7.50867593
23.11718750,9.88784891,7.56113081,-8.19944418,7.79396492,6.01434735,-5.08781249,-1.33668659,-11.82399181
23.12109375,8.95860692,4.52324913,-7.23851487,1.23313465,9.59770788,-1.99608425,-9.05760970,-7.60820714
23.12500000,7.02721799,-2.22887116,-8.07519254,-0.65806334,10.35694886,1.18905447,-8.00040257,-5.23095023
23.12890625,10.40928138,-4.88771809,-12.12914594,-1.22743237,7.50001645,0.54129729,-9.00718024,-2.65889870
23.13281250,5.26307138,-7.81168449,-9.90463189,-5.23567408,4.70872662,1.28236722,-0.01778567,1.19555480
23.13671875,6.72868193,-8.41666766,-10.93672394,-7.67714795,2.99402745,5.65512994,3.89522242,1.73483954
23.14062500,7.04550286,-12.43832027,-14.51901408,-9.38029434,-4.23956752,7.59225935,7.92267986,10.39221170
23.14453125,0.72035437,-8.49559253,-8.71567023,-8.02435088,-7.78437202,9.39693626,6.16823309,7.58003552
23.14843750,0.96462137,4.01510702,-7.99155447,-11.30776642,-6.85061241,7.22517731,4.72382051,14.73263806
23.15234375,-0.68170930,5.75766523,-6.13148465,-9.71442376,-10.73373432,8.66727387,-4.64894642,8.31964851
23.15625000,-3.01587952,5.31418748,-7.92849919,-3.41902533,-9.80384288,9.90972345,-6.83091255,7.86834950
23.16015625,-6.23008022,10.73568338,-1.79755324,-4.88043540,-5.73750630,7.91135990,-9.35957308,9.62686503
23.16406250,-9.91644986,9.50823522,-0.71287577,-0.94191079,-4.64555994,10.28652168,-4.58576928,1.29473504
23.16796875,-7.32653152,8.04314416,0.66705858,3.43645264,0.85573491,6.16367162,3.67283648,3.05833440
23.17187500,-7.83699790,6.59487137,-0.55470101,4.05095096,3.84992392,7.74395412,8.14498858,-4.80771274
23.17578125,-7.35199345,-2.35448589,6.56971132,6.89440100,5.49772199,5.52363129,7.89135605,-9.41611214
23.17968750,-5.99590853,-1.48963892,4.39246284,10.03569998,9.00346135,4.95470302,5.34538608,-5.76236458
23.18359375,-5.63383311,-6.84330639,5.08606205,7.66173091,9.01939190,4.45016984,4.55371138,-9.19020940
23.18750000,-9.98277415,-7.81681798,8.11241300,10.38093220,7.66544265,2.26077984,-6.78271000,-8.72215715
23.19140625,-1.77512916,-8.22190729,9.01946685,10.96297236,2.57905944,-0.92207480,-8.50906874,-5.79496692
23.19531250,-6.07543768,-5.91051829,9.92870140,8.51499207,-1.65310324,-4.17965543,-10.20485106,-4.08945191
23.19921875,0.43915875,0.24899800,12.84615354,10.56996517,-4.59924926,-6.33355108,1.88457000,-2.17049777
23.20312500,1.30497262,5.56093995,8.58648169,8.42636223,-7.46022842,-2.18603816,8.22871066,-1.80602566
23.20703125,5.29134192,8.82422712,10.26861119,4.47658044,-8.01983166,-6.39031871,12.46728113,7.80441196
23.21093750,8.93028132,10.36422344,7.77950639,-0.06787704,-8.67647754,-5.07130112,11.30895406,12.72892541
23.21484375,11.50080754,13.85639455,8.58175901,-3.04589832,-6.93662966,-10.28770585,1.28691673,13.04830775
23.21875000,9.94956459,5.56135198,7.25174968,-2.85141226,-5.99831614,-7.79270969,0.04484390,12.55665163
23.22265625,14.69688170,3.23432810,8.61227298,-5.88764186,0.14958689,-4.86928285,-6.83205799,6.35066147
23.22656250,12.60549238,1.06913653,7.24287553,-6.74541961,0.82545089,-8.70200385,-10.27006659,8.82005999
23.23046875,8.13728720,-4.62990244,6.64866693,-5.87570624,7.53731848,-4.30081345,-3.27280166,6.15577514
23.23437500,7.78038662,-11.42676826,2.06305301,-8.56348777,8.32434863,-4.02950550,4.84440274,-0.22894265
23.23828125,5.90237321,-7.71145045,-2.03290497,-3.60861863,11.47558443,-4.36411649,8.27847419,-4.19693910
23.24218750,4.31437657,-8.75016066,2.97788761,-1.44874606,7.94318001,1.95259968,12.09574662,-4.57645271
23.24609375,3.07368838,-7.58434673,0.43947511,1.10114294,4.19417790,2.85885092,12.41247512,-12.68859868
23.25000000,1.42903675,-3.53334834,-1.50795369,-1.33833923,2.82061880,2.80354145,1.17418317,-10.76894847
23.25390625,-3.79309683,1.60105193,-6.67974081,4.74673422,-6.56884455,2.23554038,-3.97188353,-10.16447258
23.25781250,-4.21548746,13.18534269,-4.63303435,7.58088448,-6.47799831,8.75372568,-6.81874686,-7.70276614
23.26171875,-7.49310290,9.68778390,-6.24316654,9.27632293,-8.86391410,8.52766454,-6.60834551,-5.77159449
23.26562500,-4.53614375,9.30462525,-5.83315782,6.13302706,-7.52089494,10.47319594,-1.62052598,-2.56749689
23.26953125,-5.08239466,8.63554820,-8.41032739,10.64422702,-6.15243325,8.26947481,6.58407977,-1.70521333
23.27343750,-12.40534495,-0.39181254,-11.28486354,8.90552323,-6.02554428,8.57967103,8.57319895,4.11009794
23.27734375,-10.89413450,-6.25756789,-8.43608260,7.95752753,0.67776576,17.94125709,7.53309783,3.55680481
23.28125000,-9.64938410,-10.92355445,-9.21176527,0.74250907,3.65905470,7.78638855,1.26058380,7.35237483
23.28515625,-5.80184247,-10.68364889,-13.01811270,4.22531850,11.96394215,9.75798797,-4.56021513,6.21935804
23.28906250,-5.55119637,-11.92163374,-11.10832072,1.40001298,10.39053065,7.41134439,-11.48550975,5.62268000
23.29296875,-2.84361570,-9.36618406,-2.75202769,-6.11408480,14.35142590,9.93854907,-8.80845296,6.10155380
23.29687500,-0.25393806,-3.67366121,-10.18098226,-4.03078073,9.81272734,8.01897353,-5.48624296,2.14216803
23.30078125,-3.96042167,-3.16993267,-9.90867112,-8.10585534,9.91563444,6.21610143,2.27309290,-4.18755988
23.30468750,-0.24596143,5.72841039,-3.29033407,-10.63359455,2.20249955,3.53467140,7.11483220,-5.04620202
23.30859375,2.40239574,5.39621860,-4.18875301,-11.62942448,-0.89664151,0.73829145,8.60357359,-8.43966541
23.31250000,6.56925675,10.66643764,-8.67544254,-9.92161898,-8.86838098,-0.03506430,5.80392400,-8.01357396
23.31640625,4.42799477,8.65151437,-4.46462033,-9.49665709,-4.93355984,-3.83584265,-1.17372902,-8.75298866
23.32031250,6.87741563,6.08986318,-3.98000148,-8.96940928,-10.67717925,-7.46317305,-11.04172153,-8.07544384
23.32421875,7.67496244,-2.65845821,-2.82890696,-5.96614045,-9.78552404,-10.64637681,-8.55021491,-9.40102040
23.32812500,4.61368699,-3.36483964,-1.93320136,-6.51411116,-3.32235702,-3.96248690,-7.82710227,-5.51277608
23.33203125,9.69312626,-9.42907833,-2.53784807,-3.82951920,-3.40492621,-11.54891237,-4.74351867,-1.88725828
23.33593750,8.17567358,-10.85353692,-0.80105061,3.24578587,5.66407139,-8.28677253,4.79250318,2.10484823
23.33984375,2.68755785,-6.21473065,-0.65376672,4.42845675,6.19941248,-11.03867522,7.31009316,4.18973511
23.34375000,1.16191384,-6.67475927,1.58673143,8.27897152,9.68324357,-7.60700927,5.49372623,7.41485986
23.34765625,-1.77215691,-3.11905726,4.48275870,5.14141970,13.45060560,-11.83391309,6.04851447,12.26128487
23.35156250,-2.39583602,2.74324000,3.41858209,9.00310763,10.75022056,-9.83481497,-5.09714140,14.82776327
23.35546875,-5.85375479,2.86276201,11.73878103,8.47624530,6.17396411,-11.60026347,-8.99659580,6.79976194
23.35937500,-7.86896605,10.80893735,7.74520924,10.49770679,0.28510262,-4.83390964,-10.74393359,2.75987044
23.36328125,-6.32431608,10.98385973,9.61820497,6.66421030,-3.30718376,-7.05264158,-8.45339085,3.52406522
23.36718750,-7.32428165,7.01590702,5.88683200,0.97045827,-7.75467388,-3.34829699,1.20534364,-3.48308373
23.37109375,-9.52455488,6.12259737,8.26511050,1.66129310,-3.52854564,-2.34599534,8.37151724,-6.92842560
23.37500000,-9.36441227,-0.67510685,11.41765938,-1.99566529,-9.01144454,1.69877680,11.04402148,-5.18658034
23.37890625,-7.58117583,-5.08658206,9.83507084,-0.66252330,-11.54087408,2.45788933,6.44474238,-7.29081766
23.38281250,-7.41232295,-6.99225625,10.68641324,-7.27590355,-8.17776196,3.68540136,3.58135290,-11.05533955
23.38671875,-5.49861375,-7.88312215,11.69475450,-6.98738357,-1.61987185,7.09696152,-8.62247613,-9.08046698
23.39062500,-7.59847365,-10.27286844,6.63156607,-10.31909565,5.23601855,4.96197154,-11.77938545,-6.97262660
23.39453125,-2.94468412,-5.50198647,7.23856138,-11.55300763,5.44909953,8.68894117,-10.92902926,-7.25524505
23.39843750,0.83358413,-3.25819695,7.18222942,-8.53537353,7.58026445,7.31164833,0.70319489,-4.42485133
23.40234375,1.20179487,1.45028742,8.46740350,-7.15669314,10.73530872,8.39390636,6.57449062,4.44373891
23.40625000,-0.76892746,5.41018724,-2.12032140,-6.11060135,8.55594100,10.24013407,7.68010556,9.02463162
23.41015625,2.16571366,7.30626093,1.22956918,-6.53458808,8.95056506,9.58907927,10.83188503,7.12749531
23.41406250,9.35244919,7.33667014,1.88613960,-1.52362457,-0.58004179,10.48429002,5.38720013,10.04346358
23.41796875,8.55061189,7.48256118,-2.42465892,-1.92812959,0.19158316,10.86022620,-2.47093147,13.11646358
23.42187500,10.27733578,5.39085991,-1.37763051,7.23614541,-4.96912027,9.03156768,-8.52300911,7.82644717
23.42578125,12.56521936,-3.74450371,-3.62138176,2.25768656,-10.15145628,5.78000167,-9.91187883,3.37881717
23.42968750,11.84390152,-5.68357011,-4.02997026,8.85215738,-8.34882951,4.96808793,-5.28820160,1.90494507
23.43359375,9.24280902,-9.76849509,-5.42069503,12.46796163,-8.82895817,3.34371258,2.85052141,-5.21495022
23.43750000,6.18683817,-8.43430561,-7.74618837,11.86581591,-5.94726168,3.64269500,9.08267461,-9.58521775
23.44140625,9.00174351,-10.52863372,-8.73904941,9.90757677,-5.35099949,-3.54133121,11.41121093,-6.44162633
23.44531250,-0.09018918,-2.83562746,-8.20341520,4.11292601,2.67022841,-3.12011055,1.87195533,-16.71980459
23.44921875,-1.29872233,-1.87870985,-6.99653326,7.08809337,4.66771008,-6.57071285,1.88004189,-13.63194978
23.45312500,-1.43259844,2.01309715,-11.21776652,4.34907117,8.08120820,-6.22138176,-8.85600002,-13.28500269
23.45703125,-7.61931214,6.46088276,-11.61186281,1.26965364,10.84859340,-7.91560404,-10.25037720,-7.03054321
23.46093750,-9.89944458,5.41664920,-8.32964476,-7.78119909,11.35463203,-5.47234822,-6.31014803,-5.76106238
23.46484375,-7.43219438,7.64007755,-7.08440089,-7.48488510,7.54728691,-5.83554892,-2.96503476,-4.00832755
23.46875000,-13.15220426,5.79294777,-12.47949208,-8.88947565,3.53220765,-10.50274007,1.01967338,-0.22989097
23.47265625,-11.14782057,1.69760198,-8.41766389,-10.66511255,-0.74871358,-10.43335934,5.13473039,4.11224222
23.47656250,-10.63607864,3.50550086,-4.62730005,-12.92140371,0.05147655,-9.79033056,4.41082626,9.02897184
23.48046875,-13.22756473,-6.12225987,-4.31779558,-11.31539679,-3.92772214,-10.28634797,4.01462794,8.87128663
23.48437500,-9.41147322,-8.42880305,-3.26643197,-8.94701502,-3.71592292,-5.47533218,-5.37536223,9.23545115
23.48828125,-9.52391590,-10.00793749,-6.37855371,-11.48075295,-5.17927815,-7.04209656,-7.04070823,6.36693983
23.49218750,-7.84715936,-6.37585346,-2.47374762,-8.65445616,-9.71068015,-3.71588343,-13.04008697,5.11167981
23.49609375,-5.14028526,-3.78663911,1.30047943,-1.91906775,-4.04056261,-2.58233488,-11.16862223,3.42958625
23.50000000,-3.59239626,1.36911102,6.16842978,-1.52369049,-2.83868184,-1.25383869,0.88200438,2.23537683
23.50390625,-1.08093216,10.39607816,4.83441064,-0.02537545,6.44590954,-1.48415044,5.14276203,-1.88890240
23.50781250,4.60434917,7.93056931,3.25334054,6.08827602,10.39795554,-4.30374887,11.46950975,-4.23015545
23.51171875,6.10765497,12.57250732,6.71966393,7.68035120,7.03926310,3.83943751,10.88287477,-12.27263904
23.51562500,7.92498294,13.17469354,3.91825359,8.32537843,8.74158264,3.29194679,2.48172588,-9.26620985
23.51953125,7.78104076,6.17576915,6.27784746,11.34334702,4.22584894,9.20586564,-3.62759035,-6.93272154
23.52343750,10.28614174,7.51826470,7.60430477,11.16414912,4.18288750,8.53277361,-11.61546728,-5.79279081
23.52734375,11.18091531,0.44377254,5.89003047,11.93560487,-4.50564998,3.98773159,-8.18454529,-6.77461333
23.53125000,6.99986193,-4.33261440,9.19182777,6.84285078,-6.60822649,9.83512654,-2.07382334,-0.52166346
23.53515625,8.17044937,-9.45775555,7.96913487,5.88437005,-11.57071975,12.02834859,6.37224779,2.35185921
23.53906250,7.45192433,-11.32869755,10.21808489,4.45850599,-8.78746826,12.45749157,9.23584090,7.77068482
23.54296875,5.29478876,-3.67522492,12.26822535,0.78316971,-8.63104645,6.74142012,9.84063940,9.16561423
23.54687500,1.67474919,-2.24941333,14.03122627,-4.79981444,-11.12006422,4.87141316,9.11034920,9.51866791
23.55078125,2.17987993,0.31736186,12.06946544,-5.36129109,-8.09096520,5.53895748,0.73878989,11.71914422
23.55468750,-1.77491732,4.32040301,6.45726556,-5.41467415,-2.95698482,3.26977485,-4.03201673,12.18963239
23.55859375,-1.71334299,9.15370300,8.96587438,-5.27027106,-4.40528594,6.96767137,-6.66610363,9.77459866
23.56250000,-4.67759137,15.93472353,8.15931163,-9.60988278,6.70524864,4.29620761,-3.89831581,3.96873651
23.56640625,-3.02043056,8.60163968,7.16368039,-6.40904178,6.66922152,-2.02506428,0.76137731,3.14142205
23.57031250,-11.52034297,5.74527346,2.77114597,-4.25993128,6.72115604,-2.91624243,6.72733427,-3.25454517
23.57421875,-6.41388064,1.04893841,1.76960322,-5.13509457,9.64284334,-6.95598267,11.50770123,-3.76591086
23.57812500,-4.17459738,-3.98365371,2.50196706,-3.57821022,4.84572404,-10.89660004,8.73715868,-7.49489189
23.58203125,-10.62311119,-6.79598311,3.54280304,0.66381918,-0.86803872,-6.80391175,3.81405913,-12.37700373
23.58593750,-7.43398707,-14.34324520,-3.56667777,2.86370964,-2.90338664,-12.46387199,-1.45338129,-7.58566573
23.58984375,-4.87779269,-8.58268024,-4.00525617,8.68191928,-8.22804782,-11.47130194,-5.26439739,-4.07769896
23.59375000,-5.83388103,-4.13356424,-4.24457153,5.83635592,-7.11101655,-8.22274685,-11.72121472,-8.16340604
23.59765625,0.11795887,-6.06257354,-3.38369949,9.27995030,-6.30823003,-10.41163712,-4.02954930,-2.10848919
23.60156250,-0.22058447,3.26144671,-1.24083164,6.43015735,-8.01457329,-6.05204572,2.35065488,3.59501978
23.60546875,1.56725866,7.69384401,-5.98971673,12.58951982,-5.57317750,-5.51985334,7.81815291,8.40147000
23.60937500,8.46790091,8.18411014,-9.36837079,12.13064365,-6.83404016,-10.02314817,12.68603164,8.82317102
23.61328125,9.31380041,13.72819683,-8.63241855,7.74949550,2.30611012,-6.57353413,5.84947272,8.46627811
23.61718750,13.33054969,10.58701547,-10.99662953,5.27060638,10.30598253,-3.41542460,-2.98289585,13.38863698
23.62109375,9.74622679,4.31636002,-10.82962967,3.59935270,10.66714084,-1.67795621,-9.06750866,5.76017647
23.62500000,6.77240269,-1.06567893,-4.92715538,0.06080633,8.86941106,1.76076930,-8.32250790,12.62321877
23.62890625,12.27600346,-5.70264718,-10.60582578,-2.94007967,8.64702876,1.44576211,-6.92306713,0.83199551
23.63281250,9.25191315,-7.40828848,-8.47316115,-1.92933962,6.53030888,3.55428245,1.75846027,1.59087284
23.63671875,9.26498739,-11.74692628,-6.67364116,-6.61932174,3.58754131,-0.06340554,7.20199109,-3.05155380
23.64062500,4.39253755,-6.89827348,-10.72218316,-6.38004202,-2.18732514,5.02946107,10.87491072,-7.68441684
23.64453125,1.11962777,-3.76962349,-5.98120431,-8.68952035,-3.55226416,9.00136627,6.34021608,-6.52046904
23.64843750,0.55709738,-0.01964752,-7.47119383,-12.48767291,-7.51593597,10.80322857,3.63979695,-9.38194042
23.65234375,-1.46757606,3.38452824,-5.60381314,-8.20860299,-11.24675341,8.82539739,-5.13966334,-11.42133418
23.65625000,-1.33912046,5.26427635,-3.49105155,-3.73862753,-10.17264453,11.64728485,-8.39753863,-4.09477834
23.66015625,-5.76117780,8.03603708,-0.44139818,-6.22928385,-6.29939639,7.66115779,-10.74887613,-2.95189387
23.66406250,-4.94362583,14.54507265,-2.27572584,-2.09363955,-2.62933818,10.84374257,-7.80537113,-2.02030236
23.66796875,-7.89523463,7.08272488,-1.50182663,1.37326478,3.47569604,4.77411081,0.93512997,1.15075875
23.67187500,-10.13424576,0.97031357,1.91170963,3.37685159,7.17592256,8.63571955,9.50764567,3.08785617
23.67578125,-7.82627400,-2.43537079,2.75950352,9.57919469,9.29872922,8.59528806,4.55872558,8.93551116
23.67968750,-6.19274621,-6.09689144,3.84878845,7.14110207,11.84064095,2.03505396,7.82614269,12.27789126
23.68359375,-8.02056265,-7.99502127,6.77150209,6.63573827,8.07661059,1.87559530,-0.92045463,10.27074265
23.68750000,-3.35528415,-9.32982819,7.70469251,9.89477295,6.11310906,1.08909436,-6.53798444,12.15486884
23.69140625,-4.71162590,-7.74964290,7.56163631,7.81023817,2.18940594,-4.21317259,-13.73306207,8.21791604
23.69531250,0.27911121,-3.35692801,9.07301057,11.58702447,-3.03983729,-3.51874003,-6.60156788,6.30218795
23.69921875,1.42423689,3.08070882,7.75849584,10.83513163,-9.70274682,-8.94032269,0.93913159,-0.39460460
23.70312500,-0.58421779,5.14591718,8.64504210,1.22070406,-9.94531822,-7.56031242,8.97663944,-1.93211499
23.70703125,3.72049461,11.64596536,8.59789540,2.54083951,-11.90487877,-7.81055113,13.06449377,1.22903963
23.71093750,7.94185137,10.91835037,9.50158510,-1.63957491,-14.38075528,-5.00518785,12.11042781,-4.90087539
23.71484375,7.93041516,14.14733757,7.44646153,-3.54591611,-6.68081119,-8.77343916,8.80617699,-2.84294132
23.71875000,13.05998566,9.88015218,8.64101576,-5.84395962,-8.19392485,-7.30824405,2.64542386,-9.13078763
23.72265625,14.13289618,6.98084809,7.63308198,-6.17421071,-1.72219093,-7.44093279,-11.55847974,-9.14281389
23.72656250,12.29505983,-0.74144361,4.67319855,-4.05418145,1.51620904,-8.03924085,-8.11927973,-0.69588366
23.73046875,11.05228873,-1.55985964,1.54750118,-7.99992332,7.09501905,-6.55966340,-0.77177643,-4.21551707
23.73437500,10.15365382,-8.31124984,6.22419993,-9.74985974,6.23563846,-10.71589797,6.48189891,-2.81576493
23.73828125,8.50368519,-9.38575546,6.43847319,-3.60300140,7.33304769,-3.73988740,10.17520823,3.02168108
23.74218750,5.67030240,-6.26291931,2.03071316,-3.79292623,5.48984554,-0.40760984,13.96464754,10.11897492
23.74609375,4.14587129,-1.25759637,-1.16790925,-2.94002608,4.45652773,-0.89260083,10.64030203,4.23943727
23.75000000,0.16545560,0.36035569,-2.50083379,-1.12159250,1.20104559,1.51744343,0.43666605,11.26615733
23.75390625,-1.60945468,4.42767103,-4.02698052,4.29099377,-3.49903153,4.32521261,-3.99539718,6.87572885
23.75781250,3.63724387,10.24276599,-6.38529995,4.23303583,-7.48123788,5.60452309,-6.89706262,4.88226039
23.76171875,-2.71348486,4.17964900,-10.27435989,7.24130510,-6.62141573,11.65559172,-5.41899942,0.90063084
23.76562500,-8.08161029,7.12293548,-7.78286606,10.16490687,-8.61849849,8.79902875,-2.82089517,2.88564439
23.76953125,-5.01081636,3.33695799,-11.62929422,10.82368337,-8.55920464,12.54408238,4.22095729,-3.94260763
23.77343750,-9.62516844,-1.51919126,-8.57259385,11.44038595,-5.65209523,11.29386207,8.80418017,-6.17609659
23.77734375,-5.11775204,-4.11933299,-9.54081874,9.21244724,1.21212823,11.11750072,7.55255706,-13.17944135
23.78125000,-6.89245844,-9.18140135,-6.88355618,8.22734882,7.62675202,11.20385542,3.64799975,-13.96827076
23.78515625,-9.39022645,-10.57481189,-5.74550644,3.67390482,8.84949163,12.13988098,-3.75657375,-15.32187656
23.78906250,-8.14901597,-8.21080315,-11.79927161,-1.90485435,10.60400244,6.73019973,-9.36278798,-11.77248147
23.79296875,-4.78937626,-9.63115764,-13.60823150,-2.46314386,11.08508234,7.65388408,-16.06860682,-7.19400796
23.79687500,-3.26258642,-4.08811809,-8.78059616,-6.02759266,7.02163316,8.33100886,-6.98752514,-2.05989634
23.80078125,0.99034000,0.85384946,-10.49081791,-9.08891372,8.13287431,8.97619492,-1.87738182,-2.16294964
23.80468750,1.75173214,4.70338625,-9.07467972,-8.57693205,-2.26575772,1.31526141,4.44642975,3.24814222
23.80859375,4.43992214,6.29785493,-10.72369035,-12.43278031,-1.99747379,-0.22520786,6.33349098,8.53205148
23.81250000,5.46016899,8.01245487,-7.16168006,-7.06038456,-2.83918243,0.71696751,6.69239261,8.15820533
23.81640625,7.17051591,9.38537420,-5.69341858,-8.47908404,-6.13540524,-1.25336529,1.25558125,10.51568671
23.82031250,5.50409742,3.09439746,-1.52642096,-8.63830432,-11.40380388,-7.26533633,-5.84186657,9.39038112
23.82421875,5.63381361,0.83021881,-1.75690628,-2.72036638,-9.71794405,-3.90019031,-11.32709165,8.55899786
23.82812500,3.11299930,-1.88620002,-2.80378565,-2.14600460,-3.73672901,-4.35242370,-9.65441376,3.91570669
23.83203125,5.05540556,-4.61034063,-1.06254994,-2.96291247,-2.40212092,-8.91985802,-6.57921299,1.53632430
23.83593750,5.34516692,-10.54358803,-1.65526343,-0.29244299,5.65205591,-10.63560340,0.46844224,-2.03926155
23.83984375,7.64626302,-10.55461452,2.87212799,7.58533049,9.33292056,-7.17692313,11.34497347,-5.88625648
23.84375000,1.67383422,-3.47090093,5.23691446,7.48228376,9.86548350,-10.44645999,11.55202420,-9.65780446
23.84765625,1.37720825,-3.56978280,4.81266428,7.86615909,9.78308541,-11.51110524,4.47119764,-8.82985323
23.85156250,-3.18035904,-1.03241329,6.79835175,8.54006736,7.50567025,-10.08765353,-5.27429950,-10.11162129
23.85546875,-4.40195107,6.66829516,5.31490005,8.51367826,2.36351372,-7.89778126,-11.73790982,-8.94498259
23.85937500,-5.97265060,7.58974148,8.74094662,9.72581173,-2.95621679,-4.67332530,-9.20372134,-5.91110403
23.86328125,-5.43880164,11.29350055,11.96559533,8.92106950,0.73374204,-2.32482938,-2.33559015,0.59263181
23.86718750,-5.97746100,7.92227104,8.54891268,7.30693380,-6.45723766,-3.98715807,1.39878109,1.31020000
23.87109375,-6.72618285,2.91565633,10.81381541,-0.17546352,-8.86932346,-1.72790777,9.25733972,2.11514425
23.87500000,-12.88617072,1.69437042,8.94849819,0.15028871,-6.27617871,-1.20902988,13.68258451,11.57900979
23.87890625,-10.51647813,-4.98305538,8.26546359,-1.29942074,-8.96914203,5.18684565,6.78102606,6.06075471
23.88281250,-9.42430682,-7.99450268,10.36940619,-6.59955570,-5.40862292,-0.01918243,1.35585103,9.54002578
23.88671875,-8.42233252,-12.09478633,8.26649273,-4.06324258,-0.33236646,3.42405226,-2.90030871,10.55275230
23.89062500,-4.63895266,-8.66299825,10.24581643,-9.59096187,-1.25655749,4.29688536,-12.33281452,5.61150715
23.89453125,-5.39399264,-8.04059388,7.75294178,-4.25248361,6.56620967,10.07867907,-8.42464223,4.23776121
23.89843750,-3.09273338,-2.95064348,4.15262051,-7.08060534,9.58869460,8.12621263,-2.43149386,4.88188423
23.90234375,1.09492216,3.57619224,4.19085025,-8.15030170,10.23507195,7.89341254,5.01001382,-5.24580625
23.90625000,-0.29007883,5.13684725,4.95852370,-6.26811901,9.59532894,8.47924682,11.14398742,-6.99045788
23.91015625,8.12133954,6.99907468,4.86405573,-2.93511832,6.34947210,11.92331171,11.01547485,-7.58498835
23.91406250,8.60358873,7.62550140,0.97769629,-2.36853549,3.73500663,8.10812989,3.44908897,-7.09769163
23.91796875,11.14730077,9.25544082,-1.40006486,1.60873185,-3.57175035,8.14292761,-2.11530450,-9.92692029
23.92187500,10.08114092,6.21077270,-1.19887399,5.25776885,-3.07165098,7.40045538,-4.37364974,-7.76962878
23.92578125,8.77811515,-6.31047279,-2.82458174,5.37142638,-8.97972140,1.82937433,-9.34755983,-5.57845940
23.92968750,10.20439940,-4.99951002,-8.77622044,7.73606098,-6.48363484,5.86047165,-4.11252537,-3.92709910
23.93359375,5.30513668,-8.52840534,-6.90692244,3.86570327,-8.75774208,2.20657298,-1.28047170,2.02788667
23.93750000,2.76434339,-10.91256603,-11.43657351,10.55165587,-4.25532749,-0.07279963,5.35192139,3.70374808
23.94140625,2.63997430,-8.49914017,-5.55479875,8.62467220,0.93884521,-4.62586598,8.87501645,4.81897354
23.94531250,2.58867281,-7.28075210,-8.89802595,6.29683482,3.11162295,-0.35857346,5.40690560,5.14391555
23.94921875,-1.51064571,-1.18857260,-11.64618243,6.60203846,4.45296744,-8.43383469,2.84666256,7.27394130
23.95312500,-2.47221567,5.95633921,-10.29147116,3.62088936,9.35255350,-9.87636934,-8.55233490,10.55288020
23.95703125,-3.63048438,2.65910783,-12.83300210,-2.26336373,12.25009175,-8.58360790,-10.82215220,4.71958587
23.96093750,-10.63000467,10.11401567,-7.58618701,-2.21055663,13.90351832,-14.00673838,-10.34695401,2.80734149
23.96484375,-7.19348412,7.53123831,-9.71459966,-6.19256210,11.42637514,-9.54449095,-3.52023258,-0.54106956
23.96875000,-5.79890598,5.49574475,-10.82866377,-8.22413144,5.64334957,-9.24501142,5.92242802,-3.69380490
23.97265625,-13.12983600,2.63865511,-6.53875414,-9.56088045,-2.01448171,-12.34874807,8.59732250,-8.65461160
23.97656250,-10.49735009,-5.03287125,-5.96474853,-12.44470972,-3.39956741,-6.92177749,9.55260453,-7.48217801
23.98046875,-13.11241679,-6.01432558,0.16786197,-13.14782519,-4.07137012,-8.15833816,1.51109435,-10.95492621
23.98437500,-12.43395777,-10.04660290,-2.75066391,-12.22194829,-9.49014607,-12.40440645,-2.28715397,-13.31148385
23.98828125,-10.87660335,-10.19216436,-2.76190944,-8.20102188,-6.66665317,-5.67778406,-10.66339879,-10.54647153
23.99218750,-9.98437434,-8.97566004,-2.16059691,-7.74674876,-8.20198787,-6.61448716,-11.49417537,-6.30307031
23.99609375,-5.01208555,-4.11764397,5.51651458,-5.42549324,-5.66521996,-3.54282480,-7.14327432,-1.83370239
24.00000000,-2.20814919,-1.73138894,1.66813387,-2.76772412,-1.94736804,-1.39604424,1.00776310,2.15239447
24.00390625,-3.15292789,6.46651520,6.31475636,3.83371264,3.73903196,2.17179033,3.29113670,5.65292465
24.00781250,1.01153797,3.52467573,5.59561702,9.05970891,6.53861026,2.22370124,3.50455843,8.58498420
24.01171875,4.87771507,11.28159798,5.20594769,4.40173009,8.13370165,1.39914259,6.66126252,10.17299180
24.01562500,8.07842763,8.11885444,6.43980190,8.89760531,5.93363145,11.05915841,-0.74161137,12.80779560
24.01953125,6.66357024,8.01853954,7.57911544,10.07684866,6.35851458,7.10416175,-0.84062984,7.15335020
24.02343750,6.43867513,5.29749794,7.53255660,8.52650279,3.04107690,7.44036389,-11.01602507,11.25812543
24.02734375,8.59652929,1.80784142,14.52504102,8.38748298,-0.45683880,11.71418466,-3.41051066,6.44441767
24.03125000,10.10777402,-4.39838282,5.50139594,8.29692961,-3.78446170,9.34476614,-6.35272576,3.33293858
24.03515625,11.07600930,-6.13864423,11.19347876,5.95533600,-3.78930964,10.82755805,8.70588526,2.24991370
24.03906250,5.58024488,-11.94437918,9.27906303,4.48631014,-12.31251749,5.06178247,9.06276016,-5.65465560
24.04296875,1.29710074,-5.58705837,9.22347602,2.44874271,-15.34690537,10.06018149,12.83614373,-8.28588615
24.04687500,3.12876201,1.39061255,10.67772448,-1.67699940,-5.91468802,7.60746982,5.56978203,-7.20951153
24.05078125,1.13813715,5.40290330,12.31476009,-5.82547108,-4.41225086,4.80696629,3.04690395,-6.60368289
24.05468750,-2.55060586,6.22440645,7.75131063,-7.75978164,-2.91941072,3.57458969,-6.66950346,-7.72212229
24.05859375,-2.83260609,9.51084977,5.09437692,-6.87475953,1.36205046,4.75057985,-4.73029482,-6.38756907
24.06250000,-3.83033185,13.53817067,6.83329933,-7.97436582,6.64704386,-5.18982675,-5.96200323,-5.63599720
24.06640625,-6.95611330,10.64437021,6.77182905,-8.94017481,9.61712490,-4.60270258,-0.20864872,-2.25934657
24.07031250,-7.27288836,4.50594986,3.69459946,-13.33444458,4.19466152,-3.47472639,10.55712351,4.01419150
24.07421875,-11.61288452,2.09635985,3.40496436,-3.91816614,10.71735050,-6.71478349,10.38833503,6.20940259
24.07812500,-6.98845920,-1.91351075,3.59048550,-3.75224602,2.02380258,-7.48522092,6.44398670,5.02057900
24.08203125,-7.77888754,-10.87441620,-0.33480872,-1.97060269,4.38763503,-10.43553238,2.00050251,11.82825806
24.08593750,-8.03801284,-3.67562354,-2.82275194,1.78572050,0.05889644,-12.33118055,-8.19332645,8.22657241
24.08984375,-3.78888505,-11.11136303,-5.13466063,6.32860620,-3.19218370,-10.86626813,-7.45786214,10.02581901
24.09375000,1.93147778,-6.41434888,-2.56324373,6.91416016,-8.64305882,-8.30943642,-9.39123136,2.89926028
24.09765625,0.57800122,-3.73614552,-7.17074818,7.24214590,-12.72700028,-8.22504073,-0.20348758,-1.51417481
24.10156250,1.44519795,1.56128179,-7.54954696,6.49232824,-8.25939459,-6.18493306,4.48295051,-3.07651242
24.10546875,4.91031469,7.95126149,-7.24401563,11.82516329,-4.68237863,-4.99650124,7.23179444,-4.25303992
24.10937500,8.57301648,7.80074755,-9.38225861,8.71805111,-4.07423545,-5.18242990,5.91189425,-9.26847502
24.11328125,4.59246036,12.75010386,-6.36057467,8.82963448,0.49971427,-8.17575373,5.28011956,-8.80568602
24.11718750,13.54857828,8.97746608,-7.78852788,9.85107918,3.02962965,0.00605803,-0.55853589,-9.22287299
24.12109375,9.98542216,6.01218920,-8.48212631,3.54356717,9.90406854,1.66954426,-8.91570451,-10.01645746
24.12500000,10.29771334,-0.19018391,-9.08221106,1.53354764,9.72713967,1.41860522,-9.60940297,-7.73852354
24.12890625,10.50120137,-6.63576846,-7.04176710,-2.73417499,8.99682066,7.01203923,-6.54802334,-2.06058033
24.13281250,8.88963415,-9.36848346,-10.11511330,-5.72402900,1.71379835,3.03946781,1.23806376,-1.75850859
24.13671875,4.90247460,-10.64364003,-9.46783349,-4.60922011,5.19494986,7.31640720,-0.39758021,5.44454547
24.14062500,5.62625147,-10.18588908,-7.94944345,-9.81408208,-4.74919580,8.36387903,9.46795243,8.73605815
24.14453125,5.87469822,-6.05934030,-8.55630869,-8.87365569,-4.06911097,4.94313064,7.36019394,10.26536383
24.14843750,0.48421663,1.79687861,-5.65718767,-9.43105598,-11.30187088,8.17267303,-0.00032358,11.17040134
24.15234375,1.31607931,4.66533122,-8.05905220,-7.33669525,-13.02532686,11.93402076,-7.80459962,13.25021891
24.15625000,-3.95105601,9.66655993,-2.42315685,-5.98812670,-11.94378688,9.87211931,-7.23866510,9.86971828
24.16015625,-1.99455437,12.65889800,-2.72386290,-5.22837469,-6.37669194,9.00367485,-9.29296333,4.61915180
24.16406250,-9.39766835,15.41409951,-1.80185050,-2.80774429,-1.04602080,8.32525921,-6.34840621,4.15846037
24.16796875,-10.68148466,8.33410016,2.69666178,2.63396175,-2.11541580,9.32829470,1.90282808,4.61174251
24.17187500,-7.94120572,5.19678841,3.46148645,4.63811335,7.92216738,9.65717064,8.91695050,-9.21554893
24.17578125,-6.32317588,-1.74016317,6.46730992,5.54446227,6.82645231,5.16640504,13.26206852,-7.05841251
24.17968750,-8.85205026,-8.27569852,5.56480069,8.12959067,9.05309215,4.84232393,3.66546130,-6.57992808
24.18359375,-9.57490490,-8.59374582,9.53244198,8.01355658,7.93637119,0.95492863,2.17478909,-10.07983546
24.18750000,-10.44768561,-8.47032240,5.97225223,11.22609606,9.13963568,-1.07169972,-10.74903303,-7.05665782
24.19140625,-8.03230286,-6.76464697,9.44094982,10.63150356,4.66960571,-5.28858739,-10.43314291,-5.40850061
24.19531250,0.06166037,-0.89029966,11.07289554,10.90787075,1.13725849,-5.43335548,-10.53915056,0.55545474
24.19921875,-1.49955966,1.52006087,12.42581944,7.50066018,-6.48609324,-5.85118887,-3.69595677,-2.82832112
24.20312500,3.02461298,5.80298335,11.07511687,7.75886282,-5.13364477,-4.16071493,7.96919850,-1.22838028
24.20703125,4.99956931,12.00411409,8.79218369,2.40384074,-9.47527999,-9.26894835,10.29565779,9.61615896
24.21093750,10.97670086,14.25718336,8.34399086,2.54175769,-12.99707444,-9.06216635,9.15208789,12.22667217
24.21484375,11.43708986,13.77599678,6.54407139,-4.64250318,-9.30260707,-9.12695755,5.91250141,10.59226005
24.21875000,10.92051236,8.78974949,5.65350382,-2.33880651,-4.66240352,-8.49675271,-0.54467668,8.80400923
24.22265625,10.66695404,5.18351258,7.41279150,-7.64255739,-1.59258571,-11.16185979,-7.37583258,9.22614769
24.22656250,11.82604507,-2.48053728,3.79820713,-8.53333145,1.19400741,-6.94293733,-2.94321060,10.99074106
24.23046875,12.13927870,-4.77532707,3.13773014,-5.85411190,6.11045399,-8.69665044,-1.44408426,-0.39502375
24.23437500,11.39473770,-10.55365931,2.43375128,-9.75615946,8.22360758,-5.45004736,2.78166384,-3.59820306
24.23828125,7.09908013,-9.55526643,0.68412428,-5.27901149,8.03046358,-1.86032715,10.52105678,-8.28373188
24.24218750,5.44101242,-10.90710407,1.22553456,-6.80373105,6.89276847,0.59204670,10.77415380,-8.82765634
24.24609375,4.82944729,-5.03077606,-1.38814068,-4.52470593,4.58161944,2.57300133,11.79227542,-10.42582487
24.25000000,0.20809217,1.24806379,-0.07652832,4.46172012,-1.75248780,0.07290989,0.67057725,-10.42682111
24.25390625,-2.27295332,2.56353378,-0.71689621,6.57791931,-2.09703799,2.84293862,-8.04062478,-9.44007522
24.25781250,-6.23371105,6.81374937,-2.70118438,10.31430844,-4.59065343,3.52827148,-7.79447058,-11.41437435
24.26171875,-6.44983888,12.77679768,-5.28124016,4.00900049,-6.02263186,7.99447790,-9.05447206,-8.00943432
24.26562500,-6.93543652,6.90581178,-6.52482553,10.16651575,-11.38001573,12.00359246,-2.36633867,-1.88238743
24.26953125,-8.02423037,7.91627853,-10.08974249,6.73260505,-5.00864204,8.51411160,4.33408544,-4.49377943
24.27343750,-7.08530108,2.95209975,-9.59519078,9.62227635,-5.49128560,10.57976959,8.23174534,2.06955535
24.27734375,-10.03868465,-5.95005666,-10.83810622,3.16536140,3.42998481,10.40098168,6.11517624,1.76105575
24.28125000,-11.67861117,-6.68898621,-14.20326590,8.37266917,4.88916448,10.26848981,3.25105105,5.88155126
24.28515625,-10.85558093,-14.00782996,-10.19653430,0.11300523,9.03990325,9.75553351,-4.11396362,10.97042362
24.28906250,-8.90340685,-10.03600619,-9.57919077,-0.67151133,10.64670454,8.87905145,-11.61919612,9.55992443
24.29296875,-4.11225194,-8.56327880,-12.25355358,-0.51302241,13.51135654,4.97437095,-5.95680483,2.15717436
24.29687500,-6.78793091,-2.42422272,-8.48754237,-4.61747261,10.04531860,8.17631147,-3.69263760,3.23613020
24.30078125,0.05561634,0.30701411,-8.91556834,-4.96056952,7.93704078,3.30453166,-4.47941661,-1.69902632
24.30468750,-1.25552663,3.93261863,-9.97574693,-6.08254973,4.27781979,5.86349140,6.29654772,-3.89695743
24.30859375,1.80201254,10.14342456,-6.69083545,-15.28460094,-5.11518685,2.06425807,8.75643594,-7.17283092
24.31250000,7.41739760,7.40879290,-3.07639772,-10.14333473,-6.21748696,4.51868217,3.77370474,-7.67410707
24.31640625,6.15269296,6.65881077,-8.45028570,-12.85530297,-5.16258882,-2.90036346,0.21120010,-11.68624198
24.32031250,7.09422210,0.15386902,-6.87171407,-11.43506131,-12.46170722,-6.97729337,-5.97627560,-13.46838070
24.32421875,11.71204740,-1.44072703,-2.07049148,-9.08380683,-5.07190139,-4.99912405,-7.32468531,-9.68716921
24.32812500,8.78490743,-8.52120295,-3.36312615,-8.30606286,-5.85513875,-7.77751534,-10.01879976,-2.70589570
24.33203125,5.45743716,-3.79398804,-1.11537909,-2.66114953,-1.94304943,-8.08363054,-4.29058331,-7.47822179
24.33593750,5.57342834,-10.35708688,1.34380226,3.97941955,2.80224123,-6.51213117,2.43135553,2.11147191
24.33984375,4.43922980,-11.49679954,4.29320581,5.29175431,6.37204246,-7.49512152,10.44159083,0.95551858
24.34375000,2.49994863,-6.26503087,2.80346039,8.07720129,10.00215900,-7.25888328,11.87029804,7.16679344
24.34765625,4.88317037,-1.83418038,7.39122595,6.60466945,7.27613494,-9.32400002,1.10340724,6.98147122
24.35156250,-4.20550396,1.17523200,7.65429203,6.68805560,8.26579004,-12.97341023,-5.98136716,8.98804174
24.35546875,-4.31220192,6.14755103,3.88749520,8.16965955,2.80486903,-9.24366480,-6.61337649,7.22890687
24.35937500,-6.25338076,5.65089387,9.28677431,9.53346188,3.52142382,-7.74356527,-7.30575176,2.82695666
24.36328125,-7.53869845,11.40681089,5.86043158,3.38500830,-4.90304525,-0.89952427,-5.25393696,6.09891233
24.36718750,-9.99865562,7.65219195,9.50268218,4.22582507,-3.45013232,-3.27791383,-2.33297228,-0.70494892
24.37109375,-11.43152474,2.68718450,8.31349797,3.43561903,-9.08564828,-1.04378052,5.78841003,-7.86670337
24.37500000,-7.83508229,2.03387751,12.53052081,0.44812893,-10.82399092,-1.74566649,10.77445565,-3.72654469
24.37890625,-10.25133639,-7.24626317,6.77345683,-2.25173652,-9.43120763,5.67079355,7.52714569,-13.17448219
24.38281250,-10.20231100,-9.31434373,8.70158944,-3.61182118,-7.73327915,5.82991335,1.22852905,-12.72839540
24.38671875,-6.24861405,-12.61279940,9.93202107,-5.44757523,-4.21825034,2.95326268,-2.96435520,-12.60156983
24.39062500,-3.74849576,-7.87060794,4.21155690,-8.54381504,4.15992608,7.78859073,-13.46356586,-10.11006244
24.39453125,-2.54265106,-6.84333206,5.68214548,-12.24720022,11.06566403,8.43862292,-11.61604286,-2.58836348
24.39843750,-2.05834299,0.41038853,9.91357074,-10.82173222,12.01323765,12.31129489,-4.25819252,-0.57833647
24.40234375,-3.23262097,-0.13077274,5.97087811,-8.96158668,10.10151829,7.16900207,4.60956621,1.99198212
24.40625000,2.84820050,6.38510834,0.00245250,-8.58999510,9.70880303,7.19196398,8.46687442,1.34002356
24.41015625,5.17098718,12.23187713,0.25214575,-6.88569552,8.54788673,7.46729087,10.86146485,6.87498696
24.41406250,6.82833938,11.65100927,-0.31800741,-2.72610698,2.63208419,9.77195339,4.75617624,10.21116567
24.41796875,8.04739915,8.51197729,-0.14581023,2.39551005,-3.89212390,13.55406962,-0.10475275,13.68140090
24.42187500,10.14369996,5.86682966,1.97337035,2.48829270,-2.52563456,9.04040948,-7.49085432,6.93848081
24.42578125,9.42676027,-1.43867716,-4.54905499,1.63666497,-9.57359585,4.11722599,-10.88318808,2.56239573
24.42968750,6.12312465,-6.09298106,-4.92945479,9.72159055,-5.76666697,5.66644905,-10.54761898,2.10618083
24.43359375,8.42667439,-7.72069442,-5.95843812,6.11733618,-4.90158114,8.00719139,-1.90994150,-2.81991580
24.43750000,3.49785134,-8.00442520,-7.45611168,12.83901030,-5.32238543,1.18522338,5.93344809,-1.28141927
24.44140625,1.59489808,-8.42217845,-4.45722636,11.64138396,-2.94123045,-0.29712932,8.28742823,-7.54305504
24.44531250,5.39116255,-8.14942624,-11.07912762,5.02721980,-0.77178239,-4.30152220,8.25529804,-11.71352241
24.44921875,-0.58679044,-5.00922631,-6.82901178,5.60508300,7.92183442,-4.99696173,1.74668002,-13.23972707
24.45312500,-3.45219657,-2.31129531,-11.65645979,0.94528526,7.89963182,-9.11629104,-6.10766428,-10.61185077
24.45703125,-5.69060751,8.28409991,-9.94718277,1.91412202,7.22553622,-6.67285991,-11.45610852,-9.90618079
24.46093750,-8.50140631,9.22715711,-9.00484954,0.33728543,9.26030170,-12.11987997,-11.94246827,-2.50442731
24.46484375,-11.21290047,9.15059353,-10.98199787,-6.90767530,6.67102762,-13.78628235,-7.75890742,-4.01497893
24.46875000,-12.45134179,4.94723731,-3.74693154,-7.75993246,6.82443645,-11.58952130,1.49471439,2.87247861
24.47265625,-9.77627818,0.72393247,-10.05518588,-10.22149682,-0.03839512,-9.65496977,7.54802098,6.35440200
24.47656250,-12.83555540,-3.48467328,-9.38969406,-11.63564222,-5.30266495,-6.65246598,9.94088570,5.42761276
24.48046875,-12.34955405,-9.25392950,-6.48738937,-14.57352800,-5.94567307,-10.88781226,6.13518820,10.73083873
24.48437500,-11.25219618,-10.13691468,-0.62583320,-16.68294985,-10.45331734,-6.12659669,-6.92634001,8.21725121
24.48828125,-8.04837092,-14.09258930,1.16381985,-10.71891722,-9.57472130,-9.25554735,-14.27653276,9.23987229
24.49218750,-9.31780156,-5.30132781,5.63360507,-4.99687186,-5.30871787,-7.01654140,-14.65353756,8.61743844
24.49609375,-3.44411138,-3.20833478,-1.65973537,-5.82829298,-4.07120444,-6.99726366,-5.95662916,4.44304589
24.50000000,-3.50604615,-2.10357049,0.15953796,0.66857626,-0.90083325,-3.41710323,-3.63357611,2.66585485
24.50390625,-2.00715434,8.17318215,4.14632867,5.51522354,0.58900015,-1.62297232,7.77327273,-3.62033351
24.50781250,-1.95141123,9.45420822,7.05441549,3.04326538,4.82489960,-1.27774659,11.07433919,-7.14476634
24.51171875,6.10246352,10.89761622,6.15748398,6.56105573,6.61579881,3.67085425,10.53851093,-8.09321206
24.51562500,7.34612987,9.59960165,10.78937220,10.45454994,10.82744549,9.58716442,-2.69184762,-5.43952145
24.51953125,9.60096235,5.37257794,7.33408297,9.48029512,7.20724710,5.44166452,-5.57957325,-7.30422457
24.52343750,10.21721392,4.14190266,10.50009029,7.22793439,5.17310021,6.54334812,-7.27071816,-6.06088229
24.52734375,9.97404170,-0.37384365,9.56378244,12.56695054,-2.85341008,9.41083670,-8.94350071,-0.91970341
24.53125000,5.85663025,-4.85298685,11.40542566,5.55224707,-7.47017634,12.45667853,-4.86831222,-1.90178275
24.53515625,8.68033887,-6.47742601,10.97781006,4.24959061,-9.39656985,10.21173710,2.42943149,2.61803100
24.53906250,5.03009316,-11.36249735,9.25708149,6.67275265,-14.97699622,10.46352715,11.47591601,7.28785853
24.54296875,4.95607605,-4.23235274,11.05882023,3.33094100,-12.12155144,5.23246389,8.64722390,10.01989491
24.54687500,4.05859422,2.73239457,15.12641198,-4.67164757,-12.43751857,5.64943128,7.11368569,10.50819155
24.55078125,0.05708558,1.83370709,3.19387967,-3.13852682,-5.87677741,6.82920846,-0.27835289,9.71701406
24.55468750,2.03608665,5.73257707,6.19741133,-4.51556587,-2.28015994,8.40965128,-7.74370750,10.45292408
24.55859375,-0.76644871,11.12671076,5.65003869,-10.27122511,-0.53115941,-0.90156412,-11.31582256,9.92625151
24.56250000,-4.53337226,11.46333469,7.67122537,-8.38251135,10.45865428,-4.11883095,-5.62577773,8.00440752
24.56640625,-9.04968174,8.35220448,2.58883629,-7.85894047,2.53025547,0.08625616,1.79509378,2.40584353
24.57031250,-10.70155233,9.11312970,0.91096009,-9.53019493,7.11440774,-0.95559399,7.84173264,-3.84977148
24.57421875,-8.43747724,0.33175693,3.78494850,-2.75534699,11.55256249,-5.01182312,11.68557013,-4.39101219
24.57812500,-5.60128532,-3.37132353,1.03312830,-1.84794740,6.72008134,-7.68481969,7.64747218,-7.64763806
24.58203125,-4.38590969,-9.08498404,0.11689351,0.91570551,1.30313882,-7.20056866,2.58661687,-9.43419399
24.58593750,-4.67074980,-9.64246566,3.32726949,3.99043372,-4.01361295,-6.74635602,-7.13232480,-8.79689694
24.58984375,-5.27054529,-9.41953887,-5.81032039,3.34594721,-5.85779807,-8.52251564,-8.61879139,-9.03374249
24.59375000,-0.04778509,-10.77891746,-2.65508279,9.49366488,-10.42901263,-9.84330584,-7.45449796,-1.26508492
24.59765625,-0.53101396,-0.10163910,-3.85270868,12.65398176,-12.53791934,-9.76505549,-3.34904395,-0.74580076
24.60156250,-0.48422675,3.70193105,-5.98920161,9.48178619,-5.97543619,-7.77156005,5.18584041,1.82412077
24.60546875,3.90905875,5.99794157,-9.29355415,12.77412114,-9.01562814,-10.95258992,12.08654098,5.76608954
24.60937500,4.64705750,9.91254442,-11.09918371,9.93490954,-4.29568688,-7.24890248,9.84459951,6.57293909
24.61328125,7.86580728,5.79569589,-7.21437872,6.47657211,-0.89022045,-5.79751826,1.38735634,9.78122545
24.61718750,7.15821900,10.24126314,-9.61847373,7.19262177,2.02609874,-3.79184005,6.18921041,9.18830707
24.62109375,11.22222086,6.91243864,-9.02272797,1.52878474,10.44909272,-1.81795078,-8.99778631,5.99075205
24.62500000,9.93937158,0.41505027,-11.14322640,1.97598584,9.44554782,3.35866025,-8.55542140,9.41948409
24.62890625,9.48525522,-4.08306450,-11.07011635,-3.02182263,3.69591261,-0.20599296,-3.89869922,7.51184553
24.63281250,7.28088865,-8.12297207,-8.91521310,-6.40310795,7.86948776,6.32646252,0.65664938,-1.21860634
24.63671875,5.53407475,-10.26494890,-7.38074264,-4.71290084,-0.13752884,3.28118352,5.73713273,-1.98704726
24.64062500,5.95936027,-6.79761471,-7.02938325,-6.08181824,-1.30471681,1.54702572,9.38311145,-5.80512093
24.64453125,0.55364238,-2.75921282,-7.73420785,-5.94142298,-5.68923277,9.52993125,7.91981521,-8.38457146
24.64843750,1.58879906,-3.09007556,-8.69078205,-9.46158146,-12.06552551,9.34675790,3.53982920,-11.54337434
24.65234375,2.15890962,2.11085417,-3.23527602,-7.65174592,-12.14812565,11.07636728,-1.65490109,-11.90824599
24.65625000,-1.72982067,12.97797864,-3.80042899,-6.08476498,-11.84218560,9.65314810,-9.15879376,-7.90110433
24.66015625,-3.75231256,10.15543482,-1.16534647,-3.67502290,-10.74325368,8.15194685,-11.21316237,-5.81875237
24.66406250,-6.69815996,11.81508256,4.55072161,-2.19655194,-4.86088723,10.74225066,-3.14926905,-3.17050348
24.66796875,-8.34553865,6.89568001,-0.45053858,-1.28694720,-1.63753486,5.91649888,3.78209063,0.33629177
24.67187500,-5.53447730,2.51826939,3.49998693,2.78493856,7.37711926,4.40557071,5.83007709,8.24109543
24.67578125,-10.71547131,-1.31175432,6.38117271,7.70184988,6.19123368,3.04670502,10.97410351,3.57140444
24.67968750,-9.01670866,-6.56812491,6.93998667,9.93786590,12.30892222,2.11017652,6.10603933,9.54549293
24.68359375,-4.17891469,-7.70328793,8.91806609,7.71381185,6.80640784,2.19051378,-5.51217588,9.32928463
24.68750000,-9.78657595,-9.00607463,10.49293813,11.71921956,4.21344265,1.97484053,-5.53145433,11.33940308
24.69140625,-3.83544373,-7.60651620,9.86156758,8.82777353,-1.05832495,-4.32720962,-10.79301628,8.70118997
24.69531250,-0.41194716,-4.03487349,8.13539783,9.25989778,-3.87188505,-3.74545364,-3.15341304,4.32034857
24.69921875,3.29475165,1.27692811,13.09866408,8.05493107,-8.66895186,-5.94207486,-4.83637123,3.17546261
24.70312500,3.14005906,6.42989603,8.94074004,7.24287286,-10.62024832,-8.14090121,8.65672536,-1.51372195
24.70703125,6.25673168,9.69659624,10.91554072,0.87778425,-11.08840055,-9.35002339,8.41614000,-1.60730235
24.71093750,8.26097878,11.55266200,2.96413342,1.59550765,-13.80153095,-11.03404112,13.50060407,-7.55984035
24.71484375,10.35658742,11.12732712,6.78877704,-2.14801775,-10.56237291,-7.61272807,8.01728365,-8.78904578
24.71875000,10.51451912,5.40955409,9.21124381,-2.23510116,-6.27144573,-8.57451366,-0.98699809,-7.20895527
24.72265625,8.63542886,2.71644518,7.02492564,-6.79234673,2.97989557,-4.84245257,-8.90881767,-7.28801900
24.72656250,13.62268117,-3.95552897,5.45804418,-7.61241050,2.99831201,-9.10456086,-5.46180192,-7.28409301
24.73046875,10.25339957,-6.25561509,3.91504449,-9.27802828,5.16676710,-7.56352919,-3.47120140,-2.15123637
24.73437500,9.85562503,-5.81010981,2.14840619,-7.90844228,7.69508170,-4.08078852,5.74833730,2.67529734
24.73828125,8.50114199,-8.50719305,6.27589427,-5.97248599,7.82312463,-3.96455475,4.13248055,1.33716125
24.74218750,7.60068246,-6.60204697,-2.32518285,-3.16720200,7.32318950,-0.77401491,11.24038128,5.05357876
24.74609375,3.44899461,-1.56114640,0.15317310,-3.06337364,3.91439230,0.97717095,9.52540617,6.45011457
24.75000000,2.06964813,-0.55311999,-2.55148357,1.10926139,2.87145745,3.49900147,0.25432781,11.12445700
24.75390625,-1.63234416,3.95060890,-0.40536452,4.79996975,-4.80803594,6.55090673,-6.52748860,3.30897115
24.75781250,-5.15916496,9.94840617,-4.30920685,4.35781014,-4.59762534,6.74574117,-10.30990597,3.16107390
24.76171875,-4.32034594,8.80307352,-6.32594773,5.27002351,-10.88577874,6.96436952,-6.94887047,2.34274433
24.76562500,-7.31404975,5.57837238,-9.57484223,5.94047430,-10.10736306,9.74007269,-3.16771093,0.80678617
24.76953125,-5.02542945,2.97018672,-12.02309285,12.23589717,-4.82749884,7.77332256,4.95635027,-6.12838494
24.77343750,-8.02266217,-4.40819953,-8.38448319,8.07446850,-2.54090245,8.87032422,10.66772238,-8.93868394
24.77734375,-7.87771769,-2.79466780,-10.41958728,6.49171002,-3.74476957,12.12905296,5.72823137,-3.25449910
24.78125000,-6.25649299,-8.34362981,-13.08610466,5.67972505,8.27238732,8.76760167,4.37324368,-9.94848981
24.78515625,-8.80544458,-11.82447732,-10.74524027,1.71762804,6.54710471,14.89206257,-5.48641059,-9.18226603
24.78906250,-8.83136007,-10.97196815,-11.34827821,-0.50863351,11.00335723,13.07153880,-11.68912069,-12.37705276
24.79296875,-2.59693277,-9.01733635,-8.80311511,-3.50691425,11.82912739,7.22386862,-11.12777968,-3.52472155
24.79687500,-2.85895648,-4.90327737,-7.72648682,-4.01918572,8.31995005,9.41594522,-8.65035987,-6.04683468
24.80078125,-2.59132160,-0.47469139,-4.45724546,-1.81719186,4.71754253,3.75001103,-0.73678209,-0.89878459
24.80468750,-0.04309840,5.30051494,-5.41623076,-8.75395495,1.79451303,4.71673921,5.23099623,3.63654900
24.80859375,2.34968563,8.25066100,-7.45741357,-9.08226900,4.68299837,2.54949653,9.97976205,6.56408874
24.81250000,8.24957081,9.12518491,-6.23523626,-12.49332845,-7.64169951,0.60652960,9.29836964,11.80335319
24.81640625,7.80188947,4.66932682,-4.25869165,-8.88381500,-7.68545507,0.35841783,-3.72647184,11.12320278
24.82031250,10.91838654,5.72810134,-3.88676226,-5.52831608,-8.74849390,-5.27531778,-8.74736500,11.42092133
24.82421875,9.46855563,0.91407683,-4.99737912,-7.51093469,-11.32968882,-6.43848317,-9.89308554,5.22229338
24.82812500,8.83776792,-3.94411712,0.44166036,-3.49436450,-2.30329371,-7.03601079,-8.94870945,7.75171146
24.83203125,7.11905438,-8.24124212,-2.78096623,0.10063353,-5.61848502,-9.68119020,0.83861929,2.58019525
24.83593750,6.28736338,-12.40385978,-1.67369299,-1.30586390,1.68220718,-10.98370832,8.46885527,-0.52437984
24.83984375,1.08965007,-13.35329770,2.07021889,6.26011315,7.58480876,-11.04819634,10.37783514,-7.94954714
24.84375000,2.96112393,-5.55445178,1.68217440,2.77205872,6.13029587,-9.46871746,2.43035750,-11.96413658
24.84765625,0.98637744,0.53748242,8.50936097,8.61758258,9.75378296,-11.84946144,1.23456802,-8.09988692
24.85156250,-2.70549526,2.55345904,9.62871036,7.04623648,6.07983965,-10.61535560,-3.33558324,-9.05789693
24.85546875,-5.28230788,3.34860773,5.96813317,10.70648656,2.72148473,-7.91504516,-7.23084626,-5.52841752
24.85937500,-3.67658610,9.72533129,10.14133672,10.79380416,0.91667570,-7.17364279,-7.42417053,-6.99138397
24.86328125,-5.68657813,10.10654128,10.65869765,6.03048616,-3.26298858,-7.51516970,-4.80173491,-3.77262620
24.86718750,-7.47582518,6.30421579,10.82307405,5.17729938,-6.98887784,-1.00948138,3.74620176,-0.92087949
24.87109375,-11.51087473,2.48692943,7.91485051,4.19114181,-10.06285702,-0.18277350,9.76869560,3.42319651
24.87500000,-10.55390368,-2.19437147,9.94760290,-0.86317790,-9.40345476,2.37707071,9.55117330,0.63132000
24.87890625,-10.29380324,-6.20618856,10.37834709,-6.16261609,-8.31377197,2.30585270,5.42745413,6.06900524
24.88281250,-8.21232371,-10.78107992,8.67497388,-4.04844085,-2.05978128,1.14947119,0.86956187,11.08863511
24.88671875,-6.98886796,-11.46281389,8.92914125,-7.77127306,-1.06323880,6.35065285,-4.60811036,6.36054724
24.89062500,-3.16999343,-11.21772336,8.29120897,-7.49205710,6.13666547,6.16769668,-11.28902472,4.07798197
24.89453125,-2.67941292,-5.93757932,5.71385212,-11.06613696,6.86910759,9.43526626,-9.23952018,5.36238116
24.89843750,-5.63616831,-2.60337690,3.75516168,-8.38903698,9.67363289,6.96865988,-0.33387939,1.31821083
24.90234375,1.76534537,-0.81633771,7.48131422,-11.77307605,12.88602560,11.63796994,0.57731709,-3.04333580
24.90625000,4.13153186,2.79138455,7.41607779,-10.05550361,11.58270419,10.02729143,8.08530541,-0.92975794
24.91015625,3.83720860,10.34860644,5.17138542,-6.54226401,4.98384078,11.48568244,6.99991124,-10.25534350
24.91406250,9.49054830,8.42754338,-2.82125959,-4.08493635,5.66573454,8.61410733,3.89347416,-6.69102932
24.91796875,8.80830015,10.36415235,-1.82528575,-0.17696035,-2.70094960,9.19460370,-6.29172441,-5.26537596
24.92187500,11.09042772,6.04459057,1.09140790,4.24917493,-3.75893745,10.44344646,-8.28714801,-10.29287708
24.92578125,7.53463473,0.13674677,-4.70528068,6.13678843,-7.70828952,5.15934046,-9.16139035,-4.20895753
24.92968750,9.69346802,-7.48338250,-7.93155990,8.71760956,-7.11646258,3.90130183,-3.28596391,-5.42863002
24.93359375,9.56153453,-9.23793847,-5.47896124,7.63320158,-6.24880372,4.68334312,1.63680396,-5.95401806
24.93750000,4.24962845,-11.44293132,-6.97266506,10.94398451,-5.70848873,1.14951766,3.75542579,4.94518495
24.94140625,2.80254483,-9.60750464,-7.70027813,8.07240458,-3.23528847,-1.82986527,8.85438123,0.72244496
24.94531250,1.53195618,-10.14731399,-8.81048514,5.56773907,3.29355121,-1.61683516,6.74745300,3.62639571
24.94921875,0.08531114,-3.91981785,-7.44115848,7.76168351,4.89512782,-4.89018018,-0.82853033,7.91242894
24.95312500,-2.53877715,4.46178808,-9.68326313,3.46071749,10.29646371,-8.92907960,-8.02692066,7.01298819
24.95703125,-3.33792202,4.28598344,-8.07201785,-1.51479920,10.43421634,-9.30433722,-12.14939585,6.56340764
24.96093750,-7.58913031,5.33789866,-7.71035586,-4.49164119,8.11040439,-5.85964372,-12.58472739,5.34518729
24.96484375,-10.09814978,5.51499657,-6.91913850,-2.62290403,5.58092525,-9.92855455,-5.12152203,2.04104227
24.96875000,-11.35127199,4.56317895,-8.88856797,-11.84032265,2.44176333,-9.56608851,3.01756640,-4.62620762
24.97265625,-10.12286536,-2.05533781,-10.40572942,-10.45111492,-1.62547174,-11.41174008,8.35122871,-7.67700887
24.97656250,-8.49514228,-3.68539088,-5.41861753,-9.98017346,-4.53291352,-6.08180969,8.17003139,-12.36989043
24.98046875,-9.65537086,-10.14386528,-6.17943218,-8.32031366,-5.27844048,-8.20466145,1.50494495,-14.68711680
24.98437500,-7.72968055,-7.30789544,-4.75137149,-13.04145388,-10.93666727,-3.28365150,-7.62338794,-9.84851908
24.98828125,-8.47104703,-11.03713264,-5.47861533,-10.93267782,-8.17781951,-6.51776259,-13.38910053,-6.59869957
24.99218750,-8.65366455,-9.03615954,0.26504282,-3.93565071,-5.16114895,-5.71117025,-15.56782530,-7.08086360
24.99609375,-4.26586533,-6.84575446,-1.05049836,-5.82181914,-1.50818008,-4.23299248,-7.82224325,-1.53644624
25.00000000,-2.05506691,0.01101043,7.80691163,-1.41942868,-3.32242467,-1.62288210,-1.45164839,0.12787664
25.00390625,3.36505601,4.73789214,2.79566776,2.27388336,3.19058927,-2.93579819,1.10153275,3.61434187
25.00781250,4.64788659,9.96548288,2.62847093,6.84972192,6.63552229,-1.46881081,6.74352802,12.16481910
25.01171875,7.39376058,12.81112026,8.98451668,6.26100441,3.10899001,0.36060851,7.87623931,12.18851090
25.01562500,8.18194617,10.88934331,4.33199811,9.33420021,8.78577705,7.28385861,3.62378912,7.87403706
25.01953125,9.53391557,8.84060235,8.14007540,10.66964317,3.84337743,3.78662838,-0.41183479,13.49143853
25.02343750,12.79458214,2.35967918,12.02744709,12.21674322,-0.05199872,8.51662228,-9.70520823,11.39138209
25.02734375,10.47226016,-2.10072065,8.54850075,10.35890342,-3.59294413,8.31892580,-6.37167897,5.65394421
25.03125000,8.05306124,-4.51244934,5.87665089,9.76734431,-4.71783459,10.79640205,-4.53702668,7.14961835
25.03515625,10.65320068,-7.30336727,13.76909806,8.32463671,-14.43568868,12.29146203,4.79621644,1.84477041
25.03906250,8.51134041,-8.63017369,6.78602190,4.65891708,-8.52255803,10.11964398,10.62454846,-3.08936562
25.04296875,7.07996346,-2.36552983,13.69956844,-2.02768694,-8.54711007,8.21234257,11.07190792,-5.83844525
25.04687500,2.84775832,-0.64836853,8.13043925,-1.07538138,-11.92536371,4.48834290,6.41453272,-3.26033915
25.05078125,1.92549479,4.75920306,11.09449847,-6.37272971,-5.85921636,1.85060139,2.21428377,-5.84307038
25.05468750,1.86199427,7.24624258,9.38400460,-9.11413180,-0.88277712,6.34266989,-5.79816290,-5.22304194
25.05859375,-3.56458260,10.16224028,9.55737427,-7.48643374,0.99861636,2.58231016,-6.72211971,-3.70909171
25.06250000,-4.38205964,12.17167028,7.51813961,-7.92339006,7.27520332,-2.47900335,-5.93228420,-4.29667368
25.06640625,-5.62537310,10.51467411,4.96686469,-5.85641096,12.14575079,0.47545166,1.87086081,-0.26441560
25.07031250,-7.99713966,3.26346814,3.81235070,-9.26187503,8.00486548,0.74228012,7.23134234,1.22284143
25.07421875,-10.57136647,2.77698739,7.48227318,-6.08230203,8.37316805,-7.81410767,12.01629616,1.64716442
25.07812500,-5.17175575,-4.34927786,1.35576103,-3.33033265,3.21291589,-6.17485311,9.00642258,6.51177960
25.08203125,-4.28480140,-7.11232579,-0.08460424,-1.17136239,0.90693246,-9.43791587,2.22564852,8.89710273
25.08593750,-12.24061772,-13.13273050,-0.54291114,4.48619020,-1.29751002,-6.51681436,-5.90464318,8.24191633
25.08984375,-7.19770008,-13.04491876,-2.33190186,4.14558279,-8.53296141,-12.81388781,-11.30698725,8.91499985
25.09375000,-1.75347603,-8.97449496,-0.74861259,5.90115072,-7.31222783,-10.13531563,-7.46647184,9.66771888
25.09765625,-2.31267640,-2.41862886,-5.14502077,9.06918312,-11.49843785,-10.48983767,-2.49816696,-0.04114643
25.10156250,0.26752351,0.76286030,-7.14085365,8.45724519,-8.90534235,-9.37695509,-1.19304547,-5.48119572
25.10546875,5.54250435,5.79879720,-6.47706407,8.28771836,-4.92605748,-3.65857377,6.43819943,-5.01472267
25.10937500,6.06741573,8.10570190,-6.74859393,12.33176891,-3.78323870,-8.65179115,9.22448393,-9.89900884
25.11328125,10.74412718,11.55949251,-9.45103870,6.25640670,0.39093165,-4.83019338,5.23698040,-8.75196623
25.11718750,6.31519139,11.27962010,-7.86854129,4.29745478,0.90525622,-4.29243807,1.12341746,-10.01277899
25.12109375,11.47685030,4.46456083,-6.57023592,5.46815829,9.06835029,-0.90306715,-6.42141210,-7.42568657
25.12500000,4.87944242,0.69649138,-7.77796625,3.93025003,9.59099778,5.63584881,-6.18447693,-4.79656180
25.12890625,8.33928191,-4.70978778,-13.21046390,-1.07555321,5.86077558,4.43516976,-11.79841087,-3.22546734
25.13281250,9.57514110,-5.47801933,-12.56765278,-4.12715849,3.16579248,2.82620418,-0.06910409,-1.16197937
25.13671875,7.40806927,-6.54949851,-11.97764451,-6.54321086,-0.41410704,7.94137956,7.04129637,2.15681529
25.14062500,1.95779077,-9.57236760,-11.70211882,-3.78167725,-2.15298549,8.43849732,12.12998819,4.37175542
25.14453125,1.18863048,-4.89930420,-4.72436257,-9.35279268,-3.00827359,3.40860827,8.09012891,13.53958010
25.14843750,0.49069604,-2.41221154,-6.42452588,-10.17961606,-9.69024215,8.86324866,4.59925917,8.10010428
25.15234375,-0.99011111,5.12978641,-8.78620244,-7.93599252,-11.20425471,10.06944581,-2.55942421,8.78081034
25.15625000,-6.28592896,2.38284443,-2.04670228,-2.85611447,-10.77101235,10.43658612,-6.88522694,9.22653017
25.16015625,-2.43330827,10.45143607,-3.33702651,-6.74377043,-5.54677334,10.46950138,-9.16824586,6.35211786
25.16406250,-6.80072471,9.43559136,-2.64614710,0.34281831,-7.77372061,8.75866557,-4.48054105,1.62225133
25.16796875,-7.41943927,5.18542930,-0.94747318,1.43435001,-0.40776415,3.30199033,2.29328945,-2.96316797
25.17187500,-6.92949066,5.00363131,4.47549919,1.52857556,4.03464952,2.78622271,11.01818287,-4.19769689
25.17578125,-9.03924647,-1.96534112,3.36131669,6.88671800,10.76659407,5.93802340,8.60050830,-11.74267439
25.17968750,-9.64519456,-4.32932594,2.61349440,8.53834329,7.50852076,6.66541487,8.59258246,-8.70854640
25.18359375,-5.07584528,-8.20547299,4.47641419,8.52311728,6.66624920,1.64364487,0.67861811,-10.22764209
25.18750000,-5.30541107,-5.95433784,6.91903771,13.07939927,1.83009458,2.04331506,-11.31148380,-11.64159932
25.19140625,-4.34028720,-8.34273914,8.58216729,6.01086686,-0.84748174,-0.43071007,-7.39212772,-10.74291110
25.19531250,-4.42958635,-2.09083241,12.13328602,8.46083056,-2.21382314,-4.43465898,-8.50205915,-1.94273106
25.19921875,-0.73456792,0.04304341,9.46671954,6.28161477,-5.28623046,-10.15243648,-0.75403512,-1.70063551
25.20312500,6.75241397,6.16019879,11.05418128,3.43781964,-10.06063724,-5.30336940,8.66995092,4.14710285
25.20703125,8.47796852,5.57661440,10.70869430,0.57484761,-12.16156729,-9.59600922,10.45304634,10.44730031
25.21093750,6.82736290,9.15593182,12.80860921,-0.41330988,-13.79648085,-11.03355362,7.24088690,9.61484847
25.21484375,8.60302241,11.09770292,11.97956823,-3.28946899,-7.84141570,-10.45982770,5.49355132,14.24637450
25.21875000,8.51997690,9.04688106,6.58523265,-4.10469312,-9.41353600,-7.20161466,2.06168180,14.18954361
25.22265625,9.32001386,6.67286836,9.34139104,-5.69337622,-2.38021202,-8.79512660,-8.31339499,9.16597696
25.22656250,10.87449153,-3.49355724,2.96750830,-8.67086165,4.34433088,-8.93604921,-6.37165254,10.67826948
25.23046875,5.76837196,-6.37115792,3.60119702,-11.92359330,9.09747122,-5.28468514,-1.32537800,2.84656024
25.23437500,8.49173458,-6.99448082,2.54075182,-8.24001085,6.98761077,-3.61291251,-0.31740452,-0.00312022
25.23828125,9.12667594,-7.31921284,-0.64776221,-7.26482860,12.15410088,-3.06219899,9.20616978,-5.29357448
25.24218750,6.33631596,-5.85870271,-1.26664910,-3.89016414,6.76240420,-0.27533533,12.52497685,-7.61353956
25.24609375,6.74630934,-1.99724565,-1.71783066,-2.23024122,3.27998781,2.75709181,6.37246652,-11.28372038
25.25000000,2.42859836,0.53054661,-1.30931786,0.35922215,-2.11369757,0.85899631,0.87954353,-9.49081046
25.25390625,-2.69570512,7.25276814,0.31548863,2.33284936,-3.11084273,4.48367087,-4.86549085,-12.15092290
25.25781250,-6.24190316,4.49037550,-4.72585689,4.94304370,-2.81458875,9.74491313,-8.11301707,-11.71725504
25.26171875,-1.90148611,8.97620982,-5.71280310,10.63799696,-11.30035400,9.05860742,-4.55029465,-7.94250452
25.26562500,-4.57924295,7.44955183,-9.58314815,11.05047374,-9.24967010,11.13279034,-3.11510034,-1.54931716
25.26953125,-6.94072612,1.38614572,-6.55820525,10.97563306,-6.51454800,8.13023742,6.87694546,2.68520133
25.27343750,-5.10893664,4.27223143,-10.13731509,8.63288877,-2.36101506,13.77198309,12.84874468,5.64009397
25.27734375,-12.14381670,-1.17888800,-11.97096351,11.43578208,3.35997442,15.19859044,10.67663331,6.47832962
25.28125000,-8.55409371,-10.68916551,-9.02228234,4.86650549,8.26632058,11.53743120,5.43352673,6.01154566
25.28515625,-10.12000938,-13.88113017,-10.77313682,-0.37711834,9.77723934,9.23221270,-3.70037472,12.18960329
25.28906250,-8.89170857,-9.49448709,-10.90417225,3.42532246,9.02607751,5.66267887,-8.70414706,3.09054987
25.29296875,-7.83438624,-10.79989218,-9.62828494,-6.15262377,10.45032415,11.10384581,-9.66361394,6.80217641
25.29687500,-5.06442705,-5.69391416,-9.45646363,-3.65091325,8.93866861,8.53270252,-5.08209424,1.45823879
25.30078125,-0.63766979,1.17099855,-9.65204233,-6.52938840,11.14458061,8.98362830,-0.04146739,-1.52136641
25.30468750,0.34566046,10.12997229,-6.61556878,-4.86504500,1.31705731,3.98976637,6.49929366,-7.08352001
25.30859375,3.51711459,9.52413414,-8.85735113,-9.22379850,-1.42497446,1.51330857,10.09819368,-9.00634526
25.31250000,10.29099490,9.84645023,-3.62789159,-5.03443944,-10.91623656,-1.40575477,5.64802856,-10.11030771
25.31640625,7.15944532,9.74313249,-10.49051242,-10.70153263,-9.08123818,-1.95739671,4.05501940,-6.18222600
25.32031250,6.77904164,4.83712974,-3.98097514,-8.25910912,-8.81618459,-2.51373084,-8.22710112,-9.37216412
25.32421875,11.14041007,0.78300889,-4.05587356,-6.97995838,-8.10032681,-6.74266758,-8.03043084,-7.91595841
25.32812500,10.16764783,-3.92291160,-3.13233606,-3.86444413,-6.19010069,-4.12185387,-7.93796313,-5.56943484
25.33203125,6.03034570,-8.03445218,-0.38495165,-2.46421157,2.88703118,-3.94129014,-1.19647591,-1.49060541
25.33593750,5.25791585,-10.74921447,0.76514310,-0.93786313,-0.03703495,-9.31360381,2.05561522,2.68471265
25.33984375,2.25030579,-9.75181267,4.11249562,5.43711322,6.88486387,-11.28712088,8.64649475,6.52850878
25.34375000,2.41846893,-9.63994597,6.93288961,7.55941121,9.33701211,-11.52688440,9.60472184,5.81492396
25.34765625,1.86475256,-1.44707506,2.61577620,10.16751677,10.46450062,-14.37015244,3.10323087,7.27006940
25.35156250,-3.75607791,1.73296063,6.66566121,11.41146503,12.47602733,-8.55827317,-2.54336617,9.76074541
25.35546875,-7.14438873,4.23550147,9.10813931,6.11318782,8.83457457,-6.27261020,-9.56705270,7.48590292
25.35937500,-6.83011871,9.01157433,10.21766664,10.93212652,2.97052210,-9.70087077,-11.21607867,8.27786186
25.36328125,-5.99855864,9.23569424,7.72795081,8.89787805,-1.37483915,-4.62411515,-4.41016257,-0.42390285
25.36718750,-6.58902059,8.60525227,9.74295996,1.03974585,-6.38377146,-2.16394304,3.91210414,-2.21559641
25.37109375,-6.70624025,4.71989092,11.89925984,2.76842020,-8.63795501,0.02998237,10.84398937,-3.42199294
25.37500000,-7.81714970,-2.73217342,8.92591830,2.44434348,-8.38613499,1.51365350,9.50024148,-10.54298131
25.37890625,-10.64372707,-3.62469468,11.32818283,-3.78497345,-6.86172772,2.96094644,4.53851744,-12.48253671
25.38281250,-8.37492911,-11.59804226,7.85286231,-5.06871102,-3.87732143,3.84117166,0.96254469,-12.22233827
25.38671875,-8.04133952,-12.87860803,6.47908902,-7.74018963,-2.44258827,4.19750250,-6.78543822,-9.08005771
25.39062500,-1.13109473,-11.86653118,8.51459595,-9.27326042,-1.33329105,5.94623882,-7.17714157,-8.16033841
25.39453125,-2.97576428,-6.30310443,7.67773408,-10.45105157,7.94293846,11.49046711,-8.91958696,-5.45687500
25.39843750,-2.65018697,-2.34764033,7.27191826,-12.06102558,12.02191740,7.35908647,-6.31669069,-2.95906252
25.40234375,1.94648375,-0.82839419,5.11003639,-12.23150427,10.01263547,8.30610020,3.89748381,3.14934638
25.40625000,4.70761669,6.02478970,0.77206209,-2.16139750,9.89201756,10.18485686,8.93714930,2.64607372
25.41015625,3.88469631,4.39115585,3.05231823,0.19516918,11.19296207,11.69473746,10.93793540,6.90270494
25.41406250,4.00352550,7.92501256,-4.60644817,-2.99586246,2.43007960,12.78065601,4.69423249,8.73231741
25.41796875,4.68927853,7.41418303,-8.13185127,0.44217978,-1.93938412,7.71916438,-3.55096479,5.38226506
25.42187500,10.27725362,-0.49761419,0.57082565,2.15634199,-5.87019321,5.07338383,-5.98993273,10.15383681
25.42578125,8.28153328,-1.86711182,-0.55305658,7.17079983,-9.53560622,7.14080774,-12.21726062,2.58436149
25.42968750,8.58830662,-3.35331116,-5.10510130,2.83939026,-11.80525550,5.98719030,-10.63163905,0.49279157
25.43359375,6.89562195,-10.35982441,-7.52163828,8.62798499,-10.04894898,3.72091985,-4.85300029,-3.69962415
25.43750000,8.37998127,-11.10252955,-6.10835704,7.78559029,-4.30935315,5.24424788,8.84252726,-5.65367183
25.44140625,2.62503738,-10.29350594,-10.95827910,10.30760260,-4.40799188,-4.42040367,7.90727698,-8.18320152
25.44531250,0.04361541,-4.98801993,-7.74966374,7.18649785,5.41468936,-4.14759748,1.87982440,-13.87483089
25.44921875,2.58809244,-4.75868127,-6.87869870,8.32878459,8.22438131,-10.35341574,-0.62110353,-4.41435103
25.45312500,-0.93443450,1.17704553,-8.11820847,1.47731072,11.67518499,-6.33920121,-6.17793683,-10.66596612
25.45703125,-5.22408703,9.16945329,-12.51780673,-0.41159987,11.85048961,-7.32872811,-10.70286680,-8.19173586
25.46093750,-11.62351205,6.50289658,-12.49373018,-1.61248328,9.24496296,-13.21013688,-9.71322463,-6.12983766
25.46484375,-10.72734831,10.17169079,-6.27027332,-5.48191815,7.78916218,-10.61747142,-8.90931737,1.84273762
25.46875000,-8.74066549,8.16437686,-11.29473259,-10.53451145,7.60386064,-12.74060243,0.82549462,0.47397653
25.47265625,-12.80668492,-0.23994368,-5.54208938,-10.36799010,2.84049082,-10.77315928,10.58874407,2.95493200
25.47656250,-10.68165729,-5.48464086,-8.98679830,-13.99996699,-1.42492461,-7.61890902,9.63767344,7.69013582
25.48046875,-7.82009040,-6.48747078,-6.06669196,-9.03911782,-8.83228996,-10.16855905,1.52215402,9.44560474
25.48437500,-13.12205752,-8.79525910,-2.46502031,-8.49905032,-9.08017461,-9.00873509,-4.28210732,10.01715909
25.48828125,-9.61548187,-11.76936387,-3.07104697,-7.72211569,-6.81639767,-1.32558051,-10.44016188,5.89348981
25.49218750,-6.78506169,-9.46339753,0.45627688,-7.11073133,-9.85184209,-8.19379581,-12.25206583,6.32404611
25.49609375,-7.79133462,-6.43624933,0.58433003,-3.75200394,-0.40515295,-4.40577672,-11.79523883,3.57578848
25.50000000,-2.29683864,-1.88264903,3.48084342,0.00378955,0.19807410,-1.84757050,-2.58533963,0.27706019
25.50390625,0.60963887,4.05462151,4.32731998,3.76985910,3.96530867,-1.28568216,5.62403908,-1.96495061
25.50781250,3.76987272,5.36305224,3.08505685,4.23489772,4.27279531,0.71828128,8.60159681,-4.20301505
25.51171875,2.13106232,11.41459521,3.68924604,12.03473446,7.24727541,4.44471626,6.65582097,-3.37204853
25.51562500,11.17075734,9.31338229,7.25810433,8.73388973,9.87817259,2.81313408,1.40757420,-4.33019148
25.51953125,7.35162204,9.96812804,9.24256074,15.80087242,4.98322432,5.53012266,-3.45468606,-7.92947167
25.52343750,12.93079889,3.67236975,7.52439527,10.75205108,3.81635756,11.95775360,-8.61986727,-3.50443018
25.52734375,10.10166938,-3.61411144,7.76058990,10.27394613,1.69995493,9.17445152,-4.73001826,-3.09142845
25.53125000,11.76362934,0.21692377,5.95127630,3.89096572,-2.46523715,10.20470604,-2.57438289,-1.37131886
25.53515625,6.02379609,-6.94992020,11.16623473,4.93724221,-6.56991355,9.48717840,2.31369767,3.12160844
25.53906250,4.11585908,-4.38217304,5.68508733,5.27651868,-10.61807898,9.88546180,10.94532241,3.59551027
25.54296875,5.43054937,-9.45025239,10.49228518,0.85181639,-12.17643452,3.23189540,11.57436238,9.69546129
25.54687500,5.43382321,-2.47814383,10.60200473,-6.24299271,-7.61317266,5.62117556,6.65061097,8.63055732
25.55078125,-1.04157000,4.21099008,9.19970054,-4.37886413,-9.97231965,5.90796009,1.00167019,8.41079250
25.55468750,-0.88049039,8.66979641,4.67971489,-7.28089906,-1.04185606,3.68017656,-4.52796459,9.71548869
25.55859375,-1.73618458,6.82677471,7.26544183,-8.00632111,1.93707703,-0.89145984,-9.66017048,12.80744041
25.56250000,-4.82328462,11.72731496,4.28928043,-8.79907319,2.84878244,2.84667180,-2.53701741,8.91203933
25.56640625,-9.60234969,12.77796932,5.53047357,-7.48790549,6.33446540,-1.45033736,-1.13420457,0.75698254
25.57031250,-8.02950173,4.52937652,6.36619386,-5.30740390,8.16197142,-4.20591935,8.91743039,-3.89408390
25.57421875,-10.71786967,2.49431120,3.86507253,-5.31424487,8.51369614,-2.58910368,11.28422112,-8.66736409
25.57812500,-7.06129383,-2.20908949,4.37295688,-3.07161960,7.08246286,-3.60587426,7.25396933,-10.21479203
25.58203125,-11.78070696,-11.98670596,1.59781378,-0.69107500,2.86003836,-6.71666489,1.87301705,-11.99198508
25.58593750,-6.69164245,-9.06152679,-3.60365633,-2.40102052,-3.71736598,-11.78579702,-3.45827771,-13.81769037
25.58984375,-3.61952305,-12.66743404,-4.09025803,4.35487749,-4.94879069,-10.26914422,-7.76993896,-9.79552635
25.59375000,-4.32745429,-7.68895305,-2.76792304,9.08950894,-8.43656094,-10.03826516,-6.55252779,-4.22291011
25.59765625,-2.33364386,-2.06110628,-7.00108020,11.82372854,-4.25630081,-11.24755571,-3.67555468,-1.78055815
25.60156250,3.19807367,5.14379899,-5.16588994,10.77437816,-6.82610489,-4.43393376,3.65861510,0.51422407
25.60546875,3.70614622,8.08030865,-5.72702862,7.93081232,-7.25112514,-5.58645326,5.93128222,4.78347521
25.60937500,4.92412912,10.64397186,-9.51953968,10.01817197,-1.43492041,-7.83809085,11.94809995,7.03511361
25.61328125,7.65672717,14.86518100,-7.89598119,10.01373873,4.68369609,-4.68699123,6.72458726,6.55425910
25.61718750,10.71359510,5.72486376,-2.87768923,8.27493742,3.20927359,-3.69019957,0.02025344,15.18394082
25.62109375,9.34679847,1.71792431,-11.22624465,5.99817423,5.29517255,-1.24557580,-7.18705734,9.95238000
25.62500000,8.85813417,-0.76001039,-9.53246244,1.08878256,8.24636063,1.29188639,-11.08003337,9.93767308
25.62890625,11.26498429,-3.74017952,-7.61859296,-1.38921534,4.93021947,-2.29769549,-7.34083335,1.99246918
25.63281250,10.53066640,-4.85416307,-7.46254879,-4.77874507,6.29273527,4.70039206,1.85140868,1.12494823
25.63671875,7.83189494,-5.51438329,-9.21761180,-4.51730036,-0.98629417,6.97673114,3.99523798,-2.85453084
25.64062500,5.24833753,-9.18654588,-10.02162687,-11.16042528,0.70966715,8.75388364,12.44239902,-6.42176571
25.64453125,2.11768447,-9.47711682,-4.84253086,-9.43329193,-7.88500199,6.71605647,8.41304596,-6.92895810
25.64843750,1.48471152,-3.04507686,-5.44556714,-14.02821575,-6.18912253,10.16115336,1.46811583,-7.39330524
25.65234375,-2.98036180,6.43188671,-10.22447030,-9.41689371,-9.92241049,5.48640984,-7.68465065,-7.23722474
25.65625000,-2.32928153,9.91234563,-1.45413736,-7.78195007,-5.05112051,6.69326921,-9.32497936,-6.48129800
25.66015625,-4.52007743,10.21459795,-0.94622830,-3.60999224,-9.75286018,9.52434243,-7.69663794,-4.34236901
25.66406250,-4.59815954,12.80379341,-4.18214951,-1.08684259,-1.95054607,11.04371720,-4.04897943,-7.70447174
25.66796875,-7.92120598,5.67930599,-0.43157932,-0.78228572,-0.06266143,4.63463272,2.18626023,2.76244144
25.67187500,-7.35851955,5.69384497,3.34221798,1.96597116,2.36719615,8.02026078,9.70003964,4.89154706
25.67578125,-7.60993316,-1.57968593,2.82744351,4.93069603,9.96279702,7.61906948,13.80218204,10.49490580
25.67968750,-9.79242011,-7.85457987,3.08525257,7.15533446,11.46967387,3.68139370,8.88401131,12.28289431
25.68359375,-8.67930806,-9.47531376,8.23899019,8.37789572,8.15663286,-1.05636746,1.45984513,8.87843197
25.68750000,-8.78462410,-9.89476599,8.65259050,13.43846143,5.35522337,-6.49005505,-6.52014333,11.65829732
25.69140625,-5.46923286,-9.91173949,9.89073915,9.68775004,1.46578097,-2.92324485,-8.96542696,8.13747277
25.69531250,-1.78966236,-3.91494073,5.77674018,9.19173666,-5.99779378,-1.31734487,-9.94716792,9.42119987
25.69921875,1.01230386,-0.57384101,7.72828614,9.30752950,-2.61755405,-7.45939909,2.08454759,0.13507366
25.70312500,2.66337346,7.37170185,15.11334035,2.28284002,-7.97121904,-6.38255258,5.40424620,-0.99122389
25.70703125,4.59497604,14.99561934,11.54181073,3.40129432,-6.50264116,-10.38984972,12.32373648,-4.49217176
25.71093750,6.88035734,8.53606893,7.92949141,-0.03958863,-12.72211330,-9.66116933,9.00437336,-7.36009584
25.71484375,6.57358511,14.19781440,10.34305885,-2.30450587,-8.53240188,-10.99694134,6.06193367,-7.29955570
25.71875000,11.04547896,11.06765621,7.66254907,-3.56365003,-7.88098241,-9.57890565,-0.64279433,-10.36660997
25.72265625,13.10326092,2.86595927,5.64301084,-7.79718723,2.78029345,-7.43457389,-2.39398202,-8.85862854
25.72656250,11.99162767,-0.95248660,4.50416498,-4.04234366,1.28497186,-7.61056236,-8.11177146,-2.78078976
25.73046875,8.63490312,-4.48076149,5.29618998,-8.15750529,5.79900152,-2.75617268,-2.22845275,-0.88058405
25.73437500,9.48523570,-6.83590668,2.60645236,-11.11667069,8.16082510,-4.68267934,6.87095071,-0.01466616
25.73828125,5.27981527,-14.76111663,1.84273749,-6.86540515,8.36864363,-3.60952656,14.72378465,2.45907520
25.74218750,2.87190893,-2.64861991,2.11055823,-3.63961554,8.57918757,-0.45738503,11.54391717,9.20113563
25.74609375,4.65157705,-4.28960846,-2.19929943,-1.79477215,3.69824667,-0.10231053,6.18109588,10.45802957
25.75000000,-0.75528066,0.81425480,-1.17866776,1.93996951,-1.34875968,1.00094491,2.90260430,6.87130851
25.75390625,0.29083999,2.48480525,-5.36760930,3.53421193,-5.51923645,2.79588754,-4.34871201,3.52159031
25.75781250,0.22332171,6.85403958,-5.67217173,4.12503968,-8.90710644,6.80399507,-9.60912017,7.10223293
25.76171875,-2.52078511,7.31475502,-6.05438641,5.28072590,-9.69860670,7.90192087,-9.59736787,3.56900242
25.76562500,-8.24808640,10.45086749,-5.54728212,5.66279555,-9.33638377,10.37131933,1.27768088,-1.37458873
25.76953125,-8.98842759,5.84233811,-5.99380602,10.82955190,-4.73061138,8.72132799,1.57809261,-8.29869744
25.77343750,-7.99294296,1.36584389,-10.90621498,8.48082290,-5.16302816,10.59170219,11.02678195,-11.12594707
25.77734375,-12.16052801,-5.66072599,-9.51296986,7.99880337,-2.83552143,13.41224456,8.68874296,-11.97593525
25.78125000,-10.19769383,-10.95643090,-10.66965262,4.60659832,5.15491256,11.06637224,6.13023932,-8.50614717
25.78515625,-8.79504088,-11.12018354,-13.25276800,3.33432802,12.97437450,9.86484322,-4.30699134,-12.98166676
25.78906250,-8.26006273,-11.15035075,-9.51480707,1.29902023,11.89191250,9.54164907,-13.19815670,-11.17142362
25.79296875,-5.23556832,-10.41449725,-12.68832414,0.26072598,15.09104606,5.72813007,-12.47243952,-10.77571818
25.79687500,-1.84017308,-4.17958326,-6.96078661,-8.10881241,7.93525831,5.18975531,-6.36498416,-4.75840443
25.80078125,-2.55027336,-4.05452400,-9.16364794,-6.70554850,6.28078511,6.83501468,-1.56412558,3.22355045
25.80468750,0.00268405,1.00765425,-10.22696844,-10.89869454,0.19549536,5.64196804,11.82075069,1.33027280
25.80859375,3.42149884,9.53856434,-5.88615453,-8.22226129,-0.88303383,-3.13543548,11.03978413,8.19474230
25.81250000,2.96542046,11.02597857,-3.43657202,-14.86695537,-4.89903997,1.69694443,6.28223532,9.76185442
25.81640625,9.03324092,7.44962465,-4.82471271,-10.33910177,-2.22856298,-4.67531966,-2.08099738,6.68446601
25.82031250,7.71175987,5.50939859,-5.28946382,-10.64157011,-8.45399151,-4.91719976,-6.97635730,10.01209546
25.82421875,9.74079102,-2.67159327,-2.61236956,-5.90586443,-7.11087572,-3.92166279,-11.24940447,5.70421812
25.82812500,8.90469959,-2.46823772,-1.74021709,-4.51359108,-2.17440056,-4.58060455,-6.30903287,2.31541383
25.83203125,9.06403241,-5.07223814,-3.42812249,-4.92227840,-1.17451934,-7.51322044,-6.16644014,-1.27631326
25.83593750,5.60216713,-10.08260054,3.75172038,-2.06935754,1.75230009,-13.58713857,5.40307924,1.40005752
25.83984375,2.71083871,-8.72724446,3.22455780,5.97276808,6.98269847,-7.92405833,8.37420776,-4.51936878
25.84375000,4.09146907,-7.48149253,4.88649542,6.14720270,14.25003237,-10.60551505,10.29020708,-8.26216087
25.84765625,-0.14951043,-3.88114767,5.90169075,8.86450448,12.13812630,-9.06499614,0.12970476,-8.09657386
25.85156250,-0.03823858,2.71311508,5.38051421,9.70554696,6.66388816,-8.57126364,-2.44127395,-8.82684672
25.85546875,-2.49630315,5.39317820,5.96687497,11.51552596,6.56998454,-8.45496618,-5.46733637,-14.02256418
25.85937500,-2.23771277,11.31312858,9.83924194,10.69807542,2.89862647,-3.54938208,-11.77054164,-3.46968882
25.86328125,-9.78127331,11.78454764,9.89649617,12.23221007,-2.46768873,-5.76593102,-9.14013716,-0.30925297
25.86718750,-7.66946002,6.61870792,7.77640680,4.21356748,-6.55848318,-5.42386900,-3.03919464,1.36139131
25.87109375,-5.93516907,5.79493742,6.86140864,0.44496989,-7.50462432,-2.59153490,10.80014529,2.41322254
25.87500000,-6.98586032,0.66005405,8.52887033,-1.30108734,-11.69965870,-0.01336902,8.92981094,8.75490458
25.87890625,-10.09222803,-10.05172765,12.40309741,-6.04989566,-10.33923669,-1.14401016,8.49504105,4.67661173
25.88281250,-9.31321511,-9.74130315,9.95974018,-5.10746033,-7.43038794,4.91542573,-0.94871907,12.35209612
25.88671875,-7.80535287,-12.31891297,11.41512498,-7.29802546,-4.48333337,3.54064591,-6.61281348,6.11476071
25.89062500,-3.29723225,-9.40097350,9.88400000,-10.71040257,0.42471755,1.82240375,-6.64205061,6.64668255
25.89453125,-4.56825464,-5.81121216,7.07784680,-14.07457150,10.53932697,9.09038249,-8.67070123,1.35410678
25.89843750,1.06355714,-3.83996910,4.93174526,-7.55539031,10.80202281,10.86727215,0.76128173,-0.28466743
25.90234375,0.90110214,5.38606445,5.79155020,-9.54282728,11.94341968,8.59236981,5.63003779,-2.46303649
25.90625000,4.57460466,2.19546911,3.36728945,-6.08869630,8.18881703,11.07655762,10.60237551,-3.96420834
25.91015625,4.17305760,6.12591186,6.34221000,-6.62740091,7.39786495,12.66877143,13.67179980,-6.05209140
25.91406250,5.58976376,10.75840414,-3.95199220,1.36988534,4.23258586,7.10260632,2.36269131,-7.41671334
25.91796875,10.92784265,7.46838423,0.12912276,-1.15387021,-2.55738304,8.71713528,-2.88448662,-8.52773552
25.92187500,10.07015165,4.82660692,-1.26965479,2.83149593,-1.81481497,8.01929467,-11.46898551,-9.67585375
25.92578125,6.80584880,-0.36699012,-4.44969511,5.75629026,-8.89274468,7.65466167,-10.68441014,-7.43795363
25.92968750,8.87793089,-7.28185390,-7.60995742,3.65002352,-7.01331631,9.86546043,-7.25185431,-6.45603150
25.93359375,6.97343334,-6.78717307,-7.28804866,12.86452477,-6.08381622,-0.75655555,2.46196679,-1.76490612
25.93750000,4.47345710,-8.86911115,-4.87587455,10.26150431,-2.63018697,1.18704738,3.43682993,2.72876475
25.94140625,2.42382168,-8.96080257,-7.74808563,7.12150448,-3.51313111,-3.72050047,9.42673143,6.23897498
25.94531250,-2.42799394,-6.89032419,-6.16632879,5.75024728,0.71953089,-1.13712553,6.52049198,6.64357354
25.94921875,-3.51877457,0.44516674,-10.62625248,5.58388146,1.59933266,-2.27929513,-1.18178406,9.39921799
25.95312500,-3.79127829,2.14333657,-10.46510171,2.10913055,13.22274340,-8.79542674,-6.94705437,9.28665750
25.95703125,-3.19482889,5.67070862,-10.05031603,2.38672794,8.65113488,-8.37203051,-14.13092245,6.45953867
25.96093750,-9.36109192,11.28230238,-10.98319611,-3.63408320,8.91128728,-5.93295903,-13.43387131,4.06428714
25.96484375,-8.89995441,10.45979365,-9.42915489,-7.43591215,8.02236173,-11.23077988,-4.90731316,2.60649479
25.96875000,-14.17129888,8.50494250,-10.54625971,-8.05296359,5.87374240,-10.63804573,2.80388054,-6.40875272
25.97265625,-11.99483300,-2.33134788,-3.13520284,-12.72795416,-0.96741690,-9.15100032,4.17958682,-5.78769787
25.97656250,-11.10153621,-2.85759352,-10.86127372,-10.73508164,-1.93256423,-9.64946139,11.29164773,-5.94558626
25.98046875,-9.95761785,-9.57238545,-3.28949294,-13.27512482,-4.62312424,-9.96583089,3.04496731,-9.92972180
25.98437500,-9.01368065,-12.71068212,-5.56504559,-11.81735749,-7.40792598,-9.26354358,-2.39720608,-12.18084150
25.98828125,-9.83969701,-8.51077241,0.27714173,-8.98361110,-7.81025794,-13.07162599,-10.47691623,-4.37203861
25.99218750,-5.76115426,-8.92414340,0.87890165,-8.98024491,-6.79466643,-4.53135047,-9.22314343,-5.88391263
25.99609375,-4.27827946,-7.45733871,0.13114850,-5.31899048,-5.11797058,-7.60494709,-6.02570423,-2.93665756
26.00000000,0.13448755,-1.79738828,3.20659715,-0.79969244,-0.29038324,-8.51917118,-0.71084448,3.45100130
26.00390625,2.53027832,6.13745776,1.73632015,2.25311356,3.71198188,-2.75602439,2.52501616,3.47987887
26.00781250,1.47886719,7.26603824,4.45770772,5.57492333,4.70492599,1.18103364,10.67790769,8.44624207
26.01171875,5.91697599,11.51098899,6.07113834,11.39585714,7.42831644,1.25810317,9.11805141,10.69557006
26.01562500,6.86896558,10.02512067,8.14914747,9.83685017,5.40591633,7.90045403,-1.08448489,11.90097117
26.01953125,5.64229389,8.63956524,6.77541978,9.25852994,8.17355294,5.06529807,-4.25593751,14.53744179
26.02343750,10.56470023,-1.84879801,11.30526057,7.83633321,4.95484513,7.46647876,-9.27256564,9.87769864
26.02734375,11.65715075,-4.96556408,9.09026186,7.56372590,-1.21394738,7.04950721,-7.84294552,8.00558433
26.03125000,12.81776083,-3.98496083,9.16354557,5.49361279,-8.14970448,8.37190732,-4.58480747,5.80973576
26.03515625,8.72694716,-5.22928682,14.50507919,5.41060112,-12.09963775,8.79532955,1.38512496,1.27633757
26.03906250,6.14544491,-6.38614818,9.74818398,5.36587873,-11.87370631,9.81971556,10.66702347,-1.30609294
26.04296875,6.52196139,-7.42445582,10.17986867,2.99294182,-9.43765775,13.39436041,12.52367652,-5.28817093
26.04687500,1.07124858,-0.91679799,9.14589697,-1.12490127,-9.24614520,3.00433688,7.99908305,-9.22588941
26.05078125,2.54616399,3.37090907,6.78337985,-5.44832273,-6.80207590,5.48758097,-4.04456082,-9.40695241
26.05468750,-0.67752294,8.66623536,7.43534579,-10.96079146,-1.96002140,7.54845034,-7.47368164,-6.25326046
26.05859375,-2.66283543,5.33792159,7.51597149,-6.06238011,0.90175345,2.59689049,-5.48053109,-4.92201719
26.06250000,-1.40060747,12.79609084,5.37729386,-9.56675545,5.39665748,-0.42660674,0.32612015,-4.03311313
26.06640625,-7.68002086,8.59899570,5.43879260,-6.07608227,10.11269862,1.59892404,-0.77970164,3.96897092
26.07031250,-6.88849521,9.15395247,5.01826378,-7.00549282,7.81548863,-3.29707445,7.98002165,2.30265464
26.07421875,-6.83698144,-0.11231048,4.88852296,-3.17389035,9.03109627,-3.23871359,12.03702528,6.11579979
26.07812500,-8.53928900,-3.56381105,-2.79322943,-5.03562623,3.20151283,-7.21616098,7.26349157,10.73675767
26.08203125,-7.64966191,-10.25996984,2.89997446,-1.00641427,3.36442970,-7.92238034,-1.31173323,11.75123352
26.08593750,-8.83366382,-11.30591835,2.11388622,2.88268798,-2.16780750,-6.25596276,-0.38085063,12.65404953
26.08984375,-6.34649308,-11.59438572,-2.20843285,1.34890788,-9.38618415,-8.03188636,-12.14644272,6.61661826
26.09375000,-1.96356260,-6.69251324,-2.57772700,8.68461384,-12.48714254,-14.22141907,-7.71837550,6.27594414
26.09765625,-1.72920227,-5.44516423,-6.31563159,8.88357633,-6.11362971,-9.06474206,-3.23482091,4.28074820
26.10156250,2.66727380,2.49472833,-6.13065431,12.16550361,-11.97501959,-8.88651948,5.00255847,0.44215916
26.10546875,4.47677589,5.79243566,-8.34171760,9.72469118,-6.79300475,-8.06507379,8.75237881,-5.93856743
26.10937500,5.30933997,7.95552449,-3.04926339,5.43181230,-2.25884202,-8.50565999,10.82408031,-2.52044934
26.11328125,11.64634377,11.78742397,-6.18401813,9.49797963,2.03458218,-8.66143358,8.15814125,-6.79824638
26.11718750,9.31923914,8.06710178,-9.78234996,7.72307431,3.63085783,0.85258937,1.84556207,-8.39247454
26.12109375,7.02739230,9.04202497,-11.03157989,1.66215064,5.30045122,-1.23970050,-6.04543971,-8.73925566
26.12500000,9.31668249,-2.33333664,-10.26221909,-0.28682326,10.81639251,2.48560984,-10.08995221,-5.10915296
26.12890625,12.31486200,-3.58779972,-9.37944480,-5.05290537,9.24603870,-3.16860257,-7.75113478,-1.78914827
26.13281250,9.22306728,-8.99697175,-8.34611434,-5.56060029,6.43528126,6.23960983,-0.49391088,-3.29146587
26.13671875,6.53515480,-12.31154822,-7.91199398,-6.87855093,1.88566003,8.91190220,5.92710495,-0.45488317
26.14062500,4.56469126,-9.11631582,-8.85349959,-8.88033588,-3.76123122,3.10903927,5.99508497,7.45645800
26.14453125,3.51022243,-6.80412649,-9.20820235,-9.25318126,-5.29481283,7.17980087,9.08700585,7.48712627
26.14843750,1.60259312,-1.98108957,-3.23460686,-11.89085077,-8.44432236,6.44764420,6.31752403,11.35485887
26.15234375,-1.07101921,3.75264989,-3.89920621,-11.16585056,-11.72029311,11.96061255,-5.88230391,9.40774282
26.15625000,-0.72449042,7.68681615,-1.87242622,-7.96285141,-11.48402790,7.98432880,-11.00130243,9.11867195
26.16015625,-3.74333238,7.52455540,-2.95840452,-4.58398085,-8.23119129,8.48818155,-8.82730943,7.97130926
26.16406250,-6.42133181,9.55068584,-2.20368619,-3.70241702,0.01013349,9.81478829,-4.88370602,1.74099047
26.16796875,-7.31289346,7.56768759,0.71032615,5.30981184,5.14581277,6.70835054,6.20758201,-2.65738629
26.17187500,-11.93722481,3.70722289,2.12404877,4.30900870,7.47417119,7.30838442,7.30024710,-8.88412228
26.17578125,-8.74071879,2.18847098,3.55464259,8.60048761,9.84019499,2.76398305,8.38301393,-12.81710348
26.17968750,-7.19620744,-4.56009831,5.72606513,8.52815111,11.56393413,5.74453474,7.43831164,-7.83373557
26.18359375,-6.55336446,-10.34588614,6.59695689,6.04576011,10.19851671,0.90947685,1.09035984,-10.42532393
26.18750000,-2.50272465,-8.20844801,8.28294756,11.94809543,3.79377130,-0.60066852,-7.93733715,-7.74532486
26.19140625,-2.93547367,-8.47207657,8.21279299,8.52409767,0.43012400,-1.69262698,-8.70919832,-4.21996117
26.19531250,-3.91088112,-3.14611635,9.41093917,6.47948205,-0.71087684,-3.89127468,-9.14053178,-0.22750395
26.19921875,-0.49241158,-0.19283500,8.37722243,11.72902956,-6.76142331,-3.09242932,-1.14941172,2.03333148
26.20312500,0.90746846,4.70863464,8.78863379,6.01305315,-8.37587784,-6.97434440,8.92896214,1.68630280
26.20703125,6.29034407,11.42730853,9.29258484,3.75299840,-12.61179225,-10.27950377,13.71853502,5.12783961
26.21093750,9.96849027,9.15460450,11.02362474,-1.01890735,-9.06500676,-9.34677665,10.63456694,14.33307407
26.21484375,9.47165439,7.03632224,7.13636468,-4.12487381,-8.04946019,-11.09389618,3.89784112,11.41908737
26.21875000,13.05593567,11.08232012,8.82705268,-5.71745055,-4.56297085,-3.01356604,-2.34329113,12.84206293
26.22265625,10.77243855,4.87868359,6.45139173,-11.59567988,-2.78849223,-4.95748706,-8.29243507,11.37764799
26.22656250,12.51159722,2.12232367,8.96628085,-7.08275918,2.35914943,-7.76966201,-6.37171926,8.03655889
26.23046875,8.92877414,-3.20098461,4.15825794,-4.78411940,3.15097363,-9.74578250,-0.42351743,1.70510990
26.23437500,6.60136175,-5.80030848,2.79784436,-9.46064538,13.57174073,-5.87057470,6.75974158,1.44927156
26.23828125,9.13948696,-5.75649058,2.18872489,-10.32958191,11.79411837,-5.90553982,11.23075513,-4.86167537
26.24218750,5.55287123,-6.53458148,-1.54352762,-4.91828628,9.69878666,2.46372107,14.82201178,-8.25806914
26.24609375,0.97570354,-0.70717924,-1.09373621,-2.29709939,7.40509192,0.51680344,12.05710010,-10.82130871
26.25000000,0.93816248,-0.91248106,-3.39296492,4.03491458,-3.56198800,-0.81372527,1.74622589,-10.99187714
26.25390625,-2.08716922,1.74312516,-1.61102109,5.54791661,-1.42143686,4.25282908,-3.64592373,-9.07653049
26.25781250,-4.97513142,5.87371535,-7.53429136,8.96728144,-7.45172055,6.55125586,-5.15491043,-7.83698855
26.26171875,-4.70315802,6.96846846,-2.05884628,6.47619714,-8.50922258,8.52394518,-8.16432328,-4.40292334
26.26562500,-7.17044037,7.54455939,-7.35254886,9.38078176,-12.89462902,9.60855873,0.28656926,-4.01376246
26.26953125,-3.82743046,1.28012128,-8.38076951,10.77305975,-4.67365103,11.20180095,5.36464586,1.65723937
26.27343750,-8.21405510,-1.42777873,-8.56557068,6.82414017,4.68307127,11.59613188,14.39586673,1.27844051
26.27734375,-9.07072568,-4.48675085,-11.69099049,5.00497848,6.43955456,12.00207758,9.31891026,7.23988435
26.28125000,-8.79282558,-9.73850497,-11.40809665,4.86864562,5.23716992,9.45032782,3.48163144,7.46861566
26.28515625,-10.38262761,-12.76282589,-9.71281966,4.37167656,7.14523795,12.80537022,-2.31297733,5.71573399
26.28906250,-5.45955617,-9.56436821,-11.48271853,-1.10508407,11.88487428,8.41149665,-7.44581620,7.43103376
26.29296875,-4.25836575,-9.10447019,-8.71573816,-7.44724740,13.75143018,9.24845656,-9.67984038,5.49060759
26.29687500,-1.36325295,-3.12566246,-11.01330836,-5.34693819,12.36074340,8.21518561,-9.10899860,1.73222698
26.30078125,1.49700155,-2.74147108,-6.63310084,-6.89585466,6.77342898,5.89785743,0.19479090,-3.29381907
26.30468750,0.48792950,4.39520595,-13.75077422,-7.67429571,2.97710386,3.36360977,5.65811776,-5.03276459
26.30859375,4.13749172,10.45642800,-4.32373859,-10.10063787,-2.09088745,-0.31896537,11.04932071,-10.30535138
26.31250000,9.23681133,7.15857235,-5.53601556,-10.58013833,-6.92261298,-1.52166268,7.20950297,-12.02674500
26.31640625,8.32512074,6.82225948,-5.40691723,-10.52558253,-11.06425036,-1.24591845,2.80979210,-7.75526158
26.32031250,8.34728309,3.09288759,-5.69443426,-12.95951135,-10.55320753,-6.63628233,-8.99198653,-10.72352175
26.32421875,11.09415636,-1.09757691,-7.20439526,-4.79740829,-11.36395254,-5.94348722,-10.14631161,-6.82264752
26.32812500,10.00914961,-6.31087994,-2.13931492,-3.03296516,-6.64876242,-5.96529250,-9.73802572,-2.60246338
26.33203125,6.76745342,-13.28136149,1.63637115,1.48508154,-0.70926040,-6.06881180,-3.08688268,0.81775140
26.33593750,9.41557226,-10.76685769,-1.41880291,3.89219730,2.07099742,-8.49887348,3.54056706,3.95999448
26.33984375,6.82487997,-7.72762551,1.51004886,6.68538168,9.12417604,-12.20325508,9.18677622,6.94488247
26.34375000,3.20253895,-8.69601834,2.44648487,8.18621094,8.68191678,-7.38218721,8.17245538,6.88678850
26.34765625,-1.13439984,-2.04761437,6.59685486,5.22747366,11.14204467,-8.01122839,4.44018329,11.02821932
26.35156250,-1.05896617,2.59016381,7.75776085,9.45063883,8.00909643,-5.32449461,-3.65261997,9.63068115
26.35546875,-5.10549189,3.97368188,8.02056519,11.16143523,5.82657813,-6.68865079,-8.32564198,7.45824083
26.35937500,-4.72418873,6.88986147,10.66303975,4.47153208,2.17358135,-8.01821083,-9.86879427,11.41905529
26.36328125,-6.27357301,10.74416408,10.35775232,8.73715192,-3.61999180,-4.70740482,-5.97084783,1.39658422
26.36718750,-8.66760719,9.42467502,12.20019450,8.30648224,-9.16925260,-4.64425915,-0.96012321,1.49546377
26.37109375,-7.55622120,2.14079421,11.66647612,-2.12127375,-8.76436386,-1.49528023,11.04750206,-6.56223464
26.37500000,-9.31576187,-1.76274955,4.47064844,-0.30927744,-11.39566488,3.22660751,7.63996967,-8.10923541
26.37890625,-7.86433311,-5.84344032,12.10827600,-3.42143274,-6.76573515,2.27075039,3.45467425,-7.77512671
26.38281250,-8.08507229,-12.31240533,7.25558682,-7.87843951,-2.52244859,7.35672394,2.71340002,-9.10537032
26.38671875,-11.15891262,-13.01502343,9.47566152,-6.58077964,-0.69524982,3.03263672,-7.56634280,-6.79993902
26.39062500,-4.44307813,-11.44938476,6.47012714,-8.17986122,5.29092726,4.54521120,-6.73647635,-9.86130094
26.39453125,-5.63576478,-5.40058875,9.40172574,-10.11503277,6.70547917,7.62219394,-11.95267317,-7.88698885
26.39843750,-2.67611403,-4.07605978,8.62959783,-10.88650181,11.78077541,5.99644932,-0.54266643,1.30509438
26.40234375,1.64705545,4.49392069,2.74996039,-9.36652313,11.06092367,11.06135182,2.46136684,1.76852666
26.40625000,1.72468235,9.17700067,5.57335911,-4.70836042,12.44718652,9.91154019,7.72549221,5.11420275
26.41015625,3.95687525,13.74941563,0.98482062,-5.28998891,6.13949978,11.08061368,7.99761278,6.68946722
26.41406250,6.44981434,8.09508619,-0.96711427,-6.87710106,7.30307184,9.60365318,5.54143985,7.93004251
26.41796875,9.98706458,9.30197901,-3.79097223,0.28013523,-1.62189343,10.77678335,-5.39238435,10.30736192
26.42187500,9.47853088,-0.05905597,-3.35078259,2.25230200,-5.42997676,9.53234956,-6.01081706,9.17060774
26.42578125,10.54708258,-0.08166053,-5.65113063,6.27773530,-5.50511518,5.21425637,-8.52635059,9.65230490
26.42968750,5.89489739,-6.52284400,-2.02000375,6.89448127,-8.24030555,0.22982812,-3.38143456,4.55321635
26.43359375,9.03667024,-8.62210767,-13.91789056,13.33046884,-8.03202118,4.63994240,-2.85920051,-5.18549261
26.43750000,3.33571930,-11.68563474,-7.21719685,10.13062532,-7.23194152,-0.62553328,8.19777632,-7.85578959
26.44140625,6.06418906,-8.58032795,-7.46531154,6.86049286,-2.59120054,0.30143371,12.64143179,-8.03159284
26.44531250,3.08416901,-4.70061222,-9.50498570,6.19564109,2.41053929,-4.00561933,5.54290732,-11.12977144
26.44921875,-2.86192584,-3.94537398,-9.84140127,5.57264283,4.19971030,-2.45186248,0.02087505,-11.94815356
26.45312500,-3.51027150,4.59225111,-8.34339681,-1.43365787,8.09904600,-8.87917598,-5.90555672,-9.58139800
26.45703125,-4.45016521,4.78194915,-7.86308783,-1.79658619,11.71633225,-9.92078958,-13.87164737,-9.42903764
26.46093750,-6.28880585,8.84486790,-6.81188305,-3.96117545,11.73102440,-9.11781796,-11.00671795,-9.01851122
26.46484375,-8.90310153,9.36676922,-9.53973966,-9.49215671,9.45326316,-7.79502037,-4.53097467,-1.81129815
26.46875000,-11.39915657,2.74151125,-11.14165633,-8.88548750,8.71577066,-13.27175047,-0.74574576,3.11913013
26.47265625,-11.79563138,3.14499923,-8.59199529,-8.31221836,1.70666732,-6.87392520,6.08298023,1.50674314
26.47656250,-9.97856334,-7.24903470,-8.08606743,-11.06109851,-2.42724890,-9.14272896,6.85962896,5.09528794
26.48046875,-10.67724395,-4.48277347,2.54346425,-13.61857066,-8.76157164,-11.79634271,2.25897712,7.13220494
26.48437500,-8.12235158,-8.49209473,-4.00816291,-11.61615766,-9.57689163,-9.01813256,-4.06645757,9.70677011
26.48828125,-11.33499507,-13.30941028,-3.75416083,-12.17125882,-5.02332955,-6.04524438,-13.02575960,10.18477572
26.49218750,-4.36611218,-10.56683420,0.49166549,-5.16668779,-5.09757398,-2.05814670,-16.57441920,8.89681583
26.49609375,-7.13100173,-3.70215145,-4.01084303,-5.58458310,-3.06572107,-5.67554514,-5.36094508,3.29081488
26.50000000,-1.94879101,1.24756886,1.39362133,-0.24271388,1.03727726,-5.44290770,-3.33312068,-2.56156378
26.50390625,3.45771955,5.40849153,0.77240243,1.86798770,1.77261996,1.69838986,9.05965212,-2.14049425
26.50781250,4.47558781,8.45486273,2.09516366,8.09274203,3.39837560,1.97000975,9.04460801,-8.69088348
26.51171875,4.81707481,11.63164779,3.70027321,7.77148757,7.97771214,0.96783892,3.48994561,-7.80013144
26.51562500,8.07902914,6.25739811,6.06787768,9.28341794,9.46440043,4.33453617,-0.33712922,-4.52864673
26.51953125,8.77622840,3.39623666,8.58863950,12.30900764,6.48388424,5.80167973,-6.53981394,-7.48461792
26.52343750,11.28274255,5.21084887,7.94343756,10.48644398,6.08494347,6.90763978,-9.03639318,-6.89874685
26.52734375,9.58720481,-2.70181232,9.23093790,11.06706010,1.36168344,9.39081228,-7.92894723,-4.18937086
26.53125000,6.82825704,-3.65063266,14.48597210,8.03983626,-5.45289543,9.64118686,-1.78342927,0.40765871
26.53515625,8.31631452,-5.07324719,9.30678298,5.29306226,-11.97234840,7.54156550,3.35944223,1.35110368
26.53906250,7.59985270,-8.61476376,11.96747562,4.55866520,-14.04750464,11.21098222,11.80769761,11.88530812
26.54296875,3.60063535,-5.10377231,10.75505646,-1.21728291,-12.79454202,6.23275498,8.43575126,11.78834159
26.54687500,0.79934348,-2.67248154,6.96236560,0.46849188,-11.93459102,5.91074890,4.69383544,10.00868587
26.55078125,0.98551969,-0.55811281,9.18697523,-4.16114417,-7.96745874,6.43354520,-5.07614256,9.15157299
26.55468750,-4.49394411,4.35128501,11.97288995,-5.81722273,-1.25246863,2.01814704,-1.92566714,10.79790482
26.55859375,-3.97014324,8.06756826,9.91504551,-6.58511456,3.26974198,4.11977890,-8.18610313,9.22525720
26.56250000,-7.10177239,9.45238720,10.32707796,-10.34652736,3.44693684,1.29407319,-5.29697595,2.52618109
26.56640625,-5.92386194,9.89151622,7.44259819,-10.33350380,7.54845749,-0.15903736,2.37439891,3.50619292
26.57031250,-9.62184500,7.77336171,4.84851073,-8.08235139,10.17371272,-1.25599187,8.21180194,-0.64422395
26.57421875,-8.57522475,5.80370167,1.26170894,-6.72152716,5.70269926,-2.81659715,7.85464719,-3.86384070
26.57812500,-11.42232523,-3.59325524,2.61922506,-4.60398252,2.73245765,-5.85481500,11.92446822,-12.46538209
26.58203125,-5.37918350,-5.77368649,-0.70591043,-0.08926841,-3.26700339,-8.01461367,6.68617681,-7.99282400
26.58593750,-4.26426559,-7.31922511,-2.99960642,2.23163443,-2.18285905,-10.38381064,-7.41054369,-7.71599069
26.58984375,-1.59261192,-5.02947640,-3.16530375,1.32892871,-3.27647584,-8.14823012,-10.88680945,-9.15309059
26.59375000,-2.15390595,-6.98504226,-7.95760919,6.89143524,-8.24618593,-12.10822954,-8.68345060,-4.35250707
26.59765625,2.16317438,-0.29865275,-3.77952275,13.29691655,-9.85299907,-11.87938473,-2.93832221,-1.55897591
26.60156250,2.07588312,1.80291454,-10.03207125,9.13767967,-6.47197453,-8.19759117,0.48774500,3.41323490
26.60546875,3.90551407,7.18285699,-3.91013663,6.96079288,-2.94832620,-9.43484688,8.48241505,6.19893005
26.60937500,7.70325067,9.92029299,-8.66084164,9.59385147,-0.40408404,-4.95720213,6.47625886,7.33789270
26.61328125,7.06048816,9.64201817,-5.42033620,6.83040311,-1.36175035,-5.23656979,7.51870846,9.24699916
26.61718750,7.21529936,10.10639500,-7.65917178,8.10244533,5.33165630,-4.37399452,-1.76907480,8.59944587
26.62109375,10.03734238,6.33049633,-9.33467208,6.51011028,8.12480728,0.59977420,-2.49716739,11.38377771
26.62500000,9.89781488,0.58895735,-9.21800242,3.83930162,11.50243948,3.23997746,-9.53325525,4.97281644
26.62890625,7.49969898,-7.17135258,-8.17145432,-1.09121570,7.97357578,2.59241064,-5.72412082,2.81354334
26.63281250,10.30475741,-6.25857489,-12.02293571,-3.96907571,8.32611601,5.00570805,0.63977393,-1.99940487
26.63671875,5.71930101,-8.95067532,-3.21639560,-8.03969952,2.57700332,6.58283253,4.37355891,-2.04136056
26.64062500,5.02107279,-7.03759270,-12.10842407,-12.30590131,-3.11936097,7.00908619,8.12541232,-6.09342238
26.64453125,2.10126628,-4.25790500,-6.21945707,-9.37274472,-8.56889225,2.97399386,7.88250171,-4.20352479
26.64843750,-4.54007248,-2.96773577,-8.85594240,-10.31203270,-2.15635053,9.57538739,1.90955795,-10.14835176
26.65234375,-3.98012585,2.99924528,-4.65602937,-9.36574558,-6.46667597,8.96462050,-4.69968951,-6.52221940
26.65625000,-1.31935753,4.72702420,-3.13029815,-7.62830703,-10.06676135,9.26058479,-12.42355343,-7.83394562
26.66015625,-2.86253974,8.80525021,-2.31940784,-0.12808267,-6.50907349,12.89899604,-9.63341003,-2.02830766
26.66406250,-7.32150155,8.86500178,0.24969665,-4.64782357,-4.60716158,9.34412440,-4.60471245,-1.21541095
26.66796875,-7.30204375,3.64806264,0.82778381,0.21394067,1.95200730,11.11849726,3.25117667,3.20751963
26.67187500,-7.58442537,6.67320092,-1.19130886,5.47326635,0.91692717,1.45328372,10.42496273,5.65629970
26.67578125,-8.82867768,1.00881604,4.12881759,3.61775492,9.11369356,8.83182754,10.31540495,7.82012947
26.67968750,-7.58423399,-8.89972696,6.42624808,11.16400055,10.01712093,2.73716569,3.43363711,11.23222778
26.68359375,-6.62786738,-5.71939507,9.11212247,7.14025085,7.00445349,-1.11882061,2.04647759,11.16890321
26.68750000,-7.42987174,-7.10273516,3.92826233,13.38967730,8.41175035,-0.71209421,-4.58733648,14.02476168
26.69140625,0.21991149,-10.06323904,5.89022784,9.35132459,5.24639623,-2.19189715,-8.74225232,9.02183014
26.69531250,0.14455874,-1.65814322,9.81671977,9.09510924,-2.85507993,-2.06708047,-8.56262231,4.14892629
26.69921875,2.29231658,2.27471181,11.69658186,12.40728097,-4.57035185,-6.42485326,0.25892818,3.86226454
26.70312500,2.41557104,3.51994974,12.45946009,6.03030880,-8.31460548,-5.60962826,5.19508411,-2.06474599
26.70703125,4.43602938,9.58979445,11.47824707,0.76026784,-14.05451140,-8.91510119,9.08849437,-3.09145067
26.71093750,7.68162128,10.93413869,13.09281479,-2.89210820,-12.77422840,-9.03481223,5.58463800,-3.99123401
26.71484375,10.54976520,9.56552935,9.96774327,0.26694725,-10.48142705,-6.53699468,3.98557429,-7.40869221
26.71875000,15.99700004,9.69803052,8.93274662,-10.55378684,-8.57508109,-8.90282605,-0.04569571,-7.73767151
26.72265625,14.71828078,4.38566304,5.07924291,-3.39893517,-0.71786001,-13.08178424,-8.11619768,-9.06888750
26.72656250,15.34097242,2.46623651,5.33897137,-6.41842348,2.60486818,-3.77119374,-6.62832400,-6.48528157
26.73046875,10.64714790,-6.26733302,1.76839007,-5.17854722,0.43320829,-6.07891865,-5.06467740,-2.59400882
26.73437500,6.33752287,-9.84544749,2.56456394,-11.06463611,4.42885938,-6.75421874,5.62566441,2.23203904
26.73828125,4.78412790,-9.57756325,2.51602034,-6.68110125,9.59548774,-3.56282654,8.87332858,4.51227871
26.74218750,3.51191082,-8.55383342,0.11644801,-4.49460131,6.56526153,-3.04106940,13.39306835,4.49467139
26.74609375,5.04172868,-3.81755699,-1.17542482,-1.49732685,5.04174535,0.50140658,7.29024571,7.50048707
26.75000000,0.37916416,1.49550719,-2.18610501,3.23865415,-1.12291123,0.63108329,0.67669885,9.00411847
26.75390625,1.47106378,3.96897136,-7.20201635,5.50575673,-5.74562900,6.02065783,-3.45489797,6.67064825
26.75781250,-4.15899376,8.57013095,-7.31872315,10.59160720,-5.29365728,2.29863690,-9.72971345,4.25245651
26.76171875,-8.16251719,11.43620329,-8.57435145,7.85591724,-9.55645406,9.06337136,-5.66151860,7.69801233
26.76562500,-10.14611795,11.10536424,-7.47358573,7.69541372,-9.26660293,7.37604282,-0.44521770,-4.69738809
26.76953125,-8.67009470,2.32090914,-5.46299863,7.63805961,-7.13417821,4.97292760,5.72575443,-6.17333569
26.77343750,-10.94358552,-2.56487478,-7.81754152,9.69899437,-4.47437184,14.98335242,12.39376821,-9.01556899
26.77734375,-4.48264825,-6.16312100,-11.55493880,11.25553376,-1.02045509,12.89467749,6.42091779,-10.70324319
26.78125000,-8.09714569,-10.21517618,-9.52958996,4.23575543,8.40148096,8.02957896,5.86501599,-12.49304629
26.78515625,-9.95874220,-11.10844353,-11.73363888,4.67299289,8.87586959,10.83944144,-8.02313303,-11.68931723
26.78906250,-11.55174439,-10.95378525,-6.85062253,-0.28976977,13.72336900,13.33151015,-7.86673643,-8.31352256
26.79296875,-5.86155169,-4.65290433,-7.09771803,-4.60392189,12.47150625,11.88601188,-13.89065372,-6.77623707
26.79687500,-8.82674681,-5.83746507,-8.36632287,-4.18694415,9.22842616,6.51105651,-7.41082814,-4.60913458
26.80078125,-0.95558538,-1.01852924,-5.83315608,-4.74111553,5.46035788,4.08812917,0.51473786,0.36317980
26.80468750,1.16108665,1.12756064,-9.43867477,-4.63246830,4.09014792,3.05460797,6.85098733,4.26770374
26.80859375,2.58403427,8.39912648,-7.95084766,-10.09814492,-4.10223120,3.92418328,8.26408044,8.49191040
26.81250000,2.41153370,10.68497799,-9.03649245,-8.46129349,-4.00158241,-2.82046501,11.47251594,6.31604948
26.81640625,11.17974953,5.52077698,-5.60191936,-10.10692651,-8.67647952,0.73251037,-2.23456719,9.52146071
26.82031250,7.60350910,5.18058527,-3.55076407,-5.49987038,-7.76669407,-2.97126401,-6.49749648,9.58471298
26.82421875,9.72007187,0.47479228,-6.13055947,-4.78397783,-6.51283528,-5.19585211,-13.18629013,4.19851604
26.82812500,7.16356091,-4.31125659,-0.47513053,-3.73614956,-4.95997934,-9.15260082,-8.73150377,7.77191363
26.83203125,10.50867182,-8.23723660,2.56736884,-0.35596756,0.09656581,-8.94926098,-1.73638609,2.28110286
26.83593750,7.95529098,-12.09583098,-0.18525154,1.86552228,0.60719883,-7.98542109,6.53693557,-6.64910098
26.83984375,3.49487928,-8.68671651,1.48566724,7.28306987,3.68405699,-12.19819506,8.27885618,-8.67279375
26.84375000,0.63545999,-6.63844239,0.12210450,7.80860137,8.86585805,-8.46116211,8.36381710,-6.73412908
26.84765625,-0.79824204,1.02186187,3.60357690,5.46936800,12.71521142,-10.93103626,0.94537889,-10.39500655
26.85156250,-1.86685356,-0.33334367,5.56794449,7.13207058,9.98703800,-10.10554213,-4.41525298,-11.19237749
26.85546875,-3.43966128,2.61353248,9.97131432,10.32243665,4.27961233,-6.74637811,-11.75356711,-11.76288651
26.85937500,-6.26119083,11.59565899,5.86390375,6.66891145,1.19382939,-6.88295343,-9.56938139,-7.70492596
26.86328125,-6.95139595,9.18484346,7.30772568,10.39141296,-5.29705221,-3.57261632,-6.65276761,-5.97644275
26.86718750,-8.18354448,5.59832227,6.80785720,3.14730154,-7.09310631,-3.23458241,0.40871973,1.49231431
26.87109375,-10.16462283,7.16519270,8.95756265,3.00371680,-7.03207292,-4.40368257,7.88469356,1.86584307
26.87500000,-9.00762417,-0.25176473,10.61239082,-1.13031774,-5.79733378,2.66341569,5.91184112,7.09128033
26.87890625,-14.26238971,-4.68473897,7.38456196,-4.73143832,-9.28283956,6.13325170,2.89552932,7.33314305
26.88281250,-7.68801853,-7.90073763,9.56103683,-5.12389728,-3.95158665,7.21657158,3.61846506,10.74420125
26.88671875,-12.03080091,-7.75782022,7.04652104,-9.77299501,1.77787592,4.84290895,-8.86886111,7.64053821
26.89062500,-5.44035527,-8.54617259,2.16999399,-10.70719163,0.66896783,5.44115830,-11.59133975,8.94650085
26.89453125,-2.22885306,-9.40029263,4.90684450,-9.86738098,3.60229477,5.60687248,-9.27260262,5.23890313
26.89843750,-0.61009210,-6.77827391,5.38690192,-11.04189797,7.61234090,9.43804275,0.90814405,4.73716686
26.90234375,1.50623067,2.78611822,1.10610969,-13.63754116,9.89976109,11.22736795,4.12106193,-4.61923186
26.90625000,3.51879392,9.13252634,7.82989698,-8.72288366,9.37455530,9.28764639,10.10939181,-6.45689387
26.91015625,6.31062221,9.93154314,5.19264456,-5.55250406,10.50668839,12.57761647,7.73629743,-5.96110507
26.91406250,5.19429904,7.81978530,-0.66064319,0.45770471,0.94750252,6.85982826,1.78987651,-12.17014831
26.91796875,7.70690451,5.26800266,-2.77121099,-0.61032684,-0.16107014,6.97453527,-2.96362946,-9.40079200
26.92187500,8.18942420,2.51817500,2.09830465,7.29186567,-7.12305754,8.13566847,-11.80346126,-6.36592750
26.92578125,8.22852819,1.30376578,-4.84021559,7.19253870,-9.83621339,4.11745396,-7.63824857,-9.60928793
26.92968750,10.75598070,-5.37906960,-6.28870537,8.69615590,-8.41243685,2.15403752,-10.12017891,-4.05381147
26.93359375,3.94835580,-13.07112371,-7.90465429,8.12446652,-7.28360506,4.76402433,-1.79140937,-3.20744303
26.93750000,4.30693905,-11.86807907,-8.10952559,6.98579637,-3.05599036,2.43391386,7.42351616,4.00391323
26.94140625,3.17495206,-9.19267278,-9.34788136,8.80087025,-0.83017359,-2.99907725,8.47090338,7.43070632
26.94531250,1.72603419,-6.67019155,-7.24666941,4.26405005,3.65132378,-1.11000745,6.62205829,4.85994457
26.94921875,-2.56682240,-0.54509284,-10.00814742,6.81350670,4.85986958,-7.61366296,0.26063356,8.55840964
26.95312500,-3.18273957,4.16812815,-6.67617594,3.15666433,9.56725076,-3.39950489,-7.48156918,7.97877549
26.95703125,-3.62629093,7.48114465,-12.83972847,0.51260846,13.43276266,-9.88157216,-13.22895448,6.63979269
26.96093750,-7.05780973,8.14469799,-9.36343968,-4.28738802,10.59103760,-8.72203483,-8.42577565,4.06162084
26.96484375,-9.12476946,9.42634268,-9.45688548,-6.02335712,9.44026024,-10.10747163,-3.45772729,0.34086277
26.96875000,-12.88648009,6.70022349,-6.87413329,-11.63535498,5.56326069,-12.65773812,1.20370370,-3.43667489
26.97265625,-7.76227538,2.01543222,-6.86258028,-8.22036889,4.67871692,-11.70521114,5.71261676,-6.48515909
26.97656250,-13.58536541,-6.05435583,-6.33252707,-12.66612239,-1.74090439,-9.52331522,6.86020709,-7.90347478
26.98046875,-9.95738649,-10.21088452,-5.36430505,-11.49305450,-9.92792626,-9.93416873,4.80166175,-10.60366556
26.98437500,-10.24509717,-7.06515478,0.43864958,-13.67182594,-12.07601546,-3.69433000,-1.38913187,-11.54521282
26.98828125,-8.33624988,-9.43618495,1.13202189,-11.02528153,-9.32981574,-13.23353527,-11.89620717,-6.66337371
26.99218750,-10.36434869,-8.24394318,1.90973380,-7.55360972,-10.59479210,-7.55739555,-9.48356231,-3.46812239
26.99609375,-4.24825657,-3.64756312,0.49063224,-4.08703275,-2.84648410,-5.57322551,-12.39568153,-6.48851270
27.00000000,-3.16959787,-1.39221547,1.86464618,-1.08943595,0.64411655,-4.11509664,-1.55994538,1.54463427
27.00390625,0.25135156,8.98728982,2.97210353,2.82778788,5.26738605,-2.31950651,2.46851509,4.52838599
27.00781250,4.75493799,9.86551095,4.18655048,4.81507947,7.46963261,0.73048264,3.66335413,10.85805729
27.01171875,4.90265912,9.99052591,11.04346229,11.27217004,9.20847208,3.22443786,4.13371625,11.13406669
27.01562500,9.68411971,9.19134143,4.95165867,11.93560635,6.64990962,4.48394308,-4.08155934,10.09848319
27.01953125,10.75017295,9.83503311,8.02708912,11.25039464,2.56481950,6.49543386,-3.43392102,12.28436009
27.02343750,11.22691479,9.16689264,8.74792219,6.86411104,-0.40662459,7.43386434,-12.16087788,8.56803758
27.02734375,9.60542004,0.43765809,7.80455850,9.98591060,1.34013647,5.08425585,-8.54226562,4.71036029
27.03125000,14.09164298,-4.66147275,10.29183712,12.10863043,-4.50336580,8.90688715,-3.60999300,2.08683466
27.03515625,7.12573260,-8.29653457,11.32164404,9.82240903,-11.15766750,9.83426074,1.20856062,-1.50329133
27.03906250,6.09239602,-2.82745692,15.12503477,0.19178332,-10.15175302,7.57466709,8.60897814,-3.09383866
27.04296875,6.11339170,-7.10505969,11.62680318,-5.58201802,-16.07004748,9.06254117,8.07572574,-6.17923112
27.04687500,1.51258487,-0.54621126,12.01648275,-2.39884772,-7.16537550,6.26371917,3.08005501,-8.64187032
27.05078125,-2.32253737,0.44021645,12.31824646,-0.83028305,-6.96865500,1.58971749,0.77329569,-8.56424925
27.05468750,2.37018033,8.74988447,6.18504173,-7.12981732,-3.42103933,4.01006113,-7.60235411,-7.50482887
27.05859375,-3.87902393,9.95986581,5.83076891,-10.16762742,3.05909288,3.18008672,-7.97630529,-4.93565296
27.06250000,-5.34871780,10.36381818,8.81898160,-11.47053619,-1.58092199,1.13226894,-4.92724726,-1.98723580
27.06640625,-6.70432387,8.89635606,7.23361197,-7.80326012,10.05920195,0.10968354,0.18067031,1.41250370
27.07031250,-5.97289120,6.00055965,3.52226417,-7.60453374,8.89055494,-3.90493150,8.25822351,5.19221080
27.07421875,-7.49464604,-2.26862816,3.00507899,-8.42492892,8.38251783,-8.13172899,10.83283209,7.88819896
27.07812500,-9.96135835,-5.85741632,1.67380924,-3.04694237,5.02254028,-7.04346101,9.94096745,5.60928190
27.08203125,-8.01939933,-7.02481748,0.34369659,-2.67118879,-1.09339579,-6.03584251,5.02504470,8.76666307
27.08593750,-8.06209199,-10.57333967,0.11741776,3.88245537,0.26472719,-8.11903437,-2.82913545,10.42728532
27.08984375,-4.10799355,-6.34643873,-1.66544699,5.73416822,-3.77446714,-8.74921403,-11.84257041,5.79580365
27.09375000,-2.96226698,-5.04252614,-3.12631003,9.29500395,-13.17104111,-11.62239649,-6.68111349,2.38552458
27.09765625,-0.47076128,-1.52764653,-6.28285184,9.65419753,-12.37730699,-7.09604634,-3.85053607,2.25825290
27.10156250,0.48503324,3.78089756,-6.09214294,9.68835045,-10.04952948,-7.97739946,6.44276832,1.29092592
27.10546875,6.16003650,6.63869708,-6.12319415,4.99681215,-6.81959182,-6.70228694,7.96962257,-9.06857692
27.10937500,7.45213900,10.74131819,-8.41648679,7.22812055,-1.48018814,-5.84671403,14.19847903,-6.48051523
27.11328125,10.08320568,5.46146226,-10.84828345,9.73995303,-0.63811219,-4.67954223,7.61962050,-12.28643723
27.11718750,4.95973409,6.75471085,-9.40018918,4.37612499,6.02267040,-4.86130377,1.24882330,-7.98588330
27.12109375,7.07740449,3.33008455,-12.71956727,1.44794928,5.53720792,-0.28714103,-8.59190108,-9.95602448
27.12500000,8.65758768,-0.35620450,-12.08628936,-0.72512930,11.28621924,4.78895826,-14.37655536,-8.06961854
27.12890625,9.18780344,-6.68047637,-6.43164061,-5.30953169,10.50942311,1.68461404,-7.14419109,-3.89799628
27.13281250,9.65353839,-3.15757895,-11.13288261,-2.57517768,3.00901221,5.00835068,1.87364383,-2.39885993
27.13671875,6.64192744,-7.55724033,-11.07961857,-8.01310497,2.08685413,7.99006905,5.55276462,2.55456505
27.14062500,4.70610998,-9.18790128,-8.78204960,-10.21376520,1.29152988,5.98983705,6.42089702,6.37018740
27.14453125,2.67969974,-5.53264413,-6.57353092,-12.16027238,-5.74755401,5.67192388,8.94677928,6.64232444
27.14843750,-0.08860687,1.39911943,-4.62118082,-8.73049780,-3.60729542,5.99143711,4.07591686,9.84711536
27.15234375,-3.02996480,1.37050116,-5.76678871,-8.58432865,-11.88870490,9.37019556,-6.69094275,11.58063503
27.15625000,-5.66031607,8.48377445,-5.44258095,-6.96505698,-10.59049175,10.43445350,-9.84353755,8.79159026
27.16015625,-3.08105880,9.45603232,-0.58477384,-8.01524012,-6.80754342,9.50563790,-6.79646725,8.38768100
27.16406250,-8.78447972,8.71749677,0.77951063,-2.84574126,-6.78584151,7.34876721,-2.21409355,5.22638040
27.16796875,-8.31986131,9.97276223,-1.24688616,2.57619555,0.55133589,9.80436877,3.59713772,2.42255975
27.17187500,-8.57355638,3.79587475,1.53434031,4.81547408,6.54435058,3.48258950,5.06679022,0.08459272
27.17578125,-5.83364850,-2.41979799,4.64626882,8.52508118,2.72881698,4.22519625,8.55037115,-7.58568780
27.17968750,-7.88788828,-5.25128214,4.20427741,8.63038935,10.68626509,3.51443400,2.72683636,-7.95476115
27.18359375,-6.18514869,-10.06572563,9.45406812,8.89039161,12.60555926,5.86407695,2.46921687,-8.06178199
27.18750000,-8.11382156,-8.81828827,9.86416120,6.85034831,6.91449716,-1.89688760,-7.87876146,-9.43384687
27.19140625,-0.81625149,-9.91877833,9.84714387,11.00149714,2.27423434,1.54281218,-11.17181934,-9.83915188
27.19531250,1.14023261,-3.25779914,5.46187312,4.91310557,-0.81818957,-5.94680248,-9.96389480,-5.69251305
27.19921875,1.55133330,-1.21072971,9.92403200,5.59589418,-5.61841209,-4.73803946,1.65598989,2.84003040
27.20312500,2.80195140,1.55772602,14.96272569,3.80417526,-10.40835405,-7.71892299,4.88099765,4.70711742
27.20703125,7.31056098,10.38224148,12.26017276,4.20872571,-9.32855234,-10.05210161,11.78887725,7.23525721
27.21093750,9.16719554,13.31544346,10.42653689,0.32428366,-13.46339982,-7.01163472,5.56656893,6.53864940
27.21484375,9.45075245,9.39931648,9.33249162,-0.91888473,-9.16667542,-11.36638794,3.48239300,11.38494428
27.21875000,6.37436091,7.02679754,6.77489233,-4.05998470,-6.26094820,-7.26628859,-2.41928604,12.58408120
27.22265625,7.41103770,2.87509362,6.33892319,-8.67278116,0.08394029,-8.49808523,-8.54273654,9.86873677
27.22656250,12.75537292,1.75992085,9.92593128,-8.48698302,4.22003069,-9.02394204,-5.46764613,9.19273069
27.23046875,11.86884297,-5.37972104,2.04629805,-8.64438036,7.52636435,-2.07662747,-5.09706526,3.39430757
27.23437500,10.41350914,-7.79875716,3.21149046,-9.43206595,8.58103717,-3.35727777,3.18602963,2.60327972
27.23828125,11.66993454,-5.92110760,-3.40737502,-5.92056057,7.90272664,-1.91777547,7.02831831,-4.28622943
27.24218750,8.45567234,-7.90956925,-0.21977788,-1.76111423,5.20650088,-0.35678359,9.09861153,-5.03588327
27.24609375,6.14976392,-2.09727953,2.59888671,-4.36746849,4.90591194,0.00688858,9.73423165,-13.28999653
27.25000000,1.46445565,4.51218231,3.69745032,4.11225343,-2.17220186,2.94549455,1.87554022,-9.29522280
27.25390625,-2.23851109,4.55333043,-3.69033440,4.99516199,-4.35425476,1.96813664,-8.97373163,-8.02836219
27.25781250,-4.10822878,6.67118921,-4.84555428,5.33391773,-4.26277143,7.75970857,-8.85437257,-6.80945692
27.26171875,-7.02474575,8.32016647,-4.31499379,3.99371997,-8.32990454,11.61746586,-7.99833893,-3.48841249
27.26562500,-3.53361497,9.62990195,-8.91830788,6.56825289,-5.73012628,9.66783171,-1.79114767,-0.65137485
27.26953125,-6.64378789,7.01703304,-6.70645835,8.29306262,-8.60891706,7.66572211,6.20887479,0.50085093
27.27343750,-10.36235195,0.76403053,-8.21245992,9.85023644,-2.16907900,10.30889008,11.45758913,-0.16964250
27.27734375,-9.31693085,-7.83136273,-12.66015542,10.68571795,0.66356918,14.25604256,10.21579076,5.23400793
27.28125000,-2.93432907,-8.80625881,-7.41027511,7.80291917,8.06135220,14.79109850,4.39409213,6.83868028
27.28515625,-7.28313758,-13.85936843,-10.28327585,1.25342793,10.37162099,15.23222143,-6.37003346,5.27532329
27.28906250,-8.22289304,-12.71250381,-10.27913227,1.57380068,12.76341600,11.41107275,-15.92505293,4.33929827
27.29296875,-6.79261183,-11.08652830,-10.04298952,-1.27201597,12.09235634,8.74049455,-14.14509851,2.00680853
27.29687500,-2.82019414,-4.77619554,-9.37590696,-5.41917143,11.67470741,8.82078289,-6.96444735,2.03118866
27.30078125,-0.42460851,-0.58397605,-8.02186782,-6.10825509,3.89977640,5.20996389,-0.55333252,-0.64024305
27.30468750,4.69556490,5.70802041,-6.37604528,-9.31145834,1.68485998,5.03614799,7.88269961,-4.12033277
27.30859375,1.65249548,5.95141791,-7.40336056,-9.98993458,0.76311660,3.67537747,8.57201400,-8.61728829
27.31250000,8.38589647,9.05127183,-9.10075826,-12.39538334,-6.35604119,-3.12984495,11.91395256,-10.34851254
27.31640625,9.30262851,8.77979766,-5.72656378,-7.53034072,-9.04664261,-1.92815393,2.47907981,-5.20286477
27.32031250,9.38315378,5.56102598,-0.40098350,-9.01296951,-4.08424628,-3.91125039,-4.10499688,-10.21058639
27.32421875,5.44436884,-1.68260558,-2.98077040,-5.74790916,-7.55335832,-4.37924607,-7.78332799,-8.51282021
27.32812500,10.60683079,-3.55228610,-8.28261306,-4.98307027,-4.50764295,-5.17188011,-4.57192112,-6.27702185
27.33203125,7.22397081,-10.32894384,2.55502421,-1.23482489,0.32030927,-3.44159462,-6.68240088,-2.43449759
27.33593750,5.81975980,-11.83897135,0.52252361,-2.19702437,1.46990974,-6.66501898,1.99017679,5.91463204
27.33984375,2.83996139,-12.61282609,0.52553490,5.81675645,5.01221418,-4.11048584,9.03111183,2.93517446
27.34375000,4.39289924,-8.71527501,6.58089947,4.80409359,7.97460341,-13.22122024,7.93336951,8.10287402
27.34765625,2.57591008,-5.79490169,5.59461284,8.61868608,12.67249137,-10.96273772,-0.10819579,6.46100187
27.35156250,-0.18589221,1.17118088,9.94458356,9.62958657,11.25940425,-8.42543430,1.60013507,8.64834471
27.35546875,-3.10749133,5.56501565,9.79537510,9.13255890,5.72481550,-9.39206561,-4.97423209,7.58062161
27.35937500,-5.59915896,7.39329546,6.92135630,6.50619172,3.81536904,-5.57658003,-12.13496436,7.56294897
27.36328125,-7.69284810,10.23041261,7.72047707,4.16499359,-1.14306037,-7.47221196,-7.14088679,5.88372737
27.36718750,-6.14115518,7.06268361,11.55323108,4.28533550,-7.93815743,-1.30574116,-0.16082127,-1.74241523
27.37109375,-6.74044729,-0.10025445,10.66491474,2.15589067,-5.80645277,-1.19568056,10.17753339,-4.41478508
27.37500000,-8.45565648,-0.31766410,7.91437902,0.44137583,-7.35724376,3.11434298,8.93918447,-7.61363418
27.37890625,-11.30236779,-6.41625198,8.00512095,-1.54490201,-6.30655843,3.93856366,7.62560936,-9.33532995
27.38281250,-10.04935269,-7.18974589,10.91001047,-6.69034356,-6.32052865,3.34564627,1.17636597,-10.58541204
27.38671875,-10.63826802,-9.12061601,9.49307715,-7.11389828,-5.70241188,5.37037694,-5.69954861,-11.12695679
27.39062500,-7.76537358,-10.47641212,9.79060643,-12.59843903,1.93603252,4.89661329,-10.81286300,-7.31314207
27.39453125,-1.44537827,-6.87130147,7.35604293,-9.17519584,4.07197294,8.05076835,-8.36205490,-3.66088319
27.39843750,1.59181051,-1.97931912,5.91866571,-10.22711368,9.39088592,9.40588437,-6.72819228,-4.19518006
27.40234375,-0.77021146,3.30105228,5.27758494,-5.63852490,10.25723862,5.68355587,0.24561146,3.64882889
27.40625000,2.10795893,7.59699398,8.95369743,-5.15245523,9.46234220,9.86988743,6.41979956,4.83939131
27.41015625,6.29868613,9.91871552,2.89209629,-4.73999233,6.13222876,6.18941294,7.11072417,12.21671011
27.41406250,7.21486654,13.90940905,-1.30957513,1.35807595,1.34662931,10.26133399,5.79675892,10.41238637
27.41796875,9.04627094,5.74686872,0.48200224,-3.08729183,-1.44245775,7.67247605,-1.71965259,9.08904893
27.42187500,9.00353245,3.66217480,-2.27109290,5.68424895,-6.38854891,6.30507222,-8.32719280,3.89455250
27.42578125,8.05356079,-2.07114257,-2.33408651,4.98273752,-10.15393474,8.52879761,-9.38829948,4.10420678
27.42968750,6.62751511,-8.54733139,-7.26270752,8.05041552,-12.24262051,6.28960189,-4.86307427,-2.80503200
27.43359375,10.25071628,-10.86995027,-6.06724519,6.23242094,-6.38915476,2.22157830,2.22012188,-2.84729394
27.43750000,6.44771479,-11.92037234,-11.08729023,8.12153765,-5.92430090,1.75414501,7.99930834,-5.41315058
27.44140625,3.39466154,-14.77851728,-8.08352052,4.57521019,-2.35865711,-1.77784333,9.97038628,-10.83009054
27.44531250,1.71795638,-8.01930605,-8.06294513,9.69455184,4.70414767,-6.74613006,10.09776139,-9.69831968
27.44921875,0.17447994,-2.64666213,-9.56211393,-0.04547936,7.26163789,-11.12884433,1.14792151,-12.61245873
27.45312500,-3.53661755,1.55116027,-8.65271077,2.93947376,12.11125805,-2.73121840,-4.56671155,-12.01290081
27.45703125,-4.64508814,7.21532356,-8.76313316,2.09563768,14.58134106,-11.77102242,-8.76924657,-10.11783895
27.46093750,-5.25371944,5.68983433,-7.08738871,-3.74373554,12.54715617,-9.36633199,-11.14990819,-3.26544188
27.46484375,-4.91148366,7.79639268,-9.71613033,-3.19484615,7.62987542,-10.84489163,-1.89891912,-3.80010138
27.46875000,-14.83447394,7.48325235,-9.55194465,-6.18523377,6.62036824,-11.95195791,-2.37897798,1.19611731
27.47265625,-11.11340725,0.58640051,-7.29170653,-8.03876061,-0.35712140,-12.76842442,10.16292602,3.94661548
27.47656250,-13.76059452,-4.08557664,-5.07695191,-11.79611864,-1.85115752,-9.99966880,9.28036383,5.66549121
27.48046875,-12.96299654,-7.25857723,-5.63425484,-10.16101147,-4.27834734,-8.61233406,-0.94682935,7.79879375
27.48437500,-6.50155112,-9.26450352,1.73013050,-9.42591075,-10.07211718,-14.77344908,-4.98691658,9.49709800
27.48828125,-9.78410497,-10.02383876,-4.77390644,-6.80665822,-3.89026273,-4.16714587,-11.15076380,9.74059003
27.49218750,-9.31094962,-10.00463387,2.05378425,-4.40322027,-11.80391629,-6.85533505,-11.41268835,6.91097971
27.49609375,-5.70460572,-5.68987937,3.00746448,-3.16131944,-4.86825173,-3.37913661,-11.49219179,1.76204324
27.50000000,-0.80371377,-0.33115032,3.24772297,-3.19133810,-0.24898256,-7.35360497,-4.97833544,0.28284843
27.50390625,3.27864805,6.89856533,4.51989343,-0.09103582,4.34967268,-5.25469878,10.61655334,-2.84461825
27.50781250,4.99780705,8.55171740,5.52164541,7.81105427,7.80211546,4.18338497,7.95943326,-3.99234742
27.51171875,1.72743671,12.73290835,4.36141240,8.33022827,11.28829945,-3.72949794,11.53784982,-8.31014228
27.51562500,4.13995743,9.90238713,9.35337993,10.93039591,9.34121644,2.45696026,2.56731435,-9.90825560
27.51953125,7.02770088,8.45715356,9.57504165,8.26145666,7.50740761,4.75797456,-9.40130018,-4.17131017
27.52343750,9.74681656,6.37214411,9.19001029,11.16683490,1.21099839,4.70463149,-10.61373450,-4.37164120
27.52734375,10.46908306,1.13236325,14.76092707,10.42101938,-2.45624358,10.82485234,-6.55805151,-1.28339506
27.53125000,8.21046179,-6.31767108,9.01220842,6.70670739,-4.95375425,7.64902719,2.03244301,0.48664561
27.53515625,3.50356304,-7.83005838,9.29212936,4.27453738,-14.02203760,9.70431791,3.06109685,5.85381742
27.53906250,7.49350410,-10.45934550,16.88798257,1.99151165,-15.10624333,6.67787559,10.93727130,7.02633412
27.54296875,4.77002415,-5.51099716,6.90925323,-3.10004801,-10.30015409,6.83138311,8.18660100,8.95203539
27.54687500,2.10918304,-1.78773686,11.31006762,-3.04732094,-10.10510064,7.47542579,9.34357285,10.36327918
27.55078125,1.48685725,4.61945008,8.64529569,-1.76607005,-7.74990543,6.20902151,0.65797319,11.77076721
27.55468750,-2.12382591,7.73296598,9.30249478,-8.75562454,-4.99918879,3.83495899,-6.40373386,8.48576660
27.55859375,-2.53151573,8.60327760,7.24921437,-10.79396577,3.44544161,3.82048285,-9.19921381,3.18882318
27.56250000,-3.79992616,14.26409064,5.88097191,-9.07796333,4.60862041,-0.05604178,-6.54589359,6.02311736
27.56640625,-4.25498824,10.78903032,3.45467601,-5.42258693,6.53665336,-2.55802749,1.98692252,2.76262524
27.57031250,-6.96570460,3.79311505,3.72730238,-1.27314301,8.68955182,-2.68246286,7.90838602,-2.30319929
27.57421875,-8.64413238,4.62173592,2.58553402,-4.05015730,4.99360480,-5.24642901,9.99648914,-7.99237909
27.57812500,-6.75586726,-2.84387745,1.93709162,-0.07898079,5.48325165,-5.94326414,8.06704879,-11.60357405
27.58203125,-3.52602494,-8.20022551,0.60394359,-0.37891224,-1.11384124,-11.43871969,5.08945039,-12.43586704
27.58593750,-7.37836225,-9.89623438,0.59034975,3.77528866,0.26578758,-7.25540772,-4.81001243,-11.05170172
27.58984375,-4.16099093,-7.09707286,-3.19892623,8.35167698,-6.13844845,-7.86932595,-7.66517166,-8.72249788
27.59375000,-1.47634429,-4.88471618,-1.50799726,4.49297360,-7.45948772,-9.30957947,-8.42679729,-6.67582269
27.59765625,-2.38420796,-5.38040376,-3.25673454,6.11228880,-11.24190936,-9.83851247,1.17647831,-2.06526548
27.60156250,0.93549846,2.35361147,-2.52451674,7.23762796,-10.06356301,-10.20425922,4.43985589,5.54519744
27.60546875,4.14558064,8.20018355,-8.59836607,13.01123511,-3.59423365,-8.82096764,8.85399790,5.06208500
27.60937500,5.77110184,12.54482254,-6.53554904,9.97301883,-4.71264737,-7.97677474,9.46445236,10.21863875
27.61328125,9.14559016,14.94463871,-6.89154868,8.24827069,4.16134744,-4.49932432,8.38087340,6.70627180
27.61718750,8.28586962,7.11442644,-7.97682323,6.87442190,8.11102904,-2.52561128,3.10035393,9.88852237
27.62109375,11.02970477,4.46029796,-10.24804148,3.28361612,7.51107253,-1.67531241,-6.78270969,8.82015642
27.62500000,9.95509922,2.47529963,-7.52483926,4.28300116,12.28422697,2.41436156,-11.23718227,9.55265785
27.62890625,10.76198536,-5.59027609,-9.91045625,-2.85817411,6.85182213,1.10735433,-5.38017123,1.93759886
27.63281250,11.18150338,-7.24329775,-8.46177672,-1.40168612,4.04864235,3.81118891,1.15810123,0.81786808
27.63671875,8.35869747,-10.54778819,-6.79311141,-9.45435006,3.68999981,6.52868949,5.39678819,-1.30465747
27.64062500,5.07907602,-5.61120580,-8.80968294,-7.75222365,-2.41709341,5.09239430,12.09515130,-7.23561758
27.64453125,8.29616721,-7.97013120,-6.72592355,-8.76215719,-12.38916521,6.73741662,10.02086046,-8.79615086
27.64843750,2.44253860,-3.96675732,-5.03067701,-8.09320402,-10.26461792,6.48866541,0.39235251,-8.28913669
27.65234375,-4.00770022,5.35014018,-6.09922586,-7.89621729,-11.09831088,8.15394444,-5.66352320,-11.77240455
27.65625000,-5.01944406,5.05478896,-5.84264998,-9.33920497,-8.63075525,3.30323042,-9.60863468,-8.98879483
27.66015625,-6.76649884,10.36059212,-1.82538178,-6.89077834,-7.58648911,9.93617844,-13.30863916,-1.96311801
27.66406250,-6.68453565,8.88149979,2.42305834,-2.54261604,-2.39550925,7.86625506,-4.74664249,-2.66135798
27.66796875,-11.86424169,11.61234681,0.45713151,-0.87781525,0.17104683,7.12817352,2.40889831,1.97264937
27.67187500,-10.08426515,6.12303160,-0.12836104,3.70757155,8.20030334,6.16338975,10.89768901,2.92453417
27.67578125,-9.93167092,3.48757332,7.37569714,2.13176912,8.37273275,4.87610321,7.96747699,4.77866116
27.67968750,-6.16459377,-8.07330103,8.28020572,4.13075039,9.45090394,6.32845270,8.96170835,11.92946915
27.68359375,-7.60673115,-6.00548139,5.27247396,8.45512965,8.58195880,3.65390570,-1.30635048,9.99649307
27.68750000,-5.57263939,-8.23600909,6.86537719,9.82084533,6.70644074,0.13902268,-11.99096923,8.83641469
27.69140625,-3.34843167,-6.57832169,10.31643740,8.39621186,3.10124231,-3.33242079,-11.63917627,11.31868937
27.69531250,-1.32502666,-5.18577810,9.84420569,9.93564409,-5.63317028,-1.84304512,-7.05738772,2.99042771
27.69921875,1.64999786,2.69949425,10.02791811,5.37428402,-7.46246863,-6.86679905,-3.48479685,3.21983122
27.70312500,4.99683298,5.75289918,7.89827024,2.54839505,-13.26932196,-6.06148254,9.54759940,-0.16536612
27.70703125,4.88456971,7.30999481,8.95900266,5.40169346,-11.54699171,-7.49999447,12.37867136,-2.15646282
27.71093750,4.22953074,9.42105742,9.97641567,2.15715937,-14.47959856,-7.07781257,11.03898880,-5.87405824
27.71484375,10.74848425,10.83996012,8.51962288,-3.71306780,-9.26800400,-10.68334843,2.82695254,-10.82255349
27.71875000,13.15923834,10.01677674,9.32618642,-5.58376117,-7.11009774,-9.75206374,0.61620028,-8.41142373
27.72265625,11.40570241,3.32231060,7.35900303,-6.67396447,-4.15352608,-7.08897430,-8.77036460,-6.96318444
27.72656250,8.83978344,-2.54817492,3.61946133,-6.56925532,3.53389933,-8.77235157,-5.91870385,-0.09258139
27.73046875,6.39654015,-5.43115563,3.10883394,-4.02080066,3.21109962,-5.47578953,-5.50981190,0.50719083
27.73437500,9.98338651,-10.04652555,4.51652273,-7.74609374,8.54706582,-3.62794313,3.00639474,0.33202929
27.73828125,7.47629619,-13.85755500,2.11306568,-0.40981895,12.94513328,-6.12746641,10.43991182,1.58515413
27.74218750,12.41268921,-5.94464477,-0.95791108,-5.41218450,2.66011974,-0.48696816,12.11433980,5.25856120
27.74609375,3.93784843,-2.51864963,-0.34725554,-5.19157074,2.84621248,1.88472265,5.42480237,8.19545509
27.75000000,-1.38380950,-1.50575165,-3.69012192,4.65501974,1.71924897,2.23723993,0.70000470,9.39098891
27.75390625,0.32263860,5.61040093,-8.66851908,1.21054818,-7.70619597,2.31669036,-6.00403384,9.26122762
27.75781250,-3.12943297,4.26870897,-7.65512305,3.67486112,-5.92778043,8.33269541,-10.69517550,7.19541639
27.76171875,-0.04884997,10.01249194,-7.98913751,6.47541847,-7.51375963,7.43951597,-7.06504827,6.50506390
27.76562500,-7.98200943,6.80352213,-6.18897584,8.19242144,-7.68255344,12.85572598,-1.51380129,-0.26672377
27.76953125,-10.08560980,4.69203647,-9.57531269,8.40697740,-6.45966943,13.41104633,5.08770494,-3.05942176
27.77343750,-10.08982474,3.01288295,-9.95303020,10.92395772,-5.06892443,7.30040951,8.26080983,-7.81104158
27.77734375,-7.62910358,-4.91761358,-11.14301001,6.85532205,2.54663371,11.50147686,13.62933288,-9.47559646
27.78125000,-11.82384323,-7.77891363,-8.54482559,1.99185269,9.10586908,9.86225103,3.04202545,-15.46002494
27.78515625,-11.57921367,-12.84531069,-10.55051726,-1.05096774,12.13367204,10.43089569,-6.39273655,-14.58801608
27.78906250,-10.81306322,-8.65069597,-8.13295715,1.23424460,7.92242413,7.92256380,-8.17061809,-10.87510723
27.79296875,-5.02928912,-5.48597959,-8.08303406,-2.17234844,10.15557281,8.63960838,-12.39601139,-6.60730859
27.79687500,-2.79455463,-2.29035189,-12.58320922,-2.03650418,11.20465897,7.17711237,-7.93639373,-3.55355052
27.80078125,0.08612565,1.31676169,-8.05135692,-9.68121176,6.16514215,6.38044278,3.64892874,-0.45873651
27.80468750,1.27383864,4.84108045,-2.77142602,-10.66754716,2.74903520,1.29729689,10.53411811,4.38493187
27.80859375,4.35319511,8.05510247,-6.27802589,-7.24822772,-0.73000156,-1.76802520,8.96541377,8.69329669
27.81250000,2.20812941,10.05272738,-8.92821473,-9.72485494,-2.48644098,4.93414882,8.12989701,7.98560678
27.81640625,6.64963198,5.81538628,-8.86924366,-12.83178737,-12.19499256,-2.69307088,0.88087746,12.33713926
27.82031250,7.15105189,8.61155521,-4.15348273,-11.64346101,-11.07401495,-5.23691475,-6.17496187,11.72178395
27.82421875,10.13335913,0.15927128,-2.02402305,-8.01196201,-8.18297593,-7.01369969,-9.48165022,10.93966288
27.82812500,10.12081212,-6.49081350,0.74070742,-1.91499551,-6.96790850,-8.63380565,-3.23873956,3.69533482
27.83203125,7.11822069,-7.30757484,1.39630526,-3.77910518,-4.79769476,-12.55359321,-2.95779284,-2.26049624
27.83593750,8.51521875,-9.48084701,0.35599936,1.46178940,2.85018435,-2.59247918,1.83702147,-4.67179904
27.83984375,5.91687106,-8.08850712,4.65679933,1.34035054,9.89583248,-10.36336879,7.61644781,-7.48831928
27.84375000,1.71427172,-8.83067240,2.21028821,10.39773955,6.63194288,-9.26640682,6.81404151,-7.84235192
27.84765625,3.93706067,-3.76578012,6.37586506,5.58512349,5.56651595,-11.18377538,2.02336970,-10.00226237
27.85156250,1.21317894,0.72647360,7.49495319,8.42323304,8.83867371,-7.33544689,-5.35007211,-10.48992594
27.85546875,-3.59388385,4.61880644,10.02087925,12.38926003,4.25006387,-11.50922548,-9.45160010,-8.76794500
27.85937500,-5.96523459,6.39294354,7.37435835,6.92620283,-1.04225206,-9.79022322,-8.27179777,-7.40448995
27.86328125,-5.44498878,9.74115621,6.80557397,6.82708956,-6.64398319,-6.27791072,-4.76801346,-1.70447772
27.86718750,-2.54044502,7.99137439,5.76710744,4.85938366,-0.17006533,-2.29749281,0.73318689,0.53852181
27.87109375,-9.89573369,3.40654731,4.66317934,3.45558150,-6.15777498,-7.07809122,6.16613845,5.17467637
27.87500000,-8.54892831,2.50560139,10.43931425,-6.64409801,-7.78367484,-4.88825668,6.87788241,6.46685249
27.87890625,-7.14455756,-3.44615354,14.72994814,-4.71169276,-8.04381005,0.47915108,7.38157590,8.85798319
27.88281250,-5.74917596,-9.65061964,11.39550305,-8.08673111,-4.21815937,1.32338458,2.41254045,9.77522220
27.88671875,-6.82917016,-8.73914314,10.57862914,-6.98403426,-0.10715493,4.53230948,-4.00265383,8.12557519
27.89062500,-6.73050978,-7.91877874,7.48387422,-8.51067368,-0.66336005,6.69062602,-12.26933757,8.92631704
27.89453125,-3.28099218,-11.31179413,7.88337622,-10.02472325,4.21903679,10.20207832,-10.18515965,4.84566384
27.89843750,-0.21796945,-4.25644354,7.84237440,-13.87860017,4.99078924,10.56116488,-3.58487842,2.66243664
27.90234375,0.79235032,2.96220050,4.41604198,-5.03548660,8.46173919,9.11685509,4.48848175,-2.20412108
27.90625000,0.86097658,8.74595729,5.69040491,-2.06955615,7.67308202,11.50156222,10.51532029,-2.72156386
27.91015625,5.42099464,10.58152521,-0.16659242,-8.46527780,9.24157271,8.82061675,6.33905921,-11.09987405
27.91406250,7.67911123,9.86781533,1.97273635,-3.77119840,0.41669365,7.54888640,3.32759635,-12.89235561
27.91796875,8.18532293,8.52965884,0.15063835,-0.58971745,0.67386341,5.15306619,-0.51080902,-8.74594927
27.92187500,11.89682306,3.19284636,-2.26883063,0.38651759,-3.16289640,10.41048911,-6.06911645,-10.67714856
27.92578125,8.58345000,0.56182621,-2.38993793,9.36961077,-5.56502984,3.17038057,-9.01089992,-6.30304936
27.92968750,9.95780740,-3.53873539,-8.38285181,8.99593908,-7.32559423,6.00212806,-11.34430837,-1.85472276
27.93359375,6.34233181,-5.23325792,-7.51150738,11.17009228,-5.30143511,1.51105911,-5.33330581,0.31156329
27.93750000,11.89431737,-10.50786955,-8.26992614,6.86007228,-4.03322075,2.59229848,3.99061745,1.76334274
27.94140625,4.99679345,-8.82161349,-9.34332345,7.02339371,2.26110837,-0.64742745,6.99190485,5.79193911
27.94531250,1.70073502,-9.64380769,-8.58870315,8.13932157,0.36370871,-3.92711900,6.91618126,8.36087991
27.94921875,-4.38429118,-0.44597390,-10.64284451,-0.22366632,5.32779048,-6.78056628,2.01553506,6.67409566
27.95312500,-5.73791976,3.48269257,-12.25038398,0.09930868,11.30610180,-6.00828923,-6.33465379,7.47636060
27.95703125,-3.43383965,7.94065552,-11.74641133,-2.96408957,11.59377416,-4.70328804,-9.35216867,7.84901294
27.96093750,-6.72478520,3.88785247,-10.60988588,-3.00928896,12.91276570,-9.81191418,-8.21093245,0.14406060
27.96484375,-8.21489775,7.17380152,-6.58561362,-6.00984007,6.18607968,-11.80605466,-5.59681032,0.99470187
27.96875000,-11.30148970,7.22603705,-10.59966035,-4.44150949,4.92733845,-6.53567606,1.94253986,-0.42886807
27.97265625,-7.96037861,1.77960521,-6.52872473,-8.64404706,5.69820577,-6.79344263,7.50320179,-8.36105125
27.97656250,-7.28765613,-1.69915810,-6.46792902,-15.24405453,-0.69936375,-8.22054692,6.87012771,-10.20553455
27.98046875,-13.32722702,-8.09803086,-6.70207220,-13.09026064,-6.64228639,-7.19361153,-0.26646307,-6.47603772
27.98437500,-9.28279089,-10.92750604,-4.66719946,-7.53778998,-9.29271366,-9.53642323,-5.60975226,-10.07153559
27.98828125,-8.29682675,-11.90350573,-2.73794013,-7.00421267,-11.13013593,-12.54884245,-9.49184429,-8.82615593
27.99218750,-4.59648450,-9.87530558,-1.59455972,-3.19209188,-1.54189766,-5.65347699,-12.07342531,-5.24537764
27.99609375,-2.08570102,-3.84808585,0.45757468,-6.59492629,-2.24104691,-7.61681710,-10.84255236,-0.88493108
28.00000000,-2.66371073,0.18390746,0.52357955,1.37296812,0.54462176,-0.73710378,-4.50956561,1.85019321
28.00390625,-1.22227480,4.76673986,7.09526373,2.94515099,1.62936187,0.11891667,3.68689685,7.50173975
28.00781250,1.98842430,11.49102320,6.04277906,10.69568362,7.97387273,-0.13815447,8.18173075,8.82946349
28.01171875,6.20960390,5.08626927,8.06335172,5.40822093,4.92477899,-0.93644178,5.06969265,11.81148659
28.01562500,4.25498084,14.52032608,7.48809561,5.45584809,7.88431204,5.63692096,5.61922064,10.59663118
28.01953125,10.38906947,10.71155134,7.80139796,10.54619024,4.48962128,8.79947279,-1.34250889,14.60971562
28.02343750,7.92620292,-0.00167796,8.92492290,9.22293684,3.75233926,8.32483827,-11.97058829,8.94188310
28.02734375,9.70974424,2.00454442,14.43165107,8.66179082,-0.02660792,7.91720197,-10.57617084,7.18951994
28.03125000,11.25327208,-8.50036345,9.43242202,9.90550098,-6.26077752,7.66064121,-0.60394739,0.03787595
28.03515625,8.27711408,-6.22574792,8.23390624,7.36958319,-5.65085179,7.59330231,5.66087394,0.76047598
28.03906250,5.74750648,-8.90018594,6.59846949,3.81904620,-10.99702031,10.86599164,7.37742231,-6.14702268
28.04296875,2.41000369,-6.46373561,8.67179319,1.51702604,-13.68465766,4.00795322,10.93133876,-9.82617699
28.04687500,6.09239520,-5.05074167,15.06650286,-3.97132823,-9.47246696,4.80286233,4.09563622,-6.64403807
28.05078125,-0.54245092,3.96690857,10.47805572,-3.96258346,-8.09420266,5.17334130,-0.86346636,-9.76445386
28.05468750,-2.35078944,6.85104507,9.61722345,-5.02274839,-2.55750221,6.76014572,-7.87390306,-9.09604117
28.05859375,-7.96743145,11.31031552,9.07899058,-5.17087258,1.44496771,2.80889663,-8.71191085,-7.64749747
28.06250000,-3.77681197,12.35455831,4.84809722,-8.77842991,2.16795993,-1.09431230,-3.43299076,-6.09263360
28.06640625,-6.51802410,8.72451607,7.27304189,-8.35978677,7.81333499,1.37543962,0.96346749,-1.77750720
28.07031250,-8.26139244,6.52541377,5.30181985,-3.70735288,12.11305761,-3.03824047,7.69331578,5.18159947
28.07421875,-10.82386697,-1.08231618,2.07227861,-5.26163221,8.02441646,-3.02576387,9.62946885,4.27667226
28.07812500,-1.77011877,-2.37351407,-1.29989545,-3.35259772,7.90017998,-7.06170695,8.54197954,11.32942655
28.08203125,-5.20031985,-7.07957099,-0.68161756,-0.47679736,-0.23252703,-5.82419880,3.67169961,10.65339562
28.08593750,-5.48374743,-7.78000271,1.94753633,4.61880436,-3.46501065,-10.81773955,-4.87250690,9.71900665
28.08984375,-7.20916661,-5.25595331,-4.02419247,4.36708460,-5.49806973,-4.28046009,-10.97565411,6.39313497
28.09375000,-5.73820733,-8.98169346,-3.23944530,7.35905294,-9.36666409,-8.60595465,-9.42721130,6.80790357
28.09765625,-3.91296363,-4.18717971,-5.02596374,11.64991050,-11.77188712,-6.43192335,-1.06289252,2.29584190
28.10156250,-0.11277031,5.85197613,-4.39205726,9.23111061,-9.52040751,-10.03544394,1.78322049,4.37193817
28.10546875,2.89347188,5.38770085,-5.75742985,8.92380773,-6.70078629,-9.79418019,8.70761885,-5.60581051
28.10937500,7.41319871,13.00860725,-8.29100854,11.22170943,-1.15773735,-8.36050011,9.37438306,-7.56483788
28.11328125,6.72259618,13.53943664,-8.09936843,5.02147887,2.12776877,-10.72873024,4.06010719,-10.92562258
28.11718750,9.24440611,7.37236273,-9.47896303,4.95201498,3.73581233,-4.73367282,-0.96314589,-7.56298880
28.12109375,7.84767602,6.39402328,-14.54013521,2.26246261,5.07364529,-3.08179520,-9.21490617,-8.82693221
28.12500000,6.72967228,-0.21743475,-10.45169047,-1.23077423,10.28999851,5.25639089,-6.40211628,-5.68137106
28.12890625,9.86858238,-6.23421692,-10.19546312,0.33967538,6.09559367,3.36561376,-4.56358496,-4.41670224
28.13281250,8.06450263,-7.38154182,-9.89232527,-2.84444918,6.96474689,3.26160848,-2.51812637,-4.01006583
28.13671875,8.32464002,-6.05365000,-11.61545015,-6.68567144,4.75596387,5.64701357,2.64162276,1.73462366
28.14062500,4.20009289,-4.80215386,-7.76755094,-8.02173262,-2.23393358,5.16059731,6.33717138,10.17972518
28.14453125,1.87764169,-4.44263109,-7.31790355,-9.49016758,-4.72505874,8.63107785,9.74450076,9.96921716
28.14843750,0.54281994,0.14363620,-4.39927981,-8.93700666,-9.43507474,10.07445671,3.20480262,7.91349090
28.15234375,-3.34933773,4.08614003,-6.57255940,-6.96159137,-7.58321821,9.39515391,-2.54022316,9.23464951
28.15625000,-5.77913433,8.72925043,-1.71195266,-7.48244323,-4.54302867,10.00978518,-10.16204648,9.18244574
28.16015625,-7.05872752,10.50157606,-0.43995762,-3.08562387,-7.09855496,9.51419186,-13.08665530,6.70421260
28.16406250,-4.59371438,9.67053509,-2.14983841,-1.46491220,-4.50710346,10.49126454,-5.94519618,1.01523690
28.16796875,-9.89247932,7.77952204,-2.28262929,2.80995910,1.97467665,8.67408214,1.53336099,-4.14221967
28.17187500,-10.15315757,6.77498071,2.03166989,6.20333295,2.83329439,2.22234000,12.22678984,-8.27477840
28.17578125,-8.21176549,0.97064170,3.32614455,5.62359582,7.03250883,4.36466915,12.30144844,-7.63193324
28.17968750,-7.32308539,-3.81874316,6.89630241,11.10515600,8.38442690,4.48576116,4.64342009,-10.77614592
28.18359375,-3.35347346,-7.11493319,5.06186198,8.62355578,6.76385003,0.01614548,1.66091601,-8.36101004
28.18750000,-6.46589471,-8.73592401,8.70929546,11.00075833,4.15189142,-0.09047160,-9.20014878,-8.79147670
28.19140625,-4.04374011,-10.57237256,6.13180897,11.33512345,1.33829931,-5.27411476,-9.03283901,-4.39239287
28.19531250,-6.26583739,-2.06883722,9.65587343,10.64287545,0.66374313,-5.88285909,-6.21614204,1.42726616
28.19921875,0.70294515,-0.01035737,10.72465665,6.05370010,-9.54562618,-3.48839497,-2.98527144,0.78638356
28.20312500,5.65757645,6.03718572,7.77982045,2.98447777,-9.09561825,-6.76417905,7.47568502,4.37950116
28.20703125,2.68674816,7.79293894,14.21320504,3.59947834,-13.95529168,-7.59360252,11.52832491,11.25373176
28.21093750,6.62638548,16.34851143,13.83080712,1.00739272,-11.26387493,-11.52895090,6.93959668,14.57524816
28.21484375,9.72751830,8.26280568,10.62875531,-0.23095531,-12.02981089,-4.69744952,6.81337976,15.13071781
28.21875000,10.78459824,7.64580301,8.74756042,-5.94518592,-5.22044860,-7.15793753,-2.88161764,11.99257683
28.22265625,11.29191596,6.25110303,5.46897202,-5.48711532,-0.30592824,-8.62867219,-8.29647135,11.25363848
28.22656250,8.08962143,-0.66661754,6.96613989,-8.34961416,6.12180341,-11.59970148,-6.82525085,6.44749131
28.23046875,9.88169114,-3.23695274,1.40584983,-6.36035334,9.31544190,-7.53929109,-0.45244568,1.21490881
28.23437500,8.62870437,-9.65892328,3.43001007,-12.01751785,8.31507666,-6.07051885,3.46873628,-2.45428590
28.23828125,9.20076765,-9.25039472,6.53554678,-3.55632086,10.93992613,-6.13843547,12.25238570,-2.72721991
28.24218750,7.67520795,-6.01753602,2.56110045,-4.88634267,6.04202594,-1.55758931,13.44522527,-8.84171490
28.24609375,9.66101385,-4.27456331,-5.01111919,-1.05172253,3.09226106,-0.19999004,11.82913381,-12.96306594
28.25000000,1.43191685,2.93080819,-5.13156644,-0.14989004,0.66897135,5.43450971,-1.20052775,-9.28463993
28.25390625,-0.25945656,2.06203122,-3.83842640,2.00339559,-5.87286712,0.03739603,-1.82658050,-12.69197820
28.25781250,0.85881695,9.30214890,-4.08805624,11.06254674,-9.38931050,4.35440970,-6.62113672,-7.83374975
28.26171875,-3.65344219,8.61723276,-6.41652645,7.47405165,-11.59129681,8.84440993,-10.92233655,-6.44106210
28.26562500,-5.17164453,6.53390359,-9.08963356,14.53596290,-5.37777662,10.73166093,-0.07425137,-5.44053849
28.26953125,-7.58517271,5.30159177,-11.02628444,8.54774706,-7.52773926,14.00759558,5.64422386,3.65744982
28.27343750,-9.38210396,4.09828973,-6.16719000,8.36392548,2.46545390,10.80110243,9.81707638,2.13395425
28.27734375,-10.80253854,-3.71628105,-6.79061048,2.58419618,-1.30619205,11.98761838,9.63280594,8.39175788
28.28125000,-7.72977391,-11.61407247,-9.99492488,4.08622150,1.93061573,12.25611574,4.47128164,8.63885128
28.28515625,-8.59260662,-11.75185025,-11.22220247,5.73076068,7.26150313,8.51074240,1.43053970,5.58777532
28.28906250,-5.78419652,-13.90182326,-8.45128601,2.42244202,10.55921706,7.87850689,-10.72155557,3.90473758
28.29296875,-5.29364817,-9.95844728,-17.28492818,0.59517877,10.39826580,8.78074527,-5.14513111,-0.43737830
28.29687500,-3.51682231,-5.31791276,-7.97525516,-3.05537531,8.86038603,7.85602546,-6.45429585,-0.74867857
28.30078125,-0.43151738,0.76901553,-8.44971801,-6.30567006,6.13780929,5.69322201,1.49235037,-2.75594494
28.30468750,-0.80958031,6.52527414,-6.56380735,-10.63747834,2.58656107,5.59439473,4.81135432,-6.26362637
28.30859375,2.13067241,6.99088883,-5.56745843,-10.77582550,-4.15512301,-1.12389105,9.18118865,-11.18775206
28.31250000,5.17441510,8.74080328,-6.69235982,-8.42666009,-4.05626214,0.26395179,2.75323382,-15.24520136
28.31640625,5.85771643,10.03238513,-2.55428305,-6.79925024,-10.68280394,0.44516074,0.51302948,-5.36870590
28.32031250,9.79827784,3.99285385,-5.93051378,-7.34724708,-6.95485766,-4.35177266,-6.44771673,-9.11276185
28.32421875,9.27459009,4.36303768,-5.25741896,-10.49868123,-8.01258477,-3.79004413,-7.73628634,-10.77588386
28.32812500,11.77579310,-6.07950114,-0.56313251,-2.58570205,-6.90381974,-3.92234788,-11.03627087,-4.56591985
28.33203125,5.60373992,-9.35741666,1.70496347,2.67073598,-2.24234877,-5.51915361,-4.81582261,-1.42028148
28.33593750,9.97188489,-9.65779829,-0.43557797,3.08663736,3.07071078,-10.97716341,-0.21265229,1.90048787
28.33984375,4.18111897,-10.34110861,3.15121332,4.57804507,8.02318486,-9.03076126,13.15846485,5.63720952
28.34375000,4.79294777,-5.06995081,5.21836463,3.05192594,8.90984217,-6.44680392,8.38664581,7.06245005
28.34765625,4.32648648,-4.91469643,5.63938844,6.58300808,8.84801133,-10.81983706,2.82244654,5.36563391
28.35156250,0.70460674,1.19399218,5.80759268,5.20427944,8.92710480,-9.05973487,-4.10577227,10.65610424
28.35546875,-3.81764971,5.77485107,9.14384944,14.30411437,7.43026959,-5.22177046,-10.19259301,6.69637777
28.35937500,-6.81771121,8.33841145,9.01458519,13.83351283,1.55385411,-10.87088985,-9.12296085,8.10093302
28.36328125,-8.55474153,8.17395020,9.91834652,4.89419047,-1.47560271,-4.14433118,-7.17934892,1.72958915
28.36718750,-7.93717893,6.31240480,7.47973871,3.87848313,-3.75247983,-5.41256326,1.43643015,-3.03549242
28.37109375,-8.90412421,2.31076636,6.66418577,1.97853164,-7.41242559,-0.56881775,6.99451967,-4.60496750
28.37500000,-7.49634468,-0.29262252,10.01721216,-2.19339728,-9.76821642,3.83448011,10.66443340,-7.04208936
28.37890625,-9.78384825,-6.54759075,9.04085372,-1.65619910,-7.08693648,3.08604360,10.83622148,-10.77606288
28.38281250,-9.41809264,-6.79768733,7.96650731,-3.35829833,-6.09421518,0.27202212,1.23382316,-15.32311036
28.38671875,-7.35432112,-8.23401513,5.21026048,-12.15359280,-1.76602880,7.68193243,-5.03561608,-11.27960434
28.39062500,-5.60568800,-7.80817428,7.34827517,-7.19202025,5.04040594,8.73357131,-11.37250423,-11.72038722
28.39453125,0.21777856,-5.51962506,8.62966901,-11.52634887,3.93492960,8.13843145,-9.27259959,-4.67336437
28.39843750,-3.13486561,-3.86148080,8.68010927,-5.24442070,8.52870922,6.24936737,-6.84198092,-1.47932053
28.40234375,0.81433236,3.06958326,9.99207821,-11.65181048,12.78783320,8.95395126,4.92208229,5.91530970
28.40625000,2.33632225,7.68554950,0.51028865,-7.05753824,4.32547065,7.33608035,6.81188587,3.29359463
28.41015625,5.57422819,7.73300233,5.29355636,-7.11744859,6.06923316,12.34201922,10.14396068,4.81666365
28.41406250,6.80042605,9.45436007,-0.59565145,-2.44735069,2.53309841,7.53897343,4.02402122,13.48110788
28.41796875,8.82187094,8.21493007,0.42148860,-1.15510060,-0.95629368,10.25988296,-2.61296176,10.04684200
28.42187500,7.63647093,0.77000609,-5.65097816,-0.22654719,-6.69299633,7.62624727,-9.01270892,8.49051939
28.42578125,7.36979674,1.38099469,-4.48601070,8.02994365,-7.10905809,7.71955660,-7.54391419,7.51348352
28.42968750,9.96588861,-7.43547283,-5.32430263,7.80182100,-3.59667151,5.79399224,-4.11455486,0.53611991
28.43359375,6.43526185,-8.72642450,-9.44464407,10.36365510,-12.40910508,0.49473055,-0.22966562,-1.39722743
28.43750000,8.22188151,-9.99656142,-9.38102024,7.73593261,-2.83177753,-0.53949725,6.87582886,-6.39370427
28.44140625,7.67397779,-11.01706713,-6.09706482,9.81082787,-2.10068593,-1.18495124,10.33273078,-3.84115179
28.44531250,0.51037882,-7.05449682,-7.48501569,8.30770876,-0.01224401,-1.05123900,4.57493122,-12.19057898
28.44921875,-0.74349933,-0.69311227,-9.76027848,4.91572024,6.52062466,-4.88337159,1.32019377,-12.34976352
28.45312500,-4.78502761,1.85846196,-8.64426592,-2.28729472,14.64019439,-7.09264507,-5.14719347,-9.29094418
28.45703125,-2.23696939,7.84133873,-10.92562897,-0.93803885,11.11680757,-11.74943399,-11.50589321,-10.73926954
28.46093750,-5.41022974,5.57421484,-8.43721321,-5.32394464,8.08622239,-5.53419441,-11.00600129,-3.72492110
28.46484375,-10.97167790,10.48182397,-6.79783944,-2.70959800,8.91721087,-7.19145638,-3.48404777,-1.67617891
28.46875000,-8.50868416,5.86072382,-9.15880157,-12.11534293,3.26025026,-11.90755185,2.39498798,0.32406607
28.47265625,-12.15021264,1.45499857,-6.96753239,-10.99393218,1.29776712,-10.25135723,4.72316949,1.58002253
28.47656250,-13.35638230,-8.14445776,-6.05781993,-14.94494178,-2.44920300,-12.39875867,5.31313779,3.30175228
28.48046875,-11.59620973,-6.67314076,-3.25800215,-16.22511564,-8.25423775,-10.93014310,-1.79530148,13.90877724
28.48437500,-8.75160587,-9.80465033,-3.03543476,-12.09542805,-12.78556159,-7.15959931,-1.65679182,5.91140410
28.48828125,-8.35015691,-7.27694849,3.00665177,-7.35540742,-6.72007169,-10.73143550,-8.57604910,8.31370080
28.49218750,-9.85108779,-9.59839068,1.22360348,-8.99857071,-9.44960369,-5.36171204,-12.90976298,2.53638594
28.49609375,0.08172815,-7.03679178,3.17792082,-4.10247839,-1.28158424,-5.01098102,-9.28634322,3.70261308
28.50000000,-1.20746074,-0.66323494,2.40512720,-5.19871838,0.14113177,0.57199947,-5.18805194,-0.93763326
28.50390625,-1.95575692,7.76881134,2.76900836,3.94947700,3.03389962,-1.53761039,5.61629724,-1.64993782
28.50781250,3.23524537,6.27241368,4.94861816,1.93155472,5.33020462,-0.57505395,8.35342229,-6.27706570
28.51171875,6.06101119,13.54816115,5.08007892,11.27770763,8.24890027,3.42176933,7.58457432,-9.45421411
28.51562500,8.38908083,8.80372915,4.65397972,8.75040506,7.14432652,7.97150052,-0.27980471,-9.03272099
28.51953125,7.03135200,3.67904979,9.78484660,11.76265371,6.23224047,4.01290985,-2.58158408,-4.05806250
28.52343750,6.87523114,5.18110960,7.78202335,11.69846745,2.40466364,7.99122161,-10.35867102,-3.76376576
28.52734375,10.30385629,-3.36219024,9.03412053,9.32515866,-0.36332564,7.38514009,-7.83931183,0.16657158
28.53125000,8.17469903,-5.17673024,10.01670835,6.57975953,-5.44709716,7.41496642,-6.10159767,0.01061472
28.53515625,8.71769409,-4.73243050,9.55824145,9.36531031,-11.12849325,11.58270526,3.29230775,6.89227025
28.53906250,8.01221776,-9.93486529,9.09024749,4.85170139,-14.86839176,8.50210410,7.65306893,7.66794568
28.54296875,5.03693350,-9.42050118,11.25363769,-2.14986392,-11.67020613,5.90839380,10.68757383,9.31675359
28.54687500,4.69693216,-2.54107728,8.67159611,-3.66235628,-8.27952657,8.53983039,7.25658569,11.19168529
28.55078125,2.21341676,1.91062475,6.52213869,-5.50161931,-8.57673307,9.57421273,-3.77056555,12.91889993
28.55468750,-1.10570595,4.16995268,10.69960627,-7.32967921,1.70585793,4.64599665,-6.40102954,12.79984856
28.55859375,-5.54860605,12.92931280,9.36093281,-5.86230795,-0.65130157,0.89862635,-3.21571761,8.08613622
28.56250000,-3.49712017,16.82789623,6.59115073,-4.88461586,3.23962879,0.22756755,-2.52377788,3.11854147
28.56640625,-5.18784381,11.70854644,4.34252581,-8.70711959,9.88475254,0.76454075,0.72020467,1.97725174
28.57031250,-5.99632134,7.08103461,0.26032300,-6.63365062,9.74366613,-4.63959092,8.03624659,-1.59178097
28.57421875,-7.08448145,3.86178451,1.40936088,-3.83494724,8.33230568,-8.71066346,10.20419696,-3.52643924
28.57812500,-9.01252926,-4.06214876,0.36844566,-3.40947247,3.47277470,-5.72865088,9.15412396,-4.92643948
28.58203125,-9.81099330,-5.00871561,1.67694379,-3.62246075,-1.97514793,-10.32615284,2.52799022,-11.62783338
28.58593750,-12.85520974,-10.77201924,0.92392945,2.21386675,0.66896632,-10.61829729,-9.89173972,-8.61601427
28.58984375,-6.54336840,-12.85926097,-5.52095633,4.57632489,-8.53589796,-12.58227733,-6.94945270,-8.84397679
28.59375000,-1.92956445,-3.95788542,-5.31413705,5.03939248,-9.18770631,-12.58612791,-9.33541832,-9.09105805
28.59765625,-3.14222686,-6.03615127,-2.06291260,9.24543682,-6.30277463,-10.04011481,-4.40119777,-1.68535320
28.60156250,-2.21402541,2.77736462,-5.20857980,9.29310872,-9.32965215,-7.07191850,-1.37837506,3.82352811
28.60546875,-0.15652001,9.55073846,-8.70578550,6.53071727,-7.90623056,-11.18695306,7.88186863,2.83621107
28.60937500,6.01949301,10.28763129,-7.18566047,13.28292753,-3.23133126,-4.59958454,11.05669315,5.59870532
28.61328125,6.03860700,10.36789932,-9.73247488,10.90393402,3.84498775,-7.10328528,7.16164216,9.33648471
28.61718750,8.57713823,10.95700538,-10.30147299,4.69206240,8.37207261,-3.01277327,0.82759624,10.73433938
28.62109375,9.15081429,6.67423463,-9.59176399,3.60252475,10.35366362,-2.09282015,-3.37576367,6.66817131
28.62500000,12.30595460,0.71558350,-9.06155620,-0.03299496,8.42610948,0.16173522,-7.99250130,7.77662431
28.62890625,13.45825332,-3.08627667,-11.98272185,-1.70311966,8.17916395,2.44132392,-7.47962052,6.68779570
28.63281250,8.10279207,-6.49270953,-8.90863752,-3.10527025,7.92002400,1.15388708,0.31198344,3.86382890
28.63671875,7.87956497,-10.55110962,-10.01213717,-6.30065905,0.38800345,4.28110051,3.06416170,-5.73269362
28.64062500,4.83531809,-7.23947904,-8.90601208,-10.23308829,2.69350057,5.77174645,10.62824808,-6.08615383
28.64453125,1.75302911,-7.30731788,-7.01799948,-8.46130809,-3.13257430,5.24255998,5.12921729,-10.81219916
28.64843750,1.53004764,-5.21240554,-6.62488227,-6.25121739,-6.82276549,8.47705681,0.41007421,-6.86611740
28.65234375,1.37585713,4.56784741,-6.62576820,-6.43924536,-9.15167162,8.19258986,-3.34520996,-13.49202859
28.65625000,-6.38866724,8.21268182,-0.17664740,-7.47334266,-10.69978508,8.80046821,-11.92497588,-8.34911060
28.66015625,-2.63860513,12.70237520,-4.18097910,-6.77157836,-7.69476241,11.42165598,-8.85582012,-6.21847505
28.66406250,-5.09305964,12.06234167,-0.70644311,-1.41073081,-2.62112137,8.89713760,-0.42783068,-2.40326001
28.66796875,-10.25098523,5.75684078,-1.02433558,1.53407702,-0.54806476,9.97183066,3.61127072,1.50670204
28.67187500,-10.69610322,2.15901420,2.61792430,0.91586288,2.83534300,7.69328597,6.21080233,6.32355799
28.67578125,-8.32326424,-1.55980434,1.48310757,5.88013308,7.06379403,6.13691309,13.69360382,3.88891801
28.67968750,-9.44658827,-6.47688973,4.07460541,6.98304895,10.50465275,0.90636614,3.45331774,10.75340105
28.68359375,-9.31206406,-9.70635936,2.89155284,9.84187244,6.81004704,2.69096870,-3.92566835,11.99401533
28.68750000,-9.02367877,-6.68864416,6.48785065,10.25558260,9.60272413,-2.07463888,-6.11606026,10.47578429
28.69140625,-3.01372523,-5.75711788,5.89564303,10.19796110,2.59459591,-4.59666513,-11.12005377,8.28427527
28.69531250,0.19063930,2.51905986,11.02789649,10.39689358,-3.88487006,-4.96594452,-5.76268312,6.16611200
28.69921875,3.66613433,1.72898605,7.70360564,4.60247255,-6.84174905,-6.06195752,-1.76819925,3.36800306
28.70312500,2.02203189,3.51035486,9.51471268,5.16412866,-10.92014970,-8.54061051,5.79763868,-1.97443269
28.70703125,8.01060204,7.29559582,8.70178479,2.53613678,-11.91524688,-9.28785672,11.87902889,-1.38078695
28.71093750,6.68524620,11.52847027,9.23031266,1.78505981,-15.31011389,-7.48649291,7.44002388,-7.98178440
28.71484375,9.77432444,10.24380347,9.01975513,-4.45600979,-7.33087757,-12.16746176,4.81371108,-6.26639524
28.71875000,12.75807372,5.75317462,7.30543619,-2.11328917,-8.21856895,-7.76188058,0.42797281,-10.02877470
28.72265625,12.46018927,2.14085614,8.53483395,-6.25620505,-0.68784857,-10.36066969,-3.81628948,-5.46298405
28.72656250,10.90314505,-2.56098839,3.78650019,-11.50253201,5.60849317,-7.05161109,-8.78255281,-4.21201969
28.73046875,10.49855276,-7.26981775,8.00621449,-8.80693725,9.23684041,-3.35604494,-0.89679608,-2.84021755
28.73437500,12.43243167,-7.71096047,7.23167875,-7.82639448,8.81264866,-6.53344659,6.01870719,4.37526504
28.73828125,8.92407523,-5.35128637,3.00493239,-7.84029391,10.37099550,-4.45027523,8.91138304,1.07278688
28.74218750,4.04132431,-9.08847098,-3.49825248,-7.52870202,3.32864996,-3.66922312,13.21959926,6.27974282
28.74609375,5.45404262,-7.95782471,-4.21508508,-4.33156115,4.56753536,-3.21676963,11.71596653,7.60142547
28.75000000,2.60009592,1.36377613,0.00361371,-0.32076081,0.57190900,2.43725765,5.06762574,10.65703693
28.75390625,2.08334237,3.45830781,-2.16199007,4.20713995,-2.80803425,8.43478946,-5.94366333,11.84995885
28.75781250,-4.66450186,3.92500269,-4.33526678,4.87554828,-9.28313790,5.72688382,-10.74826627,5.06803958
28.76171875,-2.89428907,6.11828534,-3.68747348,8.64948818,-5.80363303,7.80538804,-8.23571400,2.42174611
28.76562500,-7.20590706,5.35545177,-6.58007122,6.80700289,-6.99856653,8.46842910,-2.75059694,-3.41910289
28.76953125,-9.21006591,6.96540859,-11.72237464,5.95424348,-8.24711639,10.62317453,5.66662157,-7.55665366
28.77343750,-10.18106564,0.19134731,-7.71812709,8.54020128,-5.53587134,13.19180451,9.23144149,-8.04975699
28.77734375,-8.70781717,-3.84990614,-10.36714367,7.84282170,1.60926855,10.93219426,5.55751718,-9.77129508
28.78125000,-8.58165155,-8.07369523,-9.48934347,5.80836003,4.45851007,10.58143862,2.86559331,-9.84147504
28.78515625,-8.14880001,-13.83020565,-10.85657181,0.81290126,14.15841046,11.69957463,-1.44520882,-10.79897049
28.78906250,-5.65790459,-12.64942408,-7.76566783,2.04016497,13.18087133,14.04237642,-8.17296272,-13.58433810
28.79296875,-6.62945379,-11.89560640,-10.73160386,-3.57469891,11.77459403,8.34860285,-5.64258334,-10.28263562
28.79687500,-0.06097781,-7.57683189,-6.86766695,-4.47318955,11.98988614,9.15184287,-5.98416486,-4.54722952
28.80078125,2.68222205,-2.19572538,-11.61109388,-9.57837223,7.79674421,4.14402501,-2.72280814,-3.31969380
28.80468750,0.62148299,1.34327144,-8.35955714,-9.10346489,1.39152719,2.80724422,3.87565182,7.31119302
28.80859375,5.49879494,12.37755107,-1.44335788,-11.60225962,-1.51970034,-1.90344189,7.44688503,6.46253191
28.81250000,4.29393521,5.98600453,-2.85879215,-8.44083897,-9.00610251,-1.96754016,8.69978488,8.20925472
28.81640625,10.05313448,6.98063894,-3.10133006,-13.46570999,-6.10267675,-2.72720688,-1.90076927,12.31126546
28.82031250,5.39919789,5.33035825,-2.55598508,-10.21128931,-13.41832592,-2.74363886,-7.34749305,7.50100766
28.82421875,12.33131055,-0.22033197,-2.90446945,-8.25624016,-9.74695504,-5.40905049,-9.91958955,5.12597135
28.82812500,9.22136473,-5.29921476,0.18652543,-6.94220242,-7.76718218,-7.47922091,-6.24805661,3.94906775
28.83203125,7.71622420,-8.11484942,-1.89993429,-4.77363509,-0.96617512,-5.88289597,-3.44536279,2.14187465
28.83593750,5.19156488,-8.61191523,0.17963867,0.98415631,4.69767854,-6.89509256,3.79127160,-1.90322998
28.83984375,2.85392824,-12.26124863,-3.27760374,3.15735958,8.42422893,-7.99040501,7.60809276,-1.78502165
28.84375000,5.61899750,-9.13971674,2.65212584,3.62605783,6.34347739,-10.76778783,11.59688346,-10.45041352
28.84765625,1.66054118,-1.47818354,4.02617377,7.47951571,4.74100428,-10.00372696,6.89742395,-9.08067186
28.85156250,-0.20230992,3.00972815,7.72874799,11.91976038,5.07182709,-6.01637229,-1.54756394,-10.81700510
28.85546875,-6.51891752,5.13575525,9.48922116,7.90960808,8.06088611,-10.13255277,-8.57973808,-7.10644165
28.85937500,-5.41429306,8.93690744,4.76578665,10.93991905,2.26690409,-3.54696124,-6.16633923,-5.48357387
28.86328125,-7.86930582,12.74966848,10.37835393,6.38246755,-2.25062701,-3.49882877,-10.04072476,-3.38080191
28.86718750,-8.43380084,2.68100532,10.11022553,8.16575374,-6.30822977,-3.49548743,3.70072192,1.73359258
28.87109375,-7.03270089,4.90069596,10.66056622,-1.71852905,-8.41128896,-0.66578557,2.69298027,2.58064214
28.87500000,-8.05384114,-2.79679589,7.20600264,1.12373785,-7.73728465,0.96763279,10.33815514,3.11135943
28.87890625,-9.40498214,-4.43497623,7.29477451,-1.82981852,-7.43570381,1.49495486,10.31546158,9.75345996
28.88281250,-6.08319474,-6.80291432,12.67136927,-7.54904204,-4.47261046,2.15546182,1.13776088,11.17533868
28.88671875,-9.36485068,-7.70028170,5.84103372,-9.37624764,-1.09790731,4.74007893,-3.08647645,6.68585993
28.89062500,-5.24973739,-9.88279099,11.08183724,-9.14876572,1.69399153,9.60132082,-10.70878177,7.58438454
28.89453125,-4.20136525,-7.95273330,7.25117272,-10.66420642,6.97386391,7.68563703,-9.60680557,5.40776409
28.89843750,-3.33363327,-2.31179004,4.51801935,-8.13992386,7.59719885,11.73473275,-3.63037415,-3.51368331
28.90234375,0.59496114,2.20315691,6.21291894,-5.57933791,12.08437959,9.46618204,1.94929749,-4.74973390
28.90625000,1.04705740,7.89303437,2.62077804,-11.21645881,9.27696473,10.12355960,11.88930446,-1.80489317
28.91015625,5.93313528,13.11701589,-1.41239155,-4.83700550,8.67524462,7.00577995,7.10653352,-7.38918282
28.91406250,5.80338313,7.75371616,-1.79381175,-3.49627426,3.39661192,10.35872058,7.50528787,-9.25918126
28.91796875,11.00381349,6.43675852,-0.83358246,0.71832482,-1.99371358,8.73473677,-4.45731077,-11.69111477
28.92187500,7.12941362,1.69032419,-7.87251258,4.37049688,-3.10225893,7.65434374,-9.87715800,-10.78057999
28.92578125,10.18527997,0.49001850,-4.27262952,7.25146711,-8.08480324,7.43964349,-14.90530410,-7.87045656
28.92968750,7.00640173,-3.09863537,-5.60830910,5.53318062,-10.61417978,3.89129410,-8.52379568,-5.63873469
28.93359375,4.04674162,-13.89663585,-12.87230862,11.69180527,-9.20114907,0.18182820,-1.90363222,1.20299008
28.93750000,4.05657833,-13.68347984,-8.14095555,11.76060339,-8.09742825,-1.13217568,6.43989698,2.50204585
28.94140625,4.69684734,-9.42525517,-6.75689219,6.66858048,-1.63906798,-0.42361373,8.43430562,5.47320823
28.94531250,0.26404903,-6.72670521,-9.94286954,5.99881864,0.89509834,-4.84628578,5.43949038,8.47919319
28.94921875,0.44281457,-2.82402795,-13.28279772,7.41765734,7.12015662,-10.14615431,0.11360840,7.41153382
28.95312500,-0.95449093,4.59996129,-9.04150176,2.59108786,9.81008481,-6.31984074,-6.95517388,8.20363063
28.95703125,-0.56888492,9.00589948,-8.32281079,-1.07602576,11.75723975,-6.06967438,-12.03880320,6.98727646
28.96093750,-6.40355989,11.24765222,-8.33784283,-3.16958786,10.11028568,-10.38266031,-8.29487308,1.49701627
28.96484375,-11.19638263,12.17481750,-8.15475414,-7.05556707,9.93527605,-7.64019358,-7.96984693,-0.78618255
28.96875000,-10.58235153,8.03581064,-7.72040651,-8.77532205,3.62527767,-15.86589161,2.68578327,-4.65082989
28.97265625,-11.59731522,-0.43550646,-9.48821898,-7.17739392,1.77126280,-14.90244118,9.46822270,-5.09530537
28.97656250,-11.84389143,-2.01944618,-8.19117153,-13.43898101,-3.40599421,-9.84439412,8.78845252,-9.12983341
28.98046875,-9.43008936,-9.14039987,-2.89203167,-11.81816996,-8.95429692,-11.70048269,2.60652819,-7.65172489
28.98437500,-9.29969893,-7.70538095,-4.56919911,-10.10504973,-4.62766293,-7.12380438,-3.02402292,-5.88476119
28.98828125,-5.64431674,-10.98093980,1.15056820,-7.35652528,-10.01930201,-7.41618567,-9.43949943,-10.36315235
28.99218750,-8.27445236,-11.10559410,-0.13632006,-5.55228443,-7.39462926,-8.23579755,-13.33776600,-5.42611532
28.99609375,-3.69188636,-3.70104371,0.02166085,-3.89564718,-5.66927679,-7.14444332,-9.12946894,-4.08738899
29.00000000,-3.13000310,-0.97561984,7.94819518,1.79365247,2.06940286,-4.39122567,-5.46022509,-2.12053241
29.00390625,-2.58672764,3.77578135,0.96522372,3.55220650,-0.05331062,-0.70242137,0.56687325,3.62711723
29.00781250,2.03150627,7.25882606,2.93369646,6.08410361,7.75756212,1.62435224,7.28479968,9.17965636
29.01171875,2.21869051,9.66708064,9.72778621,10.10162813,6.70068551,4.79523410,5.01261810,12.70888031
29.01562500,5.34929598,11.98328166,7.77205482,7.31416270,8.68129689,5.04551242,4.24361973,11.42784067
29.01953125,7.95419076,7.50026284,6.54023572,9.20423817,3.47854851,7.99264073,-5.18576701,12.23716480
29.02343750,7.25960327,4.43781608,8.31958921,10.09923800,7.72329193,9.55381637,-12.70814531,11.68073455
29.02734375,7.68641076,1.70929046,7.31891130,10.07158585,-3.67047453,10.29790547,-7.61947101,6.97183553
29.03125000,9.12688319,-6.45071431,13.48369498,8.12250666,-6.51255905,9.40116351,-4.11723042,6.81006179
29.03515625,9.82804120,-9.82729463,7.94128727,9.80742608,-8.68938765,8.60554557,0.92514543,-1.85859050
29.03906250,6.68676020,-7.44163209,9.24192412,4.23328184,-11.59011539,6.69083818,10.94649473,0.36126762
29.04296875,5.37291537,-7.20091278,11.96981744,1.08080804,-10.60716725,6.39388922,8.85117369,-2.78747870
29.04687500,0.86152761,-1.15159918,11.64387899,-2.77242196,-8.21711098,7.21272964,8.24345121,-9.48808208
29.05078125,-2.92293901,2.87493888,8.77227268,-5.55107927,-7.83250487,5.75351498,1.94787598,-12.85788958
29.05468750,0.57697014,5.92644884,6.76101008,-8.82114723,-2.91958244,4.18865744,-5.75194856,-9.00515430
29.05859375,-3.63523722,7.43866146,3.96485193,-11.69437577,1.12953355,0.86903649,-10.48230327,-4.62209806
29.06250000,-5.38118672,12.38640768,4.87388252,-9.63422177,6.94615874,4.47844953,-8.39653729,-1.18193663
29.06640625,-7.09015991,9.57733112,2.06999253,-7.28030623,7.03333744,-1.95687333,5.48242601,0.53024806
29.07031250,-8.59249931,3.63613305,2.19965736,-5.76857661,11.82764381,-3.91590186,9.82306070,0.29539292
29.07421875,-11.77770800,3.88422739,3.27661860,-7.80836664,8.33889429,-1.77181868,13.60240150,6.32652584
29.07812500,-7.34107665,-4.42743844,-0.24757805,-6.00520470,4.60209154,-4.11793752,10.94354480,10.43565831
29.08203125,-9.76022074,-3.26272010,0.99739995,-1.94034095,1.81134532,-7.69182963,1.17030545,9.72130740
29.08593750,-4.53695672,-11.13984383,0.43313056,-2.14432305,-3.19993906,-10.07528969,-3.97083640,8.75937081
29.08984375,-6.11014078,-9.21007985,-0.55348236,6.26264257,-3.47591193,-8.31624594,-12.83613584,9.10700946
29.09375000,-1.97990526,-6.57034569,-8.80729339,9.72524679,-11.32207916,-11.80633399,-11.37609696,5.31174896
29.09765625,-1.43794380,-4.87014249,-5.48489747,8.09970619,-10.14795487,-7.59619471,-2.67839652,3.49789152
29.10156250,1.85175833,4.58902744,-6.69291729,5.87867203,-11.74778401,-8.13779179,1.58808498,-1.57126408
29.10546875,1.65550626,7.49385566,-1.52039620,14.50824744,-6.24453986,-9.97413890,6.10297374,-4.71389524
29.10937500,3.40482297,14.06917181,-8.86645798,8.80346184,-1.64036375,-6.60885340,9.23732043,-8.83338762
29.11328125,5.82148200,9.56825803,-9.84433354,8.86503320,-0.62663483,-4.70723922,5.22306580,-6.00804932
29.11718750,12.44584104,9.40650367,-11.56816438,9.70709617,7.93672200,-4.52693845,0.33889474,-7.79271448
29.12109375,5.10508990,3.23621416,-9.99493277,3.48701288,8.85459228,2.58511441,-7.18603411,-10.74332796
29.12500000,8.09577775,-2.37945414,-10.21204018,5.26299277,7.84375065,0.36154647,-7.91572285,-4.51402186
29.12890625,6.46266762,-3.23965327,-7.79666337,-0.09737004,6.31704598,2.63578387,-8.41808507,-5.21851694
29.13281250,8.11450167,-7.08281676,-11.66395059,-11.98404764,7.83845914,4.21551968,-0.15531109,-5.73122172
29.13671875,8.18323822,-11.15735368,-6.00463620,-7.19569626,-0.22611159,7.30552750,4.85508724,1.75553768
29.14062500,5.44372880,-11.01332354,-11.62599858,-11.49334344,-2.13007439,5.07620080,9.78819797,7.97966346
29.14453125,4.78236122,-7.73082623,-5.66773465,-6.78804912,-6.45129633,9.11739257,9.61347699,5.35407639
29.14843750,3.76139154,-2.44327894,-8.86679081,-12.43875425,-12.70451020,9.41376673,1.27073968,9.93598519
29.15234375,-4.29516369,1.75317687,-4.68398305,-8.42674760,-11.64099160,11.72395276,-10.24046547,7.70261198
29.15625000,-3.01565562,7.37168929,-4.67336832,-6.67650762,-8.75832563,6.89411800,-10.83038510,10.08338242
29.16015625,-5.20859576,8.22630659,-1.17242827,-2.58336524,-8.88299430,8.04397703,-10.06288709,5.29055381
29.16406250,-6.70752491,12.16096232,-1.41935662,-1.63150335,-2.66498628,8.45716161,-3.04129475,2.51079946
29.16796875,-6.49439339,5.46916811,2.53709582,-1.12405910,-2.20478035,10.92318250,3.99986937,1.27803218
29.17187500,-8.38456992,8.14312300,-0.31153776,8.02703134,3.60508622,3.85736681,7.14002939,-4.78488467
29.17578125,-7.99083808,2.93043632,1.46706686,7.78806816,4.62669642,6.68499191,10.02803207,-7.34124424
29.17968750,-9.01443471,-7.33851750,6.32152068,9.07275694,5.68006278,0.75180596,6.97414443,-6.79828065
29.18359375,-8.02371945,-4.38255779,6.45978486,9.43758270,6.40678460,-2.42477329,-1.27239192,-11.66373262
29.18750000,-4.14426691,-14.17865050,6.34173780,8.69982257,3.85573426,-2.20033489,-9.53713110,-7.95502692
29.19140625,-4.03916015,-8.87132312,8.40866229,11.21225640,3.21192250,-0.54852218,-12.19798692,-5.48376828
29.19531250,-2.16030690,0.17113606,8.68021771,9.27955404,-0.03677897,-5.18746027,-4.95004134,-0.48477692
29.19921875,-0.66670792,2.11732734,10.25277408,5.44127692,-6.63160648,-6.69111278,-1.21108254,-2.94703471
29.20312500,5.78202704,4.45262562,6.21414943,3.04952692,-10.22205109,-7.42666756,11.35979484,6.40211683
29.20703125,5.61807474,8.70377512,12.65960465,2.68064271,-13.30274590,-5.71639066,10.63010013,10.75175303
29.21093750,5.12208440,15.72659961,8.69367772,-4.10641226,-9.06623529,-7.78291369,12.16634049,10.34602384
29.21484375,9.19965605,12.19455689,6.66487233,0.62966393,-13.06405740,-10.68271334,3.74917190,11.41991669
29.21875000,7.64236790,3.70502918,6.03186508,-2.98713528,-9.93133319,-7.19490245,-1.14507687,12.04112412
29.22265625,9.79098630,2.30106633,11.33065219,-3.72839848,-1.86662943,-8.17805595,-8.15985419,10.78683310
29.22656250,12.72842650,-3.56376945,8.11631608,-6.71148469,1.18021484,-8.71339870,-7.41512975,9.25635099
29.23046875,11.72267342,-8.63200612,1.63854264,-9.70072439,4.88783377,-6.36816191,-4.61220152,3.87846427
29.23437500,7.32504700,-7.94073761,5.47704951,-8.94448833,10.83461304,-4.45259421,2.81006651,-1.88109654
29.23828125,6.46588862,-11.74421539,2.55024478,-2.38446752,7.84835236,-1.21521161,10.48306583,-4.73656547
29.24218750,6.99242395,-5.26470724,0.36033112,-2.29758114,8.05882845,1.48384174,12.39385108,-5.92424006
29.24609375,3.27853562,-8.48426435,-2.11455854,-4.87007200,3.00311180,-0.09401774,7.68306801,-7.52625454
29.25000000,-1.30220012,1.98438667,4.25885667,0.74993319,0.96440849,-0.29830191,-0.39235196,-11.09920972
29.25390625,-0.70979927,7.93237902,-0.92360248,4.97995790,-3.53188665,2.48639255,-5.49970353,-8.55832390
29.25781250,-0.90722290,10.20891339,-6.28075782,3.88188979,-5.45637631,4.30895503,-10.45614498,-11.21279048
29.26171875,-3.63188595,9.45763044,-7.98300623,7.43621862,-6.48563672,7.97037222,-7.33105489,-9.88131039
29.26562500,-2.75369148,8.50965769,-10.43973538,11.17437269,-12.59941276,9.81931895,-2.08400126,-6.49593963
29.26953125,-7.76178704,1.63694614,-5.43869234,9.62447026,-4.77948700,10.16643078,7.55079832,-2.35039542
29.27343750,-7.77199141,-4.53659876,-12.92884469,7.75011843,-3.50959554,8.16182504,9.56497108,8.27522184
29.27734375,-8.49382849,-5.22442324,-9.37824589,8.29725431,2.77060289,12.36394130,8.88147812,4.47281397
29.28125000,-9.89782978,-8.81800268,-11.38948400,6.47058624,-0.06986679,10.86000108,1.33652540,5.92844400
29.28515625,-8.61327811,-11.21942455,-13.38184193,-2.55197632,8.55669524,11.09943008,-6.51342968,7.27763410
29.28906250,-6.33037860,-13.33764503,-9.90052140,-3.06936941,9.55111358,6.02175863,-8.29288881,4.67810998
29.29296875,-7.23433509,-11.23483381,-9.48685768,-1.16131233,10.87967222,5.69021273,-7.09075353,5.79751487
29.29687500,0.62597745,-7.02733037,-12.36888878,-5.34457971,10.35768018,8.64798970,-5.81779253,-2.64315406
29.30078125,1.86333833,2.45715685,-12.32859944,-7.04782263,6.42834140,5.15706821,2.26571004,0.31927668
29.30468750,2.33058279,2.00878133,-6.68363530,-6.92185748,0.46651614,4.35641701,4.25585848,-6.17124035
29.30859375,3.57373203,6.90352744,-4.42010111,-10.23813846,-1.22350553,3.09366989,6.99197172,-12.62035571
29.31250000,4.70802203,8.55770386,-5.97403467,-8.16743137,-4.00777283,-0.86710091,3.02004526,-11.38365705
29.31640625,3.74271756,6.15039690,-5.91755468,-7.18913328,-10.51170239,-5.36183874,-1.56144868,-6.66719091
29.32031250,8.96299303,6.07458605,-7.29911021,-11.99924426,-7.06878874,-0.78408537,-5.47892741,-14.51787941
29.32421875,6.54633213,3.13834380,-1.50842663,-4.53057646,-11.11271821,-9.85811299,-11.02881610,-7.63361187
29.32812500,10.36101710,-3.30426268,-0.37542645,-1.65494004,-5.88526167,-9.10686230,-7.95906864,-4.60953346
29.33203125,8.67382763,-6.50390701,-1.54765549,-3.50002126,0.72452135,-7.16740007,-7.32281837,-7.40061264
29.33593750,5.53015668,-9.25247959,-2.71538871,0.69836528,-0.87625995,-5.52965861,4.91848165,1.15805224
29.33984375,3.98035071,-12.57877342,2.28492402,0.33783489,9.39395046,-8.27406301,5.31301166,1.71919351
29.34375000,0.67442980,-11.25078080,2.11050716,8.27959057,10.15910506,-6.08737945,9.84105444,7.65300311
29.34765625,-0.50937894,0.74464657,5.28067190,7.58876527,10.72652695,-9.19949947,5.72543277,12.52071027
29.35156250,-3.81532582,5.10708950,7.10357375,8.59892575,5.75972893,-11.74233918,-4.55667173,10.80740981
29.35546875,-3.68665491,8.53847925,6.82890995,10.18728188,2.71909274,-5.52829688,-5.30777077,8.34492652
29.35937500,-3.09507396,11.27106448,5.55309660,10.73237788,-2.46229606,-3.11652720,-9.11723780,9.01192784
29.36328125,-8.14214865,8.32202064,9.41473696,6.31933783,-3.93719874,-3.59103548,-8.64430424,4.34402886
29.36718750,-6.98398924,3.34514536,9.42018029,7.88597891,-3.47612659,-2.95508518,-1.67138941,-1.53182638
29.37109375,-7.85090783,4.83111449,9.44334926,-0.57136789,-6.21927814,-1.42676071,9.58657401,-5.26606990
29.37500000,-13.30661632,-3.83748623,10.44800044,0.31201087,-12.81135017,-0.85473852,8.73324862,-5.90201553
29.37890625,-11.41234668,-3.32411113,9.95785686,-2.60148445,-5.64679776,0.93288337,7.77657399,-12.15999524
29.38281250,-10.96623189,-8.70032339,12.12882988,-7.90285891,-7.63045214,2.39784279,0.02772204,-8.36046012
29.38671875,-2.31523411,-10.55925209,9.41522501,-9.79181958,1.15123346,4.58412497,-6.61242800,-9.76025928
29.39062500,-5.05999858,-12.81945615,11.99982348,-12.31810681,5.05571418,10.65348404,-10.07784274,-5.58432872
29.39453125,-4.38394281,-5.29895922,11.21567696,-9.36979305,5.34630363,8.34326663,-8.58015634,-5.08316021
29.39843750,-4.00411639,-1.36114128,2.84697723,-11.03620653,6.98940437,8.17112201,-4.63544047,-1.37505421
29.40234375,1.27960037,4.13201827,1.19017744,-8.49807073,9.39592952,10.82623598,1.09270204,0.81325099
29.40625000,2.32161965,7.22155997,1.49177766,-8.30237849,6.65087709,11.16122565,8.39900019,6.33121310
29.41015625,3.44898150,5.56957713,4.98300534,-4.85716114,7.71259275,8.92710312,11.99225919,10.56989004
29.41406250,5.87423847,7.70834211,1.36889564,0.70801947,6.63332698,10.76914944,2.64062959,8.98634452
29.41796875,9.69486404,6.19790902,-1.33245381,-1.64766905,0.19547686,8.96864513,1.14984047,9.21918585
29.42187500,7.16508375,3.70132406,-0.35929517,7.33609414,-4.97611315,4.69683112,-6.96855841,6.84120407
29.42578125,7.89230941,-1.83611355,-1.72696106,6.22507462,-4.77526927,6.70946411,-6.28724464,7.39194055
29.42968750,9.63345196,-9.40301023,-6.93737016,5.39964058,-8.12095664,3.08093726,-10.25631864,2.06345978
29.43359375,6.96217896,-8.79286472,-4.30154840,11.49768130,-8.18903311,1.73280747,-2.50130191,-2.15413963
29.43750000,5.47296350,-11.24616693,-7.57996359,11.80439184,-3.64313335,0.81918026,5.70722911,-3.01395470
29.44140625,4.89493279,-8.74355801,-9.88342409,6.43793982,-4.67255948,-3.67909341,8.90954740,-9.81989280
29.44531250,5.22341459,-4.77846264,-10.75006073,7.74688631,3.64307140,-4.62917470,7.63484274,-8.46733197
29.44921875,-0.51255413,-2.18102185,-10.84545401,5.16667148,4.61204573,-5.32774944,1.04154442,-9.66861318
29.45312500,-3.21590519,1.08685636,-3.87011530,-0.95973257,7.34877654,-7.58069663,-3.74226636,-5.67067981
29.45703125,-6.33157680,8.51321030,-9.33064488,-2.33755747,13.52195234,-12.87180578,-11.85281942,-9.99947767
29.46093750,-10.33474969,9.38586985,-9.23649370,-5.38374248,11.14373956,-12.55339523,-10.05263764,-1.40308313
29.46484375,-7.47353291,7.48148060,-7.31492600,-7.01558843,4.66425045,-12.47056426,-6.80892833,0.23805985
29.46875000,-13.28281722,4.34769733,-4.70158442,-8.11412808,1.48280922,-8.25008286,0.35993855,-2.82436443
29.47265625,-12.04271947,-0.05558893,-6.42050941,-11.26057546,-1.37434993,-8.12921637,7.18368414,0.36162704
29.47656250,-11.04755355,-3.52089698,-6.60658249,-11.69240386,0.27913501,-14.05157262,7.13521169,6.88962265
29.48046875,-9.54712995,-5.43806164,-9.36833194,-12.90642944,-4.06106323,-11.41729746,4.88615794,8.58871114
29.48437500,-10.86127722,-8.94917366,-3.74900418,-7.70538840,-9.02124255,-8.43400325,-7.48335787,10.57049034
29.48828125,-10.30791193,-9.35975373,-3.16308982,-7.63894311,-11.34223363,-4.64908060,-8.38594886,12.23708947
29.49218750,-6.63394722,-11.53004421,0.11253653,-4.67895380,-8.08186379,-4.70942093,-13.52954629,4.87188666
29.49609375,-4.41436670,-5.76786374,-1.39533215,-7.45233723,-3.93277158,-5.17124170,-11.25257799,4.02397447
29.50000000,-1.17658417,0.79992642,0.95781160,-0.15566933,-0.94364567,2.01139585,-0.16999741,-1.46551767
29.50390625,-0.72650285,4.50865502,5.76721323,2.49383097,4.78813367,-0.87604493,6.85375628,-2.74891744
29.50781250,3.18352643,7.30078815,5.85012950,4.04951780,6.21970277,-1.83855175,8.49971586,-3.23185669
29.51171875,0.81872414,9.54173423,5.82519639,5.97346514,6.65592243,-1.22770209,8.01291056,-9.66393249
29.51562500,7.43186049,10.74351095,6.41767985,8.64068195,10.40808481,2.22073013,1.13402680,-7.80623255
29.51953125,10.26540813,4.40326994,7.24207406,9.14800947,3.65735138,8.54905812,-7.33055182,-3.97774177
29.52343750,9.91954361,5.46901111,8.42369694,12.33450790,-1.56378836,6.98983815,-8.61219553,-5.05132762
29.52734375,8.91721289,-2.15119041,7.23720092,11.79875706,-0.98366964,8.00314262,-1.84415020,-6.89738572
29.53125000,8.18669296,-4.52337423,9.08563457,8.36210146,-4.96337483,7.44211749,-1.84276200,2.80345929
29.53515625,8.79044795,-7.54580239,8.81440885,6.87165307,-15.01254134,7.97722367,3.52496935,5.16651697
29.53906250,7.06958032,-8.38434949,11.12867431,3.99631634,-12.87223631,6.84128775,8.79870471,3.19537698
29.54296875,5.74735514,-6.19445538,9.37179925,1.96516523,-13.63135379,9.30083751,8.70679695,11.19046510
29.54687500,-1.63772639,-1.24076638,14.03424782,-2.68768402,-10.13538193,4.47120919,8.29059871,10.03156018
29.55078125,2.80516966,1.25199366,7.65498814,-3.05959313,-7.57839404,0.88036295,-0.24318535,12.34815681
29.55468750,-2.82105093,4.77107363,7.99289752,-8.88073586,-2.51800772,0.20135098,-6.64535085,9.78603364
29.55859375,-7.16951718,13.51866244,8.03607976,-9.03325811,2.81284055,2.32667036,-8.18194565,6.14161877
29.56250000,-0.68230580,16.39259120,8.02431848,-5.20904161,4.92646610,-0.48772373,-6.59722827,7.42222358
29.56640625,-3.93088181,8.80532464,5.42093968,-8.71876289,11.74649060,-3.78253883,3.45544978,-2.36774594
29.57031250,-7.23127151,8.87717465,1.22854136,-6.08963811,9.99180826,-5.14646895,5.97488444,-6.13279902
29.57421875,-5.55552845,2.10732670,2.97118526,-1.82671454,7.97914696,-7.19798629,8.85671279,-4.80955466
29.57812500,-11.32683404,-0.75459029,0.32928364,-0.56696447,7.76711688,-3.83319943,7.68220631,-12.07390381
29.58203125,-8.61157977,-5.99278561,0.00474497,-3.92744417,6.71711626,-5.51110506,3.68038560,-8.26725517
29.58593750,-7.49273072,-11.44395112,-0.17939512,2.64835841,-1.88387267,-9.88298567,-4.67196953,-9.46435783
29.58984375,-4.20814954,-12.00723205,-7.28982428,7.70421161,-9.49196781,-8.72414792,-12.20047386,-9.93334952
29.59375000,-3.29326312,-9.10565216,-7.71154807,8.82091233,-5.92358659,-6.61420474,-10.04995235,-6.11537844
29.59765625,-3.92820872,-7.06704656,-5.03218953,9.22637616,-5.31312578,-11.08049746,-1.47415255,-1.12282242
29.60156250,0.53831570,0.61955936,-5.15205718,11.30347635,-10.16346807,-6.79429482,1.61012121,-0.81884530
29.60546875,2.97233378,8.61626979,-4.80425178,10.34466072,-7.14762192,-7.35259494,12.96130990,6.53653511
29.60937500,7.48727793,10.77216668,-13.26602687,7.61902400,-4.89772543,-7.92095510,11.29398807,10.57149475
29.61328125,8.35405625,3.98283163,-9.84262494,8.81830500,3.06668702,-3.52632435,4.22560788,12.82342898
29.61718750,6.30736749,7.14361383,-10.68232584,3.21424781,5.60475624,-1.30212972,-3.20149975,9.17148769
29.62109375,10.49826240,4.38054277,-5.46431489,3.77729763,8.56827229,-3.34747950,-6.18893545,8.02977704
29.62500000,7.69030652,-0.83997159,-7.65230759,1.21853054,8.34981839,1.16424236,-14.40739363,3.14804672
29.62890625,6.56664268,-5.93440770,-8.33440768,-3.45252196,10.01871496,6.21272102,-8.31027879,3.34702636
29.63281250,4.71202874,-6.06981404,-10.93491983,-3.99504044,5.70737550,6.22638069,-1.40417134,0.86338567
29.63671875,8.94981274,-8.85438822,-12.84626896,-8.01789604,0.40986261,4.82445736,5.02573192,-3.13307920
29.64062500,2.58351848,-7.76181121,-5.82076970,-11.29969254,-2.19248078,5.22589043,9.34433404,-7.98644632
29.64453125,1.74001197,-5.44172606,-10.02917066,-8.93670095,-2.08957129,5.60362098,7.06381284,-9.26843859
29.64843750,0.05702934,0.65617556,-5.44643725,-9.24959839,-8.14371088,8.87821512,-0.15650033,-9.39892092
29.65234375,0.74878898,7.53492741,-4.82598119,-6.71439653,-10.28968943,9.19215984,-2.94106512,-11.15789412
29.65625000,-5.95126540,7.68305620,-1.91588099,-8.47884187,-8.37496308,8.16640213,-9.01769633,-6.77680585
29.66015625,-4.21831840,10.37066038,-1.74812839,-5.18348767,-3.32502979,8.53864435,-11.76860588,-8.96541588
29.66406250,-9.03227888,9.10358942,1.37227936,-5.23965197,-6.37865296,5.27275807,-6.30132198,-1.27947463
29.66796875,-4.59031089,6.64774610,-0.11242673,-0.94554369,3.04725208,8.62558512,3.62952712,2.39950891
29.67187500,-7.53720875,4.31054119,-0.82042983,5.93660623,3.74995233,9.58963109,10.66656932,7.65527084
29.67578125,-10.37469469,-0.25179908,2.25641085,4.17022204,10.49801750,6.82197896,7.15124376,5.60438644
29.67968750,-7.72737386,0.13387716,7.40460588,7.29669805,10.21562743,5.62005481,9.26016684,8.61511123
29.68359375,-7.84186879,-10.63515392,2.79107434,11.30181172,7.33074331,-0.33588470,0.61933615,12.09514915
29.68750000,-6.54713157,-7.99946248,8.92348855,10.62870122,5.75827934,-2.34667442,-6.12530080,9.97683967
29.69140625,-1.47171631,-5.40196617,7.74387967,9.07997040,2.14144135,-0.34921222,-10.65812122,5.39513049
29.69531250,-2.70421701,-4.08757163,9.98205193,12.15498451,-3.08575351,-4.00208178,-3.45026773,6.61682655
29.69921875,0.59908570,0.14820739,5.79249087,6.03086401,-9.20079270,-6.38504409,-0.82131720,3.92789979
29.70312500,4.88750396,10.05081083,10.83854521,4.96741072,-7.45825257,-2.08526451,5.87354358,-3.57514255
29.70703125,3.90521147,6.53745491,9.05273607,2.45106008,-13.34894672,-6.68883134,12.93675991,-4.84623820
29.71093750,5.60291953,10.77100418,11.40159885,-0.61502833,-11.52587826,-11.74984586,8.95293979,-8.53670791
29.71484375,12.75180046,14.52994697,10.63975641,-1.32645369,-8.22931955,-9.90515147,5.39738014,-8.92414654
29.71875000,10.12400709,8.58797320,7.43148823,-9.55781030,-7.00969903,-6.58095005,2.33193352,-10.52265334
29.72265625,13.33472142,2.90564231,7.67101817,-5.77542147,2.82516774,-8.21113993,-6.01053496,-9.52549314
29.72656250,13.30506894,-4.58048804,3.01982516,-7.56218245,4.78311912,-4.77988057,-9.32159640,-4.88786120
29.73046875,13.33292308,-4.90327592,6.28883946,-11.24397720,5.73034687,-5.35250365,-3.36731905,-3.93619613
29.73437500,7.92306393,-12.51407971,3.11386800,-9.23199737,11.45666448,-4.61736752,3.43585282,6.28018167
29.73828125,6.97174404,-9.57387513,2.92160492,-7.68158769,9.86872637,-5.19590472,11.46543614,3.87910938
29.74218750,7.89447297,-6.39445111,-0.35588161,-4.04065826,9.59584547,-1.41771106,8.58296823,4.94257630
29.74609375,6.07116049,-5.95387117,-0.47016543,-1.27233803,5.34114650,0.25884813,13.80373388,8.15321353
29.75000000,-0.72360082,-1.11874565,0.04296585,-0.44736602,-2.62745516,4.27666986,4.17813295,8.37146369
29.75390625,-1.00599358,2.26250059,-7.04166847,1.45748836,-4.79088412,5.09406020,-6.65321734,5.53609625
29.75781250,-1.13921767,8.66546882,-4.65126072,5.45990273,-9.29868135,7.71661440,-6.26084037,3.01923716
29.76171875,-6.27081413,5.69427469,-8.93922864,7.78727987,-7.42607306,12.97489674,-5.16626443,1.67277845
29.76562500,-7.31134297,7.78655008,-6.64829617,6.50403557,-11.11430059,8.90454265,-3.78458044,-0.40975888
29.76953125,-8.95241322,-0.88464809,-11.70942700,5.92423476,-8.59572227,7.63282281,5.99107845,-6.07892395
29.77343750,-8.96728623,-1.07802758,-5.84030365,8.37842464,-4.59659983,15.89280223,9.65644269,-6.28130340
29.77734375,-6.70880929,-4.30035385,-10.33235174,8.83544903,-0.36889719,11.48578139,8.37613585,-11.98251605
29.78125000,-12.50493898,-8.59899477,-8.83779421,7.83234709,6.99302004,10.07147525,-0.14093809,-9.80264351
29.78515625,-10.10325064,-6.52133399,-10.23927453,1.59520517,9.66627261,9.83637140,-5.71438068,-10.64321652
29.78906250,-7.51694218,-14.27327520,-10.49033057,-0.89214302,12.55093903,9.39419275,-9.95082904,-12.96929971
29.79296875,-3.73614811,-11.44180606,-12.25275597,-4.89812640,9.06031002,8.88054517,-8.51313014,-8.94727661
29.79687500,-1.63168354,-5.84894668,-7.79831873,-3.43868902,7.88627306,9.69850049,-3.99526994,-3.01751745
29.80078125,-0.89486747,-3.33914923,-10.46740070,-7.35462911,6.04550218,5.37004448,1.75205015,-2.21824698
29.80468750,2.18734617,3.26914393,-7.49079432,-11.57944842,0.50438724,2.00582501,7.70122324,5.14866366
29.80859375,5.93334943,7.25320746,-5.65556711,-9.95023397,-0.27609704,1.74738813,12.11231133,9.39385443
29.81250000,3.32142461,9.30592657,-8.41106717,-8.91805902,-6.47054805,-0.25873862,4.92711376,5.27107556
29.81640625,8.01440780,3.16289482,-7.43904000,-11.08454736,-8.79234844,-1.87153759,4.51315421,7.79924030
29.82031250,5.56033286,7.66512499,-3.35625090,-8.87136274,-9.61348432,-5.17480733,-9.36866707,11.25807376
29.82421875,9.43663581,2.81928356,-3.59242247,-6.98629963,-8.77306987,-7.02759419,-11.97059326,7.69985574
29.82812500,6.44433933,-7.85562086,-6.58356701,-3.59361770,-7.07412775,-8.18058183,-11.88473140,4.29597188
29.83203125,8.04543285,-6.07622925,-3.86729166,-0.17143616,-1.26941415,-8.20397524,-2.95761724,-4.65935733
29.83593750,4.86882350,-10.50110763,3.79223802,3.13580334,4.76126636,-9.85553133,4.64671043,-3.16439678
29.83984375,6.84420717,-9.07154318,3.49777415,-1.13155295,4.76026830,-9.15473240,5.13514179,-4.70174752
29.84375000,0.46066945,-5.27490222,3.99215781,7.39121946,10.34887352,-7.63198611,5.09591906,-2.94391478
29.84765625,1.57476008,0.54174913,5.54607786,9.14262813,12.16945242,-11.42954590,3.53453196,-11.07958497
29.85156250,-2.27916708,-2.25448691,3.77589461,8.33375571,11.26682767,-5.47119262,-0.70845487,-10.45067348
29.85546875,-2.58012550,5.48775733,8.02222319,7.61646720,4.62677960,-10.96246903,-6.89993630,-4.25867392
29.85937500,-4.06032092,7.71441716,6.45415302,9.02499738,3.81698667,-9.09532920,-15.88259555,-5.42502466
29.86328125,-4.93963114,8.71232569,8.81711979,6.52558595,-1.50599713,-5.19735864,-5.20690126,-3.11512217
29.86718750,-7.12838439,6.19575602,5.55774462,4.67455429,-6.90437689,-5.28272612,1.20258205,4.13643845
29.87109375,-10.00086078,7.09110679,9.33504082,1.64697664,-11.08396353,-5.36012715,7.65927948,0.84734905
29.87500000,-8.34072772,0.24171342,11.51980235,1.19666826,-5.25702221,1.12905385,15.44443641,4.29392214
29.87890625,-9.68417420,-5.93927708,7.65420357,-3.37055590,-6.74594201,6.32740157,9.04134883,5.19131584
29.88281250,-11.33129480,-5.51165087,6.51255622,-4.85731377,-4.37450052,0.87344556,0.09275641,11.28652030
29.88671875,-9.00795986,-8.76597284,11.61576024,-7.41890171,-2.68851155,5.08451792,-6.33330569,8.46209742
29.89062500,-8.96744234,-9.47707210,6.71202362,-9.21606843,2.93926713,9.42363415,-11.11058787,4.64374426
29.89453125,-4.82045780,-9.30644224,5.67319643,-8.62111439,7.29500674,12.19195792,-9.86212021,7.52518597
29.89843750,1.02998264,-4.17697040,5.59208575,-9.67917845,11.41020360,8.83972401,-2.31132753,-1.51532368
29.90234375,2.24931855,1.45691755,6.44505746,-9.33487745,12.67825827,7.69952127,5.84650382,-1.21441422
29.90625000,5.45782111,5.46772445,5.30355512,-9.11769112,10.02124188,14.67052344,6.99634415,0.94041148
29.91015625,9.06765904,8.90469993,4.90638720,-2.33510902,6.30285746,6.91504713,9.27155440,-7.43580493
29.91406250,9.93739975,11.49082803,0.06446403,-1.53781694,3.93745921,9.35252152,5.59264383,-11.72666512
29.91796875,9.79643595,7.37727075,-3.21401527,0.96988777,-3.04447277,12.30823416,-1.01169391,-7.60796847
29.92187500,8.20777758,0.54952214,-3.25882648,6.89200362,-3.73586434,6.39264449,-8.76892267,-6.70533032
29.92578125,10.35874233,1.07487755,-1.22381846,9.24061765,-8.97101562,6.25016579,-7.02031472,-6.28425071
29.92968750,8.99196603,-6.33865884,-2.67129717,8.32590350,-7.02894214,4.08411357,-5.03345718,-5.28837309
29.93359375,6.33919092,-7.78469983,-5.95117903,10.60037403,-6.80854557,3.16452244,-2.11042821,2.57256404
29.93750000,3.82453287,-14.03201654,-7.10356720,8.88144153,-3.97274042,3.07319426,4.88546038,0.86813649
29.94140625,2.59326349,-9.18940932,-8.91555480,5.71724731,-2.40847658,0.73029981,9.80358703,6.08187570
29.94531250,1.43447454,-9.24958095,-10.78248114,7.81424069,1.64888089,-9.03031568,5.15806588,12.15852099
29.94921875,2.35400456,-1.18244870,-10.05910990,7.42150402,8.91159675,-7.58006404,-3.08035326,7.94185771
29.95312500,-2.35627440,0.78881079,-11.08557399,1.41339509,8.64102352,-9.69825983,-8.04248240,10.38738321
29.95703125,-1.90263806,6.46269259,-6.34130246,-0.45036018,14.08883221,-7.80272357,-9.69186430,4.73241843
29.96093750,-9.16509054,5.70793214,-11.79972737,0.45327454,13.64244016,-12.49843066,-9.97956719,0.94318961
29.96484375,-10.11420252,6.19139021,-8.79177727,-6.38026113,7.06028690,-13.67756420,-5.28658388,-3.32663255
29.96875000,-12.13317554,7.80903180,-6.94319792,-8.63306411,5.41363217,-9.27594236,3.31846302,-1.91664332
29.97265625,-11.18996958,5.45891220,-9.60931835,-10.37956154,5.00232018,-10.69734206,5.68032014,-6.67169751
29.97656250,-10.85027621,-2.38141696,-1.96317786,-12.17645287,-4.04170779,-15.64564821,5.00748367,-8.59010372
29.98046875,-9.99312984,-11.26364745,-2.44482100,-13.96555947,-3.38994739,-9.64388798,1.39510822,-9.31448368
29.98437500,-6.23070691,-10.94266851,-5.77653869,-11.52273883,-10.91438287,-9.25511652,-5.48833481,-8.34989797
29.98828125,-6.51853406,-10.68640162,-4.14035133,-10.02185566,-9.94055190,-9.08094044,-10.84841170,-9.18685866
29.99218750,-6.47341924,-4.06207474,-2.40648928,-10.91398784,-5.88595770,-8.58893612,-12.73590400,-8.74292912
29.99609375,-3.51880659,-7.84509671,0.26525741,-4.12080258,-2.49369056,-6.17922101,-10.48506434,-4.79103478
